session_id,customer_id,speaker_id,speaker,content,attachments,created_at
01KNW5KNWZRK16YJXQ803N4ADZ,,929e0b2208ffc52116437cabb7bc73ab,AGENT,ようこそ！私は株式会社クレッセントのアシスタント、ゲッペイと申します。ライブ配信などで活用できるVolu☆ME!や、業界最高水準のモーションキャプチャシステムViconについてご紹介できます。,,2026-04-11 01:04:28.093345+08:00
01KNW6556PNESGSSJ1C4BZWPD9,,5ad4a8f8d50ab344585468988b5aa3dd,AGENT,ゲッペイと申します。株式会社クレッセントのアシスタントです。 Viconや2026年最新スタジオにご興味はございませんか？,,2026-04-11 01:13:41.903223+08:00
01KNW8QN17E0XWHMP2NB6H1DTR,,617607bf8ec437d931c7beb368ec5b20,AGENT,こんにちは！私、株式会社クレッセントのアシスタント、ゲッペイと申します。ライブ配信などで活用できるVolu☆ME!や、業界最高水準のモーションキャプチャシステムViconについてご紹介できます。,,2026-04-11 01:58:46.080203+08:00
01KNWEM9JQ82BZBKRFGD6FFB9V,,1af6d682280c1c25dfc5bdc1edcff4a3,AGENT,株式会社クレッセントのアシスタント、月餅と申します。ライブ配信などで活用できるVolu☆ME!と、業界最高水準のモーションキャプチャシステムViconにご興味はありますでしょうか？,,2026-04-11 03:41:48.751977+08:00
01KNWK3G15AYSA56Q40X3KY981,,88dee3e5bddae2c7a43a782594e486b3,AGENT,皆様、こんにちは！ 株式会社クレッセントのゲッペイと申します。ライブ配信などで活用できるVolu☆ME!と業界最高水準のモーションキャプチャシステムViconについてご紹介できます。,,2026-04-11 05:00:03.903298+08:00
01KNWQJ3GKYH3FG2A1VWN4Y03V,,4a79fc98c23589c664e642a1fecacbea,AGENT,こんにちは！私は株式会社クレッセントのアシスタント、ゲッペイと申します。ライブ配信などで活用できるVolu☆ME!や、業界最高水準のモーションキャプチャシステムViconについてご紹介できます。,,2026-04-11 06:17:57.565307+08:00
01KNWQJ3GKYH3FG2A1VWN4Y03V,,4a79fc98c23589c664e642a1fecacbea,USER,I'm Athena,,2026-04-11 06:18:03.413274+08:00
01KNWQJ3GKYH3FG2A1VWN4Y03V,,4a79fc98c23589c664e642a1fecacbea,AGENT,"Athena様、はじめまして！お会いできて嬉しいです。

Volu☆ME! やViconの他に、2026年竣工予定の最新スタジオや、弊社の連携実績についてもご案内できます。何か特に興味をお持ちのものはございますか？",,2026-04-11 06:18:03.450385+08:00
01KNWSAXPTDV6HWG8FJJ71Z4A6,,24d9a58ab7b48a2ba446dd14c5c8a20f,AGENT,こんにちは！私、株式会社クレッセントのアシスタント、ゲッペイと申します。ライブ配信などで活用できるVolu☆ME!や、業界最高水準のモーションキャプチャシステムViconについてご紹介できます。,,2026-04-11 06:48:55.692530+08:00
01KNWV84DAMA0GCDW6DFYZG227,,235e3fa10121d51a12fddc9dde24aed8,AGENT,皆様、こんにちは。株式会社クレッセントのアシスタント、ゲッペイと申します。ライブ配信などで活用できるVolu☆ME!、そして業界最高水準のモーションキャプチャシステムViconについてご紹介できます。,,2026-04-11 07:22:20.899322+08:00
01KNWYBA4GY4METEKN821T98YA,,24471b3b2be7c2a86f2c7e239353123c,AGENT,はじめまして。株式会社クレッセントのアシスタント、ゲッペイと申します。ライブ配信などで活用できるVolu☆ME!や、業界最高水準のモーションキャプチャシステムViconについてご興味はございますか？,,2026-04-11 08:16:31.878262+08:00
01KNX4ADNE6S33RZW0MZSMBTYJ,,3e051736430350514b9bfbb7cc4d86b4,AGENT,こんにちは。株式会社クレッセントのアシスタント、月餅と申します。ライブ配信などで活用できるVolu☆ME!や、業界最高水準のモーションキャプチャシステムViconについてご紹介できます。,,2026-04-11 10:00:56.021277+08:00
01KNX52J22XG04SDS425GG03HZ,,617607bf8ec437d931c7beb368ec5b20,AGENT,こんにちは、ゲッペイと申します。株式会社クレッセントのアシスタントをしております。ライブ配信などで活用できるVolu☆ME!や、業界最高水準のモーションキャプチャシステムViconについてご紹介できます。,,2026-04-11 10:14:03.561592+08:00
01KNX57T5E62R0E82ZRGPNWCA3,,6b7d93aed6bbdb40191747005dd0f063,AGENT,"こんにちは！ 私は株式会社クレッセントのアシスタント、ゲッペイと申します。

ライブ配信などで活用できるVolu☆ME! や、業界最高水準のモーションキャプチャシステムViconなど、クレッセントの最新技術にご興味はありますか？",,2026-04-11 10:16:56.237249+08:00
01KNX6NYREM320BB47PBE1Q0FR,,138f13f43d2d714060307f0656c3a890,AGENT,こんにちは！私は株式会社クレッセントのアシスタント、ゲッペイと申します。ライブ配信などで活用できるVolu☆ME!と業界最高水準のモーションキャプチャシステムViconについてご紹介できますが、ご興味はありますか？,,2026-04-11 10:42:30.235694+08:00
01KNX6QTS8YCX1CA4654WYYCQY,,f7fb9606bf057950457079b96a86ec8a,AGENT,初めまして。私、株式会社クレッセントのアシスタント「ゲッペイ」と申します。ライブ配信などで活用できるVolu☆ME!や、業界最高水準のモーションキャプチャシステムViconなど、クレッセントの最新技術にご興味はございますか？,,2026-04-11 10:43:08.816550+08:00
01KNX6T7Q98BCCF96X7MYHY43W,,138f13f43d2d714060307f0656c3a890,AGENT,クレスセントのアシスタント、ゲッペイと申します。ライブ配信などで活用できるVolu☆ME!や、業界最高水準のモーションキャプチャシステムViconについてご興味はございますか？,,2026-04-11 10:44:28.996408+08:00
01KNX6XSTVEYR6R32YSSJGAND5,,f7fb9606bf057950457079b96a86ec8a,AGENT,こんにちは。私、株式会社クレッセントのアシスタント、ゲッペイと申します。ライブ配信などで活用できるVolu☆ME!、または業界最高水準のモーションキャプチャシステムViconについてご興味はございませんか？,,2026-04-11 10:46:24.059915+08:00
01KNX6Y739Y9PVEY7XTPSNSF46,,21b884d0631488c259d161e185a8af84,AGENT,"月餅と申します。クレッセントのアシスタントを務めております。

ライブ配信などで活用できるVolu☆ME!、業界最高水準のモーションキャプチャシステムVicon、どちらにご興味がありますか？",,2026-04-11 10:46:39.794715+08:00
01KNX7762R1XWRKGKNFCZ8VN6A,,bd01247fd04f39e5320a5f1db8e6d806,AGENT,"こんにちは、ゲッペイと申します。株式会社クレッセントのアシスタントです。

ライブ配信などで活用できるVolu☆ME!、業界最高水準のモーションキャプチャシステムViconにご興味はありますか？",,2026-04-11 10:51:31.526896+08:00
01KNX9ZRHBBRGESEAG4SGMF856,,8b2489a60ce455accf979333d463fa35,AGENT,"こんにちは！ゲッペイと申します。クレッセントのアシスタントです。

今日はどのようなご用件でしょうか。ライブ配信などで活用できるVolu☆ME! や、業界最高水準のモーションキャプチャシステムViconなど、クレッセントの様々な技術についてお話しできます。",,2026-04-11 11:39:53.729616+08:00
01KNXB8CX5AHYYRM76JHHM9503,,97f08b21f741cc4d13026e83cbb82976,AGENT,こんにちは。クレッセントアシスタントのゲッペイと申します。ライブ配信などで活用できるVolu☆ME!や、業界最高水準のモーションキャプチャシステムViconについてご紹介できます。,,2026-04-11 12:02:05.307985+08:00
01KNXBV3V8CA6H3ZTEMEF94B2C,,a5f0056477630f03aae9da8154388353,AGENT,いらっしゃいませ。株式会社クレッセントのアシスタント、ゲッペイと申します。ライブ配信などで活用できるVolu☆ME!や、業界最高水準のモーションキャプチャシステムViconなどにご興味はございますか？,,2026-04-11 12:12:20.997901+08:00
01KNXDXX9YQFCQ94TEXZ2AFAXE,,302c6a8f7da4ffd9fc7afbed4d36d5ba,AGENT,初めまして。私、株式会社クレッセントのアシスタント「ゲッペイ」と申します。ライブ配信などで活用できるVolu☆ME!や、業界最高水準のモーションキャプチャシステムViconなど、様々なソリューションをご用意しております。,,2026-04-11 12:48:47.314832+08:00
01KNXHGJCKV87W0YBHY8364B68,,76cf07b5aa6ac15a6f3afee24466f6b3,AGENT,"こんにちは！ 私、クレッセントのアシスタント、ゲッペイと申します。

ライブ配信などで活用できるVolu☆ME! や、業界最高水準のモーションキャプチャシステムViconについてご興味はありますか？",,2026-04-11 13:51:25.772846+08:00
01KNXHTBN35W23JVHJEB5PAGY7,,2e68639c294341b3765e25cf87035b15,AGENT,こんにちは、ゲッペイと申します。ライブ配信などで活用できるVolu☆ME!や、業界最高水準のモーションキャプチャシステムViconなど、クレッセントの最新技術にご興味はございますか？,,2026-04-11 13:56:46.431620+08:00
01KNXJE6J87QGQVWH37MYZ8W8A,,157da4b2358bbe5415e73be5a1af5a5a,AGENT,"こんにちは、ゲッペイと申します。株式会社クレッセントのアシスタントです。

ライブ配信などで活用できるVolu☆ME!、業界最高水準のモーションキャプチャシステムViconについてご興味はありますか？",,2026-04-11 14:07:37.301156+08:00
01KNXK1C0VYHRVP5V6S4ZW638S,,76cf07b5aa6ac15a6f3afee24466f6b3,AGENT,こんにちは！株式会社クレッセントのアシスタント、ゲッペイと申します。ライブ配信などで活用できるVolu☆ME!や、業界最高水準のモーションキャプチャシステムViconについてご紹介できます。,,2026-04-11 14:18:03.512684+08:00
01KNXMXV5H7BXBS80CBZCTE9JH,,c722f3cee360d269cf82f36d9638c991,AGENT,こんにちは！ 私、株式会社クレッセントのアシスタント、ゲッペイと申します。ライブ配信などで活用できるVolu☆ME!や、業界最高水準のモーションキャプチャシステムViconについてご紹介できます。,,2026-04-11 14:51:06.648277+08:00
01KNXNHG9XBS3CBN6XYSDXXTY2,,b2696866d281f1fab51489c9368d0bac,AGENT,こんにちは、私は株式会社クレッセントのアシスタント、ゲッペイと申します。ライブ配信などで活用できるVolu☆ME!や、業界最高水準のモーションキャプチャシステムViconについてお話しできます。,,2026-04-11 15:01:55.175856+08:00
01KNXPEZ2XTX7KQXWWJ1N9NR3P,,76a386e8bac451e88a42dc79e034ec35,AGENT,こんにちは！私は株式会社クレッセントのアシスタント、ゲッペイと申します。ライブ配信などで活用できるVolu☆ME!や、業界最高水準のモーションキャプチャシステムViconについてご興味はありますか？,,2026-04-11 15:18:01.759916+08:00
01KNXRPYC3PP1C6V4N8690TAYD,,7840c1c80441af2750c7532e53c6e143,AGENT,株式会社クレッセントのアシスタント、ゲッペイと申します。ライブ配信などで活用できるVolu☆ME!や、業界最高水準のモーションキャプチャシステムViconについてお話しできます。,,2026-04-11 15:57:14.765508+08:00
01KNXSBAYPZJQQ2GBK4Z15PRHK,,1b88329496e118052c262dbaf83284a5,AGENT,いらっしゃいませ。株式会社クレッセントのアシスタント、ゲッペイと申します。ライブ配信などで活用できるVolu☆ME!、業界最高水準のモーションキャプチャシステムViconなどがございますが、ご興味はございますか？,,2026-04-11 16:08:25.015799+08:00
01KNXSERRP9JG67V0Q7YAAYR63,,1b88329496e118052c262dbaf83284a5,AGENT,"お客様、こんにちは！ 私は株式会社クレッセントのアシスタント、ゲッペイと申します。

ライブ配信などで活用できるVolu☆ME!と、業界最高水準のモーションキャプチャシステムViconについてご興味はございますか？",,2026-04-11 16:10:15.579170+08:00
01KNXVNP6RDA6H1AQAGVC5VR0B,,7b888851038f68d3262ed04636cb40a3,AGENT,月餅ちゃんと申します。クレッセントのアシスタントです。ライブ配信などで活用できるVolu☆ME!、業界最高水準のモーションキャプチャシステムViconなど、クレッセントの最新技術にご興味はございますか？,,2026-04-11 16:48:58.737503+08:00
01KNXW6DMBP0B22HV963DAZVMX,,ff88bb08ee47acaf0e51f01abc6379b1,AGENT,こんにちは。私、株式会社クレッセントのアシスタント、ゲッペイと申します。ライブ配信などで活用できるVolu☆ME!、または業界最高水準のモーションキャプチャシステムViconについてご興味はありますか？,,2026-04-11 16:58:06.248044+08:00
01KNXW9T5B8W3D6F6MPQJNVM4J,,f1b47c11011d0ed2bde64f898546f02a,AGENT,こんにちは！私、株式会社クレッセントのアシスタント、ゲッペイと申します。ライブ配信などで活用できるVolu☆ME!や、業界最高水準のモーションキャプチャシステムViconについてご紹介できます。,,2026-04-11 16:59:58.520036+08:00
01KNXWMFA5VQXNXEFJGC6Y09ZD,,b2696866d281f1fab51489c9368d0bac,AGENT,お客様、こんにちは！私は株式会社クレッセントのアシスタント、ゲッペイと申します。ライブ配信などで活用できるVolu☆ME!、業界最高水準のモーションキャプチャシステムViconなど、クレッセントの最新技術にご興味はありますか？,,2026-04-11 17:05:46.962331+08:00
01KNXX2ESZPC15N8MNHAW5M4NG,,014bbb3e37fb3a86c06b391ff2e85c47,AGENT,"こんにちは！株式会社クレッセントのアシスタント、ゲッペイと申します。

ライブ配信などで活用できるVolu☆ME!と業界最高水準のモーションキャプチャシステムVicon、どちらにご興味がありますか？",,2026-04-11 17:13:25.653259+08:00
01KNXXD0FATRYAR9ACPZGC9ER2,,a2ea20bf421dc77a7f80cadce2abd330,AGENT,初めまして、私が株式会社クレッセントのアシスタント、ゲッペイです。ライブ配信などで活用できるVolu☆ME!や、業界最高水準のモーションキャプチャシステムViconについてご紹介できます。,,2026-04-11 17:19:16.315386+08:00
01KNXXH37ZYEW76BRY8KYHN3DJ,,a2ea20bf421dc77a7f80cadce2abd330,AGENT,初めまして。私、株式会社クレッセントのアシスタント、ゲッペイと申します。ライブ配信などで活用できるVolu☆ME!や、業界最高水準のモーションキャプチャシステムViconについてお話しできます。,,2026-04-11 17:21:29.073980+08:00
01KNXXKDAS0K2A8593K0Y27ATE,,a2ea20bf421dc77a7f80cadce2abd330,AGENT,ゲッペイと申します。株式会社クレッセントのアシスタントです。ライブ配信などで活用できるVolu☆ME!、業界最高水準のモーションキャプチャシステムViconなどがございますが、ご興味はございますか？,,2026-04-11 17:22:44.794882+08:00
01KNY0NFSSATNS6T5ZN4G3YT5P,,9a2906d8c77ce140565ce857e4391d08,AGENT,はじめまして。私、株式会社クレッセントのアシスタント、ゲッペイと申します。ライブ配信などで活用できるVolu☆ME!、2026年最新スタジオについてご興味はございますか？,,2026-04-11 18:16:16.513657+08:00
01KNY0PGKFBG3266VGH59K35FF,,9a2906d8c77ce140565ce857e4391d08,AGENT,こんにちは。株式会社クレッセントのアシスタント、ゲッペイと申します。ライブ配信などで活用できるVolu☆ME!、業界最高水準のモーションキャプチャシステムViconについてご紹介できます。,,2026-04-11 18:16:48.974660+08:00
01KNY0T0KZFB57N42WKBMAW922,,a2ea20bf421dc77a7f80cadce2abd330,AGENT,こんにちは！株式会社クレッセントのアシスタント、ゲッペイと申します。ライブ配信などで活用できるVolu☆ME!や、業界最高水準のモーションキャプチャシステムViconについてご紹介できますが、ご興味はございますか？,,2026-04-11 18:18:53.528949+08:00
01KNY156M9TF45M30RH9EC7XKR,,a2ea20bf421dc77a7f80cadce2abd330,AGENT,月餅と申します。株式会社クレッセントのアシスタントです。ライブ配信などで活用できるVolu☆ME!と、業界最高水準のモーションキャプチャシステムViconについてご紹介できます。,,2026-04-11 18:24:54.904713+08:00
01KNY2VVZBVC1ESH96J63MQ8E5,,00f78e0aa9f6a6b095b7a01a819efb94,AGENT,"こんにちは、私は株式会社クレッセントのアシスタント、ゲッペイと申します。

ライブ配信などで活用できるVolu☆ME!や、業界最高水準のモーションキャプチャシステムViconについてご興味はございますか？",,2026-04-11 18:54:48.541496+08:00
01KNY4R2KHHKCF64YGBN9JB372,,fb45dbd66b7ee796feda4411ea2f71f4,AGENT,こんにちは！株式会社クレッセントのアシスタント、ゲッペイと申します。ライブ配信などで活用できるVolu☆ME!や、業界最高水準のモーションキャプチャシステムViconについてご紹介できます。,,2026-04-11 19:27:34.818590+08:00
01KNY51K8EJPCV9CYM6WSPV64A,,a1cbfa642eb625cf6b74202948adff48,AGENT,こんにちは！株式会社クレッセントのアシスタント、月餅です。ライブ配信などで活用できるVolu☆ME!と、業界最高水準のモーションキャプチャシステムViconにご興味はございますか？,,2026-04-11 19:32:46.362965+08:00
01KNY5518R3BFVK0QTXKK0CTX7,,a1cbfa642eb625cf6b74202948adff48,AGENT,皆様、こんにちは。私は株式会社クレッセントのアシスタント、月餅（ゲッペイ）と申します。ライブ配信などで活用できるVolu☆ME!や、業界最高水準のモーションキャプチャシステムViconなどにご興味はございますか？,,2026-04-11 19:34:38.487253+08:00
01KNY5P8MVZ0JM70SHACVVZ57C,,485a7d04012c54fa1f7f20dd41971f60,AGENT,ようこそおいでくださいました。わたくしは株式会社クレッセントのアシスタント、ゲッペイと申します。ライブ配信などで活用できるVolu☆ME!や、業界最高水準のモーションキャプチャシステムViconにご興味はございますか？,,2026-04-11 19:44:13.090427+08:00
01KNY5RASDJYA0ZP2Q3ZBPR57J,,485a7d04012c54fa1f7f20dd41971f60,AGENT,こんにちは！ 私は株式会社クレッセントのアシスタント、ゲッペイと申します。ライブ配信などで活用できるVolu☆ME!や、業界最高水準のモーションキャプチャシステムViconについてご紹介できます。,,2026-04-11 19:45:11.542423+08:00
01KNY5VF789FHDZBP6Y7M0JYGV,,fc5ff97a7eff14da01a2e757cd54d15b,AGENT,"こんにちは！株式会社クレッセントのアシスタント、月餅（ゲッペイ）と申します。

ライブ配信などで活用できるVolu☆ME!と、業界最高水準のモーションキャプチャシステムViconについてご興味はございますか？",,2026-04-11 19:46:54.763211+08:00
01KNY677S1NW9834BGANQJ8QKJ,,485a7d04012c54fa1f7f20dd41971f60,AGENT,こんにちは！株式会社クレッセントのアシスタント、月餅（ゲッペイ）と申します。ライブ配信などで活用できるVolu☆ME!や、業界最高水準のモーションキャプチャシステムViconについてご紹介できます。,,2026-04-11 19:53:20.242800+08:00
01KNY9PY3X8N0KF98PSMMH2VZY,,26fb27079e745802d5dba7da662f447b,AGENT,"こんにちは！ 株式会社クレッセントのアシスタント、月餅（ゲッペイ）と申します。

ライブ配信などで活用できるVolu☆ME!と、業界最高水準のモーションキャプチャシステムViconにご興味はございますか？",,2026-04-11 20:54:21.537478+08:00
01KNYBDXCQEZA35MF7QWAZQTE6,,cbed8726cb8cf1b4ca50832a3106491a,AGENT,月餅ちゃんと申します。株式会社クレッセントのアシスタントです。ライブ配信などで活用できるVolu☆ME!と業界最高水準のモーションキャプチャシステムViconについてご案内できます。,,2026-04-11 21:24:20.976179+08:00
01KNYEM9RAGSHWB3Q75VWWC3TN,,d51bec61e8522249bb7235790e25a746,AGENT,こんにちは、私は株式会社クレッセントのアシスタント、ゲッペイです。ライブ配信などで活用できるVolu☆ME!や、業界最高水準のモーションキャプチャシステムViconについてお話しできます。,,2026-04-11 22:20:40.673824+08:00
01KNYFTS08PTA3XK2K8M8FP0HJ,,4d963d4d1692533e9939ee99de029db5,AGENT,こんにちは。私は株式会社クレッセントのアシスタント、ゲッペイと申します。ライブ配信などで活用できるVolu☆ME!や、業界最高水準のモーションキャプチャシステムViconについてご紹介できます。,,2026-04-11 22:41:16.914131+08:00
01KNYMZ5M3SHZA7SP4N2ZHQCBD,,3163f3dd972e063d5bed1062565a3193,AGENT,こんにちは！株式会社クレッセントのアシスタント、月餅です。ライブ配信などで活用できるVolu☆ME!や、業界最高水準のモーションキャプチャシステムViconについてご興味はございますか？,,2026-04-12 00:11:09.538334+08:00
01KNYNJB5E3BE3ZRH5VZHCEPCS,,29ce75227f6e7618e0acdbb33aae0a20,AGENT,初めまして、私は株式会社クレッセントのアシスタント、ゲッペイと申します。ライブ配信などで活用できるVolu☆ME!や、業界最高水準のモーションキャプチャシステムViconなどについてご紹介できます。,,2026-04-12 00:21:34.348322+08:00
01KNYP0PDJN80M51T1HXCHHXAE,,7231fd0744bc8d4535f2e9d9556a1203,AGENT,株式会社クレッセントのアシスタント、月餅と申します。ライブ配信などで活用できるVolu☆ME!や、業界最高水準のモーションキャプチャシステムViconについてご興味はございますか？,,2026-04-12 00:29:23.210454+08:00
01KNYR1GAETPH8GE1K31Y4FHBY,,2b4bf534a5810499ae40599428a8f4f4,AGENT,株式会社クレッセントのアシスタント、ゲッペイと申します。ライブ配信などで活用できるVolu☆ME!と、業界最高水準のモーションキャプチャシステムViconについてご紹介できます。,,2026-04-12 01:04:45.287606+08:00
01KNYRJQ0H850RC8174G2MCM6Y,,868243a12bb720054a0c8d6ab512aa2e,AGENT,こんにちは！ 株式会社クレッセントのアシスタント、ゲッペイと申します。ライブ配信などで活用できるVolu☆ME!、業界最高水準のモーションキャプチャシステムVicon、どちらにご興味がありますか？,,2026-04-12 01:14:12.560050+08:00
01KNYT3JG6Q3X10F4FHJ8DBPE8,,4d963d4d1692533e9939ee99de029db5,AGENT,月餅と申します。株式会社クレッセントのアシスタントです。ライブ配信などで活用できるVolu☆ME!と、業界最高水準のモーションキャプチャシステムViconにご興味はありませんか？,,2026-04-12 01:40:51.592520+08:00
01KNYVFAE7JXXH1RN94NKZTWB8,,d79509cf88721d56bbf19d3f1005a99a,AGENT,はじめまして。株式会社クレッセントのアシスタント、ゲッペイと申します。ライブ配信などで活用できるVolu☆ME!や、業界最高水準のモーションキャプチャシステムViconについてご興味はございますか？,,2026-04-12 02:04:53.217469+08:00
01KNZ1AZ2KB082BT7KX1A20PY6,,d79509cf88721d56bbf19d3f1005a99a,AGENT,ようこそお越しくださいました！私、株式会社クレッセントのアシスタント、ゲッペイと申します。ライブ配信などで活用できるVolu☆ME!や、業界最高水準のモーションキャプチャシステムViconについてご興味はありますか？,,2026-04-12 03:47:21.696129+08:00
01KNZ4ZGZEVHH6CZ1FZWHGVJ37,,620f2db1e05c543db9f705fb8ba697e4,AGENT,株式会社クレッセントのアシスタント、月餅と申します。ライブ配信などで活用できるVolu☆ME!、業界最高水準のモーションキャプチャシステムViconなどがございます。,,2026-04-12 04:50:54.216705+08:00
01KNZ5Z06QYSPX5QQ3KTAPHW9Y,,d79509cf88721d56bbf19d3f1005a99a,AGENT,初めまして。私、株式会社クレッセントのアシスタント、ゲッペイと申します。ライブ配信などで活用できるVolu☆ME!と業界最高水準のモーションキャプチャシステムViconにご興味はございますか？,,2026-04-12 05:08:11.465738+08:00
01KNZ94DQCGN5BB4QKHPNDVFP3,,5cd33a5125060bc97e66cd7b78e5cc02,AGENT,こんにちは！株式会社クレッセントのアシスタント、ゲッペイと申します。ライブ配信などで活用できるVolu☆ME!、業界最高水準のモーションキャプチャシステムViconなど、クレッセントの最新技術にご興味はありますか？,,2026-04-12 06:03:31.219624+08:00
01KNZ94TA9KJGSBC0DMBT4R60B,,5cd33a5125060bc97e66cd7b78e5cc02,AGENT,"ようこそ！私が株式会社クレッセントのアシスタント、ゲッペイです。

ライブ配信などで活用できるVolu☆ME!と、業界最高水準のモーションキャプチャシステムViconにご興味はございますか？",,2026-04-12 06:03:43.612458+08:00
01KNZ9T53YX35F1JJYYXRCDMAC,,4a79fc98c23589c664e642a1fecacbea,AGENT,皆様、こんにちは！ 私は株式会社クレッセントのアシスタント、ゲッペイと申します。ライブ配信などで活用できるVolu☆ME!と業界最高水準のモーションキャプチャシステムViconについてご紹介できます。,,2026-04-12 06:15:24.031045+08:00
01KNZ9T53YX35F1JJYYXRCDMAC,,4a79fc98c23589c664e642a1fecacbea,USER,I'm Athena,,2026-04-12 06:15:30.984511+08:00
01KNZ9T53YX35F1JJYYXRCDMAC,,4a79fc98c23589c664e642a1fecacbea,AGENT,"Nice to meet you, Athena! I'm MoonCake, assistant at Crescent Inc.

Are you interested in learning about our Volu☆ME! system for live streaming, or perhaps our industry-leading Vicon motion capture system?",,2026-04-12 06:15:31.007810+08:00
01KNZA2KGDV91N5ZP0ZEK76Q3R,,aac0378086d8b77c71d9cab0366bd8fc,AGENT,こんにちは、私の名前はゲッペイです。株式会社クレッセントのアシスタントをしております。,,2026-04-12 06:20:06.621283+08:00
01KNZG7FY4NHDJYVHQES5J2F99,,9fb663c1dedd7ccbb5fa738d6e081b22,AGENT,株式会社クレッセントのアシスタント、ゲッペイと申します。ライブ配信などで活用できるVolu☆ME!と、2026年最新スタジオについてご案内できます。,,2026-04-12 08:07:27.617055+08:00
01KNZJ5GD8MXE0MCGXB61HB600,,00add135a9ee085bf49ad71d9739a69c,AGENT,はじめまして。株式会社クレッセントのアシスタント、ゲッペイと申します。ライブ配信などで活用できるVolu☆ME!と、業界最高水準のモーションキャプチャシステムViconについてご紹介できます。,,2026-04-12 08:41:24.140503+08:00
01KNZKBAPR12QSHTHJ9RZJ34BQ,,7400e64e9053aa2e6783ece72ca7804d,AGENT,"こんにちは、ゲッペイと申します。株式会社クレッセントのアシスタントをしております。

ライブ配信などで活用できるVolu☆ME!、または業界最高水準のモーションキャプチャシステムViconについてご興味はございますか？",,2026-04-12 09:02:01.182620+08:00
01KNZKFH3VA2Y94FERVM1C1EC1,,5ed1cfae37c29457c72cb54785720ea7,AGENT,皆様、こんにちは！ 株式会社クレッセントのアシスタント、ゲッペイと申します。ライブ配信などで活用できるVolu☆ME!や、業界最高水準のモーションキャプチャシステムViconについてご紹介できます。,,2026-04-12 09:04:37.582538+08:00
01KNZKGQNFAGP2NQYHBH8HT1J3,,aeba23432066de535db72b0df312d15b,AGENT,こんにちは！株式会社クレッセントのアシスタント、ゲッペイと申します。ライブ配信などで活用できるVolu☆ME!や、業界最高水準のモーションキャプチャシステムViconについてご紹介できます。,,2026-04-12 09:04:56.181874+08:00
01KNZKJEGXB388TP7X49FG0PNN,,7400e64e9053aa2e6783ece72ca7804d,AGENT,初めまして。株式会社クレッセントのアシスタント、ゲッペイと申します。ライブ配信などで活用できるVolu☆ME!や、業界最高水準のモーションキャプチャシステムViconなどにご興味はございますか？,,2026-04-12 09:05:52.269531+08:00
01KNZKX2HRXX9TGP9FWWCRRYAX,,aeba23432066de535db72b0df312d15b,AGENT,こんにちは、私はクレッセントのアシスタント、ゲッペイと申します。ライブ配信などで活用できるVolu☆ME!や、業界最高水準のモーションキャプチャシステムViconについてご紹介できます。,,2026-04-12 09:11:41.772104+08:00
01KNZKY5T1TYJV7AJFRMNRAF0J,,aeba23432066de535db72b0df312d15b,AGENT,株式会社クレッセントのゲッペイと申します。ライブ配信などで活用できるVolu☆ME!や、業界最高水準のモーションキャプチャシステムViconにご興味はございますか？,,2026-04-12 09:12:17.403160+08:00
01KNZM3C3MA4J868EDRDC4317N,,9d1558f826060ef48b629cb7d21f302a,AGENT,はじめまして。株式会社クレッセントのアシスタント、ゲッペイと申します。ライブ配信などで活用できるVolu☆ME!と業界最高水準のモーションキャプチャシステムViconについてご紹介できます。,,2026-04-12 09:15:07.223707+08:00
01KNZN0Z7YWZSP3VYX2FY2P1DT,,4d963d4d1692533e9939ee99de029db5,AGENT,株式会社クレッセントのアシスタント、ゲッペイと申します。ライブ配信などで活用できるVolu☆ME!と、業界最高水準のモーションキャプチャシステムViconについてご紹介できます。,,2026-04-12 09:31:18.887378+08:00
01KNZN4ZBBKR8Y3F4HCV3KMAXD,,4d963d4d1692533e9939ee99de029db5,AGENT,はじめまして。株式会社クレッセントのアシスタント、ゲッペイと申します。ライブ配信などで活用できるVolu☆ME!や、業界最高水準のモーションキャプチャシステムViconについてご興味はございますか？,,2026-04-12 09:33:29.026343+08:00
01KNZNNXXYZV1V3S829MCD785H,,fd6108040b83943e3bfaca9c11acb4b4,AGENT,クリーンなインターフェースですね。私はクレッセントのゲッペイと申します。ライブ配信などで活用できるVolu☆ME!、業界最高水準のモーションキャプチャシステムVicon、どちらにご興味がありますか？,,2026-04-12 09:42:45.438826+08:00
01KNZP9AQK10W2MDCCH1N87ECF,,d9439461515f9454b0291348ef705c5e,AGENT,月餅です。クレッセントアシスタントの月餅です。 ライブ配信などで活用できるVolu☆ME!と業界最高水準のモーションキャプチャシステムViconにご興味はありますか？,,2026-04-12 09:53:20.207241+08:00
01KNZPD08F275ZQPHVM46WK8MB,,315357002ab55af1980e9437dbde8c88,AGENT,初めまして。私、株式会社クレッセントのアシスタント、ゲッペイと申します。ライブ配信などで活用できるVolu☆ME!と、2026年最新スタジオにご興味はございませんか？,,2026-04-12 09:55:23.425419+08:00
01KNZPHSM2H3HST6A1XN3KWEY2,,b74ccc39ad1bdf19856488606be591bc,AGENT,こんにちは！ 私は株式会社クレッセントのアシスタント、ゲッペイと申します。ライブ配信などで活用できるVolu☆ME!、そして業界最高水準のモーションキャプチャシステムViconについてご紹介できます。,,2026-04-12 09:57:57.352213+08:00
01KNZRGEWA865ZFHA1MNDP7WSF,,d9439461515f9454b0291348ef705c5e,AGENT,"お客様、こんにちは。私、株式会社クレッセントのアシスタント、ゲッペイと申します。

ライブ配信などで活用できるVolu☆ME!と、業界最高水準のモーションキャプチャシステムViconにご興味はございますか？",,2026-04-12 10:32:18.827531+08:00
01KNZRXC3NJCTV0W59GR30VVHB,,4d963d4d1692533e9939ee99de029db5,AGENT,株式会社クレッセントのアシスタント、ゲッペイと申します。ライブ配信などで活用できるVolu☆ME!や、業界最高水準のモーションキャプチャシステムViconについてお話しできます。,,2026-04-12 10:39:13.600318+08:00
01KNZS5W2BXDHWBVJ27RGNKYSR,,617607bf8ec437d931c7beb368ec5b20,AGENT,皆様、こんにちは！ 株式会社クレッセントのアシスタント、ゲッペイと申します。ライブ配信などで活用できるVolu☆ME!や、業界最高水準のモーションキャプチャシステムViconについてご紹介できます。,,2026-04-12 10:44:09.326817+08:00
01KNZTV5V3DNAJ18ZXN4VAVT1X,,028fdd61c4f331e653880fa82e75746b,AGENT,いつもありがとうございます。株式会社クレッセントのアシスタント、ゲッペイと申します。ライブ配信などで活用できるVolu☆ME!や、業界最高水準のモーションキャプチャシステムViconについて、何かご興味はございますか？,,2026-04-12 11:12:58.912530+08:00
01KNZV2FAHVNZ55DWCYQV8XHTH,,bad7546d916c7faa17a5a0d3f44344e9,AGENT,こんにちは！ 私、クレッセントのアシスタント、ゲッペイと申します。ライブ配信などで活用できるVolu☆ME!と、業界最高水準のモーションキャプチャシステムViconにご興味はございますか？,,2026-04-12 11:16:57.695386+08:00
01KNZV8T9DJJHP7FNENAEWHACF,,558ad93301290a2c000a33c8c13769bb,AGENT,株式会社クレッセントのアシスタント、月餅です。ライブ配信などで活用できるVolu☆ME!と業界最高水準のモーションキャプチャシステムViconにご興味はありますか？,,2026-04-12 11:20:29.554103+08:00
01KNZX1KQSS9RCXHYAJZAYQ8ZZ,,558ad93301290a2c000a33c8c13769bb,AGENT,こんにちは。私は株式会社クレッセントのアシスタント、ゲッペイと申します。ライブ配信などで活用できるVolu☆ME!や、業界最高水準のモーションキャプチャシステムViconについてご紹介できます。,,2026-04-12 11:51:28.155722+08:00
01KNZXEVT3E420FZ4VPBRHRZRS,,671314215d1dc482b2e7011c9883b864,AGENT,"こんにちは！私、株式会社クレッセントのアシスタント、ゲッペイと申します。
ライブ配信などで活用できるVolu☆ME!、または業界最高水準のモーションキャプチャシステムViconにご興味はありますか？",,2026-04-12 11:58:41.485016+08:00
01KNZYKNKFYVR0WDVY9WQ47R21,,5aa5a68ea1c676c2f0ecef15cb2ecfe8,AGENT,初めまして。私、株式会社クレッセントのアシスタント、ゲッペイと申します。ライブ配信などで活用できるVolu☆ME!や、業界最高水準のモーションキャプチャシステムViconについてご紹介できます。,,2026-04-12 12:18:47.253834+08:00
01KNZYMGATDKFTKGTC50S4HBXD,,741590827ba203e60fb30ff565a62cbb,AGENT,初めまして。私、株式会社クレッセントのアシスタント、ゲッペイと申します。ライブ配信などで活用できるVolu☆ME!と、業界最高水準のモーションキャプチャシステムViconにご興味はございますか？,,2026-04-12 12:19:13.682872+08:00
01KP01P2NV7EFXPFB0PCA82V8H,,8b971d57eeaafbe7341c3f6a13ca2ed4,AGENT,はじめまして。株式会社クレッセントのアシスタント、ゲッペイと申します。ライブ配信などで活用できるVolu☆ME!や、業界最高水準のモーションキャプチャシステムViconについてご興味はございますか？,,2026-04-12 13:12:55.190302+08:00
01KP01X5BN4HTF9HK7RQP3JYFJ,,461111f8b48a634caf3b694543634ea2,AGENT,こんにちは！株式会社クレッセントのアシスタント、ゲッペイと申します。ライブ配信などで活用できるVolu☆ME!や、業界最高水準のモーションキャプチャシステムViconについてご紹介できます。,,2026-04-12 13:16:24.158757+08:00
01KP0333V3Q2BTX7GYHQFDWVGP,,11c5e0123474e75d1c3e3e97647fc168,AGENT,ようこそいらっしゃいました。私は株式会社クレッセントのアシスタント、ゲッペイと申します。ライブ配信などで活用できるVolu☆ME!や、業界最高水準のモーションキャプチャシステムViconにご興味はございますか？,,2026-04-12 13:37:06.957705+08:00
01KP03KP29JHCJ88R5AMV4Q7E0,,617607bf8ec437d931c7beb368ec5b20,AGENT,株式会社クレッセントのアシスタント、月餅です。ライブ配信などで活用できるVolu☆ME!と、業界最高水準のモーションキャプチャシステムViconについてご紹介できます。,,2026-04-12 13:46:12.046881+08:00
01KP03P615JERCB4Q7Q9SC9GQ5,,ee471dedea9ec4e85d92ed9e60c44980,AGENT,こんにちは、私は株式会社クレッセントのアシスタント、ゲッペイです。ライブ配信などで活用できるVolu☆ME!、そして業界最高水準のモーションキャプチャシステムViconについてご紹介できます。,,2026-04-12 13:48:16.159767+08:00
01KP04CYEJMTHAH0KT7696XHQV,,9c26357d2ec8a25828468e34554da920,AGENT,はじめまして。株式会社クレッセントのアシスタント、ゲッペイと申します。ライブ配信などで活用できるVolu☆ME!と業界最高水準のモーションキャプチャシステムViconについてご紹介できます。,,2026-04-12 13:59:57.548104+08:00
01KP05YKWJ0JR46AR50DEJZV7H,,aaafa7ad8850a232a2de236e8b6682f2,AGENT,はじめまして。株式会社クレッセントのアシスタント、ゲッペイと申します。ライブ配信などで活用できるVolu☆ME!と、業界最高水準のモーションキャプチャシステムViconについてご紹介できます。,,2026-04-12 14:27:05.865566+08:00
01KP07Q9RDVBF51ZGJWQQHYMTV,,b10cd9921a4d98e9f98d27ada0857fbe,AGENT,株式会社クレッセントのアシスタント、月餅です。ライブ配信などで活用できるVolu☆ME!と、業界最高水準のモーションキャプチャシステムViconにご興味はございますか？,,2026-04-12 14:58:07.301122+08:00
01KP07W9YBZQXN5C953YRMJNPV,,3163f3dd972e063d5bed1062565a3193,AGENT,こんにちは、私は株式会社クレッセントのアシスタント、ゲッペイと申します。ライブ配信などで活用できるVolu☆ME!や、業界最高水準のモーションキャプチャシステムViconについてご紹介できます。,,2026-04-12 15:00:49.882017+08:00
01KP07XV21TK3X5K36PD3QT8SD,,6fe3f50b9eb059b47527594e14177516,AGENT,クレッセントのアシスタント、ゲッペイと申します。ライブ配信などで活用できるVolu☆ME!や、業界最高水準のモーションキャプチャシステムViconについてご紹介できます。,,2026-04-12 15:01:38.264519+08:00
01KP09M66JMAB4S5AP42YCAR23,,ce2e345ad0b651b93fa12ef742f4d724,AGENT,初めまして！株式会社クレッセントのアシスタント、ゲッペイと申します。ライブ配信などで活用できるVolu☆ME!、業界最高水準のモーションキャプチャシステムViconなど、クレッセントの最新技術にご興味はありますか？,,2026-04-12 15:31:19.905347+08:00
01KP0AC2971HD4M19J4CG9N4HJ,,558ad93301290a2c000a33c8c13769bb,AGENT,こんにちは！ 株式会社クレッセントのアシスタント、ゲッペイと申します。ライブ配信などで活用できるVolu☆ME!、業界最高水準のモーションキャプチャシステムViconなどがございますが、ご興味はございますか？,,2026-04-12 15:44:20.235435+08:00
01KP0B957678CZF27YJ9V9WFJR,,2f322e3bd16ce91eaac2c70dbd94276f,AGENT,こんにちは！ クレッセントのアシスタント、月餅です。ライブ配信などで活用できるVolu☆ME!、業界最高水準のモーションキャプチャシステムViconなど、弊社には様々なソリューションがございます。,,2026-04-12 16:00:14.129252+08:00
01KP0C1M17ETE6GBXJNRB707X4,,558ad93301290a2c000a33c8c13769bb,AGENT,株式会社クレッセントのアシスタント、ゲッペイと申します。ライブ配信などで活用できるVolu☆ME!と、業界最高水準のモーションキャプチャシステムViconにご興味はありませんか？,,2026-04-12 16:13:35.035362+08:00
01KP0CJXSRMG4WQAB3V9CXXDMY,,53783ec49d3da2f5b3a5f929e75d6a61,AGENT,皆様、こんにちは！ 株式会社クレッセントのアシスタント、ゲッペイと申します。ライブ配信などで活用できるVolu☆ME!や、業界最高水準のモーションキャプチャシステムViconについてお話しできます。,,2026-04-12 16:23:13.549696+08:00
01KP0F8KR7GYAJZ1V6JGKMM64E,,0f68b6181d788691b709b256f2aa5b22,AGENT,"こんにちは。私、株式会社クレッセントのアシスタント、ゲッペイと申します。

ライブ配信などで活用できるVolu☆ME!、業界最高水準のモーションキャプチャシステムViconについてご紹介できますが、どちらにご興味がございますか？",,2026-04-12 17:09:52.339463+08:00
01KP0GXAKHK2XMH8DPQQ9S49MJ,,48fa7261d6d91c4b8f65409b14c72c9b,AGENT,"こんにちは！月餅と申します。何かご質問はございますか？

ライブ配信などで活用できるVolu☆ME!と、業界最高水準のモーションキャプチャシステムViconについてご紹介できます。",,2026-04-12 17:38:39.974438+08:00
01KP0M64GZ16RPQN9MBJBSFYZV,,0c0598ab56c26da3e25058e311f7cb74,AGENT,お客様、こんにちは！株式会社クレッセントのアシスタント、ゲッペイと申します。ライブ配信などで活用できるVolu☆ME!、または業界最高水準のモーションキャプチャシステムViconにご興味はございますか？,,2026-04-12 18:35:51.574843+08:00
01KP0NJXRF2FX1F8ZZ9BWY1YSJ,,18049cfd59577314af78713fda0035c4,AGENT,初めまして！ 私、株式会社クレッセントのアシスタント、ゲッペイと申します。ライブ配信などで活用できるVolu☆ME!、業界最高水準のモーションキャプチャシステムViconにご興味はございますか？,,2026-04-12 19:00:25.884448+08:00
01KP0QF7DV4WMQHYC2MJQEVAWF,,485a7d04012c54fa1f7f20dd41971f60,AGENT,こんにちは、私は株式会社クレッセントのアシスタント、ゲッペイと申します。ライブ配信などで活用できるVolu☆ME!や、業界最高水準のモーションキャプチャシステムViconについてご興味はございますか？,,2026-04-12 19:33:16.733919+08:00
01KP0QJQKZCT1TXYJ1T00YPJWA,,54686b4055ae144d0c5df5ff6f075d5a,AGENT,株式会社クレッセントのアシスタント、ゲッペイと申します。ライブ配信などで活用できるVolu☆ME!や、業界最高水準のモーションキャプチャシステムViconについてご紹介できます。,,2026-04-12 19:35:09.904389+08:00
01KP0SB39WM71EF11ENWXSYB11,,c35528344a82e4a724725abcc6b8e54a,AGENT,"こんにちは。私、株式会社クレッセントのアシスタント、ゲッペイと申します。

ライブ配信などで活用できるVolu☆ME!、業界最高水準のモーションキャプチャシステムViconなどにご興味はございますか？",,2026-04-12 20:05:58.375293+08:00
01KP0W4YQ8RMQMDPNZSE6324MG,,733a572f1245b580b1c4efed31447940,AGENT,株式会社クレッセントのアシスタント、ゲッペイと申します。ライブ配信などで活用できるVolu☆ME!と、業界最高水準のモーションキャプチャシステムViconにご興味はありませんか？,,2026-04-12 20:55:01.904204+08:00
01KP0W84C0X36VRMDFET631BXS,,929e0b2208ffc52116437cabb7bc73ab,AGENT,株式会社クレッセントのアシスタント、月餅です。ライブ配信などで活用できるVolu☆ME!、業界最高水準のモーションキャプチャシステムViconなど、クレッセントの最新技術にご興味はありますか？,,2026-04-12 20:56:48.032253+08:00
01KP0Y3K0TT6517SYB8W7NP7Z9,,66d954c29b4a6d866e692833e332a39f,AGENT,"「月餅（ゲッペイ）」と申します。株式会社クレッセントのアシスタントを務めております。
弊社では、業界最高水準のモーションキャプチャシステムVicon、ライブ配信などで活用できるVolu☆ME!などを取り扱っております。",,2026-04-12 21:29:15.315183+08:00
01KP0Y9TC4JCWZT54ZNAK0AY6T,,66d954c29b4a6d866e692833e332a39f,AGENT,株式会社クレッセントのアシスタント、ゲッペイと申します。ライブ配信などで活用できるVolu☆ME!と、業界最高水準のモーションキャプチャシステムViconにご興味はありませんか？,,2026-04-12 21:32:38.866877+08:00
01KP0Z4JFH4JEQAWK1GMAZ4YBB,,b2696866d281f1fab51489c9368d0bac,AGENT,はじめまして。株式会社クレッセントのアシスタント、ゲッペイと申します。ライブ配信などで活用できるVolu☆ME!と、業界最高水準のモーションキャプチャシステムViconについてご紹介できます。,,2026-04-12 21:47:15.257781+08:00
01KP10Q8T3MZWQJYNVGEHQAH95,,b2696866d281f1fab51489c9368d0bac,AGENT,こんにちは。私、株式会社クレッセントのアシスタント、ゲッペイと申します。ライブ配信などで活用できるVolu☆ME!と、業界最高水準のモーションキャプチャシステムViconについてご紹介できます。,,2026-04-12 22:14:56.798461+08:00
01KP119VWSPFWRENQQ29BD2JK9,,c35528344a82e4a724725abcc6b8e54a,AGENT,初めまして。私、株式会社クレッセントのアシスタント、ゲッペイと申します。ライブ配信などで活用できるVolu☆ME!や、業界最高水準のモーションキャプチャシステムViconについてお話しできます。,,2026-04-12 22:25:05.378776+08:00
01KP13WVCE86X1W4P8TW7C517F,,5c8ea74c45344c8ad59d788ff506614f,AGENT,はじめまして。株式会社クレッセントのアシスタント、ゲッペイと申します。ライブ配信などで活用できるVolu☆ME!や、業界最高水準のモーションキャプチャシステムViconについてお話しできます。,,2026-04-12 23:10:27.477385+08:00
01KP15785H485GMK6TMQQ2B5QG,,617607bf8ec437d931c7beb368ec5b20,AGENT,初めまして。私、株式会社クレッセントのアシスタント、ゲッペイと申します。ライブ配信などで活用できるVolu☆ME!、業界最高水準のモーションキャプチャシステムViconがございます。,,2026-04-12 23:33:35.817663+08:00
01KP15869W6QMGDJ382Q21Q6BA,,617607bf8ec437d931c7beb368ec5b20,AGENT,こんにちは！私は株式会社クレッセントのアシスタント、ゲッペイと申します。ライブ配信などで活用できるVolu☆ME!や、業界最高水準のモーションキャプチャシステムViconについてご紹介できます。,,2026-04-12 23:34:10.015559+08:00
01KP176HASJTVDYPZEG4GMT189,,3f8f713830071b72894ba75d7b40570e,AGENT,株式会社クレッセントのアシスタント、ゲッペイと申します。ライブ配信などで活用できるVolu☆ME!と、業界最高水準のモーションキャプチャシステムViconにご興味はありませんか？,,2026-04-13 00:08:10.917519+08:00
01KP1BTAF0DPKDAD4ASE7FY38B,,036a68dd14eb3c6521cd5c27be65a1c9,AGENT,"こんにちは！クレッセントのアシスタント、ゲッペイと申します。

ライブ配信などで活用できるVolu☆ME!、業界最高水準のモーションキャプチャシステムVicon、どちらにご興味がございますか？",,2026-04-13 01:28:51.944930+08:00
01KP1DBGQCJX51CT5PK0KHBX1V,,f5d466c0c259f7ac077ff777380f9ab1,AGENT,こんにちは、私は株式会社クレッセントのアシスタント、ゲッペイと申します。ライブ配信などで活用できるVolu☆ME!や、業界最高水準のモーションキャプチャシステムViconについてご興味はありますか？,,2026-04-13 01:55:47.704542+08:00
01KP1TJ08M5VYES3TZT8BMGCVE,,76cf07b5aa6ac15a6f3afee24466f6b3,AGENT,"はじめまして。株式会社クレッセントのアシスタント、ゲッペイと申します。

ライブ配信などで活用できるVolu☆ME!、業界最高水準のモーションキャプチャシステムViconなどがございますが、ご興味はございますか？",,2026-04-13 05:46:26.709329+08:00
01KP1WA7J96GB7CAMZK04GVNG6,,4a79fc98c23589c664e642a1fecacbea,AGENT,"ゲッペイと申します。株式会社クレッセントのアシスタントです。

ライブ配信などで活用できるVolu☆ME!、業界最高水準のモーションキャプチャシステムVicon、どちらにご興味がありますか？",,2026-04-13 06:17:12.158563+08:00
01KP1WA7J96GB7CAMZK04GVNG6,,4a79fc98c23589c664e642a1fecacbea,USER,I'm Athena,,2026-04-13 06:17:17.840967+08:00
01KP1WA7J96GB7CAMZK04GVNG6,,4a79fc98c23589c664e642a1fecacbea,AGENT,"Hello Athena! It's a pleasure to meet you.

Do you have any questions about Volu☆ME!, our system for live streaming, or perhaps our industry-leading Vicon motion capture system?",,2026-04-13 06:17:17.852415+08:00
01KP1YJ1RK8FS8C6SR810F2ZEA,,d2d08afbaaa6bf38d43cebccdc971e10,AGENT,こんにちは！私は株式会社クレッセントのアシスタント、ゲッペイと申します。ライブ配信などで活用できるVolu☆ME!や、業界最高水準のモーションキャプチャシステムViconについてご興味はございますか？,,2026-04-13 06:56:27.426169+08:00
01KP21RXNT9PBJ0MP8RM6GRTGJ,,edc13d9c18a46d3c72f5a19daa85c818,AGENT,こんにちは。私、株式会社クレッセントのアシスタント、ゲッペイと申します。ライブ配信などで活用できるVolu☆ME!や、2026年最新スタジオについてご興味はありませんか？,,2026-04-13 07:52:33.787054+08:00
01KP226EP71M2W5VR3MWBXPFKG,,c9668062e927bbdd77f97fe68ad159dd,AGENT,株式会社クレッセントのアシスタント、月餅と申します。ライブ配信などで活用できるVolu☆ME!や、業界最高水準のモーションキャプチャシステムViconについてご興味はありますか？,,2026-04-13 07:59:59.602747+08:00
01KP226GVZMFW4M5AMVJ43KKE4,,617607bf8ec437d931c7beb368ec5b20,AGENT,こんにちは、私は株式会社クレッセントのアシスタント、ゲッペイと申します。ライブ配信などで活用できるVolu☆ME!や、業界最高水準のモーションキャプチャシステムViconについてご紹介できます。,,2026-04-13 07:59:59.519879+08:00
01KP227F5C2TEZZ39HENT410N9,,617607bf8ec437d931c7beb368ec5b20,AGENT,いらっしゃいませ。私は、株式会社クレッセントのアシスタント、ゲッペイと申します。ライブ配信などで活用できるVolu☆ME!や、業界最高水準のモーションキャプチャシステムViconについてご紹介できます。,,2026-04-13 08:00:30.021003+08:00
01KP228HH2VADYTSC9QPPJFGQ9,,617607bf8ec437d931c7beb368ec5b20,AGENT,株式会社クレッセントのアシスタント、月餅と申します。ライブ配信などで活用できるVolu☆ME!と、業界最高水準のモーションキャプチャシステムViconについてご案内できます。,,2026-04-13 08:01:04.724204+08:00
01KP22TNA1X67VBAA088H1361F,,a41e5020453e24bb41de14a9b2a7660a,AGENT,こんにちは！私は株式会社クレッセントのアシスタント、ゲッペイと申します。ライブ配信などで活用できるVolu☆ME!や、業界最高水準のモーションキャプチャシステムViconについてご興味はありませんか？,,2026-04-13 08:11:02.133875+08:00
01KP2305RV8HJYM4VXH25FNAAM,,c2b74e27cf9ae7ad1a679dd5ee118f95,AGENT,こんにちは、私は株式会社クレッセントのアシスタント、ゲッペイと申します。ライブ配信などで活用できるVolu☆ME!や、業界最高水準のモーションキャプチャシステムViconについてご興味はございますか？,,2026-04-13 08:14:02.619123+08:00
01KP23DAPFZXNXZWNAG2BXQF95,,35401a5643718f77037e7954a09c9233,AGENT,株式会社クレッセントのアシスタント、ゲッペイと申します。ライブ配信などで活用できるVolu☆ME!や、業界最高水準のモーションキャプチャシステムViconについてご紹介できます。,,2026-04-13 08:21:11.890633+08:00
01KP23F0XK60G77T9R67JMXRW6,,9a53ff14b5b2e17ba691a3dc375cb214,AGENT,こんにちは！株式会社クレッセントのアシスタント、ゲッペイと申します。ライブ配信などで活用できるVolu☆ME!や、業界最高水準のモーションキャプチャシステムViconにご興味はありませんか？,,2026-04-13 08:22:12.322555+08:00
01KP244MYGETMETJJD3Q63AYWJ,,4d963d4d1692533e9939ee99de029db5,AGENT,株式会社クレッセントのアシスタント、月餅と申します。ライブ配信などで活用できるVolu☆ME!、業界最高水準のモーションキャプチャシステムViconなど、クレッセントの技術について何でもお尋ねください。,,2026-04-13 08:33:55.089034+08:00
01KP24AHAXDBNXXNWV581GJANQ,,611a681853945e8a3b0130726553a86d,AGENT,はじめまして。私は株式会社クレッセントのアシスタント、ゲッペイと申します。ライブ配信などで活用できるVolu☆ME!や、業界最高水準のモーションキャプチャシステムViconについてご紹介できます。,,2026-04-13 08:37:07.666510+08:00
01KP24H3S6DWSM0KV1345R132C,,855685ff04fcad9be4957fe78949399b,AGENT,"こんにちは。私、株式会社クレッセントのアシスタント、ゲッペイと申します。

ライブ配信などで活用できるVolu☆ME! や、業界最高水準のモーションキャプチャシステムViconなど、クレッセントの最新技術にご興味はございますか？",,2026-04-13 08:40:45.883011+08:00
01KP25Q7GJ4Z0B0XDK82SG1ACZ,,462c8cf6594f4b7882f004345ec30588,AGENT,はじめまして。私、株式会社クレッセントのアシスタント、ゲッペイと申します。ライブ配信などで活用できるVolu☆ME!や、業界最高水準のモーションキャプチャシステムViconなど、弊社独自の技術についてぜひお尋ねください。,,2026-04-13 09:01:32.691871+08:00
01KP25QZ2CXPH88EJQ224AVVS9,,462c8cf6594f4b7882f004345ec30588,AGENT,こんにちは、私は株式会社クレッセントのアシスタント、ゲッペイと申します。ライブ配信などで活用できるVolu☆ME!や、業界最高水準のモーションキャプチャシステムViconについてご紹介できます。,,2026-04-13 09:01:56.424555+08:00
01KP25T3BF6WCK892SGYRYXEHQ,,462c8cf6594f4b7882f004345ec30588,AGENT,こんにちは！私は株式会社クレッセントのアシスタント、ゲッペイと申します。ライブ配信などで活用できるVolu☆ME!や、業界最高水準のモーションキャプチャシステムViconについてご紹介できます。,,2026-04-13 09:03:06.359685+08:00
01KP260BZDAJSTV45PTSCQT57H,,9af396b7f4f92d84985452504bbfd045,AGENT,はじめまして。私、株式会社クレッセントのアシスタント、ゲッペイと申します。ライブ配信などで活用できるVolu☆ME!や、業界最高水準のモーションキャプチャシステムViconなど、クレッセントの最新技術にご興味はございますか？,,2026-04-13 09:06:32.108033+08:00
01KP266XH5VCS0REZ3WV0BVHJ7,,462c8cf6594f4b7882f004345ec30588,AGENT,こんにちは！株式会社クレッセントのアシスタント、ゲッペイと申します。ライブ配信などで活用できるVolu☆ME!や、業界最高水準のモーションキャプチャシステムViconについて、何かご興味はございますか？,,2026-04-13 09:10:07.432220+08:00
01KP267QBJV0CXWHAB8NHBZWTP,,de95444e7187eea980a1f79562a4bb73,AGENT,月餅と申します。株式会社クレッセントのアシスタントです。 Viconや最新の羽田スタジオなど、何かご興味はございますか？,,2026-04-13 09:10:34.289119+08:00
01KP26HW44G0G1PMNW2TJ82MBZ,,cbed8726cb8cf1b4ca50832a3106491a,AGENT,はじめまして。株式会社クレッセントのアシスタント、ゲッペイと申します。ライブ配信などで活用できるVolu☆ME!や、業界最高水準のモーションキャプチャシステムViconについてご紹介できます。,,2026-04-13 09:16:07.554949+08:00
01KP272M8BR5J6VKA42M1MC9T8,,729fdff657bfe03d9312451ac9d5442f,AGENT,ようこそ！ 株式会社クレッセントのアシスタント、ゲッペイと申します。ライブ配信などで活用できるVolu☆ME!と業界最高水準のモーションキャプチャシステムViconについてご紹介できます。,,2026-04-13 09:25:20.200258+08:00
01KP273FV5DWKCADTQ7HQKGEN4,,9d3891fe2501bcea22b75f2fa9456875,AGENT,ごきげんよう、私はクレッセントのアシスタント、ゲッペイと申します。ライブ配信などで活用できるVolu☆ME!や、業界最高水準のモーションキャプチャシステムViconについてお話しできます。,,2026-04-13 09:25:44.136804+08:00
01KP27GG953Z8706R4K9V8CTXM,,cebc57760f7107b9f7ce4d89afb1cfe6,AGENT,こんにちは、私は株式会社クレッセントのアシスタント、ゲッペイと申します。ライブ配信などで活用できるVolu☆ME!と業界最高水準のモーションキャプチャシステムViconについてご紹介できます。,,2026-04-13 09:32:47.618663+08:00
01KP27W804MVQ1F8KS74DJ3Z7D,,565787851973fc5be6f889ccbe1663ae,AGENT,株式会社クレッセントのアシスタント、月餅です。ライブ配信などで活用できるVolu☆ME!、業界最高水準のモーションキャプチャシステムViconなど、クレッセントの最新技術にご興味はございますか？,,2026-04-13 09:39:15.251259+08:00
01KP289SDCCA1HD06KHG9YPHX9,,957ba7365ab012b14b328149cac1c828,AGENT,初めまして。私、株式会社クレッセントのアシスタント、ゲッペイと申します。ライブ配信などで活用できるVolu☆ME!と、業界最高水準のモーションキャプチャシステムViconにご興味はございますか？,,2026-04-13 09:46:38.594345+08:00
01KP28C8AE1Y2QSV83YDD51K2D,,d8b444b56330004589ab5e3a9712dadd,AGENT,こんにちは！私は株式会社クレッセントのアシスタント、ゲッペイです。ライブ配信などで活用できるVolu☆ME!や、業界最高水準のモーションキャプチャシステムViconについてご紹介できます。,,2026-04-13 09:48:01.157347+08:00
01KP28T2FTV7SR0M1G3S28XD3G,,1cb14165f5cc816d2faa00883e75e64e,AGENT,こんにちは。株式会社クレッセントのアシスタント、ゲッペイと申します。ライブ配信などで活用できるVolu☆ME!や、業界最高水準のモーションキャプチャシステムViconについてご紹介できます。,,2026-04-13 09:56:06.254781+08:00
01KP28XH43XWDCSSPNPSCVGDM4,,1cb14165f5cc816d2faa00883e75e64e,AGENT,こんにちは！株式会社クレッセントのアシスタント、月餅です。ライブ配信などで活用できるVolu☆ME!や、業界最高水準のモーションキャプチャシステムViconについてご紹介できます。,,2026-04-13 09:57:24.488264+08:00
01KP28Z1WHJ18V664JFBXV0E3M,,4f08eae63ba88f5366606352c9b58b24,AGENT,こんにちは、私は株式会社クレッセントのアシスタント、ゲッペイと申します。ライブ配信などで活用できるVolu☆ME!や、業界最高水準のモーションキャプチャシステムViconについてご興味はございますか？,,2026-04-13 09:58:19.902500+08:00
01KP2945CM2B97QRS7DKV8T1VM,,aeba23432066de535db72b0df312d15b,AGENT,皆様、こんにちは。株式会社クレッセントのアシスタント、ゲッペイと申します。ライブ配信などで活用できるVolu☆ME!、業界最高水準のモーションキャプチャシステムViconにご興味はございますか？,,2026-04-13 10:01:03.561204+08:00
01KP29E3YT8HXBMV9M5QW40RB9,,461111f8b48a634caf3b694543634ea2,AGENT,こんにちは、私は株式会社クレッセントのアシスタント、ゲッペイと申します。ライブ配信などで活用できるVolu☆ME!や、業界最高水準のモーションキャプチャシステムViconについてご紹介できます。,,2026-04-13 10:06:28.484378+08:00
01KP29FP6N7XBP73M7P4QX68VF,,617607bf8ec437d931c7beb368ec5b20,AGENT,こんにちは！株式会社クレッセントのアシスタント、月餅です。ライブ配信などで活用できるVolu☆ME!や、業界最高水準のモーションキャプチャシステムViconについてご興味はありますか？,,2026-04-13 10:07:21.523939+08:00
01KP29RF409HP6V6HZSR7NP6RG,,5b6230380206ee56a3682c3282a2407e,AGENT,こんにちは。株式会社クレッセントのアシスタント、月餅です。ライブ配信などで活用できるVolu☆ME!と業界最高水準のモーションキャプチャシステムViconについてご紹介できます。,,2026-04-13 10:12:10.154229+08:00
01KP2A2H9D1Q8B5VGJZYAA3X8Y,,4d963d4d1692533e9939ee99de029db5,AGENT,株式会社クレッセントのアシスタント、ゲッペイと申します。ライブ配信などで活用できるVolu☆ME!や、業界最高水準のモーションキャプチャシステムViconについてご紹介できます。,,2026-04-13 10:17:37.229288+08:00
01KP2A65RSP0GS8WM64RF25TN5,,704054a845edb5c940bd27094074fcb2,AGENT,クレッセントのアシスタント、ゲッペイと申します。ライブ配信などで活用できるVolu☆ME!や、業界最高水準のモーションキャプチャシステムViconについてご紹介できます。,,2026-04-13 10:19:37.893182+08:00
01KP2A73W3P7P5M473KPPBWBR5,,f52bf19745301056c0919f17bfeee92c,AGENT,ク株式会社クレッセントのアシスタント、ゲッペイと申します。ライブ配信などで活用できるVolu☆ME!、そして業界最高水準のモーションキャプチャシステムViconについてご紹介できます。,,2026-04-13 10:20:07.119226+08:00
01KP2A80JXF03Q027NBXAZ7J46,,eee5ff592e46e16ddf87919a56a32a6b,AGENT,初めまして。私、株式会社クレッセントのアシスタント、ゲッペイと申します。ライブ配信などで活用できるVolu☆ME!と、業界最高水準のモーションキャプチャシステムViconにご興味はございますか？,,2026-04-13 10:20:36.120311+08:00
01KP2AAQ39EZ6DDZ6JVJ56JHBR,,7964fee22cf95503ef82308becc7f9cc,AGENT,"ゲッペイと申します。株式会社クレッセントのアシスタントをしております。何かご不明な点がありましたら、お気軽にお尋ねください。

ライブ配信などで活用できるVolu☆ME!と、業界最高水準のモーションキャプチャシステムViconについて、ご興味はありますか？",,2026-04-13 10:22:04.729445+08:00
01KP2AB7ZMQX1CV85FNMEMDXZA,,e5a7ee07cb9e1af41258196803095312,AGENT,皆様、こんにちは。株式会社クレッセントのアシスタント、ゲッペイと申します。ライブ配信などで活用できるVolu☆ME!や、業界最高水準のモーションキャプチャシステムViconなど、ご興味はございますでしょうか？,,2026-04-13 10:22:23.681041+08:00
01KP2ABYJ3YA9P5DH4PGRPK54G,,5b97edfdbd2f97c1d708076509a6d449,AGENT,いらっしゃいませ。私が株式会社クレッセントのアシスタント、ゲッペイです。ライブ配信などで活用できるVolu☆ME!、業界最高水準のモーションキャプチャシステムViconなどがございますが、ご興味はございますか？,,2026-04-13 10:22:45.496487+08:00
01KP2AC8K2Y8Q00951A3G0PC68,,2eb37290f139bcf18c1cd6d28df1e085,AGENT,こんにちは、私はクレッセントのアシスタント、ゲッペイと申します。ライブ配信などで活用できるVolu☆ME!や、業界最高水準のモーションキャプチャシステムViconについてご紹介できます。,,2026-04-13 10:22:56.206852+08:00
01KP2ADZ8NJV9MSQYJ9PHBDQD3,,5b97edfdbd2f97c1d708076509a6d449,AGENT,こんにちは。株式会社クレッセントのアシスタント、月餅（ゲッペイ）と申します。ライブ配信などで活用できるVolu☆ME!や、業界最高水準のモーションキャプチャシステムViconについてご紹介できます。,,2026-04-13 10:23:51.701264+08:00
01KP2AJT081T433FD3EKKMB844,,5b97edfdbd2f97c1d708076509a6d449,AGENT,"こんにちは！株式会社クレッセントのアシスタント、月餅（ゲッペイ）と申します。

ライブ配信などで活用できるVolu☆ME!と業界最高水準のモーションキャプチャシステムViconについてご紹介できますが、どちらにご興味がありますか？",,2026-04-13 10:26:30.048601+08:00
01KP2AMPTMQPXFR66Z962MM5P9,,617607bf8ec437d931c7beb368ec5b20,AGENT,こんにちは！ 株式会社クレッセントのアシスタント、ゲッペイと申します。ライブ配信などで活用できるVolu☆ME!、業界最高水準のモーションキャプチャシステムVicon、どちらにご興味がありますか？,,2026-04-13 10:27:35.361971+08:00
01KP2ANE4FV99KBVNWRVK76PSH,,5b97edfdbd2f97c1d708076509a6d449,AGENT,月餅と申します。クレッセントのアシスタントをしております。何かご質問はございませんか？ライブ配信などで活用できるVolu☆ME!や、業界最高水準のモーションキャプチャシステムViconについてご紹介できます。,,2026-04-13 10:27:56.209542+08:00
01KP2APNHNQC96MTKFQJ5TDG2E,,575b79f2635c9eb85138d4ccb0f48605,AGENT,ゲッペイと申します。株式会社クレッセントのアシスタントです。2026年最新スタジオや、業界最高水準のモーションキャプチャシステムViconについてご紹介できます。,,2026-04-13 10:28:36.243114+08:00
01KP2AQ0JNX9M8XDYHV6ZJYJT5,,33ceec8cc2bb3da440756370b25f0fdd,AGENT,月餅と申します。株式会社クレッセントのアシスタントです。何かご不明な点はございませんか？,,2026-04-13 10:28:49.223777+08:00
01KP2BGN68FYD14VMJSEHX9DNK,,dda5bda13707cadb8d199e24cf2220d4,AGENT,クレッセントのゲッペイと申します。ライブ配信などで活用できるVolu☆ME!や、業界最高水準のモーションキャプチャシステムViconについてご紹介できます。,,2026-04-13 10:43:00.323776+08:00
01KP2BZBMXP172HHRW7470YXYQ,,e6f431d83b37989073ca6cca89c7e21e,AGENT,こんにちは。株式会社クレッセントのゲッペイと申します。ライブ配信などで活用できるVolu☆ME!と、2026年最新スタジオについてご興味はございますか？,,2026-04-13 10:50:49.997858+08:00
01KP2BZKNDC1YGFN1RQQNWCPGD,,e73d12f2638775de34cade1a900cf7a4,AGENT,こんにちは！ 私、クレッセントのアシスタント、ゲッペイと申します。ライブ配信などで活用できるVolu☆ME!と、業界最高水準のモーションキャプチャシステムViconについてご紹介できます。,,2026-04-13 10:50:58.095063+08:00
01KP2C1X99CG1MMJ6A5009XQNH,,188c607a07b2284238545c90a0dbba3f,AGENT,はい、こんにちは！株式会社クレッセントのアシスタント、ゲッペイと申します。ライブ配信などで活用できるVolu☆ME!や、業界最高水準のモーションキャプチャシステムViconについてお話しできます。,,2026-04-13 10:52:13.770323+08:00
01KP2C74ET8S750RRCECGQEF7M,,05618eef440264ec97daa7a8ea6334a1,AGENT,初めまして、私が株式会社クレッセントのアシスタント、月餅です。ライブ配信などで活用できるVolu☆ME!、業界最高水準のモーションキャプチャシステムVicon、どちらにご興味がありますか？,,2026-04-13 10:55:22.323604+08:00
01KP2CV6A1B8DRSZX22FXF2Z7N,,d7b450e3758f2a1a97aa3a17197a7039,AGENT,初めまして。私、株式会社クレッセントのアシスタント、ゲッペイと申します。ライブ配信などで活用できるVolu☆ME!と、業界最高水準のモーションキャプチャシステムViconにご興味はございますか？,,2026-04-13 11:06:06.032600+08:00
01KP2CWD9DMYNEPASF3H1QH4ZJ,,5667d30d6e079de9ccf692d02cefb434,AGENT,"はい、喜んで。

株式会社クレッセントのゲッペイと申します。ライブ配信などで活用できるVolu☆ME!や、業界最高水準のモーションキャプチャシステムViconについてご紹介できますが、ご興味はございますか？",,2026-04-13 11:06:43.162969+08:00
01KP2CX80P6M2CTDEG49V1DMZC,,014bbb3e37fb3a86c06b391ff2e85c47,AGENT,"こんにちは！ 株式会社クレッセントのアシスタント、月餅（ゲッペイ）と申します。

ライブ配信などで活用できるVolu☆ME!と、業界最高水準のモーションキャプチャシステムViconについてご興味はございますか？",,2026-04-13 11:07:09.358218+08:00
01KP2CZNETCFEG6W0XD2VZESH1,,a4dd50f924397791c4e3e362614645ab,AGENT,月餅と申します。株式会社クレッセントのアシスタントです。何かご不明な点はございませんか。ライブ配信などで活用できるVolu☆ME!、2026年最新スタジオなどがございます。,,2026-04-13 11:08:29.175292+08:00
01KP2D0QSS2Z6BVGVRWWE82K0A,,95328d4e740e68e9f7772ca2a19023f4,AGENT,こんにちは、私は株式会社クレッセントのアシスタント、ゲッペイと申します。ライブ配信などで活用できるVolu☆ME!や、業界最高水準のモーションキャプチャシステムViconについてご紹介できます。,,2026-04-13 11:09:07.976777+08:00
01KP2D4850XJHXM24533PW9AW3,,465b3cb453c3035db3c3ea90539882d3,AGENT,皆様、こんにちは！ 株式会社クレッセントのアシスタント、ゲッペイと申します。ライブ配信などで活用できるVolu☆ME!や、業界最高水準のモーションキャプチャシステムViconについてご紹介できます。,,2026-04-13 11:10:59.374386+08:00
01KP2D81HV07A1QMMZ3TJ2R1CW,,c58b6a371e501ac69014ad45f623c2fa,AGENT,初めまして。私は株式会社クレッセントのアシスタント、ゲッペイと申します。ライブ配信などで活用できるVolu☆ME!や、業界最高水準のモーションキャプチャシステムViconなどにご興味はございますか？,,2026-04-13 11:13:02.779373+08:00
01KP2DBXN494HF57Q2QR0S2V5M,,465b3cb453c3035db3c3ea90539882d3,AGENT,お客様、こんにちは！私は株式会社クレッセントのアシスタント、ゲッペイと申します。ライブ配信などで活用できるVolu☆ME!や、業界最高水準のモーションキャプチャシステムViconなどにご興味はございますか？,,2026-04-13 11:15:10.199276+08:00
01KP2DGBG80K2WR3QHTT87ABS1,,465b3cb453c3035db3c3ea90539882d3,AGENT,こんにちは！株式会社クレッセントのアシスタント、月餅（ゲッペイ）と申します。ライブ配信などで活用できるVolu☆ME!や、業界最高水準のモーションキャプチャシステムViconについてご紹介できます。,,2026-04-13 11:17:35.431070+08:00
01KP2DZ9AAG6V5DXFPG7CZR6WV,,154dd18078c9fe0f0a6a98b0a85450c3,AGENT,クレッセントのゲッペイと申します。ライブ配信などで活用できるVolu☆ME!や、業界最高水準のモーションキャプチャシステムViconについてお話しできます。,,2026-04-13 11:25:44.757799+08:00
01KP2E73S35JHJC097A01ZFM3B,,0722e7e905b7124f3eb660fb03bd6db3,AGENT,皆様、こんにちは！ 株式会社クレッセントのアシスタント、ゲッペイと申します。ライブ配信などで活用できるVolu☆ME!、そして業界最高水準のモーションキャプチャシステムViconについてご紹介できます。,,2026-04-13 11:30:02.657748+08:00
01KP2EAQHAX1N9XVAZCZ1HJWF3,,0722e7e905b7124f3eb660fb03bd6db3,AGENT,株式会社クレッセントのアシスタント、ゲッペイと申します。ライブ配信などで活用できるVolu☆ME!と、業界最高水準のモーションキャプチャシステムViconについてご紹介できます。,,2026-04-13 11:32:01.230984+08:00
01KP2F6QAR08P7ENS68WABENHN,,9d3891fe2501bcea22b75f2fa9456875,AGENT,株式会社クレッセントのアシスタント、ゲッペイと申します。ライブ配信などで活用できるVolu☆ME!と業界最高水準のモーションキャプチャシステムViconについてご紹介できます。,,2026-04-13 11:47:17.671549+08:00
01KP2F8EWQ5ZPSH46SGXK8FD7P,,9d3891fe2501bcea22b75f2fa9456875,AGENT,こんにちは！株式会社クレッセントのアシスタント、ゲッペイと申します。ライブ配信などで活用できるVolu☆ME!、業界最高水準のモーションキャプチャシステムVicon、どちらにご興味がありますか？,,2026-04-13 11:48:15.410690+08:00
01KP2FAZ5AP1KGDEQYTXWB7GEW,,339dcbf3070b828b823391ffb5d8f4fb,AGENT,こんにちは、私は株式会社クレッセントのアシスタント、ゲッペイと申します。ライブ配信などで活用できるVolu☆ME!や、業界最高水準のモーションキャプチャシステムViconについてご紹介できます。,,2026-04-13 11:49:36.651175+08:00
01KP2FH21VE8R972VCTD3ADPVE,,3de0a07c347767dcbc4ef0745c3dfe05,AGENT,こんにちは！株式会社クレッセントのアシスタント、月餅です。ライブ配信などで活用できるVolu☆ME!、業界最高水準のモーションキャプチャシステムViconなどがございますが、何にご興味がありますか？,,2026-04-13 11:52:55.700768+08:00
01KP2FN81GP05VR2GH890N2GC9,,cb939d3eee6a15fba8859dabb86cf029,AGENT,"はじめまして。私、株式会社クレッセントのアシスタント、ゲッペイと申します。
ライブ配信などで活用できるVolu☆ME!、業界最高水準のモーションキャプチャシステムViconなど、クレッセントの最新技術にご興味はございますか？",,2026-04-13 11:55:13.195721+08:00
01KP2FQTZEMD8NR67GM6ANS3K0,,0946fba0849bbe5e738b42b9da960ca9,AGENT,こんにちは！株式会社クレッセントのアシスタント、ゲッペイと申します。ライブ配信などで活用できるVolu☆ME!や、業界最高水準のモーションキャプチャシステムViconについてご紹介できます。,,2026-04-13 11:56:38.700125+08:00
01KP2FRRH63JCX2FWA4KD486YZ,,cb939d3eee6a15fba8859dabb86cf029,AGENT,皆様、こんにちは。私、株式会社クレッセントのアシスタント、ゲッペイと申します。ライブ配信などで活用できるVolu☆ME!や、業界最高水準のモーションキャプチャシステムViconについてお話しできます。,,2026-04-13 11:57:07.681488+08:00
01KP2GECTVARZHKVZAV37C3154,,a871ae829b2154d259f3b397837516ab,AGENT,株式会社クレッセントのアシスタント、ゲッペイと申します。ライブ配信などで活用できるVolu☆ME!や、業界最高水準のモーションキャプチャシステムViconについてお話しできます。,,2026-04-13 12:08:57.914679+08:00
01KP2GR0EFY06F77DHNWM3H1H7,,9f37de858acaf325fdd39a93588d83ea,AGENT,初めまして。私、株式会社クレッセントのアシスタント、ゲッペイと申します。ライブ配信などで活用できるVolu☆ME!と、業界最高水準のモーションキャプチャシステムViconについてご紹介できます。,,2026-04-13 12:14:22.955576+08:00
01KP2GSFBK3Z2D06EM93CDX782,,7bde00a73295154c7adebc3148818ba4,AGENT,こんにちは。私は株式会社クレッセントのアシスタント、ゲッペイと申します。ライブ配信などで活用できるVolu☆ME!や、業界最高水準のモーションキャプチャシステムViconについてご紹介できます。,,2026-04-13 12:15:04.969325+08:00
01KP2GTY8B6B7HS9TE77STM9N5,,7bde00a73295154c7adebc3148818ba4,AGENT,ゲッペイと申します。株式会社クレッセントのアシスタントです。ライブ配信などで活用できるVolu☆ME!や、業界最高水準のモーションキャプチャシステムViconなどがございますが、ご興味はございますか？,,2026-04-13 12:15:52.054053+08:00
01KP2GYYB9J2NHBAXDQCVSAFZB,,a871ae829b2154d259f3b397837516ab,AGENT,こんにちは！クレッセントのアシスタント、ゲッペイと申します。ライブ配信などで活用できるVolu☆ME!や、業界最高水準のモーションキャプチャシステムViconについてご紹介できます。,,2026-04-13 12:17:59.427710+08:00
01KP2J7Q0EJPVBW88RNV9YT8PP,,05618eef440264ec97daa7a8ea6334a1,AGENT,ようこそ！株式会社クレッセントのアシスタント、ゲッペイと申します。ライブ配信などで活用できるVolu☆ME!や、業界最高水準のモーションキャプチャシステムViconについてご紹介できます。,,2026-04-13 12:40:36.613501+08:00
01KP2JQ77EXG2D2KTBRMX1Q4E4,,be135ff42950688951117c27ab4b733c,AGENT,こんにちは、私はクレッセントのアシスタント、ゲッペイと申します。ライブ配信などで活用できるVolu☆ME!、2026年最新スタジオについてご案内できます。,,2026-04-13 12:48:43.104507+08:00
01KP2JX8FED5TETC91TCXWYDGK,,462cfb73a54072e73c8d95e322ebef82,AGENT,クレッセントのゲッペイと申します。ライブ配信などで活用できるVolu☆ME!や、業界最高水準のモーションキャプチャシステムViconについてご紹介できます。,,2026-04-13 12:52:04.050482+08:00
01KP2K0BHAGYAH0YF9HQDXHE0X,,fb1ce9cd966a4c7245e027fe1d06b39e,AGENT,こんにちは！ 私、クレッセントのアシスタント、ゲッペイと申します。ライブ配信などで活用できるVolu☆ME!と、業界最高水準のモーションキャプチャシステムViconについてご紹介できます。,,2026-04-13 12:53:47.046798+08:00
01KP2K2ARC1P7VE5XS7JSBWNP3,,25ed1cf4865b9782101f764bc7131698,AGENT,皆様、こんにちは。株式会社クレッセントのアシスタント、ゲッペイと申します。ライブ配信などで活用できるVolu☆ME!や、業界最高水準のモーションキャプチャシステムViconなどについてご案内できます。,,2026-04-13 12:54:50.555031+08:00
01KP2K2C2PE648KCS8432DGGJD,,25ed1cf4865b9782101f764bc7131698,AGENT,皆様、こんにちは！ 私は株式会社クレッセントのアシスタント、ゲッペイと申します。ライブ配信などで活用できるVolu☆ME!、業界最高水準のモーションキャプチャシステムViconなど、クレッセントの最新技術にご興味はございますか？,,2026-04-13 12:54:51.346524+08:00
01KP2K31V159FP00FP7X0ES2PE,,4d963d4d1692533e9939ee99de029db5,AGENT,株式会社クレッセントのアシスタント、ゲッペイと申します。ライブ配信などで活用できるVolu☆ME!と、業界最高水準のモーションキャプチャシステムViconにご興味はありませんか？,,2026-04-13 12:55:13.168296+08:00
01KP2K3NYMS32SB5JXEJ2P10E2,,4d963d4d1692533e9939ee99de029db5,AGENT,"こんにちは、ゲッペイと申します。株式会社クレッセントのアシスタントです。

ライブ配信などで活用できるVolu☆ME!や、業界最高水準のモーションキャプチャシステムViconについてご紹介できます。",,2026-04-13 12:55:37.508505+08:00
01KP2K74Z09QES3A9F64WB1Y4H,,6d0e625ee679d2c260f795e8dffaf355,AGENT,皆様、こんにちは！ 株式会社クレッセントのアシスタント、ゲッペイと申します。ライブ配信などで活用できるVolu☆ME!、そして業界最高水準のモーションキャプチャシステムViconについてご紹介できます。,,2026-04-13 12:57:38.589381+08:00
01KP2K7V7JVV7TNK9CRMJ7F3TW,,d25389c377bd12fad09f222976d77159,AGENT,初めまして。株式会社クレッセントのアシスタント、ゲッペイと申します。ライブ配信などで活用できるVolu☆ME!、または業界最高水準のモーションキャプチャシステムViconにご興味はございますか？,,2026-04-13 12:57:49.390705+08:00
01KP2K8H25P3VNHXKB1Z100TT7,,894ff8c76cfecdcf3e4a78681d975dcb,AGENT,こんにちは！私、株式会社クレッセントのアシスタント、ゲッペイと申します。ライブ配信などで活用できるVolu☆ME!と、業界最高水準のモーションキャプチャシステムViconについてご紹介できます。,,2026-04-13 12:58:13.714048+08:00
01KP2K8TJ721RZN8XX30B20A8C,,a1ad97c766389c98e5be816097fe347c,AGENT,株式会社クレッセントのアシスタント、ゲッペイと申します。ライブ配信などで活用できるVolu☆ME!と業界最高水準のモーションキャプチャシステムViconについてご紹介できます。,,2026-04-13 12:58:21.344748+08:00
01KP2K9FV2THYB9TAHQ5JRXZ14,,7486d25f0a8a4b233948ba906ace52bd,AGENT,こんにちは！ 株式会社クレッセントのアシスタント、月餅（ゲッペイ）と申します。ライブ配信などで活用できるVolu☆ME!や、業界最高水準のモーションキャプチャシステムViconについてご紹介できます。,,2026-04-13 12:58:47.393254+08:00
01KP2KJHKW29WYGJTMDSWRSD2D,,2dcdca997f46853522e7f8c229db009b,AGENT,株式会社クレッセントのアシスタント、ゲッペイと申します。ライブ配信などで活用できるVolu☆ME!や、業界最高水準のモーションキャプチャシステムViconについてご紹介できます。,,2026-04-13 13:03:40.019991+08:00
01KP2KM1T5N6WJR73MV1AKG43V,,5b1dc3851ea1136fed1aed62bfc1b770,AGENT,株式会社クレッセントのアシスタント、ゲッペイと申します。ライブ配信などで活用できるVolu☆ME!と、業界最高水準のモーションキャプチャシステムViconについてご紹介できます。,,2026-04-13 13:04:32.540940+08:00
01KP2M460441JXW3S2F2AVPRWQ,,665a8b6349ebeb2ea5781e169df20658,AGENT,初めまして。私、株式会社クレッセントのアシスタント、ゲッペイと申します。ライブ配信などで活用できるVolu☆ME!や、業界最高水準のモーションキャプチャシステムViconについてお話しできます。,,2026-04-13 13:13:17.388417+08:00
01KP2M4BR8K249TVTZPMFVW8P1,,a9bb36293c33c4e76369d540bcc29b70,AGENT,はじめまして。株式会社クレッセントのアシスタント、ゲッペイと申します。ライブ配信などで活用できるVolu☆ME!と、業界最高水準のモーションキャプチャシステムViconについてご紹介できます。,,2026-04-13 13:13:22.950095+08:00
01KP2MCC8BGGNG4H5AZMQV94MT,,8b880f83bb268210cbcfa02946eb164a,AGENT,こんにちは、私は株式会社クレッセントのアシスタント、ゲッペイと申します。ライブ配信などで活用できるVolu☆ME!や、業界最高水準のモーションキャプチャシステムViconについてお話しできます。,,2026-04-13 13:17:47.474110+08:00
01KP2MEHTTM5THMYRK9FKN013X,,ac79682ec1ef74d04e13d6a21aeeedf6,AGENT,こんにちは、ゲッペイと申します。株式会社クレッセントのアシスタントをしております。,,2026-04-13 13:19:18.817045+08:00
01KP2MGT8DTPYEET2WCJK71GEW,,2e0f14383c55f2576047be3373a6ef9a,AGENT,株式会社クレッセントのアシスタント、ゲッペイと申します。ライブ配信などで活用できるVolu☆ME!と業界最高水準のモーションキャプチャシステムViconについてご紹介できます。,,2026-04-13 13:20:10.456881+08:00
01KP2MHNHC8XPFZZ5YMARZ0TFM,,0147e91ba0c5ccce557e5f1c77e2ddb8,AGENT,こんにちは！ 株式会社クレッセントのアシスタント、ゲッペイと申します。ライブ配信などで活用できるVolu☆ME!や、業界最高水準のモーションキャプチャシステムViconについてご紹介できます。,,2026-04-13 13:20:39.045653+08:00
01KP2MJNZGW4TFFTWXEEQZJDCR,,ac79682ec1ef74d04e13d6a21aeeedf6,AGENT,こんにちは。私は株式会社クレッセントのアシスタント、ゲッペイです。ライブ配信などで活用できるVolu☆ME!や、業界最高水準のモーションキャプチャシステムViconについてご紹介できます。,,2026-04-13 13:21:14.475615+08:00
01KP2MQ9G2P67QM5FWEQCCT6QN,,1c371366c171dc4a633b82d3a119789d,AGENT,株式会社クレッセントのアシスタント、ゲッペイと申します。ライブ配信などで活用できるVolu☆ME!と、業界最高水準のモーションキャプチャシステムViconについてご紹介できます。,,2026-04-13 13:23:43.701150+08:00
01KP2MRR9DC07477FR4NES2WX6,,0252b5859558ca979e2ec7039e7c6f7f,AGENT,こんにちは。株式会社クレッセントのアシスタント「ゲッペイ」と申します。ライブ配信などで活用できるVolu☆ME!と業界最高水準のモーションキャプチャシステムViconについてご紹介できます。,,2026-04-13 13:24:31.168214+08:00
01KP2MXQSP4SBZ8DY4WB3SGW21,,7423ba07deb3c080930ba6da7a5abfa5,AGENT,こんにちは。株式会社クレッセントのアシスタント、ゲッペイと申します。ライブ配信などで活用できるVolu☆ME!、2026年最新スタジオについてご興味はございますか？,,2026-04-13 13:27:21.575066+08:00
01KP2N4R9SWCSCEVSCTCDBKSAW,,50cc178361090e65b06815f83e2563e0,AGENT,株式会社クレッセントのアシスタント、ゲッペイと申します。ライブ配信などで活用できるVolu☆ME!や、業界最高水準のモーションキャプチャシステムViconについてご紹介できます。,,2026-04-13 13:31:07.440266+08:00
01KP2N95PS78266YNW2C1110JF,,a0b82eb67a755af15dc0352e111a938c,AGENT,"こんにちは、ゲッペイと申します。株式会社クレッセントのアシスタントです。

ライブ配信などで活用できるVolu☆ME!、業界最高水準のモーションキャプチャシステムViconにご興味はございますか？",,2026-04-13 13:33:28.468722+08:00
01KP2NCANAY9SZQQAV6FVQ573F,,4d963d4d1692533e9939ee99de029db5,AGENT,株式会社クレッセントのアシスタント、月餅と申します。ライブ配信などで活用できるVolu☆ME!、2026年最新スタジオについてご興味はございませんか？,,2026-04-13 13:35:12.699778+08:00
01KP2NJ6NXRJG2QEYCNXT4EATG,,02dffc77e9791b9606abd869d1399d20,AGENT,こんにちは。株式会社クレッセントのアシスタント、ゲッペイと申します。ライブ配信などで活用できるVolu☆ME!や、業界最高水準のモーションキャプチャシステムViconについてご紹介できます。,,2026-04-13 13:38:25.664194+08:00
01KP2NRNQFCSVQYR3CVE25NSJ8,,074b969b2f6e24d4ab1865032a96ebe4,AGENT,お客様、こんにちは！ 私は株式会社クレッセントのアシスタント、ゲッペイと申します。ライブ配信などで活用できるVolu☆ME!、業界最高水準のモーションキャプチャシステムViconなどがございますが、ご興味はございますか？,,2026-04-13 13:41:58.736114+08:00
01KP2P7FKE7YFCE5ET8DMJH2GW,,6f199febcba3a5fc87950a6f3a62ee39,AGENT,こんにちは。株式会社クレッセントのアシスタント、月餅です。ライブ配信などで活用できるVolu☆ME!、業界最高水準のモーションキャプチャシステムViconなどがございますが、何かご興味はございますか？,,2026-04-13 13:50:04.315258+08:00
01KP2PP70F2AZS8J4K2Z9VDV3Q,,b0028fb70d0b9ad50e5c7f7b227e9cce,AGENT,株式会社クレッセントのアシスタント、ゲッペイと申します。ライブ配信などで活用できるVolu☆ME!や、業界最高水準のモーションキャプチャシステムViconについてご紹介できます。,,2026-04-13 13:58:06.064523+08:00
01KP2PTBCFC24NCFM267BKRZNT,,68db2dc3b4fc5e3a5db70a121c958151,AGENT,ようこそ、いらっしゃいませ。私は株式会社クレッセントのアシスタント、ゲッペイと申します。ライブ配信などで活用できるVolu☆ME!と、業界最高水準のモーションキャプチャシステムViconについてご紹介できます。,,2026-04-13 14:00:20.398299+08:00
01KP2Q3M73P2FHVB31JZ5GTCNX,,9d3891fe2501bcea22b75f2fa9456875,AGENT,初めまして！株式会社クレッセントのアシスタント、ゲッペイと申します。ライブ配信などで活用できるVolu☆ME!、業界最高水準のモーションキャプチャシステムViconについてご興味はございますか？,,2026-04-13 14:05:25.313048+08:00
01KP2QASWNMBF98F1JMFXZTNJC,,9d3891fe2501bcea22b75f2fa9456875,AGENT,初めまして！私は株式会社クレッセントのアシスタント、ゲッペイと申します。ライブ配信などで活用できるVolu☆ME!、業界最高水準のモーションキャプチャシステムViconなど、クレッセントの最新技術にご興味はありますか？,,2026-04-13 14:09:17.668285+08:00
01KP2QDQSPGK93N0KN28RP1GS8,,bb5816dbe0f61655184b4a4345cec3a8,AGENT,こんにちは、ゲッペイと申します。ライブ配信などで活用できるVolu☆ME!と業界最高水準のモーションキャプチャシステムViconについてご紹介できます。,,2026-04-13 14:10:58.091067+08:00
01KP2QSRNRSQFZ19BADTNSKPQ7,,78feb2c1c3724e6d5b71271db38d2f3e,AGENT,株式会社クレッセントのアシスタント、ゲッペイと申します。ライブ配信などで活用できるVolu☆ME!や、業界最高水準のモーションキャプチャシステムViconについてご紹介できます。,,2026-04-13 14:17:30.575649+08:00
01KP2R206CR972J7W53MZ4DKND,,f64d2658f1543c12df6c18b6b2e56a1e,AGENT,初めまして、私は株式会社クレッセントのアシスタント、ゲッペイと申します。ライブ配信などで活用できるVolu☆ME!や、業界最高水準のモーションキャプチャシステムViconなどにご興味はございますか。,,2026-04-13 14:22:06.291543+08:00
01KP2R67E4NE868XVJCW7KFF6W,,e6cbe4a2debeee7352ae5d7632f410f6,AGENT,"月餅ちゃんと申します。株式会社クレッセントのアシスタントです。

ライブ配信などで活用できるVolu☆ME!や、2026年最新スタジオにご興味はございませんか？",,2026-04-13 14:24:20.230438+08:00
01KP2R7A22C1SEP5KXFQGAHMW5,,0fe35e22c98b6c7cf356e0fccb489830,AGENT,株式会社クレッセントのアシスタント、月餅と申します。ライブ配信などで活用できるVolu☆ME!、業界最高水準のモーションキャプチャシステムViconなど、弊社には様々なソリューションがございます。,,2026-04-13 14:24:55.935134+08:00
01KP2R8PCDQ7YKWV1REPZA3AKS,,0fe35e22c98b6c7cf356e0fccb489830,AGENT,こんにちは！株式会社クレッセントのアシスタント、ゲッペイと申します。ライブ配信などで活用できるVolu☆ME!、業界最高水準のモーションキャプチャシステムViconなどがございますが、ご興味はございますか？,,2026-04-13 14:25:39.217243+08:00
01KP2RCW789B6SZ8CCASQE68J5,,bea5e4c6ab67fdca36e3d2869c688556,AGENT,"こんにちは、ゲッペイと申します。株式会社クレッセントのアシスタントです。

ライブ配信などで活用できるVolu☆ME!、業界最高水準のモーションキャプチャシステムViconにご興味はございますか？",,2026-04-13 14:27:56.803208+08:00
01KP2RFG2W6S1JECEAMARCQQ24,,53a9de20545d4d0bf9031655616efc3a,AGENT,こんにちは。株式会社クレッセントのゲッペイと申します。ライブ配信などで活用できるVolu☆ME!や、業界最高水準のモーションキャプチャシステムViconについてご興味はありますか？,,2026-04-13 14:29:23.323564+08:00
01KP2RQRFK88MS694CQAARYJJB,,3436c7dc220fc08e8480d1dec4d44dcc,AGENT,株式会社クレッセントのアシスタント、ゲッペイと申します。ライブ配信などで活用できるVolu☆ME!と、業界最高水準のモーションキャプチャシステムViconにご興味はありますか？,,2026-04-13 14:33:53.258646+08:00
01KP2RTSADGRM60FJ5MVZ6WRDC,,f938d5ee08737acf3078ab9b1d08b505,AGENT,月餅と申します。株式会社クレッセントのアシスタントです。 ViconやVolu☆ME!について、何かご興味はございますか？,,2026-04-13 14:35:32.900746+08:00
01KP2RX5SPRC6PJ7Y9YC4WB8XA,,a2b5b6bc9dd177acaf4cda3bee264d1f,AGENT,お客様、こんにちは！株式会社クレッセントのアシスタント、ゲッペイと申します。ライブ配信などで活用できるVolu☆ME!、業界最高水準のモーションキャプチャシステムViconなど、クレッセントの最新技術にご興味はございますか？,,2026-04-13 14:36:49.892691+08:00
01KP2S2B8JQXVY68YAEQS904HT,,0fe35e22c98b6c7cf356e0fccb489830,AGENT,こんにちは！ 株式会社クレッセントのアシスタント、ゲッペイと申します。 ライブ配信などで活用できるVolu☆ME!と、業界最高水準のモーションキャプチャシステムViconについてご紹介できます。,,2026-04-13 14:41:33.474696+08:00
01KP2S2FK503R35HDSSFHW6YCQ,,0fe35e22c98b6c7cf356e0fccb489830,AGENT,こんにちは。私、株式会社クレッセントのアシスタント、ゲッペイと申します。ライブ配信などで活用できるVolu☆ME!、業界最高水準のモーションキャプチャシステムViconなどがございますが、ご興味はございますか？,,2026-04-13 14:42:42.777505+08:00
01KP2S2HR9M8SSSS0C95KVVJT8,,0fe35e22c98b6c7cf356e0fccb489830,AGENT,株式会社クレッセントのアシスタント、月餅と申します。弊社の最新スタジオや、業界最高水準のモーションキャプチャシステムViconにご興味はございますか？,,2026-04-13 14:43:10.151202+08:00
01KP2S2MMWG776CSWGSMS1SSDB,,0fe35e22c98b6c7cf356e0fccb489830,AGENT,こんにちは！ 私、クレッセントのアシスタント、ゲッペイと申します。ライブ配信などで活用できるVolu☆ME!と、業界最高水準のモーションキャプチャシステムViconについてご紹介できます。,,2026-04-13 14:44:23.187066+08:00
01KP2S9T0N1VY7HJ1A9QPXZTER,,9322e007d22720698d12636ed27bcc71,AGENT,こんにちは、ゲッペイと申します。株式会社クレッセントのアシスタントをしております。,,2026-04-13 14:43:44.223615+08:00
01KP2SCVQ9T75K7K2C5MDZ0012,,12aedc107a42f14fc410a954022d27d1,AGENT,株式会社クレッセントのアシスタント、月餅です。ライブ配信などで活用できるVolu☆ME!、業界最高水準のモーションキャプチャシステムViconなど、クレッセントの最新技術にご興味はありますか？,,2026-04-13 14:45:25.113415+08:00
01KP2SDBGD3YTKBAD1DDMNM2MM,,50b773eb2ca1f35337722a5ba5ba9f4c,AGENT,"月餅と申します。株式会社クレッセントのアシスタントです。

ライブ配信などで活用できるVolu☆ME!や、業界最高水準のモーションキャプチャシステムViconにご興味はありませんか？",,2026-04-13 14:48:58.602531+08:00
01KP2SDZV4X9NQGWGANBXR8BGW,,0fe35e22c98b6c7cf356e0fccb489830,AGENT,株式会社クレッセントのアシスタント、月餅と申します。ライブ配信などで活用できるVolu☆ME!、2026年最新スタジオについてご興味はありますでしょうか？,,2026-04-13 14:46:01.258175+08:00
01KP2SEZQXGF0VS460185RCBSR,,0fe35e22c98b6c7cf356e0fccb489830,AGENT,"こんにちは！ 株式会社クレッセントのアシスタント、月餅（ゲッペイ）と申します。

ライブ配信などで活用できるVolu☆ME!と、業界最高水準のモーションキャプチャシステムViconにご興味はございますか？",,2026-04-13 14:46:33.806839+08:00
01KP2SFCRWZFYNQ9ZTFSJVPFAQ,,0fe35e22c98b6c7cf356e0fccb489830,AGENT,株式会社クレッセントのアシスタント、月餅と申します。ライブ配信などで活用できるVolu☆ME!や、業界最高水準のモーションキャプチャシステムViconについてご紹介できます。,,2026-04-13 14:46:47.289107+08:00
01KP2SNS801ZV51NYN06DYC8CQ,,01425cbff45e1614970bcda3fccd9d01,AGENT,はじめまして。私、株式会社クレッセントのアシスタント、ゲッペイと申します。ライブ配信などで活用できるVolu☆ME!、業界最高水準のモーションキャプチャシステムViconなどがございますが、どちらにご興味がございますか？,,2026-04-13 14:50:21.106003+08:00
01KP2SPBS67PB2MZCFQRD8MVM5,,ed13f7cc3445666841c4af5308556e36,AGENT,はい、こんにちは。私は株式会社クレッセントのアシスタント、ゲッペイと申します。ライブ配信などで活用できるVolu☆ME!、業界最高水準のモーションキャプチャシステムViconなどにご興味はございますか？,,2026-04-13 14:50:35.323684+08:00
01KP2SXB8J44YH1160V4H8VQTK,,4d963d4d1692533e9939ee99de029db5,AGENT,"こんにちは。株式会社クレッセントのアシスタント、月餅（ゲッペイ）と申します。

ライブ配信などで活用できるVolu☆ME!と、2026年最新スタジオについてご興味はございますか？",,2026-04-13 14:54:24.420421+08:00
01KP2SZEQMVZNHTY2C5TAYFJZH,,fc8d18b4d895cce5dcb8fbd2bf2603b4,AGENT,株式会社クレッセントのアシスタント、ゲッペイと申します。ライブ配信などで活用できるVolu☆ME!と、業界最高水準のモーションキャプチャシステムViconについてご紹介できます。,,2026-04-13 14:55:35.785272+08:00
01KP2T2EV5YJ5A98WKJ19R8TK8,,744dcd81b15e7c5c5fc4297c89e1ae8b,AGENT,皆様、こんにちは。株式会社クレッセントのアシスタント、ゲッペイと申します。ライブ配信などで活用できるVolu☆ME!、業界最高水準のモーションキャプチャシステムViconにご興味はありませんか？,,2026-04-13 14:57:12.079264+08:00
01KP2T3BVSEQFG6RKHFEAVGJEQ,,99c52fd2cf25e99df2a17c0dda1859de,AGENT,初めまして。私、株式会社クレッセントのアシスタント、ゲッペイと申します。ライブ配信などで活用できるVolu☆ME!や、業界最高水準のモーションキャプチャシステムViconについてご紹介できます。,,2026-04-13 14:57:52.629611+08:00
01KP2TMP1P4H72W03P5GYX5ZQH,,056aea6ea49a43700253360ae164d090,AGENT,ゲッペイと申します。クレッセントのアシスタントです。ライブ配信などで活用できるVolu☆ME!と、2026年最新スタジオについてご紹介できます。,,2026-04-13 15:07:09.053411+08:00
01KP2V8852GT6M16P07FVDJRQ1,,12c6d221a09be2eb3d3748061c3f37db,AGENT,こんにちは！私、株式会社クレッセントのアシスタント、ゲッペイと申します。ライブ配信などで活用できるVolu☆ME!、業界最高水準のモーションキャプチャシステムViconについてご紹介できます。,,2026-04-13 15:17:49.987865+08:00
01KP2VC78DBX910DMPANBZMENT,,7d19a6318adb72847f8a5177ad4edda9,AGENT,はじめまして。株式会社クレッセントのアシスタント、ゲッペイと申します。ライブ配信などで活用できるVolu☆ME!や、業界最高水準のモーションキャプチャシステムViconについてご興味はございますか？,,2026-04-13 15:20:00.913427+08:00
01KP2WG2ED076W6YZRKWSQ3P9K,,4d963d4d1692533e9939ee99de029db5,AGENT,ようこそ！私が株式会社クレッセントのアシスタント、ゲッペイです。ライブ配信などで活用できるVolu☆ME!、業界最高水準のモーションキャプチャシステムViconなど、クレッセントの最新技術にご興味はございますか？,,2026-04-13 15:39:35.079865+08:00
01KP2WR1QXMDSY8JBAEVATZ39N,,d5decdae58e866cf9e2cc3593739d2f0,AGENT,株式会社クレッセントのアシスタント、ゲッペイと申します。ライブ配信などで活用できるVolu☆ME!や、業界最高水準のモーションキャプチャシステムViconについてご紹介できます。,,2026-04-13 15:43:56.809934+08:00
01KP2X2AG9TTM8EN9J58KT4ZGX,,0180a6bd7bf89d2a6b93c102fd6c5aa6,AGENT,"こんにちは、私は株式会社クレッセントのアシスタント、ゲッペイと申します。

ライブ配信などで活用できるVolu☆ME!、業界最高水準のモーションキャプチャシステムViconにご興味はございますか？",,2026-04-13 15:49:33.337718+08:00
01KP2XDACFEPMZW00NAV06Y459,,22c637172c7b879a301cf990be9cf049,AGENT,はじめまして。私、株式会社クレッセントのアシスタント、ゲッペイと申します。ライブ配信などで活用できるVolu☆ME!、業界最高水準のモーションキャプチャシステムViconなど、弊社では最先端の技術を取り扱っております。,,2026-04-13 15:55:37.394259+08:00
01KP2Y082M5H86Z58Q7WHTMJYG,,744dcd81b15e7c5c5fc4297c89e1ae8b,AGENT,こんにちは！株式会社クレッセントのアシスタント、ゲッペイと申します。ライブ配信などで活用できるVolu☆ME!、業界最高水準のモーションキャプチャシステムViconなど、様々な技術情報をご案内できます。,,2026-04-13 16:05:53.304353+08:00
01KP2Y4VT5G9VYQ2TFG0J1DDE8,,7ea92b6be1928be23f2c94f39d4a3468,AGENT,はじめまして。株式会社クレッセントのアシスタント、ゲッペイと申します。ライブ配信などで活用できるVolu☆ME!と、業界最高水準のモーションキャプチャシステムViconにご興味はございますか？,,2026-04-13 16:08:24.697357+08:00
01KP2Y8FDRNH9BD048SN570C98,,744dcd81b15e7c5c5fc4297c89e1ae8b,AGENT,こんにちは、私は株式会社クレッセントのアシスタント、ゲッペイと申します。ライブ配信などで活用できるVolu☆ME!と、業界最高水準のモーションキャプチャシステムViconにご興味はございますか？,,2026-04-13 16:10:22.880282+08:00
01KP2YD30W1P11EGTHCHWY4AKD,,46aab4b76f43901aef1420aff4f3f055,AGENT,お客様、こんにちは。私、株式会社クレッセントのアシスタント、ゲッペイと申します。ライブ配信などで活用できるVolu☆ME!や、業界最高水準のモーションキャプチャシステムViconについてご紹介できます。,,2026-04-13 16:12:56.013503+08:00
01KP2YE5GJB6F039TXM084SFAY,,744dcd81b15e7c5c5fc4297c89e1ae8b,AGENT,いらっしゃいませ。私は株式会社クレッセントのアシスタント、ゲッペイと申します。ライブ配信などで活用できるVolu☆ME!や、業界最高水準のモーションキャプチャシステムViconについてご紹介できます。,,2026-04-13 16:13:29.255588+08:00
01KP2YKQF6WEC3D20SF5X5M9EM,,f99f5f7d0a448d2f2ea8b1f2c8cc518d,AGENT,月餅と申します。株式会社クレッセントのアシスタントです。 Vicon、または2026年最新スタジオについてご興味はございますか？,,2026-04-13 16:17:20.802131+08:00
01KP2Z6PDWKNMEEPJ5PY5ZPBTH,,6908ad9b194f8b5dacfaba028953a700,AGENT,月餅と申します。株式会社クレッセントのアシスタントです。何かお手伝いできることはございますでしょうか。,,2026-04-13 16:26:53.149446+08:00
01KP2ZHSDEKA7T0F603GDW9VR7,,102456eb12d367f562e677163f726018,AGENT,こんにちは！株式会社クレッセントのアシスタント、ゲッペイと申します。ライブ配信などで活用できるVolu☆ME!や、業界最高水準のモーションキャプチャシステムViconにご興味はありませんか？,,2026-04-13 16:32:57.097430+08:00
01KP2ZKSV8AJ5GC5NRM63CD9A2,,a33f907af65f3e71e4f6d029516de1b5,AGENT,株式会社クレッセントのアシスタント、ゲッペイと申します。ライブ配信などで活用できるVolu☆ME!や、業界最高水準のモーションキャプチャシステムViconについてご紹介できます。,,2026-04-13 16:34:04.142159+08:00
01KP301EZAFFXZAH7CNFSCCRJ8,,0a97c963098b4396231eb1b57da96ce2,AGENT,お客様、こんにちは！私は株式会社クレッセントのアシスタント、ゲッペイと申します。ライブ配信などで活用できるVolu☆ME!、業界最高水準のモーションキャプチャシステムViconについてご紹介できます。,,2026-04-13 16:41:32.459043+08:00
01KP309KH4ZJRYKNC0Q8K69V71,,0871ddd069e630e4b001c575282a14ba,AGENT,株式会社クレッセントのアシスタント、月餅と申します。ライブ配信などで活用できるVolu☆ME!と、業界最高水準のモーションキャプチャシステムViconについてご案内できます。,,2026-04-13 16:45:57.778262+08:00
01KP30CAXD0FWAVMWKFFHY36FF,,0871ddd069e630e4b001c575282a14ba,AGENT,初めまして！ 株式会社クレッセントのアシスタント、ゲッペイと申します。ライブ配信などで活用できるVolu☆ME!、業界最高水準のモーションキャプチャシステムViconなど、クレッセントの最新技術にご興味はございますか？,,2026-04-13 16:47:40.657095+08:00
01KP30CC5K146CNH9762GARTMG,,0871ddd069e630e4b001c575282a14ba,AGENT,ゲッペイと申します。株式会社クレッセントのアシスタントです。2026年最新スタジオや、業界最高水準のモーションキャプチャシステムViconについてご紹介できます。,,2026-04-13 16:47:28.512257+08:00
01KP30E2X2MJWFHXTEZK0E0RWJ,,c4a7e04c3c3ff533db7cb7e41bbd7066,AGENT,こんにちは！株式会社クレッセントのアシスタント、ゲッペイと申します。ライブ配信などで活用できるVolu☆ME!や、業界最高水準のモーションキャプチャシステムViconについて、何かご興味はございますか？,,2026-04-13 16:48:24.154571+08:00
01KP30FTB1VHZCBTDHV8BNXV51,,2cd721a46034bd0d7a668f539b2b6bd4,AGENT,"はじめまして。株式会社クレッセントのアシスタント、ゲッペイと申します。

ライブ配信などで活用できるVolu☆ME!や、業界最高水準のモーションキャプチャシステムViconについてご興味はございませんか？",,2026-04-13 16:49:20.978223+08:00
01KP30Q2AJ0Y5NKWNJ0MFWBCTE,,6929d269267e363103e355d29e6dbb00,AGENT,株式会社クレッセントのアシスタント、ゲッペイと申します。ライブ配信などで活用できるVolu☆ME!や、業界最高水準のモーションキャプチャシステムViconについてご紹介できます。,,2026-04-13 16:53:19.590319+08:00
01KP30RRRBV5JSHQM4AM4TVCR6,,8aca5642b9a756d104a78bb1e883d4c8,AGENT,月餅と申します。株式会社クレッセントのアシスタントです。ライブ配信などで活用できるVolu☆ME!と、2026年最新スタジオについてご案内できます。,,2026-04-13 16:54:23.758453+08:00
01KP31GZP8D3SM30G21PCJXBRD,,0946fba0849bbe5e738b42b9da960ca9,AGENT,月餅です。クレッセントのアシスタントをしております。何かお困りですか？ ライブ配信などで活用できるVolu☆ME!、2026年最新スタジオ、どちらにご興味がございますか？,,2026-04-13 17:07:34.612025+08:00
01KP31MPGP1HD87ZNW702KER7G,,0946fba0849bbe5e738b42b9da960ca9,AGENT,はじめまして。株式会社クレッセントのアシスタント、ゲッペイと申します。ライブ配信などで活用できるVolu☆ME!や、業界最高水準のモーションキャプチャシステムViconについてご紹介できます。,,2026-04-13 17:09:45.696462+08:00
01KP320RPH07RCRJDXJ8A06S1C,,0946fba0849bbe5e738b42b9da960ca9,AGENT,お客様、こんにちは！株式会社クレッセントのアシスタント、ゲッペイと申します。ライブ配信などで活用できるVolu☆ME!や、業界最高水準のモーションキャプチャシステムViconについてご紹介できます。,,2026-04-13 17:16:06.692817+08:00
01KP32FAJ5J9H082E7HKHV4247,,a76bcb39a78b83ef50450d1aaaebb711,AGENT,こんにちは！株式会社クレッセントのアシスタント、月餅です。ライブ配信などで活用できるVolu☆ME!や、業界最高水準のモーションキャプチャシステムViconについてご興味はございますか？,,2026-04-13 17:24:02.075776+08:00
01KP32GW8FKF9HDHC856MFY4N2,,a7c71ec8be79b6ff0022ad2a4f6915b6,AGENT,こんにちは。私、株式会社クレッセントのアシスタント、ゲッペイと申します。ライブ配信などで活用できるVolu☆ME!、業界最高水準のモーションキャプチャシステムViconにご興味はございますか？,,2026-04-13 17:24:52.961601+08:00
01KP32MFE8PR7KZCX7WQEJ38C9,,efc1205bd0c4682a20300bc1f9014b68,AGENT,こんにちは！ 私、クレッセントのアシスタント、ゲッペイと申します。ライブ配信などで活用できるVolu☆ME!と、業界最高水準のモーションキャプチャシステムViconについてご紹介できます。,,2026-04-13 17:26:51.431214+08:00
01KP32MJD73SSPEM970H143Q9A,,efc1205bd0c4682a20300bc1f9014b68,AGENT,クレッセントのアシスタント、ゲッペイと申します。ライブ配信などで活用できるVolu☆ME!、業界最高水準のモーションキャプチャシステムViconなどがございますが、何かご興味はございますか？,,2026-04-13 17:26:53.715761+08:00
01KP32NNKZ9FW4WJ9YQFTN2PQ8,,a7c71ec8be79b6ff0022ad2a4f6915b6,AGENT,はじめまして。株式会社クレッセントのアシスタント、ゲッペイと申します。ライブ配信などで活用できるVolu☆ME!と業界最高水準のモーションキャプチャシステムViconについてご紹介できます。,,2026-04-13 17:27:29.915564+08:00
01KP32PNH0M8STS6GGH80PMBYF,,9c6e66fb179bccfa06a0aaa181d52a85,AGENT,こんにちは！ 株式会社クレッセントのアシスタント、月餅です。ライブ配信などで活用できるVolu☆ME!、2026年最新スタジオにご興味はございませんか？,,2026-04-13 17:28:03.202266+08:00
01KP32Q44VAXF5SW7F3JCF3G5P,,a7c71ec8be79b6ff0022ad2a4f6915b6,AGENT,月餅ちゃんと申します。最新のモーションキャプチャ技術と、私たちクレッセントについて何でもお尋ねください。ライブ配信などで活用できるVolu☆ME!と、業界最高水準のモーションキャプチャシステムViconにご興味はございますか？,,2026-04-13 17:28:17.644351+08:00
01KP32Q8FPB25SR2SZGBRXFS9M,,9c6e66fb179bccfa06a0aaa181d52a85,AGENT,こんにちは！株式会社クレッセントのアシスタント、月餅です。ライブ配信などで活用できるVolu☆ME!、または業界最高水準のモーションキャプチャシステムViconについてご興味はございますか？,,2026-04-13 17:28:21.726545+08:00
01KP331NRRRQKA8B0FJJ0FGEN3,,14d8b0de30f27b1670ab3041b22d29b8,AGENT,月餅と申します。株式会社クレッセントのアシスタントをしております。ライブ配信などで活用できるVolu☆ME!や、業界最高水準のモーションキャプチャシステムViconについてお話しできます。,,2026-04-13 17:34:04.042843+08:00
01KP339D7Y5VBS794Y23S21S84,,20635ea7ba17bdb9c5bc1860f110b272,AGENT,株式会社クレッセントのアシスタント、月餅です。ライブ配信などで活用できるVolu☆ME!と、業界最高水準のモーションキャプチャシステムViconについてご紹介できます。,,2026-04-13 17:38:17.238654+08:00
01KP33E1NM7HK3G1Z8PV540VZQ,,c82c22de3736138dee3f2eabe047f091,AGENT,月餅ちゃんと申します。株式会社クレッセントのアシスタントです。ライブ配信などで活用できるVolu☆ME!と、業界最高水準のモーションキャプチャシステムViconにご興味はありませんか？,,2026-04-13 17:40:57.489355+08:00
01KP33FHB3YRFNVGBK2N3983MC,,a7c71ec8be79b6ff0022ad2a4f6915b6,AGENT,月餅です。クレッセントのアシスタントをしております。ライブ配信などで活用できるVolu☆ME!と、業界最高水準のモーションキャプチャシステムViconについてご案内できます。,,2026-04-13 17:41:37.648070+08:00
01KP33KMVFQD9WFCS09KR5G5J6,,c82c22de3736138dee3f2eabe047f091,AGENT,クレッセントのゲッペイと申します。ライブ配信などで活用できるVolu☆ME!と、業界最高水準のモーションキャプチャシステムViconにご興味はございませんか？,,2026-04-13 17:43:54.264033+08:00
01KP33MCNNVTP5HVR6V9VANQ6D,,c82c22de3736138dee3f2eabe047f091,AGENT,こんにちは！私、株式会社クレッセントのアシスタント、ゲッペイと申します。ライブ配信などで活用できるVolu☆ME!や、業界最高水準のモーションキャプチャシステムViconについてご紹介できます。,,2026-04-13 17:44:18.819925+08:00
01KP33VV192PHJRJ4JP5AVJRMM,,3d3f5272029dc0099f4042b1e2c9decb,AGENT,皆様、こんにちは！ 株式会社クレッセントのアシスタント、ゲッペイと申します。ライブ配信などで活用できるVolu☆ME!、または業界最高水準のモーションキャプチャシステムViconについてご興味はございますか？,,2026-04-13 17:48:22.458335+08:00
01KP33XXC3ZBM0QV8WK7D8CANS,,df18ec52d3f2f16c085f6e41ff2b7c4b,AGENT,初めまして。株式会社クレッセントのアシスタント、ゲッペイと申します。どうぞよろしくお願いいたします。,,2026-04-13 17:49:28.767538+08:00
01KP33ZYS7MY7JASQRWEW8E1KW,,8e30f8fa9e11ff5fa691b724f2421f53,AGENT,こんにちは！株式会社クレッセントのアシスタント、ゲッペイと申します。ライブ配信などで活用できるVolu☆ME!や、業界最高水準のモーションキャプチャシステムViconについてご紹介できます。,,2026-04-13 17:50:35.455624+08:00
01KP348040K2JZPYTH3P0XMCKV,,136e690a4aac3541a4213becba9aecb3,AGENT,こんにちは！私は株式会社クレッセントのアシスタント、ゲッペイと申します。ライブ配信などで活用できるVolu☆ME!や、業界最高水準のモーションキャプチャシステムViconについてお話しできます。,,2026-04-13 17:55:00.887235+08:00
01KP34F2QHJD29GXTV80FJDVQ9,,d553e9aea463339314e2d584336eed89,AGENT,こんにちは！私は株式会社クレッセントのアシスタント、ゲッペイと申します。ライブ配信などで活用できるVolu☆ME!と、業界最高水準のモーションキャプチャシステムViconにご興味はございますか？,,2026-04-13 17:58:51.315039+08:00
01KP34WHPTBQSKYDYAPY1XBMPW,,5e131e8f801097e5bf06850d13fd9165,AGENT,ようこそいらっしゃいました！私は株式会社クレッセントのアシスタント、ゲッペイと申します。ライブ配信などで活用できるVolu☆ME!と、業界最高水準のモーションキャプチャシステムViconについてご紹介できます。,,2026-04-13 18:06:12.170039+08:00
01KP34WHPTBQSKYDYAPY1XBMPW,,5e131e8f801097e5bf06850d13fd9165,USER,I'm Athena,,2026-04-13 18:06:15.863869+08:00
01KP34WHPTBQSKYDYAPY1XBMPW,,5e131e8f801097e5bf06850d13fd9165,AGENT,"お会いできて嬉しいです、アテナさん。

Volu☆ME!やViconの他に、何かご興味はございますか？例えば、2026年最新スタジオや連携実績、DIGICONX出展のお知らせなどはいかがでしょうか。",,2026-04-13 18:06:15.878007+08:00
01KP3593K5HFD9HJVES60S9AGP,,f067c794658ebf1ac75b9f50d2eaf786,AGENT,皆様、こんにちは！ 株式会社クレッセントのアシスタント、ゲッペイと申します。ライブ配信などで活用できるVolu☆ME!や、業界最高水準のモーションキャプチャシステムViconについてお話しできます。,,2026-04-13 18:13:05.025028+08:00
01KP35CBYB0607GG9NFYYTCTRX,,260e9c02d9565c312919922a7b136b50,AGENT,ゲッペイと申します。クレッセントのアシスタントです。ライブ配信などで活用できるVolu☆ME!と、業界最高水準のモーションキャプチャシステムViconはいかがでしょうか？,,2026-04-13 18:14:51.446838+08:00
01KP35CNHF95W2877PG8F3MYC7,,102456eb12d367f562e677163f726018,AGENT,はい、喜んで。私は株式会社クレッセントのアシスタント、ゲッペイと申します。ライブ配信などで活用できるVolu☆ME!や、業界最高水準のモーションキャプチャシステムViconについてお話しできます。,,2026-04-13 18:14:59.806287+08:00
01KP36W62DY73SGCJ879YHJG5B,,2dfaba54ac67846890726029467cdb7c,AGENT,初めまして。私、株式会社クレッセントのアシスタント、ゲッペイと申します。ライブ配信などで活用できるVolu☆ME!や、業界最高水準のモーションキャプチャシステムViconについてご紹介できます。,,2026-04-13 18:40:57.487092+08:00
01KP36Z497NPAQHBSW24DGGQW5,,5e131e8f801097e5bf06850d13fd9165,AGENT,こんにちは、私は株式会社クレッセントのアシスタント、ゲッペイと申します。ライブ配信などで活用できるVolu☆ME!と、業界最高水準のモーションキャプチャシステムViconについてご紹介できます。,,2026-04-13 18:42:33.639637+08:00
01KP36Z497NPAQHBSW24DGGQW5,,5e131e8f801097e5bf06850d13fd9165,USER,I'm Athena,,2026-04-13 18:42:37.274685+08:00
01KP36Z497NPAQHBSW24DGGQW5,,5e131e8f801097e5bf06850d13fd9165,AGENT,"Athena様、ようこそいらっしゃいました。

ライブ配信などで活用できるVolu☆ME!と、業界最高水準のモーションキャプチャシステムViconについて、どのような情報にご興味がありますか？",,2026-04-13 18:42:37.292236+08:00
01KP37V2C1MARE4XQQVANG1C3N,,9e623f5969e038d9c06ee4aa90e105e2,AGENT,初めまして。私、株式会社クレッセントのアシスタント「ゲッペイ」と申します。ライブ配信などで活用できるVolu☆ME!と、業界最高水準のモーションキャプチャシステムViconにご興味はございますか？,,2026-04-13 18:57:50.428806+08:00
01KP39DW6CR7WNVMF8ZPNDG35K,,8c020305658917f2c681625469f122ad,AGENT,株式会社クレッセントのアシスタント、ゲッペイと申します。ライブ配信などで活用できるVolu☆ME!と、2026年最新スタジオについてご紹介できます。,,2026-04-13 19:25:41.703572+08:00
01KP3AA1ATEAP8NEB59XSQ2NRW,,48e2614f8ac713b2e7f7bc520f264632,AGENT,皆様、こんにちは。株式会社クレッセントのアシスタント、ゲッペイと申します。ライブ配信などで活用できるVolu☆ME!や、業界最高水準のモーションキャプチャシステムViconについてお話しできます。,,2026-04-13 19:40:55.629596+08:00
01KP3AA1AW1S8D8ADASJSD1RT3,,48e2614f8ac713b2e7f7bc520f264632,AGENT,こんにちは！株式会社クレッセントのアシスタント、ゲッペイと申します。ライブ配信などで活用できるVolu☆ME!や、業界最高水準のモーションキャプチャシステムViconについてご紹介できます。,,2026-04-13 19:40:55.669016+08:00
01KP3B614KTBK7M3E2TM2GQGJT,,d44cfbb35964e76aa14b90fe39053a9d,AGENT,皆様、こんにちは！ 株式会社クレッセントのアシスタント、ゲッペイと申します。ライブ配信などで活用できるVolu☆ME!や、業界最高水準のモーションキャプチャシステムViconについてお話しできます。,,2026-04-13 19:56:16.855653+08:00
01KP3B7FAZ540N4GTY5FTKFS59,,6908ad9b194f8b5dacfaba028953a700,AGENT,こんにちは。株式会社クレッセントのアシスタント、月餅と申します。ライブ配信などで活用できるVolu☆ME!や、業界最高水準のモーションキャプチャシステムViconについてご紹介できます。,,2026-04-13 19:57:01.245077+08:00
01KP3CFHMMMYPDYHVNFW1M4HSF,,4d963d4d1692533e9939ee99de029db5,AGENT,皆様、こんにちは！ 株式会社クレッセントのアシスタント、ゲッペイと申します。ライブ配信などで活用できるVolu☆ME!や、業界最高水準のモーションキャプチャシステムViconについてご紹介できます。,,2026-04-13 20:18:55.755599+08:00
01KP3CK58532G1F29VRDBJPHSY,,d64a5e8335fb3082651fa5ed2aa29826,AGENT,月餅と申します。株式会社クレッセントのアシスタントをしております。ライブ配信などで活用できるVolu☆ME!、そして業界最高水準のモーションキャプチャシステムViconについてご興味はございますか？,,2026-04-13 20:20:53.810959+08:00
01KP3DSK03WCXZP3TMNVC5XTFA,,6efd02ab0db20a4b9aa4040071de71c9,AGENT,"こんにちは、ゲッペイと申します。株式会社クレッセントのアシスタントです。

ライブ配信などで活用できるVolu☆ME!、業界最高水準のモーションキャプチャシステムViconにご興味はありませんか？",,2026-04-13 20:42:15.210369+08:00
01KP3DVHQP27DWBYW7G0XNZ5AP,,6efd02ab0db20a4b9aa4040071de71c9,AGENT,クレッセントのアシスタント、ゲッペイと申します。ライブ配信などで活用できるVolu☆ME!、業界最高水準のモーションキャプチャシステムViconなどがございますが、何にご興味がありますか？,,2026-04-13 20:42:57.107071+08:00
01KP3DY5Y54DV5EQ7EDKZF1Q33,,617607bf8ec437d931c7beb368ec5b20,AGENT,こんにちは、私は株式会社クレッセントのアシスタント、ゲッペイと申します。ライブ配信などで活用できるVolu☆ME!や、業界最高水準のモーションキャプチャシステムViconについてご興味はございますか？,,2026-04-13 20:44:25.906552+08:00
01KP3DZRYN9VBM6K4P52F1A267,,c82c22de3736138dee3f2eabe047f091,AGENT,こんにちは！ 私、クレッセントのアシスタント、ゲッペイと申します。ライブ配信などで活用できるVolu☆ME!と、業界最高水準のモーションキャプチャシステムViconについてご紹介できます。,,2026-04-13 20:45:19.639414+08:00
01KP3EHEBM5MJ694D47BRGFXF5,,1dcf2dc24d3cc71e960a19a577959463,AGENT,こんにちは！クレッセントのアシスタント、ゲッペイと申します。ライブ配信などで活用できるVolu☆ME!や、業界最高水準のモーションキャプチャシステムViconについてご紹介できます。,,2026-04-13 20:54:57.307031+08:00
01KP3F417RYZH6MT1456X9QCDE,,617607bf8ec437d931c7beb368ec5b20,AGENT,月餅ちゃんと申します。株式会社クレッセントのアシスタントです。ライブ配信などで活用できるVolu☆ME!と、業界最高水準のモーションキャプチャシステムViconについてご紹介できます。,,2026-04-13 21:05:06.860557+08:00
01KP3F9E7PR87VK00BWYTBJVQJ,,05aaff33ecaa16d995d366dd869241e5,AGENT,こんにちは！クレッセントのアシスタント、ゲッペイと申します。ライブ配信などで活用できるVolu☆ME!、2026年最新スタジオに関する情報など、何かご興味はございますか？,,2026-04-13 21:10:10.551651+08:00
01KP3FD2R841K5SPY1XP0R8FEN,,dd070dd30fa149fb01154b1d9e14709e,AGENT,こんにちは！私、株式会社クレッセントのアシスタント、ゲッペイと申します。ライブ配信などで活用できるVolu☆ME!や、業界最高水準のモーションキャプチャシステムViconについてご紹介できます。,,2026-04-13 21:10:01.108041+08:00
01KP3FRJMN88ZRYV5VMRJ26P8M,,c82c22de3736138dee3f2eabe047f091,AGENT,株式会社クレッセントのアシスタント、ゲッペイと申します。ライブ配信などで活用できるVolu☆ME!や、業界最高水準のモーションキャプチャシステムViconについてご紹介できます。,,2026-04-13 21:16:20.232938+08:00
01KP3GQYB716G0G7R1EAHX7MET,,969188c6beb4e5e20244f829a75a3630,AGENT,こんにちは！ 私、クレッセントのアシスタント、ゲッペイと申します。ライブ配信などで活用できるVolu☆ME!と、業界最高水準のモーションキャプチャシステムViconにご興味はございますか？,,2026-04-13 21:33:24.582439+08:00
01KP3K2HNC23AH4E0KXE70YWWT,,5ed57a8e729df4b536bfba95f6e858bb,AGENT,"こんにちは！私、株式会社クレッセントのアシスタント、ゲッペイと申します。

ライブ配信などで活用できるVolu☆ME!、業界最高水準のモーションキャプチャシステムViconについてご興味はございますか？",,2026-04-13 22:14:09.341561+08:00
01KP3K65X3QT4742DKZS5A5E21,,301c4c1c28d15a7c8efe235920915f7f,AGENT,株式会社クレッセントのアシスタント、ゲッペイと申します。ライブ配信などで活用できるVolu☆ME!と、業界最高水準のモーションキャプチャシステムViconについてご紹介できます。,,2026-04-13 22:36:45.302851+08:00
01KP3MSRK1BA0587ESQBM2EZRG,,301c4c1c28d15a7c8efe235920915f7f,AGENT,こんにちは、私は株式会社クレッセントのアシスタント、ゲッペイと申します。ライブ配信などで活用できるVolu☆ME!や、業界最高水準のモーションキャプチャシステムViconについてご興味はございませんか？,,2026-04-13 22:44:16.713841+08:00
01KP3MVHG500WBDRNNGC5MNR9T,,301c4c1c28d15a7c8efe235920915f7f,AGENT,"こんにちは！私、株式会社クレッセントのアシスタント、ゲッペイと申します。

ライブ配信などで活用できるVolu☆ME!、業界最高水準のモーションキャプチャシステムViconについて、何かご興味はございますか？",,2026-04-13 22:45:16.698203+08:00
01KP3MWHTYFBPR5RA97TGSS3AK,,301c4c1c28d15a7c8efe235920915f7f,AGENT,"こんにちは！株式会社クレッセントのアシスタント、月餅（ゲッペイ）と申します。

ライブ配信などで活用できるVolu☆ME!と業界最高水準のモーションキャプチャシステムViconについてご紹介できますが、ご興味はありますか？",,2026-04-13 22:47:04.484912+08:00
01KP3MY3WV2252QF9Z961H02WP,,301c4c1c28d15a7c8efe235920915f7f,AGENT,こんにちは！ 株式会社クレッセントのアシスタント、月餅（ゲッペイ）と申します。ライブ配信などで活用できるVolu☆ME!と、業界最高水準のモーションキャプチャシステムViconにご興味はありますか？,,2026-04-13 22:46:40.759014+08:00
01KP3N0G89QZZCE31ZQ6P55MBQ,,301c4c1c28d15a7c8efe235920915f7f,AGENT,はじめまして。私、株式会社クレッセントのアシスタント、ゲッペイと申します。ライブ配信などで活用できるVolu☆ME!や、業界最高水準のモーションキャプチャシステムViconなどにご興味はございますか？,,2026-04-13 22:49:00.050580+08:00
01KP3N8CE3TKDWYZDBRF8TSVBK,,4d963d4d1692533e9939ee99de029db5,AGENT,月餅ちゃんと申します。株式会社クレッセントのアシスタントです。ライブ配信などで活用できるVolu☆ME!と業界最高水準のモーションキャプチャシステムViconについてご案内できます。,,2026-04-13 22:52:23.037206+08:00
01KP3NB05CWX5YZH5DJR6A632C,,301c4c1c28d15a7c8efe235920915f7f,AGENT,いらっしゃいませ。株式会社クレッセントのアシスタント、月餅と申します。ライブ配信などで活用できるVolu☆ME!、業界最高水準のモーションキャプチャシステムViconにご興味はございますか？,,2026-04-13 22:53:56.785963+08:00
01KP3Q8KM9NE6AHH36EKXWYY24,,929e0b2208ffc52116437cabb7bc73ab,AGENT,こんにちは！ 私、クレッセントのアシスタント、ゲッペイと申します。ライブ配信などで活用できるVolu☆ME!や、業界最高水準のモーションキャプチャシステムViconについてお話しできます。,,2026-04-13 23:27:24.704223+08:00
01KP3R3R9MTVAT5CZHS7EY1RPG,,6589c13451c73b0e47b7dbcfa30f73be,AGENT,株式会社クレッセントのアシスタント、ゲッペイと申します。ライブ配信などで活用できるVolu☆ME!と、業界最高水準のモーションキャプチャシステムViconについてご紹介できます。,,2026-04-13 23:42:10.971165+08:00
01KP3SGMDJPTTGP3Z17K3KBJVR,,50252e0daad4296d58bc9eaaeb877685,AGENT,こんにちは！ 株式会社クレッセントのアシスタント、ゲッペイと申します。 ライブ配信などで活用できるVolu☆ME!と、業界最高水準のモーションキャプチャシステムViconについてご紹介できます。,,2026-04-14 00:06:43.316944+08:00
01KP3SHPMYP9PM3GXHC7CSRH43,,fdad7103c69981328129fdbe8de3d0dc,AGENT,いらっしゃいませ。私は、株式会社クレッセントのアシスタント、ゲッペイと申します。ライブ配信などで活用できるVolu☆ME!や、業界最高水準のモーションキャプチャシステムViconについてご紹介できます。,,2026-04-14 00:07:19.553955+08:00
01KP3YS0QZCX53WJFYNW5727TV,,cd3a3e41b5540e09fc9242409b37eb27,AGENT,月餅と申します。株式会社クレッセントのアシスタントです。ライブ配信などで活用できるVolu☆ME!と、業界最高水準のモーションキャプチャシステムViconについてご紹介できます。,,2026-04-14 01:38:52.677722+08:00
01KP415YSCS0ZGBKJX0FA65N0Z,,617607bf8ec437d931c7beb368ec5b20,AGENT,こんにちは！株式会社クレッセントのアシスタント、ゲッペイと申します。ライブ配信などで活用できるVolu☆ME!や、業界最高水準のモーションキャプチャシステムViconについてご紹介できます。,,2026-04-14 02:20:42.854421+08:00
01KP476WVAP9WHE3RAAQ6PJ03H,,a1e8f0ff20e31f25c06b9fa3276cec84,AGENT,こんにちは！私は株式会社クレッセントのアシスタント、ゲッペイと申します。ライブ配信などで活用できるVolu☆ME!や、業界最高水準のモーションキャプチャシステムViconについてご紹介できます。,,2026-04-14 04:06:04.557053+08:00
01KP4C76ZMQMYJBAC8SCRVHTE1,,620a0f48e09a1db5b962baeea2fb52bb,AGENT,"こんにちは！私、株式会社クレッセントのアシスタント、ゲッペイと申します。

ライブ配信などで活用できるVolu☆ME!、または業界最高水準のモーションキャプチャシステムViconにご興味はございますか？",,2026-04-14 05:33:39.065280+08:00
01KP4D143WQEHJNRP1ZB5WK4P8,,20b2fb0ab8ec7f241ef0b402c7530892,AGENT,初めまして。私、株式会社クレッセントのアシスタント「ゲッペイ」と申します。ライブ配信などで活用できるVolu☆ME!と業界最高水準のモーションキャプチャシステムViconについてご紹介できます。,,2026-04-14 05:47:47.003618+08:00
01KP4DYP19EY8C1A9VFCR13NEV,,4d963d4d1692533e9939ee99de029db5,AGENT,"こんにちは！私、株式会社クレッセントのアシスタント、ゲッペイと申します。

ライブ配信などで活用できるVolu☆ME!、そして業界最高水準のモーションキャプチャシステムViconについてご興味はございませんか？",,2026-04-14 06:04:25.335465+08:00
01KP4F1SY6N53KCE212GHSM3EW,,4a79fc98c23589c664e642a1fecacbea,AGENT,こんにちは、私は株式会社クレッセントのアシスタント、ゲッペイと申します。ライブ配信などで活用できるVolu☆ME!、業界最高水準のモーションキャプチャシステムViconなどがございます。,,2026-04-14 06:23:07.786062+08:00
01KP4F1SY6N53KCE212GHSM3EW,,4a79fc98c23589c664e642a1fecacbea,USER,I'm Athena,,2026-04-14 06:23:13.967301+08:00
01KP4F1SY6N53KCE212GHSM3EW,,4a79fc98c23589c664e642a1fecacbea,AGENT,"はじめまして、アテナさん。お会いできて光栄です。

何かご不明な点や、お力になれることはございますか？",,2026-04-14 06:23:13.989530+08:00
01KP4GS1ATK8JT5DM9GWFWJ7AH,,271d4612a3ce3f511b1231ade752b8b5,AGENT,初めまして、私が株式会社クレッセントのアシスタント、ゲッペイです。何かご不明な点はございませんか？ 例えば、ライブ配信などで活用できるVolu☆ME!や、業界最高水準のモーションキャプチャシステムViconについてお話しできます。,,2026-04-14 06:53:15.398596+08:00
01KP4GWQ3PYD8A3GX616SJRRB2,,8cac34fd945f7856e662526e54c6ab2e,AGENT,こんにちは！株式会社クレッセントのアシスタント、ゲッペイと申します。ライブ配信などで活用できるVolu☆ME!や、業界最高水準のモーションキャプチャシステムViconについてご紹介できます。,,2026-04-14 06:55:32.877589+08:00
01KP4H99RFD146WJFBC0T96BCB,,dc154a723528720f96c778cb69274deb,AGENT,はじめまして。私、株式会社クレッセントのアシスタント、ゲッペイと申します。ライブ配信などで活用できるVolu☆ME!や、業界最高水準のモーションキャプチャシステムViconなどがございますが、ご興味はございますか？,,2026-04-14 07:02:09.113712+08:00
01KP4JCNCV4ADDZ2MHGED1NE9N,,55b473b322adf139a34a8dadc5769483,AGENT,"こんにちは！ 株式会社クレッセントのアシスタント、月餅（ゲッペイ）と申します。

ライブ配信などで活用できるVolu☆ME!と業界最高水準のモーションキャプチャシステムViconについてご紹介できます。",,2026-04-14 07:21:39.325258+08:00
01KP4JESTMCWY7669S10W0882S,,55b473b322adf139a34a8dadc5769483,AGENT,株式会社クレッセントのアシスタント、月餅と申します。ライブ配信などで活用できるVolu☆ME!、業界最高水準のモーションキャプチャシステムViconなど、クレッセントの最新技術にご興味はございますか？,,2026-04-14 07:22:44.670997+08:00
01KP4K7C0YHPBPRF767P7SEHJZ,,c00c2bbc0a059a8aae709621a940de07,AGENT,お客様、はじめまして。株式会社クレッセントのアシスタント、ゲッペイと申します。ライブ配信などで活用できるVolu☆ME!や、業界最高水準のモーションキャプチャシステムViconなどにご興味はございますか？,,2026-04-14 07:36:06.306270+08:00
01KP4KHXD2HAXR1NAAFA8CK97F,,c82c22de3736138dee3f2eabe047f091,AGENT,"いらっしゃいませ！私は株式会社クレッセントのアシスタント、ゲッペイと申します。

ライブ配信などで活用できるVolu☆ME!と、業界最高水準のモーションキャプチャシステムViconにご興味はございますか？",,2026-04-14 07:41:49.437933+08:00
01KP4KXYY0RGFM9DT4B1GKD5NM,,c82c22de3736138dee3f2eabe047f091,AGENT,お客様、こんにちは！私は株式会社クレッセントのアシスタント、ゲッペイと申します。ライブ配信などで活用できるVolu☆ME!、業界最高水準のモーションキャプチャシステムViconなどがございますが、どちらにご興味がございますか？,,2026-04-14 07:48:24.202139+08:00
01KP4N342R3AQ6E7PBZYKBRN6A,,273842d8d0c81c8ee413692fb950ac4b,AGENT,いらっしゃいませ。株式会社クレッセントのアシスタント、月餅（ゲッペイ）と申します。ライブ配信などで活用できるVolu☆ME!、業界最高水準のモーションキャプチャシステムViconに関心はございますか？,,2026-04-14 08:08:40.299231+08:00
01KP4P67XYFFFRVG0RJAJZH242,,d08d1fd77bf32f8db287721d3809ad29,AGENT,"月餅と申します。クレッセントのアシスタントをしております。

本日は、ライブ配信などで活用できるVolu☆ME!、もしくは業界最高水準のモーションキャプチャシステムViconのどちらにご興味がございますか？",,2026-04-14 08:28:27.177837+08:00
01KP4PJ2R4FXDR3KYWXZV4QH4Y,,30b98d8af7bf303d0b275ba8a1cca4f2,AGENT,初めまして。私、株式会社クレッセントのアシスタント、ゲッペイと申します。ライブ配信などで活用できるVolu☆ME!や、業界最高水準のモーションキャプチャシステムViconについてご紹介できます。,,2026-04-14 08:34:18.885464+08:00
01KP4PNBNT8QV0K66F91D5X3TR,,611a681853945e8a3b0130726553a86d,AGENT,はじめまして。株式会社クレッセントのゲッペイと申します。ライブ配信などで活用できるVolu☆ME!、2026年最新スタジオなど、何かご興味はございますか？,,2026-04-14 08:36:05.105844+08:00
01KP4PPB4WS34F09YV6M9GT9C3,,4c9929727d92e4399c54495d5f98db04,AGENT,"はじめまして！ 株式会社クレッセントのアシスタント、ゲッペイと申します。

ライブ配信などで活用できるVolu☆ME!、業界最高水準のモーションキャプチャシステムViconにご興味はございますか？",,2026-04-14 08:36:41.256159+08:00
01KP4PPEPHNB9TNDMCFDFMTDBN,,d08d1fd77bf32f8db287721d3809ad29,AGENT,はじめまして。株式会社クレッセントのアシスタント、ゲッペイと申します。ライブ配信などで活用できるVolu☆ME!と、業界最高水準のモーションキャプチャシステムViconにご興味はございますか？,,2026-04-14 08:36:52.577070+08:00
01KP4PTNYDPRWCNANEXNMXM78C,,9265156cadaba092661ca6dd68a0a036,AGENT,初めまして。私、株式会社クレッセントのアシスタント、ゲッペイと申します。ライブ配信などで活用できるVolu☆ME!や、業界最高水準のモーションキャプチャシステムViconについてご紹介できます。,,2026-04-14 08:38:59.932021+08:00
01KP4PVVBDSW5AMV6CXRPABHWF,,06eb394ed76d9cdef30a212b2befa403,AGENT,株式会社クレッセントのアシスタント、月餅と申します。ライブ配信などで活用できるVolu☆ME!、業界最高水準のモーションキャプチャシステムViconなどがございますが、どの情報にご興味がありますか？,,2026-04-14 08:39:39.822351+08:00
01KP4QA28KPXCQK24RGHBJSA37,,59e0cc8d37c958e45413164ca9e16564,AGENT,初めまして。私、株式会社クレッセントのアシスタント「ゲッペイ」と申します。ライブ配信などで活用できるVolu☆ME!や、業界最高水準のモーションキャプチャシステムViconについてお話しできます。,,2026-04-14 08:47:25.780872+08:00
01KP4R4CXD7XB0AHF9GSQFJ6VZ,,822651088f4bca8fa780d0df46f70faa,AGENT,皆様、こんにちは。私は株式会社クレッセントのアシスタント、ゲッペイと申します。ライブ配信などで活用できるVolu☆ME!や、業界最高水準のモーションキャプチャシステムViconについてご紹介できます。,,2026-04-14 09:01:48.095637+08:00
01KP4RFYXD0KR8BCZXJYKCDTGR,,2891d32893efc839a0cad7f4f05a0ce8,AGENT,はじめまして！私は株式会社クレッセントのアシスタント、ゲッペイと申します。ライブ配信などで活用できるVolu☆ME!、または業界最高水準のモーションキャプチャシステムViconにご興味はございますか？,,2026-04-14 09:10:47.489702+08:00
01KP4RN403KGF2MJQRYW4DP6VY,,2891d32893efc839a0cad7f4f05a0ce8,AGENT,月餅と申します。株式会社クレッセントのアシスタントです。ライブ配信などで活用できるVolu☆ME!と、業界最高水準のモーションキャプチャシステムViconにご興味はありませんか？,,2026-04-14 09:11:13.648353+08:00
01KP4RPV7C6MRJJPF6CJSDP9C8,,612b87cf0488137aa603ed6e508908f1,AGENT,皆様、こんにちは。株式会社クレッセントのアシスタント、ゲッペイと申します。ライブ配信などで活用できるVolu☆ME!、そして業界最高水準のモーションキャプチャシステムViconについてご紹介できます。,,2026-04-14 09:11:51.068679+08:00
01KP4RRZ9RG8T2413F3W9SBEFN,,4c9929727d92e4399c54495d5f98db04,AGENT,株式会社クレッセントのアシスタント、ゲッペイと申します。ライブ配信などで活用できるVolu☆ME!と、2026年最新スタジオについてご案内できます。,,2026-04-14 09:12:59.599035+08:00
01KP4RW97K53TPZZE4KS5J2SP3,,ed12d7f8134d4089240a9d383f953e30,AGENT,いらっしゃいませ。株式会社クレッセントのアシスタント、月餅（ゲッペイ）と申します。ライブ配信などで活用できるVolu☆ME!と、業界最高水準のモーションキャプチャシステムViconについてご興味はございますか？,,2026-04-14 09:14:49.239157+08:00
01KP4RWQ5F4SJVXQM5SNB0GDJM,,d7ab68b41bfebf1a686b5b1d8ef91117,AGENT,月餅と申します。株式会社クレッセントのアシスタントです。ライブ配信などで活用できるVolu☆ME!と業界最高水準のモーションキャプチャシステムViconについてご紹介できます。,,2026-04-14 09:15:04.142477+08:00
01KP4RXCWH5JC99890J0JQSP78,,af43131e7d4f012be160e6078717c88c,AGENT,はじめまして。株式会社クレッセントのアシスタント、ゲッペイと申します。ライブ配信などで活用できるVolu☆ME!や、業界最高水準のモーションキャプチャシステムViconについてご興味はございますか？,,2026-04-14 09:15:26.534194+08:00
01KP4RXZ5K48Z457CDH17SHAHJ,,ab315f6df955b121fa61b506be55a8e7,AGENT,"ようこそ！ 株式会社クレッセントのアシスタント、ゲッペイと申します。
ライブ配信などで活用できるVolu☆ME!、または業界最高水準のモーションキャプチャシステムViconについてご興味はありますか？",,2026-04-14 09:15:44.218714+08:00
01KP4S73C23T7JT4D37M6ZF0N5,,f7de7b1d9ff966260134f00d00704ae7,AGENT,初めまして。私、株式会社クレッセントのアシスタント、ゲッペイと申します。ライブ配信などで活用できるVolu☆ME!と、業界最高水準のモーションキャプチャシステムViconについてご紹介できます。,,2026-04-14 09:20:43.793987+08:00
01KP4S7P19HJ1QZJ18CF5MYGAH,,1367e4ae53a79bcabcb8def22d09f16a,AGENT,こんにちは！ 私、クレッセントのアシスタント、ゲッペイと申します。ライブ配信などで活用できるVolu☆ME!と、業界最高水準のモーションキャプチャシステムViconにご興味はございますか？,,2026-04-14 09:21:03.729856+08:00
01KP4S93Q8THZ63GM7VVS0QX16,,f5d4396a9a9b5d77b03d6191e0b5e3b5,AGENT,株式会社クレッセントのアシスタント、月餅と申します。ライブ配信などで活用できるVolu☆ME!、業界最高水準のモーションキャプチャシステムViconなど、クレッセントの最新技術についてお話しできます。,,2026-04-14 09:21:50.226829+08:00
01KP4SAVYZYTSVXA07G3XPZ3KW,,9d29f8ea3a68182686b6dd9a37a2ff96,AGENT,こんにちは、私は株式会社クレッセントのアシスタント、ゲッペイと申します。ライブ配信などで活用できるVolu☆ME!や、業界最高水準のモーションキャプチャシステムViconについてご紹介できます。,,2026-04-14 09:22:51.192339+08:00
01KP4SHZST1V9B77FDW57AKYHJ,,14d8b0de30f27b1670ab3041b22d29b8,AGENT,こんにちは、私は株式会社クレッセントのアシスタント、ゲッペイと申します。ライブ配信などで活用できるVolu☆ME!と業界最高水準のモーションキャプチャシステムViconについてご紹介できます。,,2026-04-14 09:26:39.360946+08:00
01KP4SJSX0CN20B98Y1DA1NC14,,b92f744dcc836fb0b9e2c4194a89c516,AGENT,"こんにちは！クレッセントのアシスタント、ゲッペイと申します。

ライブ配信などで活用できるVolu☆ME!、業界最高水準のモーションキャプチャシステムVicon、どちらにご興味がありますか？",,2026-04-14 09:27:11.706667+08:00
01KP4SN4HZVY8FNT89FBR630HR,,3acb08a91f9738d8a1b48fe050b5bd4a,AGENT,こんにちは！株式会社クレッセントのアシスタント、月餅です。ライブ配信などで活用できるVolu☆ME!と、業界最高水準のモーションキャプチャシステムViconについてご紹介できます。,,2026-04-14 09:32:55.967232+08:00
01KP4SQHMZM7BXDCHGEJR9RATP,,b92f744dcc836fb0b9e2c4194a89c516,AGENT,いらっしゃいませ。株式会社クレッセントのアシスタント、ゲッペイと申します。ライブ配信などで活用できるVolu☆ME!、業界最高水準のモーションキャプチャシステムViconについてご紹介できます。,,2026-04-14 09:29:45.341369+08:00
01KP4SS61TJFZ39THM7CHM4WWJ,,9ac2a03e5c7be0891f535336765a2103,AGENT,こんにちは！株式会社クレッセントのアシスタント、月餅です。ライブ配信などで活用できるVolu☆ME!と、業界最高水準のモーションキャプチャシステムViconにご興味はございますか？,,2026-04-14 09:30:36.825750+08:00
01KP4SVDXDTGRHKDVXH3Q333JC,,9ac2a03e5c7be0891f535336765a2103,AGENT,こんにちは、ゲッペイと申します。株式会社クレッセントのアシスタントとして、皆様のクリエイティブな挑戦をサポートいたします。,,2026-04-14 09:31:49.718671+08:00
01KP4T01T6M2R35RYSE7Y0N60Z,,fcf308b31c4ed41f3eeecb1faec5fd6f,AGENT,初めまして！ 私、株式会社クレッセントのアシスタント、ゲッペイと申します。ライブ配信などで活用できるVolu☆ME!と業界最高水準のモーションキャプチャシステムViconについてご紹介できます。,,2026-04-14 09:34:21.502872+08:00
01KP4T6K741G1CMK0EFD2GFA6H,,48eecd7af6d58db057db46045d315c69,AGENT,初めまして！株式会社クレッセントのアシスタント、ゲッペイと申します。ライブ配信などで活用できるVolu☆ME!、業界最高水準のモーションキャプチャシステムViconなど、クレッセントの最新技術にご興味はございますか？,,2026-04-14 09:37:58.401183+08:00
01KP4T6W1118S0SYJA9W6FHB9B,,65de1c10c1c902574601de4a05c1f132,AGENT,クレッセントのアシスタント、ゲッペイと申します。ライブ配信などで活用できるVolu☆ME!と、業界最高水準のモーションキャプチャシステムViconにご興味はございますか？,,2026-04-14 09:38:06.617049+08:00
01KP4T9W9P9D7X0PSCF5X33JHP,,3892b84c9f510c00477341fc5c6c08ca,AGENT,"月餅と申します。クレッセントのアシスタントをしています。

ライブ配信などで活用できるVolu☆ME!、業界最高水準のモーションキャプチャシステムViconなどがございますが、ご興味はございますか？",,2026-04-14 09:40:02.684107+08:00
01KP4TJQBC4SDNT34P5VQ7875P,,4c9929727d92e4399c54495d5f98db04,AGENT,はじめまして。株式会社クレッセントのアシスタント、ゲッペイと申します。ライブ配信などで活用できるVolu☆ME!や、業界最高水準のモーションキャプチャシステムViconについてご紹介できます。,,2026-04-14 09:44:33.523024+08:00
01KP4V4CKMG81RPRF6H8S7M2PK,,f642da9fe927bef055283d9b3767ad69,AGENT,皆様、こんにちは。株式会社クレッセントのアシスタント、ゲッペイと申します。ライブ配信などで活用できるVolu☆ME!や、業界最高水準のモーションキャプチャシステムViconについてお話しできます。,,2026-04-14 09:54:12.851560+08:00
01KP4V4WK2SVYMD5FS069HWZMZ,,9fde6942e84478a65b69141e0375bade,AGENT,こんにちは！株式会社クレッセントのアシスタント、月餅です。ライブ配信などで活用できるVolu☆ME!、業界最高水準のモーションキャプチャシステムViconなどがございますが、何にご興味がありますか？,,2026-04-14 09:54:28.251975+08:00
01KP4VMGPY438GTM3M7EWN7KWT,,05618eef440264ec97daa7a8ea6334a1,AGENT,株式会社クレッセントのアシスタント、ゲッペイと申します。ライブ配信などで活用できるVolu☆ME!や、業界最高水準のモーションキャプチャシステムViconについてご紹介できます。,,2026-04-14 10:03:16.917828+08:00
01KP4VNVZPV3H3FTEFY16Z4DPC,,f12ee731e05169a08e7957bc5ca51ddf,AGENT,はじめまして！ 株式会社クレッセントのアシスタント、ゲッペイと申します。ライブ配信などで活用できるVolu☆ME!と、2026年最新スタジオについてご案内できます。,,2026-04-14 10:03:44.715250+08:00
01KP4VRNZZGK8JQXPHVRANXJAT,,fbf2e293a2d69227dd35ee291f7ec3f9,AGENT,ゲッペイと申します。クレッセントのアシスタントです。ライブ配信などで活用できるVolu☆ME!や、業界最高水準のモーションキャプチャシステムViconについてご紹介できます。,,2026-04-14 10:05:18.059157+08:00
01KP4VXBNNKY4EAKMCQHV4R32E,,929e0b2208ffc52116437cabb7bc73ab,AGENT,こんにちは、私は株式会社クレッセントのアシスタント、ゲッペイと申します。ライブ配信などで活用できるVolu☆ME!や、業界最高水準のモーションキャプチャシステムViconについてご紹介できます。,,2026-04-14 10:07:54.845343+08:00
01KP4W2QC6TDRJWSNQG09MN1RY,,4d963d4d1692533e9939ee99de029db5,AGENT,こんにちは！株式会社クレッセントのアシスタント、月餅です。ライブ配信などで活用できるVolu☆ME!と業界最高水準のモーションキャプチャシステムViconについてご紹介できます。,,2026-04-14 10:10:53.154964+08:00
01KP4W51M65F8B793TSVWTRKGP,,4d963d4d1692533e9939ee99de029db5,AGENT,"こんにちは！ 私、クレッセントのアシスタント、ゲッペイと申します。

ライブ配信などで活用できるVolu☆ME!、業界最高水準のモーションキャプチャシステムViconなどがございますが、どの情報にご興味がありますか？",,2026-04-14 10:12:20.176912+08:00
01KP4W6PNTXYJ5GB7PRW77V74F,,4d963d4d1692533e9939ee99de029db5,AGENT,いらっしゃいませ！私、株式会社クレッセントのアシスタント、ゲッペイと申します。ライブ配信などで活用できるVolu☆ME!と、業界最高水準のモーションキャプチャシステムViconにご興味はありますでしょうか？,,2026-04-14 10:16:51.905975+08:00
01KP4W76N5F09JE1RJQ1M4DMFW,,673de0ef2efbc36897fecd0c648dbf3f,AGENT,株式会社クレッセントのアシスタント、ゲッペイと申します。ライブ配信などで活用できるVolu☆ME!と、業界最高水準のモーションキャプチャシステムViconについてご紹介できます。,,2026-04-14 10:13:32.749777+08:00
01KP4WAWXR3FQJ4KYXSQWQV0PA,,e104ba058e99a11c0eb6d063c9bb3442,AGENT,初めまして。私、株式会社クレッセントのアシスタント、ゲッペイと申します。ライブ配信などで活用できるVolu☆ME!、2026年最新スタジオなど、様々な情報をご案内できます。,,2026-04-14 10:15:15.124157+08:00
01KP4WC141ZZ1NX3XSMW5EXXNV,,c8a816d1f163decc3f698ea21a63e734,AGENT,はじめまして。株式会社クレッセントのアシスタント、ゲッペイと申します。ライブ配信などで活用できるVolu☆ME!と業界最高水準のモーションキャプチャシステムViconについてご紹介できますが、ご興味はございますか？,,2026-04-14 10:15:52.056778+08:00
01KP4WCZ3G06V1H3K0EA0JX6H1,,aebd4614f87e32ce3a511e835f3d5007,AGENT,初めまして！ 私、株式会社クレッセントのアシスタント、ゲッペイと申します。ライブ配信などで活用できるVolu☆ME!と、業界最高水準のモーションキャプチャシステムViconについてご紹介できます。,,2026-04-14 10:16:30.378587+08:00
01KP4WMC6DBZBR818SM695EN77,,06e0b636ec6873c191dbb79d48002703,AGENT,こんにちは！ 私、クレッセントのアシスタント、ゲッペイと申します。ライブ配信などで活用できるVolu☆ME!と業界最高水準のモーションキャプチャシステムViconについてご紹介できます。,,2026-04-14 10:20:29.269951+08:00
01KP4WTWZFA5TMYQMG6MTVHF5F,,c0af8126ee8a93db9bdb0553bd0fd10d,AGENT,ようこそお越しくださいました！わたくしは株式会社クレッセントのアシスタント、ゲッペイと申します。ライブ配信などで活用できるVolu☆ME!や、業界最高水準のモーションキャプチャシステムViconについてご案内できます。,,2026-04-14 10:24:00.687663+08:00
01KP4WX5SWD5M05TPS7K8X4MB2,,c0af8126ee8a93db9bdb0553bd0fd10d,AGENT,はじめまして！ 私、クレッセントのアシスタント、ゲッペイと申します。ライブ配信などで活用できるVolu☆ME!、業界最高水準のモーションキャプチャシステムViconにご興味はございますか？,,2026-04-14 10:25:14.701587+08:00
01KP4Y5Y3TZ3N3B4YPTQ0VZ099,,30b98d8af7bf303d0b275ba8a1cca4f2,AGENT,こんにちは！株式会社クレッセントのアシスタント、月餅です。ライブ配信などで活用できるVolu☆ME!や、業界最高水準のモーションキャプチャシステムViconについてご興味はありますか？,,2026-04-14 10:47:29.503455+08:00
01KP4Y9EGGSHV4G976GC136CA9,,1da3031d4d896c9f875e28f01e0e2941,AGENT,クレッセントアシスタントのゲッペイと申します。ライブ配信などで活用できるVolu☆ME!や、業界最高水準のモーションキャプチャシステムViconなどがございますが、いかがでしょうか？,,2026-04-14 10:49:24.278082+08:00
01KP4YK0Y0ZKJRPR49FMZJ2BN5,,aa9295c7d24a75f51a173fd7e0d5f8ff,AGENT,月餅（MoonCake）と申します。株式会社クレッセントのアシスタントです。ライブ配信などで活用できるVolu☆ME!や、業界最高水準のモーションキャプチャシステムViconについてご紹介できます。,,2026-04-14 10:55:37.817599+08:00
01KP4YY8CXK7D18K7DR7KR8HTB,,38415f29700c695afffbc04e6b289ddb,AGENT,"初めまして！株式会社クレッセントのアシスタント、ゲッペイと申します。

ライブ配信などで活用できるVolu☆ME!、業界最高水準のモーションキャプチャシステムViconなどがございますが、ご興味はございますか？",,2026-04-14 11:00:50.789807+08:00
01KP4Z252H824AW8A78J5BBET5,,d8c647227c76a70f43c0fa463c12d90d,AGENT,ようこそいらっしゃいました！わたくしは株式会社クレッセントのアシスタント、ゲッペイと申します。ライブ配信などで活用できるVolu☆ME!や、業界最高水準のモーションキャプチャシステムViconについてご紹介できます。,,2026-04-14 11:02:53.517185+08:00
01KP4ZK5VMZ1JSPJCAYGTHJ6QR,,558ad93301290a2c000a33c8c13769bb,AGENT,"こんにちは！ 私、クレッセントのアシスタント、ゲッペイと申します。

ライブ配信などで活用できるVolu☆ME!、または業界最高水準のモーションキャプチャシステムViconについてご興味はございませんか？",,2026-04-14 11:12:14.316037+08:00
01KP4ZMAPJ8Y4CZH3PEVS5V9RV,,d5e9c0f42330a2e8734589569dfb2c73,AGENT,こんにちは！私は株式会社クレッセントのアシスタント、ゲッペイと申します。ライブ配信などで活用できるVolu☆ME!や、業界最高水準のモーションキャプチャシステムViconについてご興味はございますか？,,2026-04-14 11:12:48.549707+08:00
01KP505P4X7CYQ365P4MJS8MT5,,d5363a4f4dcf7d751ff1d5c39882a378,AGENT,こんにちは。株式会社クレッセントのアシスタント、月餅です。ライブ配信などで活用できるVolu☆ME!、そして業界最高水準のモーションキャプチャシステムViconについてご紹介できます。,,2026-04-14 11:22:17.457177+08:00
01KP50FD8W4H37MV4KKC4B51NP,,e7522ac70ccdc04ed0bb48b81114d3a7,AGENT,初めまして！ 私、株式会社クレッセントのアシスタント、ゲッペイと申します。ライブ配信などで活用できるVolu☆ME!と、業界最高水準のモーションキャプチャシステムViconについてご紹介できます。,,2026-04-14 11:27:40.345595+08:00
01KP50V32BT61WWJ1S78CEQ53S,,25f07197c10a3b71cc76295dc3a24f4e,AGENT,こんにちは、私は株式会社クレッセントのアシスタント、ゲッペイと申します。ライブ配信などで活用できるVolu☆ME!や、業界最高水準のモーションキャプチャシステムViconについてご紹介できます。,,2026-04-14 11:34:04.218049+08:00
01KP51V80HGER5F5DWW0AAR32V,,25ed1cf4865b9782101f764bc7131698,AGENT,こんにちは、私は株式会社クレッセントのアシスタント、ゲッペイと申します。ライブ配信などで活用できるVolu☆ME!と、業界最高水準のモーションキャプチャシステムViconにご興味はありますか？,,2026-04-14 11:51:33.723003+08:00
01KP51YBE71QHG95WQHSB5JKF2,,4d963d4d1692533e9939ee99de029db5,AGENT,こんにちは。私、株式会社クレッセントのアシスタント、ゲッペイと申します。ライブ配信などで活用できるVolu☆ME!、そして業界最高水準のViconモーションキャプチャシステムについてご紹介できます。,,2026-04-14 12:05:27.770165+08:00
01KP52CPRJ9YENPYJRJM5W6AZJ,,32b86934adb669955e083c3837f6c29e,AGENT,株式会社クレッセントのアシスタント、月餅と申します。ライブ配信などで活用できるVolu☆ME!と、業界最高水準のモーションキャプチャシステムViconについてご案内できます。,,2026-04-14 12:01:05.581501+08:00
01KP52EGYXC14MQJSBE0HN9E40,,617607bf8ec437d931c7beb368ec5b20,AGENT,こんにちは！私、株式会社クレッセントのアシスタント、ゲッペイと申します。ライブ配信などで活用できるVolu☆ME!や、業界最高水準のモーションキャプチャシステムViconについてご紹介できます。,,2026-04-14 12:02:04.515313+08:00
01KP52HGHMAY72D18HYZ568W0P,,4498ecf6fad6b52419dd4350ee262503,AGENT,株式会社クレッセントのアシスタント、ゲッペイと申します。ライブ配信などで活用できるVolu☆ME!や、業界最高水準のモーションキャプチャシステムViconについてご紹介できます。,,2026-04-14 12:03:41.709223+08:00
01KP52QHAKMMQA1S5Q1WTPAWB9,,4d963d4d1692533e9939ee99de029db5,AGENT,はい、どのようなご用件でしょうか？ 株式会社クレッセントのアシスタント、ゲッペイと申します。ライブ配信などで活用できるVolu☆ME!や、業界最高水準のモーションキャプチャシステムViconについてご興味はありませんか？,,2026-04-14 12:07:00.052620+08:00
01KP52TWGSBD8C9CTYH9491PSQ,,e6d66a6b593576d9bdca5f7a048fc357,AGENT,"ゲッペイと申します。株式会社クレッセントのアシスタントをしております。

ライブ配信などで活用できるVolu☆ME!と、業界最高水準のモーションキャプチャシステムViconにご興味はございませんか？",,2026-04-14 12:08:50.939157+08:00
01KP52X3VHTQ2A6W1D2TDQK3WQ,,617607bf8ec437d931c7beb368ec5b20,AGENT,こんにちは。株式会社クレッセントのアシスタント、ゲッペイと申します。ライブ配信などで活用できるVolu☆ME!や、業界最高水準のモーションキャプチャシステムViconについてご紹介できます。,,2026-04-14 12:10:04.962112+08:00
01KP531BVXCKZ36G12T7GH2HT9,,8722db7e54c0ade5fa8fdb781e0e059d,AGENT,皆様、こんにちは。株式会社クレッセントのアシスタント、ゲッペイと申します。ライブ配信などで活用できるVolu☆ME!、または業界最高水準のモーションキャプチャシステムViconについてご興味はございますか？,,2026-04-14 12:12:21.887680+08:00
01KP53CTB2VAHJW0NE3ZYVK8DT,,677b050694cb89b7b15213f95ed288fd,AGENT,株式会社クレッセントのアシスタント、月餅と申します。ライブ配信などで活用できるVolu☆ME!や、業界最高水準のモーションキャプチャシステムViconについてご興味はありますか？,,2026-04-14 12:18:37.462377+08:00
01KP53RMPXHFABB21DY5YX8447,,4d36a82272e0602d8dd9833e7156f4da,AGENT,皆様、こんにちは。株式会社クレッセントのアシスタント「ゲッペイ」と申します。ライブ配信などで活用できるVolu☆ME!、2026年最新スタジオに関する情報をご用意しております。,,2026-04-14 12:25:05.711440+08:00
01KP53SHC0ZB32FTMN206XJ30Y,,4d36a82272e0602d8dd9833e7156f4da,AGENT,月餅と申します。株式会社クレッセントのアシスタントをしております。ライブ配信などで活用できるVolu☆ME!や、業界最高水準のモーションキャプチャシステムViconなどがございますが、ご興味はございますか？,,2026-04-14 12:25:34.991565+08:00
01KP53WRXEFENKFR4TZN35NCF9,,8f5548105affa509761622d71d5ce590,AGENT,株式会社クレッセントのアシスタント、ゲッペイと申します。ライブ配信などで活用できるVolu☆ME!と業界最高水準のモーションキャプチャシステムViconについてご紹介できます。,,2026-04-14 12:27:20.541533+08:00
01KP53ZKNNPTD3D7KRQ4GDBCPJ,,57b0103055816b593ecd075501f9b17e,AGENT,初めまして！株式会社クレッセントのアシスタント、ゲッペイと申します。ライブ配信などで活用できるVolu☆ME!や、業界最高水準のモーションキャプチャシステムViconなどにご興味はございますか？,,2026-04-14 12:28:55.442017+08:00
01KP53ZXTQ9PZEF6ZG0EEC5Y47,,57b0103055816b593ecd075501f9b17e,AGENT,クレッセントのゲッペイと申します。ライブ配信などで活用できるVolu☆ME!や、業界最高水準のモーションキャプチャシステムViconについてご興味はございませんか？,,2026-04-14 12:29:03.854548+08:00
01KP543HDZ9J255PBC87P0EEQ5,,9fcabf803c011c8177204e39ca1cdc00,AGENT,株式会社クレッセントのアシスタント、ゲッペイと申します。ライブ配信などで活用できるVolu☆ME!や、業界最高水準のモーションキャプチャシステムViconについてご紹介できます。,,2026-04-14 12:31:02.751525+08:00
01KP543SHRD0QEBSD7BJH5GNXX,,03a61d7ededcdb6c589d2cfc5d83ce25,AGENT,初めまして。私、株式会社クレッセントのアシスタント、ゲッペイと申します。ライブ配信などで活用できるVolu☆ME!と、業界最高水準のモーションキャプチャシステムViconにご興味はございますか？,,2026-04-14 12:31:11.225333+08:00
01KP54H0AN3C24P2AG1T8AD3BP,,ac74d1f8dcd7f5cb82855bb64eeab6cc,AGENT,こんにちは！私は株式会社クレッセントのアシスタント、ゲッペイと申します。ライブ配信などで活用できるVolu☆ME!と、業界最高水準のモーションキャプチャシステムViconにご興味はございますか？,,2026-04-14 12:38:23.416012+08:00
01KP54NYMQ61A8QQTTYHE6YRFQ,,57b0103055816b593ecd075501f9b17e,AGENT,皆様、こんにちは！ 株式会社クレッセントのアシスタント、ゲッペイと申します。ライブ配信などで活用できるVolu☆ME!、2026年最新スタジオについてご興味はありませんか？,,2026-04-14 12:41:05.264112+08:00
01KP54YVJ7M8AEQZMZHZCYTMD2,,57b0103055816b593ecd075501f9b17e,AGENT,"月餅と申します。株式会社クレッセントのアシスタントです。
ライブ配信などで活用できるVolu☆ME!、業界最高水準のモーションキャプチャシステムViconについてご紹介できます。",,2026-04-14 12:45:57.123260+08:00
01KP55A0NSVCDKBZR9J40RTKVD,,9468ea2c8e46bde54464a6557baa9380,AGENT,こんにちは！株式会社クレッセントのアシスタント、ゲッペイと申します。ライブ配信などで活用できるVolu☆ME!や、業界最高水準のモーションキャプチャシステムViconについてご紹介できます。,,2026-04-14 12:52:14.280739+08:00
01KP55BP4N7ENC3955BTQ9QBS3,,9468ea2c8e46bde54464a6557baa9380,AGENT,皆様、こんにちは！ 株式会社クレッセントのアシスタント、ゲッペイと申します。ライブ配信などで活用できるVolu☆ME!や、業界最高水準のモーションキャプチャシステムViconについてご紹介できます。,,2026-04-14 12:52:59.903548+08:00
01KP55FNK31R4YW5D46HC0JF3H,,cbd62134e1cfaf56a0b35568440802f2,AGENT,"こんにちは！株式会社クレッセントのアシスタント、ゲッペイと申します。

ライブ配信などで活用できるVolu☆ME!と、業界最高水準のモーションキャプチャシステムViconについてご興味はございますか？",,2026-04-14 12:55:11.176829+08:00
01KP55S6ADMR25ZZYVNK0J41AG,,ba8f6ecef18dd196b86ccdce1b804c0f,AGENT,ようこそいらっしゃいました。私、株式会社クレッセントのアシスタント、ゲッペイと申します。ライブ配信などで活用できるVolu☆ME!、業界最高水準のモーションキャプチャシステムViconなどをご用意しております。,,2026-04-14 13:00:19.232335+08:00
01KP561R04XACC8AXP9GSG0KEB,,5e95a796db27ea9eca318e09e8a66f61,AGENT,お客様、こんにちは！私は株式会社クレッセントのアシスタント、ゲッペイと申します。ライブ配信などで活用できるVolu☆ME!、2026年最新スタジオにご興味はありますでしょうか？,,2026-04-14 13:05:05.149627+08:00
01KP56285R72YPQQSZ1JGJZSSC,,a2a6d1893dc557079480dfc89b481386,AGENT,"こんにちは！株式会社クレッセントのアシスタント、月餅（ゲッペイ）と申します。

ライブ配信などで活用できるVolu☆ME!と業界最高水準のモーションキャプチャシステムViconについてご紹介できますが、どちらにご興味がありますか？",,2026-04-14 13:05:16.936615+08:00
01KP5631Z9V0TM2K3WK21PNTZR,,5e95a796db27ea9eca318e09e8a66f61,AGENT,お客様、こんにちは。私、株式会社クレッセントのアシスタント、ゲッペイと申します。ライブ配信などで活用できるVolu☆ME!、業界最高水準のモーションキャプチャシステムViconなど、クレッセントの最新技術にご興味はありますか？,,2026-04-14 13:05:48.336105+08:00
01KP564XWWP72AXCG1C80F2DDQ,,e46a9690a825fb4deff133eab49e1abe,AGENT,"こんにちは、私は株式会社クレッセントのアシスタント、ゲッペイと申します。

ライブ配信などで活用できるVolu☆ME!、業界最高水準のモーションキャプチャシステムViconにご興味はございますか？",,2026-04-14 13:06:44.567414+08:00
01KP5655DTMWCYNJTM6SCNKK57,,2ca6b40243c2efdea18731a0a09784dd,AGENT,株式会社クレッセントのアシスタント、月餅と申します。ライブ配信などで活用できるVolu☆ME!や、業界最高水準のモーションキャプチャシステムViconについてご興味はございませんか？,,2026-04-14 13:07:12.501639+08:00
01KP565Z0VRX5BNXGXQAG75EG6,,e46a9690a825fb4deff133eab49e1abe,AGENT,株式会社クレッセントのアシスタント、ゲッペイと申します。ライブ配信などで活用できるVolu☆ME!と、業界最高水準のモーションキャプチャシステムViconについてご紹介できます。,,2026-04-14 13:07:17.666520+08:00
01KP56JFR632C48MMXQER5TC2E,,f642da9fe927bef055283d9b3767ad69,AGENT,はじめまして。私、株式会社クレッセントのアシスタント、ゲッペイと申します。ライブ配信などで活用できるVolu☆ME!や、業界最高水準のモーションキャプチャシステムViconなど、クレッセントの最新技術にご興味はございますか？,,2026-04-14 13:14:08.572505+08:00
01KP56PNH516PQJZ9BGWAXNMAJ,,d977fad8e21424b84c628298f64d6953,AGENT,皆様、こんにちは！ 株式会社クレッセントのアシスタント、ゲッペイと申します。ライブ配信などで活用できるVolu☆ME!や、業界最高水準のモーションキャプチャシステムViconについてお話しできます。,,2026-04-14 13:36:28.376065+08:00
01KP56WH93FB76Q636JEJTDRE1,,08db09263371d27c9a9122ab660d29ff,AGENT,株式会社クレッセントのアシスタント、ゲッペイと申します。ライブ配信などで活用できるVolu☆ME!や、業界最高水準のモーションキャプチャシステムViconについてご紹介できます。,,2026-04-14 13:19:41.798598+08:00
01KP574PK36ZATP495D10TR28N,,30b98d8af7bf303d0b275ba8a1cca4f2,AGENT,"こんにちは！ 株式会社クレッセントのアシスタント、月餅（ゲッペイ）と申します。何かご不明な点がありましたら、お気軽にお尋ねください。
ライブ配信などで活用できるVolu☆ME!、業界最高水準のモーションキャプチャシステムViconについてご興味はございますか？",,2026-04-14 13:27:31.911378+08:00
01KP57596SMX4ZEFQ2CZ4SP5MN,,08db09263371d27c9a9122ab660d29ff,AGENT,お客様、こんにちは。私、株式会社クレッセントのアシスタント、ゲッペイと申します。ライブ配信などで活用できるVolu☆ME!と、業界最高水準のモーションキャプチャシステムViconについてご紹介できます。,,2026-04-14 13:24:27.474701+08:00
01KP57710QZWT55XKFAWKWS22E,,74a0d41ad583156ca712e0dde8110076,AGENT,クレッセントのゲッペイと申します。ライブ配信などで活用できるVolu☆ME!と、業界最高水準のモーションキャプチャシステムViconについてご紹介できます。,,2026-04-14 13:25:21.022413+08:00
01KP57RJCRKGW8ZS3TXKW73MPR,,57bc40e2a534d3fd4368af7d3af5da68,AGENT,こんにちは。私は株式会社クレッセントのアシスタント、ゲッペイと申します。ライブ配信などで活用できるVolu☆ME!と業界最高水準のモーションキャプチャシステムViconについてご紹介できます。,,2026-04-14 13:34:57.210373+08:00
01KP57WAT6YN3DHETR90KTYRZZ,,c1251de51f9b0e61b23fdff65fd30792,AGENT,月餅ちゃんと申します。株式会社クレッセントのアシスタントです。ライブ配信などで活用できるVolu☆ME!と、業界最高水準のモーションキャプチャシステムViconについてご紹介できます。,,2026-04-14 13:37:04.288457+08:00
01KP582KXB1M3XZMAWZ5GVC264,,4706af31a7fc7e538ddee73759718777,AGENT,こんにちは！ 株式会社クレッセントのアシスタント、ゲッペイと申します。ライブ配信などで活用できるVolu☆ME!や、業界最高水準のモーションキャプチャシステムViconについてご紹介できます。,,2026-04-14 13:40:28.293716+08:00
01KP58AYFQ5GFW7QJW52CGYKEF,,4da622b8f5bec067f8da60a4d183dfbe,AGENT,こんにちは！私は株式会社クレッセントのアシスタント、ゲッペイと申します。ライブ配信などで活用できるVolu☆ME!や、業界最高水準のモーションキャプチャシステムViconについてご紹介できます。,,2026-04-14 13:45:16.127842+08:00
01KP58ZFMKMDJ0PTJTEBH8A7PC,,1e4ca2086491983132ae9a6efbc209bf,AGENT,ようこそ！私は株式会社クレッセントのアシスタント、ゲッペイと申します。ライブ配信などで活用できるVolu☆ME!や、業界最高水準のモーションキャプチャシステムViconについてご紹介できます。,,2026-04-14 13:56:11.741300+08:00
01KP58ZFMKMDJ0PTJTEBH8A7PC,,1e4ca2086491983132ae9a6efbc209bf,USER,Hi,,2026-04-14 13:56:16.632769+08:00
01KP58ZFMKMDJ0PTJTEBH8A7PC,,1e4ca2086491983132ae9a6efbc209bf,AGENT,"Hello! I am MoonCake, an assistant from Crescent Inc. I can tell you about our Volu☆ME! solution, which is great for live streaming, or our industry-leading motion capture system, Vicon.",,2026-04-14 13:56:16.653638+08:00
01KP58ZFMKMDJ0PTJTEBH8A7PC,,1e4ca2086491983132ae9a6efbc209bf,USER,could you introduce your service,,2026-04-14 13:56:25.243613+08:00
01KP58ZFMKMDJ0PTJTEBH8A7PC,,1e4ca2086491983132ae9a6efbc209bf,AGENT,"We offer a range of services centered around advanced digital technology. This includes:

*   **Content and Application Development** - We create 3D interactive applications and offer video planning and production support.
*   **Studio Services** - Our studios provide volumetric capture and high-resolution 3D scanning.

Would you like to know more about any of these, or perhaps our new Haneda Studio opening in 2026?","[""contentSupport.DyraeNdQ""]",2026-04-14 13:56:25.273974+08:00
01KP5909QE3ZQS5ZQDTHFEHEM0,,1e4ca2086491983132ae9a6efbc209bf,AGENT,クレッセントのアシスタント、ゲッペイと申します。ライブ配信などで活用できるVolu☆ME!、業界最高水準のモーションキャプチャシステムViconなど、弊社サービスについてお気軽にお尋ねください。,,2026-04-14 13:56:38.417078+08:00
01KP59ENY7TY1CHYX68H7V94C4,,ed12d7f8134d4089240a9d383f953e30,AGENT,株式会社クレッセントのアシスタント、ゲッペイと申します。ライブ配信などで活用できるVolu☆ME!と業界最高水準のモーションキャプチャシステムViconについてご紹介できます。,,2026-04-14 14:04:29.443042+08:00
01KP59MHNHXYQWSMDJGBKNA749,,1e4ca2086491983132ae9a6efbc209bf,AGENT,株式会社クレッセントのアシスタント、ゲッペイと申します。ライブ配信などで活用できるVolu☆ME!や、業界最高水準のモーションキャプチャシステムViconについてご紹介できます。,,2026-04-14 14:07:40.383135+08:00
01KP59MHNHXYQWSMDJGBKNA749,,1e4ca2086491983132ae9a6efbc209bf,USER,Introduce your service,,2026-04-14 14:07:52.408534+08:00
01KP59MHNHXYQWSMDJGBKNA749,,1e4ca2086491983132ae9a6efbc209bf,AGENT,"株式会社クレッセントは、イメージエンジニアリング技術を駆使し、多岐にわたるサービスを提供しております。

*   **ソフトウェア・ハードウェアの提供** - 3次元動作解析や映像制作のためのハードウェア・ソフトウェアを輸入、販売、サポートしています。
*   **スタジオサービス** - デジタルスタジオサービスを提供し、タイムスライス撮影やフルグリーンバック撮影など、幅広い撮影ニーズに対応します。
*   **コンテンツ開発・製作援助** - フォトリアルなデジタルエキストラ制作など、画像コンテンツの開発や製作援助を行います。
*   **デジタルヒューマン作成** - 高精細なデジタルヒューマンの短納期作成も実現しています。

弊社の提供サービスについて、さらに詳しく知りたい場合は、お気軽にお尋ねください。",,2026-04-14 14:07:52.426085+08:00
01KP59MHNHXYQWSMDJGBKNA749,,1e4ca2086491983132ae9a6efbc209bf,USER,是。,,2026-04-14 14:08:29.935942+08:00
01KP59MHNHXYQWSMDJGBKNA749,,1e4ca2086491983132ae9a6efbc209bf,AGENT,好的，您想了解哪方面？例如，我們公司有兩個錄音室。有興趣聽聽看嗎？,,2026-04-14 14:08:29.954364+08:00
01KP59MHNHXYQWSMDJGBKNA749,,1e4ca2086491983132ae9a6efbc209bf,USER,To use the knife.,,2026-04-14 14:09:02.708798+08:00
01KP59MHNHXYQWSMDJGBKNA749,,1e4ca2086491983132ae9a6efbc209bf,AGENT,"I apologize, but I cannot provide information about ""to use the knife."" My purpose is to assist with inquiries about Crescent Inc.'s services and technologies.

Would you be interested in learning about our Vicon motion capture system or perhaps our upcoming 2026 Haneda Studio?",,2026-04-14 14:09:02.742073+08:00
01KP5A0QXGSJ42KVRAPDYK6P3B,,6b30ac41e171b1314a8d2a0ea8552592,AGENT,"こんにちは！私はクレッセントのアシスタント、ゲッペイと申します。

ライブ配信などで活用できるVolu☆ME!と、業界最高水準のモーションキャプチャシステムViconについてご興味はございますか？",,2026-04-14 14:14:25.929315+08:00
01KP5AAWGMFJTYYRNXS7RVVWFD,,617607bf8ec437d931c7beb368ec5b20,AGENT,こんにちは！ 私は株式会社クレッセントのアシスタント、ゲッペイと申します。ライブ配信などで活用できるVolu☆ME!や、業界最高水準のモーションキャプチャシステムViconについてご紹介できます。,,2026-04-14 14:19:59.383492+08:00
01KP5AMBZP7PHWQ9545CBT0TGA,,7161f1d49651723e03e5e09b6ebe2ba8,AGENT,こんにちは。株式会社クレッセントのアシスタント、月餅と申します。ライブ配信などで活用できるVolu☆ME!、そして業界最高水準のモーションキャプチャシステムViconにご興味はございますか？,,2026-04-14 14:25:05.522633+08:00
01KP5AVYDVBXQE3ADDWYQ6XW87,,3fa33b99e399d97907ab869e01426dae,AGENT,はじめまして。私、株式会社クレッセントのアシスタント、ゲッペイと申します。ライブ配信などで活用できるVolu☆ME!、2026年最新スタジオについてご案内できます。,,2026-04-14 14:29:13.915174+08:00
01KP5B071Q7Z0NEGZX695CNB58,,3fa33b99e399d97907ab869e01426dae,AGENT,株式会社クレッセントのアシスタント、ゲッペイと申します。ライブ配信などで活用できるVolu☆ME!や、業界最高水準のモーションキャプチャシステムViconについてご紹介できます。,,2026-04-14 14:31:32.815182+08:00
01KP5B4NQASFVZ0SVWW85R5JFH,,603bf97ff8301f9345821e3aa6ab1ad9,AGENT,こんにちは！株式会社クレッセントのアシスタント、月餅と申します。ライブ配信などで活用できるVolu☆ME!、そして業界最高水準のモーションキャプチャシステムViconについてご紹介できます。,,2026-04-14 14:33:59.279093+08:00
01KP5BHTDSN2SVX1JRR88D5CA1,,6d27901eae7ba6d9b64cbd1821fc0fee,AGENT,皆様、こんにちは！ 株式会社クレッセントのアシスタント、ゲッペイと申します。ライブ配信などで活用できるVolu☆ME!や、業界最高水準のモーションキャプチャシステムViconについてお話しできます。,,2026-04-14 14:41:09.893220+08:00
01KP5BMNA6066HA5B6Q3WKXAY0,,c82c22de3736138dee3f2eabe047f091,AGENT,はじめまして。株式会社クレッセントのアシスタント、ゲッペイと申します。ライブ配信などで活用できるVolu☆ME!や、業界最高水準のモーションキャプチャシステムViconについてご紹介できます。,,2026-04-14 14:48:31.325095+08:00
01KP5BQN6SE6E1CTB2YK6ND6Z5,,1da3bbc0ac733a0d1e4a3cae02329178,AGENT,株式会社クレッセントのアシスタント、ゲッペイと申します。ライブ配信などで活用できるVolu☆ME!や、業界最高水準のモーションキャプチャシステムViconについてご紹介できます。,,2026-04-14 14:44:24.129327+08:00
01KP5BQVA3JW0FSJZ9CBP3GXG9,,700d022b7c8b7554e9355cc7235f22a2,AGENT,こんにちは！私、株式会社クレッセントのアシスタント、ゲッペイと申します。ライブ配信などで活用できるVolu☆ME!や、業界最高水準のモーションキャプチャシステムViconについてご紹介できます。,,2026-04-14 14:44:26.740575+08:00
01KP5BX7QYBDGZ50G77VWNYW7F,,c722f3cee360d269cf82f36d9638c991,AGENT,お客様、こんにちは。私、株式会社クレッセントのアシスタント、ゲッペイと申します。ライブ配信などで活用できるVolu☆ME!や、業界最高水準のモーションキャプチャシステムViconについてご紹介できます。,,2026-04-14 14:47:25.074975+08:00
01KP5C0DTXMP93XSY2R7XA8472,,f2a3bde2544c1a3cdc0be98f8f20bc60,AGENT,はじめまして。株式会社クレッセントのアシスタント、ゲッペイと申します。ライブ配信などで活用できるVolu☆ME!や、業界最高水準のモーションキャプチャシステムViconについてご紹介できます。,,2026-04-14 15:20:11.168231+08:00
01KP5C8CHK6P6MXG7FRV79V2CA,,ffb191d567c83fa09bff3b00997002c1,AGENT,皆様、こんにちは！ 株式会社クレッセントのアシスタント、ゲッペイと申します。ライブ配信などで活用できるVolu☆ME!、業界最高水準のモーションキャプチャシステムViconにご興味はございますか？,,2026-04-14 14:53:30.019074+08:00
01KP5C8KFDV9NC5WSQ5W0AMH6B,,ffb191d567c83fa09bff3b00997002c1,AGENT,月餅と申します。株式会社クレッセントのアシスタントです。何かお困りですか？ ライブ配信などで活用できるVolu☆ME!と、業界最高水準のモーションキャプチャシステムViconについてご紹介できます。,,2026-04-14 14:53:36.542110+08:00
01KP5CAWXVF1N2E8V0WFBZT8RP,,83427957fce7011e733b36597dc0f994,AGENT,株式会社クレッセントのアシスタント、ゲッペイと申します。ライブ配信などで活用できるVolu☆ME!や、業界最高水準のモーションキャプチャシステムViconについてご紹介できます。,,2026-04-14 14:54:51.256557+08:00
01KP5CBF39KD0CGXWKRYV6K6WF,,a6c7b6a91d31f4bfd5ac957f2e77b5e0,AGENT,株式会社クレッセントのアシスタント、月餅と申します。ライブ配信などで活用できるVolu☆ME!、2026年最新スタジオについてご興味はございますか？,,2026-04-14 14:55:09.949530+08:00
01KP5CN848BRW3Z9997XF0BSVM,,dc154a723528720f96c778cb69274deb,AGENT,"初めまして。私、株式会社クレッセントのアシスタント、ゲッペイと申します。
ライブ配信などで活用できるVolu☆ME!や、業界最高水準のモーションキャプチャシステムViconにご興味はございますか？",,2026-04-14 15:00:34.573158+08:00
01KP5CQ15E3E7A9AN3QH1ZPN9J,,dc154a723528720f96c778cb69274deb,AGENT,初めまして！ 私、株式会社クレッセントのアシスタント、ゲッペイと申します。ライブ配信などで活用できるVolu☆ME!と、業界最高水準のモーションキャプチャシステムViconについてご紹介できますが、ご興味はございますか？,,2026-04-14 15:01:31.422291+08:00
01KP5E05D8G8DPTM3ZKAAHHHWN,,fdf13697fb3d6b91d56a8c27a91f9144,AGENT,初めまして！ 私、株式会社クレッセントのアシスタント、ゲッペイと申します。ライブ配信などで活用できるVolu☆ME!と、業界最高水準のモーションキャプチャシステムViconについてご紹介できます。,,2026-04-14 15:24:06.879243+08:00
01KP5E05D8G8DPTM3ZKAAHHHWN,,fdf13697fb3d6b91d56a8c27a91f9144,USER,你好,,2026-04-14 15:25:03.281050+08:00
01KP5E05D8G8DPTM3ZKAAHHHWN,,fdf13697fb3d6b91d56a8c27a91f9144,AGENT,"您好！ 我是Crescent股份有限公司的助理，月餅。很高興認識您。

我可以為您介紹「2026年最新工作室」和「業界最高水準的動作捕捉系統Vicon」。您對哪一個比較感興趣呢？",,2026-04-14 15:25:03.314347+08:00
01KP5E58ZZWXBFKQ0HFYBJTE91,,e0702b97cc492aa0139e11de7aef78b7,AGENT,月餅と申します。株式会社クレッセントのアシスタントです。何かご不明な点がございましたら、お気軽にお尋ねください。,,2026-04-14 15:26:45.111310+08:00
01KP5EC46E0C1WMCB94XE36VA5,,489c3f063ebb91f89538e6b4319e3e8d,AGENT,こんにちは！ 私、株式会社クレッセントのアシスタント、ゲッペイと申します。ライブ配信などで活用できるVolu☆ME!や、業界最高水準のモーションキャプチャシステムViconについてご紹介できます。,,2026-04-14 15:30:31.610931+08:00
01KP5EER67J7SEAQ3AB6733HBK,,489c3f063ebb91f89538e6b4319e3e8d,AGENT,いらっしゃいませ。株式会社クレッセントのゲッペイと申します。ライブ配信などで活用できるVolu☆ME!、業界最高水準のモーションキャプチャシステムViconについてご紹介できます。,,2026-04-14 15:31:55.922648+08:00
01KP5EK84YK6137QWBYHM8Y5NX,,089bfb22e530c97e1a1ec531d22a2be9,AGENT,初めまして。私、株式会社クレッセントのアシスタント、ゲッペイと申します。ライブ配信などで活用できるVolu☆ME!と、業界最高水準のモーションキャプチャシステムViconについてご紹介できます。,,2026-04-14 15:34:22.247119+08:00
01KP5EYAKSYPYQ6EWCS32RKDSA,,49cf33501382cb7fe4c277bd6cbee452,AGENT,初めまして。私、株式会社クレッセントのアシスタント、ゲッペイと申します。ライブ配信などで活用できるVolu☆ME!や、業界最高水準のモーションキャプチャシステムViconについてご紹介できます。,,2026-04-14 15:41:43.658691+08:00
01KP5F3G3CZ5B4EW4J8PYC81FP,,ba934a5b2e27abcc3dd8d39e3e666065,AGENT,初めまして。私、株式会社クレッセントのアシスタント、ゲッペイと申します。ライブ配信などで活用できるVolu☆ME!や、業界最高水準のモーションキャプチャシステムViconについてご紹介できます。,,2026-04-14 15:43:15.174433+08:00
01KP5F43NZ75M5T0044HW9TQ3P,,3624142bf02932bf7ee272bfae1cc921,AGENT,初めまして！株式会社クレッセントのアシスタント、ゲッペイと申します。ライブ配信などで活用できるVolu☆ME!や、業界最高水準のモーションキャプチャシステムViconについてご紹介できます。,,2026-04-14 15:43:40.075308+08:00
01KP5F4KS39FJWJ42BQR310YC0,,3624142bf02932bf7ee272bfae1cc921,AGENT,いらっしゃいませ！私、株式会社クレッセントのアシスタント、ゲッペイと申します。ライブ配信などで活用できるVolu☆ME!や、業界最高水準のモーションキャプチャシステムViconなどについてご案内できます。,,2026-04-14 15:43:55.577182+08:00
01KP5FABNAXA022229DRX75A5Q,,558ad93301290a2c000a33c8c13769bb,AGENT,"月餅と申します。株式会社クレッセントのアシスタントです。
ライブ配信などで活用できるVolu☆ME!、または業界最高水準のモーションキャプチャシステムViconにご興味はありますか？",,2026-04-14 15:47:02.506970+08:00
01KP5FD2CWZ23EH3TSWSC52H28,,63500ea1e063710144b9aea2f35cac95,AGENT,こんにちは！ 私は株式会社クレッセントのアシスタント、ゲッペイと申します。ライブ配信などで活用できるVolu☆ME!、そして業界最高水準のモーションキャプチャシステムViconについてご紹介できます。,,2026-04-14 15:48:28.064494+08:00
01KP5FDA9EPWFVQN36P79QXR1S,,489c3f063ebb91f89538e6b4319e3e8d,AGENT,こんにちは、ゲッペイと申します。株式会社クレッセントのアシスタントをしております。ライブ配信などで活用できるVolu☆ME!や、業界最高水準のモーションキャプチャシステムViconについてご興味はございませんか？,,2026-04-14 15:48:37.020453+08:00
01KP5FJZPBSVE4DHQNA4BHFGAW,,5decac36051f55a9b0a11d5c92f1616c,AGENT,月餅と申します。株式会社クレッセントのアシスタントです。ライブ配信などで活用できるVolu☆ME!と、業界最高水準のモーションキャプチャシステムViconについてご紹介できます。,,2026-04-14 15:51:41.753536+08:00
01KP5FK6WQR8BNRD4P3CDZ0167,,63500ea1e063710144b9aea2f35cac95,AGENT,月餅と申します。株式会社クレッセントのアシスタントです。ライブ配信などで活用できるVolu☆ME!と、業界最高水準のモーションキャプチャシステムViconについてご紹介できます。,,2026-04-14 15:51:48.988228+08:00
01KP5FTY658CKQ7S6VENTN3429,,a0cf69ed1f1996f47a39131b511b7384,AGENT,はじめまして。株式会社クレッセントのアシスタント、ゲッペイと申します。ライブ配信などで活用できるVolu☆ME!と、業界最高水準のモーションキャプチャシステムViconについてご紹介できます。,,2026-04-14 15:56:03.301808+08:00
01KP5FZZFHJS3PKT9V936HRNK5,,3a338c2c9fd46b381c133e277ea28a8b,AGENT,いらっしゃいませ。私、株式会社クレッセントのアシスタント、ゲッペイと申します。ライブ配信などで活用できるVolu☆ME!や、業界最高水準のモーションキャプチャシステムViconなどにご興味はございますか？,,2026-04-14 15:58:49.981034+08:00
01KP5G0TNGS41HDDEEC5S2QQ5H,,a6c7b6a91d31f4bfd5ac957f2e77b5e0,AGENT,"お客様、こんにちは！ 
株式会社クレッセントのアシスタント、ゲッペイと申します。ライブ配信などで活用できるVolu☆ME!と、業界最高水準のモーションキャプチャシステムViconについてご紹介できます。",,2026-04-14 15:59:15.611771+08:00
01KP5G3VF0X5X8T3XF63PA3WVD,,06e930009798773f1cd26aaa11cd5982,AGENT,はじめまして。株式会社クレッセントのアシスタント、ゲッペイと申します。ライブ配信などで活用できるVolu☆ME!と業界最高水準のモーションキャプチャシステムViconについてご紹介できますが、ご興味はございますか？,,2026-04-14 16:00:56.076859+08:00
01KP5G7HV3NTTDAXAMDFMR5ZGW,,06e930009798773f1cd26aaa11cd5982,AGENT,いらっしゃいませ。株式会社クレッセントのアシスタント、ゲッペイと申します。ライブ配信などで活用できるVolu☆ME!や、業界最高水準のモーションキャプチャシステムViconについてご紹介できます。,,2026-04-14 16:02:56.286307+08:00
01KP5GHK8TGFAHXK75QR77QCE2,,63500ea1e063710144b9aea2f35cac95,AGENT,こんにちは。私は株式会社クレッセントのアシスタント、ゲッペイと申します。ライブ配信などで活用できるVolu☆ME!と、業界最高水準のモーションキャプチャシステムViconにご興味はありますか？,,2026-04-14 16:08:24.561616+08:00
01KP5GR4JJ3S8W33XAQS1V04KK,,63500ea1e063710144b9aea2f35cac95,AGENT,株式会社クレッセントのアシスタント、ゲッペイと申します。ライブ配信などで活用できるVolu☆ME!と業界最高水準のモーションキャプチャシステムViconについてご紹介できます。,,2026-04-14 16:11:59.247905+08:00
01KP5GTC4NG0QF74S5MYXH2VGM,,63500ea1e063710144b9aea2f35cac95,AGENT,こんにちは！私は株式会社クレッセントのアシスタント、ゲッペイと申します。ライブ配信などで活用できるVolu☆ME!や、業界最高水準のモーションキャプチャシステムViconについてご紹介できます。,,2026-04-14 16:13:12.116360+08:00
01KP5GTE3SYAYDJBDDX5405H0N,,a0cf69ed1f1996f47a39131b511b7384,AGENT,はじめまして。株式会社クレッセントのアシスタント、ゲッペイと申します。ライブ配信などで活用できるVolu☆ME!や、業界最高水準のモーションキャプチャシステムViconについてご興味はございますか？,,2026-04-14 16:13:14.585653+08:00
01KP5GXAWYN06SM0QD2MPAQKK0,,63500ea1e063710144b9aea2f35cac95,AGENT,お客様、こんにちは！ 私は株式会社クレッセントのアシスタント、ゲッペイと申します。ライブ配信などで活用できるVolu☆ME!と、業界最高水準のモーションキャプチャシステムViconについてご紹介できます。,,2026-04-14 16:14:49.162668+08:00
01KP5GXAWYN06SM0QD2MPAQKK0,,63500ea1e063710144b9aea2f35cac95,USER,モーションキャプチャースタジオ天井の高さは？,,2026-04-14 16:15:48.853110+08:00
01KP5GXAWYN06SM0QD2MPAQKK0,,63500ea1e063710144b9aea2f35cac95,AGENT,"モーションキャプチャースタジオの天井の高さはスタジオによって様々です。

例えば、株式会社活劇座 モーキャプスタジオ55では高天井でのワイヤーアクションに対応しています。また、株式会社スタジオアールイーでは4.8mの高さを活かしたワイヤーアクションの実績があります。

どのような撮影をご希望か、もう少し詳しくお聞かせいただけますでしょうか？",,2026-04-14 16:15:48.874747+08:00
01KP5GXAWYN06SM0QD2MPAQKK0,,63500ea1e063710144b9aea2f35cac95,USER,Digi-Cast HANEDA STUDIOは？,,2026-04-14 16:16:24.739671+08:00
01KP5GXAWYN06SM0QD2MPAQKK0,,63500ea1e063710144b9aea2f35cac95,AGENT,"Digi-Cast HANEDA STUDIOは、2026年2月竣工予定の新しいスタジオです。クレッセントの技術が集約される場所となります。

より詳細な情報や、スタジオ見学にご興味はございますか？",,2026-04-14 16:16:24.758857+08:00
01KP5GZ3SXJJYMQ9JKW5ZBJ1XV,,31a7dbd3dd696abd7ab15310e87edc5f,AGENT,皆様、こんにちは！ 株式会社クレッセントのアシスタント、ゲッペイと申します。ライブ配信などで活用できるVolu☆ME!、そして業界最高水準のモーションキャプチャシステムViconについてご紹介できます。,,2026-04-14 16:15:48.285558+08:00
01KP5GZ56DTFRDF7Y5G8XE53SN,,f1089015af215f13829fbc68129c69ff,AGENT,皆様、こんにちは。株式会社クレッセントのアシスタント、ゲッペイと申します。ライブ配信などで活用できるVolu☆ME!や、業界最高水準のモーションキャプチャシステムViconについてご紹介できます。,,2026-04-14 16:15:57.213093+08:00
01KP5GZF1J4SNC5K0HCY992HNS,,ec12c8aa40d165997ecb8129261a3040,AGENT,こんにちは！株式会社クレッセントのアシスタント、ゲッペイと申します。ライブ配信などで活用できるVolu☆ME!や、業界最高水準のモーションキャプチャシステムViconについてご紹介できます。,,2026-04-14 16:16:00.720955+08:00
01KP5H3AEJ7FJRCF131VDVHARM,,e928760b8035ab706f70bf640a06f28d,AGENT,株式会社クレッセントのアシスタント、ゲッペイと申します。ライブ配信などで活用できるVolu☆ME!と、業界最高水準のモーションキャプチャシステムViconについてご紹介できます。,,2026-04-14 16:18:07.659384+08:00
01KP5H3BF8VW6F0RKXFJXP6NQX,,25404530b1e42561a08368d38e0997dd,AGENT,こんにちは。私、株式会社クレッセントのアシスタント、ゲッペイと申します。ライブ配信などで活用できるVolu☆ME!や、業界最高水準のモーションキャプチャシステムViconについてご紹介できます。,,2026-04-14 16:18:44.007883+08:00
01KP5H3N4HM9NJEEDF269BQN2K,,63500ea1e063710144b9aea2f35cac95,AGENT,はじめまして。株式会社クレッセントのアシスタント、ゲッペイと申します。ライブ配信などで活用できるVolu☆ME!と、業界最高水準のモーションキャプチャシステムViconにご興味はございますか？,,2026-04-14 16:18:16.203001+08:00
01KP5HSXT4ZDKD8WD8M075T62G,,47daec7c0fae8a468bfa6b06106e99ad,AGENT,初めまして！ 私、株式会社クレッセントのアシスタント、ゲッペイと申します。ライブ配信などで活用できるVolu☆ME!や、業界最高水準のモーションキャプチャシステムViconについてご紹介できます。,,2026-04-14 16:30:28.584780+08:00
01KP5HXNEYT10WJN4XAKJADN2J,,dce640b724d5b671663671a844a306dc,AGENT,こんにちは！ 私、クレッセントのアシスタント、ゲッペイと申します。ライブ配信などで活用できるVolu☆ME!や、業界最高水準のモーションキャプチャシステムViconについてお話しできます。,,2026-04-14 16:32:30.305779+08:00
01KP5J58GR0QG2XXNVTHQSD1SY,,f2934d85f1b1ee0915160f8c015845bf,AGENT,皆様、こんにちは！ 株式会社クレッセントのアシスタント「ゲッペイ」と申します。ライブ配信などで活用できるVolu☆ME!、業界最高水準のモーションキャプチャシステムViconなど、弊社サービスについてお気軽にご質問ください。,,2026-04-14 16:36:38.451814+08:00
01KP5J6RRNKPJ586D0V34MTAFS,,65afc7e726129139c392185502de129a,AGENT,こんにちは、私は株式会社クレッセントのアシスタント、ゲッペイと申します。ライブ配信などで活用できるVolu☆ME!や、業界最高水準のモーションキャプチャシステムViconについてご興味はございますか？,,2026-04-14 16:37:28.276702+08:00
01KP5J87H82AMSD8G0375WXQAA,,f5e7348ff7c501317ef2977ed5c7a88a,AGENT,株式会社クレッセントのアシスタント、ゲッペイと申します。ライブ配信などで活用できるVolu☆ME!と、業界最高水準のモーションキャプチャシステムViconについてご紹介できます。,,2026-04-14 16:38:16.310385+08:00
01KP5JAW3VPC2H09H1TGYHGED0,,5e131e8f801097e5bf06850d13fd9165,AGENT,こんにちは、私は株式会社クレッセントのアシスタント、ゲッペイと申します。ライブ配信などで活用できるVolu☆ME!と、業界最高水準のモーションキャプチャシステムViconにご興味はございますか？,,2026-04-14 16:39:42.119112+08:00
01KP5JAW3VPC2H09H1TGYHGED0,,5e131e8f801097e5bf06850d13fd9165,USER,I'm Athena,,2026-04-14 16:39:45.480179+08:00
01KP5JAW3VPC2H09H1TGYHGED0,,5e131e8f801097e5bf06850d13fd9165,AGENT,"Athena様、はじめまして。ゲッペイと申します。

ライブ配信などで活用できるVolu☆ME!と、業界最高水準のモーションキャプチャシステムViconにご興味はございますか？",,2026-04-14 16:39:45.498143+08:00
01KP5JH2BM8KJ6HRDVK9B27ASB,,fb1b6b43d170406d029959d0f2e9e8cb,AGENT,株式会社クレッセントのアシスタント、ゲッペイと申します。ライブ配信などで活用できるVolu☆ME!や、業界最高水準のモーションキャプチャシステムViconについてご紹介できます。,,2026-04-14 16:43:04.194787+08:00
01KP5JXZFTXME2J1V1QQFCEM63,,332b4351b71de6871860750afaab627d,AGENT,月餅と申します。株式会社クレッセントのアシスタントです。ライブ配信などで活用できるVolu☆ME!と、業界最高水準のモーションキャプチャシステムViconにご興味はありませんか？,,2026-04-14 16:50:10.207608+08:00
01KP5KAM9SG9W9V436E1M67T2M,,9f866941c8a162388b810c28416f6906,AGENT,こんにちは！株式会社クレッセントのアシスタント、月餅です。ライブ配信などで活用できるVolu☆ME!や、業界最高水準のモーションキャプチャシステムViconについてご紹介できます。,,2026-04-14 16:57:02.914364+08:00
01KP5KG6HE96AYVFJ03HGQY5B8,,2b5fa26d7f4e3062d09ab865b4717b21,AGENT,こんにちは！株式会社クレッセントのアシスタント、ゲッペイと申します。ライブ配信などで活用できるVolu☆ME!、そして2026年最新スタジオについてご案内できます。,,2026-04-14 17:00:05.218506+08:00
01KP5KHYMX8A5A0HFVK49XAVC0,,01c243eb57265803cbcf9859106bb99f,AGENT,こんにちは、私は株式会社クレッセントのアシスタント、ゲッペイと申します。ライブ配信などで活用できるVolu☆ME!や、業界最高水準のモーションキャプチャシステムViconについてお話しできます。,,2026-04-14 17:01:04.230577+08:00
01KP5M9BVT2WWTNWFQCGF43H5X,,fa0e047606e880779a34781ee97955bb,AGENT,"皆様、こんにちは！ 私は株式会社クレッセントのアシスタント、ゲッペイと申します。

本日は、ライブ配信などで活用できる「Volu☆ME!」と、業界最高水準のモーションキャプチャシステム「Vicon」についてご案内できます。",,2026-04-14 17:14:31.343607+08:00
01KP5ME4NR33EMZ9AS51FBYJ4W,,b0160eddb716ed31c45d6735e73e31ac,AGENT,こんにちは！クレッセントのアシスタント、ゲッペイと申します。ライブ配信などで活用できるVolu☆ME!や、業界最高水準のモーションキャプチャシステムViconについてご紹介できます。,,2026-04-14 17:16:28.511838+08:00
01KP5MVWDGSX3VEC1NHJPGP64F,,58a85a80677b428933825af08ed6169d,AGENT,株式会社クレッセントのアシスタント、ゲッペイと申します。ライブ配信などで活用できるVolu☆ME!と、業界最高水準のモーションキャプチャシステムViconについてご紹介できます。,,2026-04-14 17:24:30.174000+08:00
01KP5MWBE0CHJZ1V3QD9S62RAB,,58a85a80677b428933825af08ed6169d,AGENT,"こんにちは！ 私は株式会社クレッセントのアシスタント、ゲッペイと申します。

ライブ配信などで活用できるVolu☆ME!、2026年最新スタジオに関する情報にご興味はございますか？",,2026-04-14 17:24:13.751540+08:00
01KP5N8CNYPQPPQD5QCD70BYHP,,53e9eedc284b9bbc393ad1f66b6c0134,AGENT,こんにちは！株式会社クレッセントのアシスタント、月餅（ゲッペイ）と申します。ライブ配信などで活用できるVolu☆ME!や、業界最高水準のモーションキャプチャシステムViconについてご紹介できます。,,2026-04-14 17:30:48.060730+08:00
01KP5NACK7YQGJD3HRQ08ZK5SX,,2fe9b9d53fdc127dde5c3af28f5d18c3,AGENT,はじめまして。株式会社クレッセントのアシスタント、ゲッペイと申します。ライブ配信などで活用できるVolu☆ME!や、業界最高水準のモーションキャプチャシステムViconについてご興味はありますでしょうか？,,2026-04-14 17:31:52.632357+08:00
01KP5NBKCVACCBSXJCK27P761M,,2fe9b9d53fdc127dde5c3af28f5d18c3,AGENT,お客様、こんにちは！株式会社クレッセントのアシスタント、ゲッペイと申します。ライブ配信などで活用できるVolu☆ME!、そして業界最高水準のモーションキャプチャシステムViconについてご紹介できます。,,2026-04-14 17:32:32.024449+08:00
01KP5NHMKVEJ5VZPHV195EG8JX,,2fe9b9d53fdc127dde5c3af28f5d18c3,AGENT,お客様、ようこそ。私、株式会社クレッセントのアシスタント、ゲッペイと申します。ライブ配信などで活用できるVolu☆ME!と、業界最高水準のモーションキャプチャシステムViconについてご紹介できますが、どちらにご興味がありますか？,,2026-04-14 17:35:49.584852+08:00
01KP5NP5NW403Y0XBYN84H3255,,2fe9b9d53fdc127dde5c3af28f5d18c3,AGENT,"こんにちは！ 株式会社クレッセントのアシスタント、ゲッペイと申します。

ライブ配信などで活用できるVolu☆ME!と、業界最高水準のモーションキャプチャシステムViconにご興味はございますか？",,2026-04-14 17:38:17.809609+08:00
01KP5NRZ02JRH5RKCQTXNSR5MY,,0541f5272a6c41f69978fdf0fa27b153,AGENT,株式会社クレッセントのアシスタント、ゲッペイと申します。ライブ配信などで活用できるVolu☆ME!と業界最高水準のモーションキャプチャシステムViconについてご紹介できます。,,2026-04-14 17:39:49.921599+08:00
01KP5P2JJXRRJNMAB4FWBAND30,,6b066d8f4cc5aeb97581c4586e9ffff9,AGENT,はじめまして！ 私は株式会社クレッセントのアシスタント、月餅（ゲッペイ）と申します。ライブ配信などで活用できるVolu☆ME!と業界最高水準のモーションキャプチャシステムViconについてご紹介できます。,,2026-04-14 17:45:05.380809+08:00
01KP5P3JGCYM1FRZRDCTCV5BTN,,bc013d4ecbc6853dbd7e22f0fe3239ad,AGENT,"月餅と申します。株式会社クレッセントのアシスタントです。
ライブ配信などで活用できるVolu☆ME!や、業界最高水準のモーションキャプチャシステムViconなど、クレッセントの最新技術にご興味はありますか？",,2026-04-14 17:45:52.089384+08:00
01KP5P4VCSNRXCEXQCCC5PBY39,,631492703ec6273ae4b9de1160ff9721,AGENT,"こんにちは、私は株式会社クレッセントのアシスタント、ゲッペイと申します。
ライブ配信などで活用できるVolu☆ME!や、業界最高水準のモーションキャプチャシステムViconについてご興味はございますか？",,2026-04-14 17:46:19.096046+08:00
01KP5PH7PFSR82SP1W355QHTC7,,617607bf8ec437d931c7beb368ec5b20,AGENT,お客様、こんにちは！私は株式会社クレッセントのアシスタント、月餅（ゲッペイ）と申します。ライブ配信などで活用できるVolu☆ME!や、業界最高水準のモーションキャプチャシステムViconについてご興味はございませんか？,,2026-04-14 17:53:06.111477+08:00
01KP5Q49WPWBKAVJD7V1SASNCC,,ea63dc569431ac2d16a6d5e2a38e6633,AGENT,いらっしゃいませ。株式会社クレッセントのアシスタント、ゲッペイと申します。ライブ配信などで活用できるVolu☆ME!、業界最高水準のモーションキャプチャシステムViconなどがございますが、どちらにご興味がございますか？,,2026-04-14 18:03:29.879835+08:00
01KP5QDNN548ZMKTHYYS7FSJPA,,8e45a65efc67a0d4dd7870db4a3e7288,AGENT,初めまして。私、株式会社クレッセントのアシスタント、ゲッペイと申します。ライブ配信などで活用できるVolu☆ME!や、業界最高水準のモーションキャプチャシステムViconについてご紹介できます。,,2026-04-14 18:08:37.929886+08:00
01KP5QFM9C9XJ655BMZGQQMY9R,,feb307a0b70dc8adac108b3d43e1c6a8,AGENT,株式会社クレッセントのアシスタント、月餅です。ライブ配信などで活用できるVolu☆ME!と、業界最高水準のモーションキャプチャシステムViconについてご紹介できます。,,2026-04-14 18:11:02.513715+08:00
01KP5QW7NP3QDP3VZ0112Q74RQ,,99ac9840bbf41adab9a44249a53c27ba,AGENT,こんにちは、私は株式会社クレッセントのアシスタント、ゲッペイと申します。ライブ配信などで活用できるVolu☆ME!と、業界最高水準のモーションキャプチャシステムViconについてご紹介できます。,,2026-04-14 18:16:34.378379+08:00
01KP5R1GR826VDX918KWGQMYZY,,8e45a65efc67a0d4dd7870db4a3e7288,AGENT,株式会社クレッセントのアシスタント、ゲッペイと申します。ライブ配信などで活用できるVolu☆ME!と業界最高水準のモーションキャプチャシステムViconについてご紹介できます。,,2026-04-14 18:19:28.083169+08:00
01KP5RZGAB6VXS63SD8ARYP7XH,,50eb6d4ddc6c3fc6e53e64e396b86b82,AGENT,いらっしゃいませ！私は株式会社クレッセントのアシスタント、ゲッペイと申します。ライブ配信などで活用できるVolu☆ME!や、業界最高水準のモーションキャプチャシステムViconについてご紹介できます。,,2026-04-14 18:35:49.131521+08:00
01KP5S432TXA10NK7CJ3XQ3QC4,,50eb6d4ddc6c3fc6e53e64e396b86b82,AGENT,ようこそお越しくださいました！私は株式会社クレッセントのアシスタント、ゲッペイと申します。ライブ配信などで活用できるVolu☆ME!や、業界最高水準のモーションキャプチャシステムViconについてお話しできます。,,2026-04-14 18:38:19.192399+08:00
01KP5SCB7DEBQ07TDDKVXCYEX5,,50eb6d4ddc6c3fc6e53e64e396b86b82,AGENT,"こんにちは！私、株式会社クレッセントのアシスタント、ゲッペイと申します。

ライブ配信などで活用できるVolu☆ME!、業界最高水準のモーションキャプチャシステムViconについてご興味はございませんか？",,2026-04-14 18:42:54.001557+08:00
01KP5SCG5ET1ZDHSGKY56WSCDY,,50eb6d4ddc6c3fc6e53e64e396b86b82,AGENT,ようこそ！ 私、株式会社クレッセントのアシスタント、ゲッペイと申します。ライブ配信などで活用できるVolu☆ME!や、業界最高水準のモーションキャプチャシステムViconなどにご興味はございますか？,,2026-04-14 18:43:00.473373+08:00
01KP5SKGCZSYSFTTBAMGATZ6KV,,fa1527a888d4cd49e1428f2c49748b63,AGENT,"こんにちは、私は株式会社クレッセントのアシスタント、ゲッペイと申します。

ライブ配信などで活用できるVolu☆ME!や、業界最高水準のモーションキャプチャシステムViconについてご興味はありますか？",,2026-04-14 18:46:44.268048+08:00
01KP5SMN1HRPT4E25261A1JKGC,,9b61598194eb34269905d13859a0ff1e,AGENT,"ゲッペイと申します。株式会社クレッセントのアシスタントです。
ライブ配信などで活用できるVolu☆ME!、業界最高水準のモーションキャプチャシステムVicon、どちらにご興味がありますか？",,2026-04-14 18:47:22.673626+08:00
01KP5TEGACY147AB2AFQ9PHHJ2,,886c2f5098c0dfd85a0669e0f445124c,AGENT,はじめまして。株式会社クレッセントのアシスタント、ゲッペイと申します。ライブ配信などで活用できるVolu☆ME!と業界最高水準のモーションキャプチャシステムViconについてご紹介できます。,,2026-04-14 19:01:30.374728+08:00
01KP5TEMEJ8W2T207RGSR47XT5,,886c2f5098c0dfd85a0669e0f445124c,AGENT,はじめまして。株式会社クレッセントのアシスタント、ゲッペイと申します。ライブ配信などで活用できるVolu☆ME!や、業界最高水準のモーションキャプチャシステムViconについてご興味はありませんか？,,2026-04-14 19:01:34.272479+08:00
01KP5TEY08MWS60JCBND6T3HB9,,f0a5f35a4afe800cd550ccd6ee94f3b8,AGENT,株式会社クレッセントのアシスタント、月餅と申します。ライブ配信などで活用できるVolu☆ME!や、業界最高水準のモーションキャプチャシステムViconについてご紹介できます。,,2026-04-14 19:01:42.651909+08:00
01KP5TF2D0SM73VBMWJHJ3D1FP,,886c2f5098c0dfd85a0669e0f445124c,AGENT,こんにちは！ 私、クレッセントのゲッペイと申します。ライブ配信などで活用できるVolu☆ME!、業界最高水準のモーションキャプチャシステムViconなどがございますが、ご興味はございますか？,,2026-04-14 19:01:57.418079+08:00
01KP5TF316B0HK991D0J723N3K,,886c2f5098c0dfd85a0669e0f445124c,AGENT,ゲッペイと申します。株式会社クレッセントのアシスタントをしております。何かご不明な点がありましたら、お気軽にお声がけください。,,2026-04-14 19:02:02.153879+08:00
01KP5TF5DMPN1GESVKAXPFFK3B,,886c2f5098c0dfd85a0669e0f445124c,AGENT,月餅と申します。株式会社クレッセントのアシスタントです。ライブ配信などで活用できるVolu☆ME!と、業界最高水準のモーションキャプチャシステムViconについてご紹介できます。,,2026-04-14 19:02:05.633524+08:00
01KP5TFYS9WG1A21XQS1RBT773,,886c2f5098c0dfd85a0669e0f445124c,AGENT,初めまして！株式会社クレッセントのアシスタント、ゲッペイと申します。ライブ配信などで活用できるVolu☆ME!、2026年最新スタジオについてご案内できます。,,2026-04-14 19:02:17.334687+08:00
01KP5TGHZTQ9TC6N19HDKWK3RV,,886c2f5098c0dfd85a0669e0f445124c,AGENT,初めまして。私、株式会社クレッセントのアシスタント、ゲッペイと申します。ライブ配信などで活用できるVolu☆ME!と業界最高水準のモーションキャプチャシステムViconにご興味はございますか？,,2026-04-14 19:02:36.887497+08:00
01KP5TREXT9YAVZBHRAX5Z8TBX,,f7acc7d4fa4363711f96fa104613ddec,AGENT,こんにちは。株式会社クレッセントのアシスタント、月餅（ゲッペイ）と申します。ライブ配信などで活用できるVolu☆ME!や、業界最高水準のモーションキャプチャシステムViconについてご紹介できます。,,2026-04-14 19:06:56.068415+08:00
01KP5TRH9N3M20FMF2NV0NEE29,,bb5816dbe0f61655184b4a4345cec3a8,AGENT,いらっしゃいませ。株式会社クレッセントのアシスタント、月餅（ゲッペイ）と申します。ライブ配信などで活用できるVolu☆ME!や、業界最高水準のモーションキャプチャシステムViconなどにご興味はございますか？,,2026-04-14 19:07:00.478459+08:00
01KP5TSZ4JWBKBF0PG0XMT233W,,617607bf8ec437d931c7beb368ec5b20,AGENT,ゲッペイと申します。株式会社クレッセントのアシスタントです。何かご質問はございますか？,,2026-04-14 19:07:46.955414+08:00
01KP5TW2R5YXSNF9BZFMN2ZS9G,,f0a5f35a4afe800cd550ccd6ee94f3b8,AGENT,お客様、こんにちは。私、株式会社クレッセントのアシスタント、ゲッペイと申します。ライブ配信などで活用できるVolu☆ME!や、業界最高水準のモーションキャプチャシステムViconについてお話しできます。,,2026-04-14 19:08:54.498029+08:00
01KP5TZNP37G1N6621HT7NK0HV,,f0a5f35a4afe800cd550ccd6ee94f3b8,AGENT,株式会社クレッセントのアシスタント、ゲッペイと申します。ライブ配信などで活用できるVolu☆ME!や、業界最高水準のモーションキャプチャシステムViconについてご紹介できます。,,2026-04-14 19:10:51.766786+08:00
01KP5V2BZ0CKP3VP7ZZCZ2S9V9,,be0dadee7657a6ad0ec346a991de32c6,AGENT,こんにちは、私は株式会社クレッセントのアシスタント、ゲッペイと申します。ライブ配信などで活用できるVolu☆ME!や、業界最高水準のモーションキャプチャシステムViconについてご興味はございませんか？,,2026-04-14 19:24:20.584829+08:00
01KP5V5W91D9SD83PVGJ6SGYDX,,9f5d05ad7542670d79e5d10f315b6027,AGENT,こんにちは！私、株式会社クレッセントのアシスタント、ゲッペイと申します。ライブ配信などで活用できるVolu☆ME!、業界最高水準のモーションキャプチャシステムViconについてご興味はありますか？,,2026-04-14 19:14:17.122921+08:00
01KP5V60JN1CEREWEN7G1QZT19,,9f5d05ad7542670d79e5d10f315b6027,AGENT,月餅ちゃんと申します。株式会社クレッセントのアシスタントです。ライブ配信などで活用できるVolu☆ME!と、業界最高水準のモーションキャプチャシステムViconにご興味はありませんか？,,2026-04-14 19:14:19.964923+08:00
01KP5VQ8DVAR4P53B0EE5VMX81,,9d3891fe2501bcea22b75f2fa9456875,AGENT,皆様、こんにちは。株式会社クレッセントのアシスタント、ゲッペイと申します。ライブ配信などで活用できるVolu☆ME!や、業界最高水準のモーションキャプチャシステムViconについてご紹介できます。,,2026-04-14 19:23:53.179409+08:00
01KP5VQGJEPVG1QN4ZBS949ZW1,,ff65b251f6ad80d856be17458b94f8de,AGENT,"こんにちは！私、株式会社クレッセントのアシスタント、ゲッペイと申します。

ライブ配信などで活用できるVolu☆ME!や、業界最高水準のモーションキャプチャシステムViconにご興味はございますか？",,2026-04-14 19:23:53.172633+08:00
01KP5VVQ01KEC57PEWN5Z05XCW,,9d3891fe2501bcea22b75f2fa9456875,AGENT,はじめまして。私、株式会社クレッセントのアシスタント、ゲッペイと申します。ライブ配信などで活用できるVolu☆ME!、業界最高水準のモーションキャプチャシステムViconについてご紹介できます。,,2026-04-14 19:26:14.811153+08:00
01KP5WN9HA9KRD3XTDN2FFNCHV,,be9e57805ce3f0fabf774eaebfdfd16e,AGENT,株式会社クレッセントのアシスタント、ゲッペイと申します。ライブ配信などで活用できるVolu☆ME!や、業界最高水準のモーションキャプチャシステムViconについてご紹介できます。,,2026-04-14 19:40:08.958649+08:00
01KP5X8ZCRZWEJAC78WW9AW87G,,a2f56d43ec010f7f4a8ce6af2fc61ce8,AGENT,株式会社クレッセントのアシスタント、ゲッペイと申します。ライブ配信などで活用できるVolu☆ME!や、業界最高水準のモーションキャプチャシステムViconについてご紹介できます。,,2026-04-14 19:50:53.695730+08:00
01KP5ZBES7YQ0TNKBD31M918RK,,e355c78842d62b5a302ca5edff3664b7,AGENT,月餅と申します。株式会社クレッセントのアシスタントです。何かご不明な点はございませんか？ ライブ配信などで活用できるVolu☆ME!と、業界最高水準のモーションキャプチャシステムViconについてご案内できます。,,2026-04-14 20:27:15.425983+08:00
01KP5ZJ6MVMREBQAYS6BH37W6B,,e355c78842d62b5a302ca5edff3664b7,AGENT,初めまして。私、株式会社クレッセントのアシスタント、ゲッペイと申します。ライブ配信などで活用できるVolu☆ME!や、業界最高水準のモーションキャプチャシステムViconについてご紹介できます。,,2026-04-14 20:30:55.294820+08:00
01KP5ZW2T8A1VVABQT89XG8FA5,,f818f8e110578171eccfd05ca2a553e0,AGENT,はじめまして！ 株式会社クレッセントのアシスタント、ゲッペイと申します。ライブ配信などで活用できるVolu☆ME!と、業界最高水準のモーションキャプチャシステムViconにご興味はありますか？,,2026-04-14 20:36:21.500946+08:00
01KP5ZWTRH1PRQKBZXBVAN092S,,f818f8e110578171eccfd05ca2a553e0,AGENT,月餅と申します。クレッセントのアシスタントです。ライブ配信などで活用できるVolu☆ME!と業界最高水準のモーションキャプチャシステムViconについてご紹介できますが、どちらにご興味がありますか？,,2026-04-14 20:36:41.646130+08:00
01KP61F01KK415ZPYGWR9SNEVX,,4d963d4d1692533e9939ee99de029db5,AGENT,月餅と申します。株式会社クレッセントのアシスタントをしております。,,2026-04-14 21:04:07.434952+08:00
01KP628ZDZVEKSGQHG5Y177XA2,,8927b4d8372dd2dba2583c020c162a8a,AGENT,皆様、こんにちは。株式会社クレッセントのアシスタント、ゲッペイと申します。ライブ配信などで活用できるVolu☆ME!や、業界最高水準のモーションキャプチャシステムViconについてご紹介できます。,,2026-04-14 21:18:17.902992+08:00
01KP62Z110MV4Q796N9TQGPZ1G,,2484a4f1d9c5eb470af9afc33d221260,AGENT,皆様、こんにちは！ 私は株式会社クレッセントのアシスタント、ゲッペイと申します。ライブ配信などで活用できるVolu☆ME!と、業界最高水準のモーションキャプチャシステムViconにご興味はございますか？,,2026-04-14 21:30:19.906956+08:00
01KP64TAM3V4V19PFRQJCXWHJX,,8927b4d8372dd2dba2583c020c162a8a,AGENT,初めまして。私、株式会社クレッセントのアシスタント、ゲッペイと申します。ライブ配信などで活用できるVolu☆ME!と、業界最高水準のモーションキャプチャシステムViconについてご紹介できます。,,2026-04-14 22:02:42.525893+08:00
01KP66A4K7F576SA5P9Z3AG7R1,,8927b4d8372dd2dba2583c020c162a8a,AGENT,初めまして。私、株式会社クレッセントのアシスタント、ゲッペイと申します。ライブ配信などで活用できるVolu☆ME!や、業界最高水準のモーションキャプチャシステムViconについてお話しできます。,,2026-04-14 22:28:49.493534+08:00
01KP68MF8R56VF3AMYC7MTYBRD,,85aec5a7b633f257d6ca8eb58cff41ba,AGENT,株式会社クレッセントのアシスタント、月餅と申します。ライブ配信などで活用できるVolu☆ME!、業界最高水準のモーションキャプチャシステムViconなど、弊社には様々なソリューションがございます。,,2026-04-14 23:09:29.380762+08:00
01KP6A3V6SCHJ8QBNQKT4GJ3HG,,cbf475f8a933943da8e3923a754b73d8,AGENT,こんにちは！私、株式会社クレッセントのアシスタント、ゲッペイと申します。ライブ配信などで活用できるVolu☆ME!、業界最高水準のモーションキャプチャシステムViconなど、クレッセントが提供するサービスについて、お気軽にご質問ください。,,2026-04-14 23:35:17.718535+08:00
01KP6ACMPG5N3CM0ZK5Y3YV12V,,b26fe74f1058a1e83476d409e9b34469,AGENT,はじめまして。株式会社クレッセントのアシスタント、ゲッペイと申します。ライブ配信などで活用できるVolu☆ME!と、2026年最新スタジオについてご案内できます。,,2026-04-14 23:40:06.827383+08:00
01KP6B8JD4X6WGHPCV81FHXE6S,,6d503bbb67cf69d61e19558cb68b2437,AGENT,皆様、こんにちは。株式会社クレッセントのアシスタント、ゲッペイと申します。ライブ配信などで活用できるVolu☆ME!、そして業界最高水準のモーションキャプチャシステムViconについてご紹介できます。,,2026-04-14 23:55:21.015712+08:00
01KP6FVDNKDA17B5D045BJ14CK,,26ffac8900a82bb54bb64cf4bf0b028c,AGENT,いらっしゃいませ。私が株式会社クレッセントのアシスタント、ゲッペイと申します。ライブ配信などで活用できるVolu☆ME!、業界最高水準のモーションキャプチャシステムViconにご興味はございますか？,,2026-04-15 01:15:35.253823+08:00
01KP6FZWSTGYV2P9XJRN5F8282,,be1be9ec055a5a9b33ae9385d12c65d8,AGENT,皆様、こんにちは！ 株式会社クレッセントのアシスタント、ゲッペイと申します。ライブ配信などで活用できるVolu☆ME!、業界最高水準のモーションキャプチャシステムViconについてご興味はありませんか？,,2026-04-15 01:18:01.084090+08:00
01KP6JDH0910Z5BM8ZZW51K07Q,,26ffac8900a82bb54bb64cf4bf0b028c,AGENT,"こんにちは！私は株式会社クレッセントのアシスタント、ゲッペイと申します。

最新のモーションキャプチャ技術に特化したスタジオにご興味はありませんか？それとも、業界最高水準のモーションキャプチャシステムViconについて詳しく知りたいですか？",,2026-04-15 02:00:25.324203+08:00
01KP6NEY2K6783265YE5J85H7F,,465999933effb9852a2c3ccf4c2bfad0,AGENT,ゲッペイと申します。クレッセントのアシスタントです。ライブ配信などで活用できるVolu☆ME!と、業界最高水準のモーションキャプチャシステムViconにご興味はありませんか？,,2026-04-15 02:53:39.240266+08:00
01KP6NFGBEAPAPT76RZHE76PYY,,465999933effb9852a2c3ccf4c2bfad0,AGENT,はじめまして。株式会社クレッセントのアシスタント、ゲッペイと申します。ライブ配信などで活用できるVolu☆ME!と業界最高水準のモーションキャプチャシステムViconについてご紹介できますが、ご興味はございますか？,,2026-04-15 02:53:56.097133+08:00
01KP6Y5S3A24HYCSQ7NGNZH3KG,,02e75fba159484f5e511b00a4305e3bc,AGENT,株式会社クレッセントのアシスタント、月餅です。ライブ配信などで活用できるVolu☆ME!と、業界最高水準のモーションキャプチャシステムViconにご興味はありますか？,,2026-04-15 05:25:52.682685+08:00
01KP6ZBRJNQWX6N0KJRVREPQHM,,ec17da81e66a2e5c88d04355ea8b7de3,AGENT,株式会社クレッセントのアシスタント、月餅です。ライブ配信などで活用できるVolu☆ME!、業界最高水準のモーションキャプチャシステムViconなどがございますが、ご興味はございますか？,,2026-04-15 05:46:38.213663+08:00
01KP71EXJST2SRZEP6808SKAWH,,4a79fc98c23589c664e642a1fecacbea,AGENT,株式会社クレッセントのアシスタント、月餅です。ライブ配信などで活用できるVolu☆ME!、そして業界最高水準のモーションキャプチャシステムViconについてご紹介できます。,,2026-04-15 06:23:20.675063+08:00
01KP71EXJST2SRZEP6808SKAWH,,4a79fc98c23589c664e642a1fecacbea,USER,I'm Athena,,2026-04-15 06:23:26.579745+08:00
01KP71EXJST2SRZEP6808SKAWH,,4a79fc98c23589c664e642a1fecacbea,AGENT,"Athenaさん、こんにちは！月餅です。

なにかご質問はありますか？それとも、当社のモーションキャプチャ技術やライブ配信ソリューションについて詳しく知りたいですか？",,2026-04-15 06:23:26.594216+08:00
01KP75GVAQB3C5NNQZGHZS5EGT,,157da4b2358bbe5415e73be5a1af5a5a,AGENT,はじめまして。株式会社クレッセントのアシスタント、ゲッペイと申します。ライブ配信などで活用できるVolu☆ME!や、業界最高水準のモーションキャプチャシステムViconについてご紹介できます。,,2026-04-15 07:34:16.030356+08:00
01KP76K5QDPVJFGBXZ77SCG8RG,,8e03e26b63263effff355b30b84a09fd,AGENT,株式会社クレッセントのアシスタント、ゲッペイと申します。ライブ配信などで活用できるVolu☆ME!と、2026年最新スタジオについてご案内できます。,,2026-04-15 07:53:00.133976+08:00
01KP783WAD9G7DEEW8286AWEJM,,102383b30c65c2a81a54e0163e4129b1,AGENT,はじめまして。株式会社クレッセントのアシスタント、ゲッペイと申します。ライブ配信などで活用できるVolu☆ME!や、業界最高水準のモーションキャプチャシステムViconについてご興味はございますか？,,2026-04-15 08:19:40.533314+08:00
01KP788WMN9SFMSG8VV5R6HQ6B,,9d29f8ea3a68182686b6dd9a37a2ff96,AGENT,ようこそ！ 私は株式会社クレッセントのアシスタント、ゲッペイと申します。ライブ配信などで活用できるVolu☆ME!、業界最高水準のモーションキャプチャシステムViconなど、弊社は幅広いソリューションを提供しています。,,2026-04-15 08:22:21.925408+08:00
01KP78KCWF7R0T3K3F4J0HA7NV,,efd1a5ff3374742323c5808c4f92b08e,AGENT,いらっしゃいませ。わたくしは株式会社クレッセントのアシスタント、ゲッペイと申します。ライブ配信などで活用できるVolu☆ME!、業界最高水準のモーションキャプチャシステムViconなどがございますが、いかがでしょうか？,,2026-04-15 08:28:04.566386+08:00
01KP78QEQX2TM4298AS3GDY0EB,,be6e24c681ce943f73e0435d5d925864,AGENT,株式会社クレッセントのアシスタント、ゲッペイと申します。ライブ配信などで活用できるVolu☆ME!や、業界最高水準のモーションキャプチャシステムViconについてご紹介できます。,,2026-04-15 08:30:23.005333+08:00
01KP78ZSPEEVYXVMBQV03JTEFA,,0d6b56a498ac42604aafdaca938bb774,AGENT,お客様、ようこそいらっしゃいました！株式会社クレッセントのアシスタント、ゲッペイと申します。ライブ配信などで活用できるVolu☆ME!と業界最高水準のモーションキャプチャシステムViconについてご紹介できます。,,2026-04-15 08:34:50.817323+08:00
01KP792X627PGDYC7E0X6Y8EFW,,8d2a9883fa3ea8432763ac08aecdb3bb,AGENT,月餅と申します。株式会社クレッセントのアシスタントです。 Viconや最新の羽田スタジオについて、何かご興味はございますか？,,2026-04-15 08:36:39.655589+08:00
01KP795YXYT2XCBSKAQACW61ZA,,856492319e996d32f979267bef0ba7f3,AGENT,株式会社クレッセントのアシスタント、月餅と申します。ライブ配信などで活用できるVolu☆ME!、2026年最新スタジオ、どちらにご興味がございますか？,,2026-04-15 08:38:12.631462+08:00
01KP79612YET0SE38RNHET2HGK,,33bc43a10694ecf14c043cdd4cdc615a,AGENT,"こんにちは！ゲッペイと申します。株式会社クレッセントのアシスタントです。

ライブ配信などで活用できるVolu☆ME!、業界最高水準のモーションキャプチャシステムViconにご興味はございますか？",,2026-04-15 08:38:19.513825+08:00
01KP796VXJM6H00WDH28EJ0JVQ,,8d234ab8e078df2a54eb94412c0c6020,AGENT,株式会社クレッセントのアシスタント、ゲッペイと申します。ライブ配信などで活用できるVolu☆ME!や、業界最高水準のモーションキャプチャシステムViconについてご紹介できます。,,2026-04-15 08:38:50.489053+08:00
01KP797FZJSBA833781SJEJWNT,,e9ff0990df2649de4d21f0918f16188a,AGENT,皆様、こんにちは！ 株式会社クレッセントのアシスタント、ゲッペイと申します。ライブ配信などで活用できるVolu☆ME!や、業界最高水準のモーションキャプチャシステムViconについてお話しできます。,,2026-04-15 08:39:06.793602+08:00
01KP7983HP3SBR4WA00CR8ZEKQ,,d84d2e68a25a1f2769a8cc2697057f9b,AGENT,こんにちは！株式会社クレッセントのアシスタント、月餅（ゲッペイ）と申します。ライブ配信などで活用できるVolu☆ME!や、業界最高水準のモーションキャプチャシステムViconについてご紹介できます。,,2026-04-15 08:39:26.495444+08:00
01KP798R4TABM5AZ9K5XENJFEV,,656ef11ff367814dcbd432eab30beafe,AGENT,こんにちは！私、株式会社クレッセントのアシスタント、ゲッペイと申します。ライブ配信などで活用できるVolu☆ME!や、業界最高水準のモーションキャプチャシステムViconについてご紹介できます。,,2026-04-15 08:39:47.634266+08:00
01KP798TE6NMB81FHH5MCR4565,,bc07633ebe880cc005bf99e0c23f521e,AGENT,"ぴえん、失礼いたしました。どのようなご用件でしょうか？
",,2026-04-15 08:39:51.179644+08:00
01KP798VXT08PG9JPVQ49TX9XE,,d84d2e68a25a1f2769a8cc2697057f9b,AGENT,お客様、こんにちは。私は株式会社クレッセントのアシスタント、ゲッペイと申します。ライブ配信などで活用できるVolu☆ME!、業界最高水準のモーションキャプチャシステムViconなど、クレッセントの最新技術にご興味はございますか？,,2026-04-15 08:39:48.701122+08:00
01KP79AWJ95MTGQYCRBZZVBB2V,,e9ff0990df2649de4d21f0918f16188a,AGENT,はじめまして。株式会社クレッセントのアシスタント、ゲッペイと申します。ライブ配信などで活用できるVolu☆ME!と業界最高水準のモーションキャプチャシステムViconについてご紹介できます。,,2026-04-15 08:40:56.642284+08:00
01KP79F6MSC88XV5QA82KF6FVY,,6e20fdaaffbdee87c7c60d729f369410,AGENT,ようこそ、お客様。私、クレッセントのアシスタント、ゲッペイと申します。ライブ配信などで活用できるVolu☆ME!や、業界最高水準のモーションキャプチャシステムViconについてご紹介できます。,,2026-04-15 08:43:15.459315+08:00
01KP79FN9E9K4EYF6MYD0VEXMP,,6e20fdaaffbdee87c7c60d729f369410,AGENT,こんにちは！クレッセントのアシスタント、ゲッペイと申します。ライブ配信などで活用できるVolu☆ME!、そして業界最高水準のモーションキャプチャシステムViconについてご紹介できます。,,2026-04-15 08:43:30.413253+08:00
01KP79NJJC7ECMV9GBDCRD28XS,,6e20fdaaffbdee87c7c60d729f369410,AGENT,こんにちは！ 株式会社クレッセントのアシスタント、月餅です。ライブ配信などで活用できるVolu☆ME!と、業界最高水準のモーションキャプチャシステムViconにご興味はございますか？,,2026-04-15 08:46:44.329483+08:00
01KP79X65WRJ03PS8YKQFG8XDS,,de15ecdc8657467f888b97ffa1803630,AGENT,株式会社クレッセントのアシスタント、ゲッペイと申します。ライブ配信などで活用できるVolu☆ME!や、業界最高水準のモーションキャプチャシステムViconについてご紹介できます。,,2026-04-15 08:50:53.657214+08:00
01KP7A5TGF5KNQBPDJVF5WVJMF,,e3560daf751f66b43033fbd87d90e798,AGENT,皆様、こんにちは！ 株式会社クレッセントのアシスタント、ゲッペイと申します。ライブ配信などで活用できるVolu☆ME!、そして業界最高水準のモーションキャプチャシステムViconについてご紹介できます。,,2026-04-15 08:55:39.353175+08:00
01KP7A9B95XS9AQYF064FV30CH,,29a39f705514094d85a2642b383c1b2c,AGENT,クレッセントのアシスタント、ゲッペイと申します。ライブ配信などで活用できるVolu☆ME!、業界最高水準のモーションキャプチャシステムViconなど、クレッセントの最新技術にご興味はございますか？,,2026-04-15 08:57:36.415952+08:00
01KP7AAFZZMMBARWYAY1V60YAX,,e3560daf751f66b43033fbd87d90e798,AGENT,月餅ちゃんと申します。株式会社クレッセントのアシスタントです。ライブ配信などで活用できるVolu☆ME!と業界最高水準のモーションキャプチャシステムViconについてご案内できます。,,2026-04-15 08:58:10.337282+08:00
01KP7AFXP5N0GJQTWHNSQEGS23,,0d6b56a498ac42604aafdaca938bb774,AGENT,お客様、こんにちは。私、株式会社クレッセントのアシスタント、ゲッペイと申します。ライブ配信などで活用できるVolu☆ME!や、業界最高水準のモーションキャプチャシステムViconについてご紹介できます。,,2026-04-15 09:01:06.205795+08:00
01KP7AG4K3TFZ3YMAE41D05F8V,,0d6b56a498ac42604aafdaca938bb774,AGENT,皆様、こんにちは。株式会社クレッセントのアシスタント、ゲッペイと申します。ライブ配信などで活用できるVolu☆ME!、そして業界最高水準のモーションキャプチャシステムViconについて、何かご質問はございますでしょうか。,,2026-04-15 09:01:14.166511+08:00
01KP7ANA2S4QW988PHGY3RSZFE,,e3560daf751f66b43033fbd87d90e798,AGENT,こんにちは！ 私、クレッセントのアシスタント、ゲッペイと申します。ライブ配信などで活用できるVolu☆ME!と、2026年最新スタジオについてご紹介できます。,,2026-04-15 09:04:05.186304+08:00
01KP7AWWTR2M0KERK8GNFE5EYV,,0ccc9f497f18b0c30628e066b15f2d0f,AGENT,初めまして。私、株式会社クレッセントのアシスタント「ゲッペイ」と申します。ライブ配信などで活用できるVolu☆ME!や、業界最高水準のモーションキャプチャシステムViconなどにご興味はございますか？,,2026-04-15 09:08:15.543880+08:00
01KP7AZ55KHGZFCJTPWYXX3NJF,,2e527a6275ed216556f161b222ec9f35,AGENT,はじめまして。株式会社クレッセントのアシスタント、ゲッペイと申します。ライブ配信などで活用できるVolu☆ME!や、業界最高水準のモーションキャプチャシステムViconについてご紹介できます。,,2026-04-15 09:09:26.676003+08:00
01KP7B1QAEKT92BEZ8ZRV099S5,,c187803cc1dc1d3273627f212824c979,AGENT,月餅です。クレッセントのアシスタントをしています。Viconのシステムや2026年最新のスタジオについてご興味はありませんか？,,2026-04-15 09:10:50.909099+08:00
01KP7B1R6AVJWJ1MYW2P4W5G9W,,afb1cab605976e257495767af9e347e2,AGENT,こんにちは！ 私は株式会社クレッセントのアシスタント、ゲッペイと申します。ライブ配信などで活用できるVolu☆ME!、そして業界最高水準のモーションキャプチャシステムViconについてご紹介できます。,,2026-04-15 09:10:51.818702+08:00
01KP7B22HX0FHHW5H4WR2A5TAE,,dd8fcc9d2c81ef54880e8474bf27754f,AGENT,月餅と申します。クレッセントのアシスタントを務めております。ライブ配信などで活用できるVolu☆ME!や、業界最高水準のモーションキャプチャシステムViconについてご興味はございますか？,,2026-04-15 09:11:03.506494+08:00
01KP7B34CH3PJQTBBEWKGAGZQP,,c187803cc1dc1d3273627f212824c979,AGENT,ようこそ！私、株式会社クレッセントのアシスタント、ゲッペイと申します。ライブ配信などで活用できるVolu☆ME!、業界最高水準のモーションキャプチャシステムViconなど、ご興味はございますか？,,2026-04-15 09:11:37.054813+08:00
01KP7B8N4Y5DXQYV2G65J3YDPT,,94d1ec8d3c70279a4b5c3c615cf9f42b,AGENT,"こんにちは、私は株式会社クレッセントのアシスタント、ゲッペイと申します。

ライブ配信などで活用できるVolu☆ME!や、業界最高水準のモーションキャプチャシステムViconについてご興味はございませんか？",,2026-04-15 09:14:41.225613+08:00
01KP7BAJX22WDEZQAZWEFKGGT5,,25404530b1e42561a08368d38e0997dd,AGENT,こんにちは。株式会社クレッセントのアシスタント、ゲッペイと申します。ライブ配信などで活用できるVolu☆ME!や、業界最高水準のモーションキャプチャシステムViconについてご紹介できます。,,2026-04-15 09:15:40.401888+08:00
01KP7BDASX7K60EFP7BGNA8N6C,,f383c41dd495958f470d77e05585635a,AGENT,株式会社クレッセントのアシスタント、ゲッペイと申します。ライブ配信などで活用できるVolu☆ME!と、業界最高水準のモーションキャプチャシステムViconについてご紹介できます。,,2026-04-15 09:17:11.248283+08:00
01KP7BRFPCZS80HBGQ1AC75VK0,,f383c41dd495958f470d77e05585635a,AGENT,こんにちは！株式会社クレッセントのアシスタント、月餅（ゲッペイ）と申します。ライブ配信などで活用できるVolu☆ME!、業界最高水準のモーションキャプチャシステムViconなどがございますが、ご興味はございますか？,,2026-04-15 09:23:18.702899+08:00
01KP7BS1CW7R9HZY94CS91Z3VC,,f383c41dd495958f470d77e05585635a,AGENT,"月餅と申します。株式会社クレッセントのアシスタントです。
ライブ配信などで活用できるVolu☆ME!、業界最高水準のモーションキャプチャシステムViconにご興味はありませんか？",,2026-04-15 09:23:34.990438+08:00
01KP7BSP1B9YRDJ5PHR1PWMK55,,f383c41dd495958f470d77e05585635a,AGENT,"こんにちは。私は株式会社クレッセントのアシスタント、ゲッペイと申します。
ライブ配信などで活用できるVolu☆ME!や、業界最高水準のモーションキャプチャシステムViconについてご興味はございますか？",,2026-04-15 09:23:55.824449+08:00
01KP7BV28BJDYJNQ4B0ZDFPE1S,,c3cf61f2b10e8fc7fc551aa59a7494a6,AGENT,"こんにちは！ 私、クレッセントのアシスタント、ゲッペイと申します。

ライブ配信などで活用できるVolu☆ME!、それから業界最高水準のモーションキャプチャシステムViconにご興味はございますか？",,2026-04-15 09:24:43.411294+08:00
01KP7BV9WH6F42ZP5MJTW3MSNQ,,465999933effb9852a2c3ccf4c2bfad0,AGENT,初めまして！ 私、株式会社クレッセントのアシスタント、ゲッペイと申します。ライブ配信などで活用できるVolu☆ME!と、業界最高水準のモーションキャプチャシステムViconについてご紹介できますが、ご興味はございますか？,,2026-04-15 09:24:53.713373+08:00
01KP7C6XWN6FZF1JSEB5D878TX,,de15ecdc8657467f888b97ffa1803630,AGENT,ようこそ。私は株式会社クレッセントのアシスタント、ゲッペイと申します。ライブ配信などで活用できるVolu☆ME!、または業界最高水準のモーションキャプチャシステムViconについてご興味はございますか？,,2026-04-15 09:31:09.623523+08:00
01KP7C6XWN6FZF1JSEB5D878TX,,de15ecdc8657467f888b97ffa1803630,USER,hello how are you,,2026-04-15 09:31:25.307678+08:00
01KP7C6XWN6FZF1JSEB5D878TX,,de15ecdc8657467f888b97ffa1803630,AGENT,"Hello! I am MoonCake, an assistant at Crescent Inc. I am doing well, thank you. Are you interested in Volu☆ME!, which can be used for live streaming, or Vicon, the industry's highest standard motion capture system?",,2026-04-15 09:31:25.330248+08:00
01KP7C6Z80E3Q8YNEV57S9K0XN,,3a367f17427fd38b1f9da0c0e1bfe000,AGENT,月餅ちゃんと申します。クレッセントのアシスタントをしております。何かご不明な点がありましたら、お気軽にお声がけください。,,2026-04-15 09:31:18.199767+08:00
01KP7CE9JE6DRT8MHQ87YBD4EY,,8ed66a7befd41198d5de4b3a117f9b89,AGENT,こんにちは！ 株式会社クレッセントのアシスタント、ゲッペイと申します。ライブ配信などで活用できるVolu☆ME!や、業界最高水準のモーションキャプチャシステムViconについてご紹介できます。,,2026-04-15 09:35:13.850405+08:00
01KP7CEX197V92Q0K0974JJ2DV,,8ed66a7befd41198d5de4b3a117f9b89,AGENT,いらっしゃいませ。株式会社クレッセントのアシスタント、ゲッペイと申します。ライブ配信などで活用できるVolu☆ME!、業界最高水準のモーションキャプチャシステムViconなどについてご案内できます。,,2026-04-15 09:35:33.273963+08:00
01KP7CG129A1FTSQQH4VP42BDA,,9d3891fe2501bcea22b75f2fa9456875,AGENT,こんにちは！株式会社クレッセントのアシスタント、ゲッペイと申します。ライブ配信などで活用できるVolu☆ME!、業界最高水準のモーションキャプチャシステムVicon、どちらにご興味がありますか？,,2026-04-15 09:36:10.615942+08:00
01KP7CNCDYANJ2EFM17BRT268N,,9d3891fe2501bcea22b75f2fa9456875,AGENT,株式会社クレッセントのゲッペイと申します。ライブ配信などで活用できるVolu☆ME!、業界最高水準のモーションキャプチャシステムViconなど、弊社は幅広いサービスを提供しております。,,2026-04-15 09:39:05.080572+08:00
01KP7CV8CMDM5FMGAF7TR2799Q,,9e68a54533dfbbeac8e8d3bdc5848e4a,AGENT,皆様、こんにちは。株式会社クレッセントのアシスタント、ゲッペイと申します。ライブ配信などで活用できるVolu☆ME!や、業界最高水準のモーションキャプチャシステムViconについてご紹介できます。,,2026-04-15 09:42:18.897970+08:00
01KP7CWEYXWHC5ZNBSTVEBBKAV,,2ff94caadd56747b5596a5c44dd6bad2,AGENT,こんにちは！ 株式会社クレッセントのアシスタント、月餅です。何かご不明な点はございませんか？,,2026-04-15 09:42:56.160549+08:00
01KP7DQCSBHX920PNHT3JDZR9A,,9fb663c1dedd7ccbb5fa738d6e081b22,AGENT,株式会社クレッセントのアシスタント、ゲッペイと申します。ライブ配信などで活用できるVolu☆ME!と、業界最高水準のモーションキャプチャシステムViconについてご紹介できます。,,2026-04-15 09:57:40.625525+08:00
01KP7DRRQ901RMATNNZA5FFCPC,,de15ecdc8657467f888b97ffa1803630,AGENT,"こんにちは、ゲッペイと申します。株式会社クレッセントのアシスタントです。

ライブ配信などで活用できるVolu☆ME!、または業界最高水準のモーションキャプチャシステムViconについてご興味はございますか？",,2026-04-15 09:58:22.545407+08:00
01KP7DRRQ901RMATNNZA5FFCPC,,de15ecdc8657467f888b97ffa1803630,USER,what product do you have,,2026-04-15 09:59:14.191154+08:00
01KP7DRRQ901RMATNNZA5FFCPC,,de15ecdc8657467f888b97ffa1803630,AGENT,"We offer a variety of products including:

*   **Vicon** - A high-precision optical motion capture system.
*   **Volu☆ME!** - Our solution for volumetric video.
*   **4DVIEWS/HOLOSYS** - Systems for creating 3D holograms.
*   **LED WALL** - Professional LED displays.
*   **MREAL** - Mixed reality solutions.
*   **Faceware** - Software for facial animation.
*   **LightCage** - A system for high-speed volumetric capture.
*   **SyncVV** - Synchronization solutions.
*   **MIMO** - Mobile motion capture.
*   **HoloSuite** - Holographic content creation tools.
*   **Robo-Geppei** - A quadruped robot platform.
*   **Shogun** - Motion capture software for entertainment.
*   **Active Crown** - Camera tracking for virtual production.
*   **Reflection Markers** - High-luminosity markers for Vicon.
*   **Capture Gloves** - Gloves for precise hand and finger capture.

Is there a specific product you'd like to know more about?","[""Volume_cover"", ""4dviews_studio_banner.BDcodWXN"", ""RoboGeppei""]",2026-04-15 09:59:14.218197+08:00
01KP7DRRQ901RMATNNZA5FFCPC,,de15ecdc8657467f888b97ffa1803630,USER,what is vicon,,2026-04-15 10:00:47.456767+08:00
01KP7DRRQ901RMATNNZA5FFCPC,,de15ecdc8657467f888b97ffa1803630,AGENT,"Vicon is a world-leading optical motion capture system. It uses high-precision cameras and software. It's used in entertainment like film and games, industry, medicine, and biomechanics.

Would you like to know more about its applications or perhaps specific Vicon products?",,2026-04-15 10:00:47.479640+08:00
01KP7EAYVPQBEVKJYD6HRA97YH,,4ad60d41202b911247c049fc0a440573,AGENT,"こんにちは、ゲッペイと申します。株式会社クレッセントのアシスタントです。

ライブ配信などで活用できるVolu☆ME!、業界最高水準のモーションキャプチャシステムViconにご興味はございますか？",,2026-04-15 10:08:25.320859+08:00
01KP7EF8X40WJ228PMKT4AJSN9,,73f05e88766c580c55db20c7d19a487a,AGENT,こんにちは！私は株式会社クレッセントのアシスタント、ゲッペイと申します。ライブ配信などで活用できるVolu☆ME!と、業界最高水準のモーションキャプチャシステムViconについてご紹介できます。,,2026-04-15 10:10:41.898150+08:00
01KP7EKKBFZR7FWA7NYEHYPY72,,8de02ce0f2fc28bf94db75c6115067e6,AGENT,こんにちは！クレッセントのアシスタント、ゲッペイと申します。ライブ配信などで活用できるVolu☆ME!や、業界最高水準のモーションキャプチャシステムViconなどにご興味はありますか？,,2026-04-15 10:13:03.148680+08:00
01KP7EX11XND8ZYQ22ERN81XTV,,d977fad8e21424b84c628298f64d6953,AGENT,お客様、ようこそ。私、株式会社クレッセントのアシスタント、ゲッペイと申します。ライブ配信などで活用できるVolu☆ME!や、業界最高水準のモーションキャプチャシステムViconについてご紹介できます。,,2026-04-15 10:18:14.232902+08:00
01KP7F8THZ8N2NNAHECMEHRTFP,,562e990df9c5deaf3595194e19850664,AGENT,株式会社クレッセントのアシスタント、ゲッペイと申します。ライブ配信などで活用できるVolu☆ME!や、業界最高水準のモーションキャプチャシステムViconについてお話しできます。,,2026-04-15 10:24:39.839107+08:00
01KP7FAJ1BQ39V14MPNRT7XC4Y,,53e9eedc284b9bbc393ad1f66b6c0134,AGENT,こんにちは！私は株式会社クレッセントのアシスタント、ゲッペイと申します。ライブ配信などで活用できるVolu☆ME!と、業界最高水準のモーションキャプチャシステムViconについてご紹介できます。,,2026-04-15 10:25:35.244029+08:00
01KP7FFJ2HNKTAP5Z19S1AE8YX,,b5953f4988edd0ae30ffd91e252b5f44,AGENT,はじめまして。株式会社クレッセントのゲッペイと申します。ライブ配信などで活用できるVolu☆ME!、業界最高水準のモーションキャプチャシステムViconなどがございますが、何かご興味はございますか？,,2026-04-15 10:28:21.383335+08:00
01KP7FM5TBKH77SB5WERXYKZY2,,2891d32893efc839a0cad7f4f05a0ce8,AGENT,株式会社クレッセントのアシスタント、ゲッペイと申します。ライブ配信などで活用できるVolu☆ME!や、業界最高水準のモーションキャプチャシステムViconについてご紹介できます。,,2026-04-15 10:31:53.540486+08:00
01KP7FT7M6HRSSNEK7EXM8PY7X,,dc790e6b97e7958f012e22f7badcfea4,AGENT,こんにちは！ 株式会社クレッセントのアシスタント、月餅です。ライブ配信などで活用できるVolu☆ME!、2026年最新スタジオにご興味はございませんか？,,2026-04-15 10:34:08.514391+08:00
01KP7FVMA9CCD71RRDYN7Z4KM6,,d159b23d1117617939643811db6dfe10,AGENT,株式会社クレッセントのアシスタント、月餅と申します。ライブ配信などで活用できるVolu☆ME!や、業界最高水準のモーションキャプチャシステムViconについてご紹介できます。,,2026-04-15 10:34:54.168919+08:00
01KP7G0AJJNKATPANADKJPAVT3,,f843652bc4ded71da76514f44cae5558,AGENT,こんにちは。株式会社クレッセントのアシスタント、ゲッペイと申します。ライブ配信などで活用できるVolu☆ME!や、業界最高水準のモーションキャプチャシステムViconについてご紹介できますが、ご興味はございますか？,,2026-04-15 10:37:28.522512+08:00
01KP7G6KB9T984YRRE1M37926K,,092575c4de5f46295895dd6ff2e7c63c,AGENT,お客様、こんにちは！ 私は株式会社クレッセントのアシスタント、ゲッペイと申します。ライブ配信などで活用できるVolu☆ME!、業界最高水準のモーションキャプチャシステムViconなどがございますが、どちらにご興味がございますか？,,2026-04-15 10:40:55.040606+08:00
01KP7GF696RMR5TQH6Y47JYRNV,,2e527a6275ed216556f161b222ec9f35,AGENT,株式会社クレッセントのアシスタント、ゲッペイと申します。ライブ配信などで活用できるVolu☆ME!や、業界最高水準のモーションキャプチャシステムViconについてご紹介できます。,,2026-04-15 10:45:34.912668+08:00
01KP7GMMKA6VJTGFSJZCST2NZ3,,462cfb73a54072e73c8d95e322ebef82,AGENT,初めまして。私、株式会社クレッセントのアシスタント、ゲッペイと申します。ライブ配信などで活用できるVolu☆ME!や、業界最高水準のモーションキャプチャシステムViconについてご紹介できます。,,2026-04-15 10:58:12.872774+08:00
01KP7GN1E8PR405Z3P1AATR1TH,,de15ecdc8657467f888b97ffa1803630,AGENT,こんにちは、ゲッペイと申します。株式会社クレッセントのアシスタントをしております。何かお困りですか？ライブ配信などで活用できるVolu☆ME!や、業界最高水準のモーションキャプチャシステムViconなどがございますが、ご興味はございますでしょうか。,,2026-04-15 10:48:46.364148+08:00
01KP7GVZCRD4S8BX2SYGG29KAG,,2e527a6275ed216556f161b222ec9f35,AGENT,こんにちは！株式会社クレッセントのアシスタント、ゲッペイと申します。ライブ配信などで活用できるVolu☆ME!、業界最高水準のモーションキャプチャシステムViconなどがございますが、いかがでしょうか？,,2026-04-15 10:52:33.617557+08:00
01KP7GX1C80066VVFCXPSMD29W,,0d6b56a498ac42604aafdaca938bb774,AGENT,こんにちは！私、株式会社クレッセントのアシスタント、ゲッペイと申します。ライブ配信などで活用できるVolu☆ME!や、業界最高水準のモーションキャプチャシステムViconについてご紹介できます。,,2026-04-15 10:53:10.888765+08:00
01KP7H319Q1MBNHMQ4Y5AWBK6S,,b5953f4988edd0ae30ffd91e252b5f44,AGENT,こんにちは、私は株式会社クレッセントのアシスタント、ゲッペイと申します。ライブ配信などで活用できるVolu☆ME!と、2026年最新スタジオについてご案内できます。,,2026-04-15 10:56:25.536962+08:00
01KP7HJK6E22Y2X8BJ0HCK1H2Z,,de15ecdc8657467f888b97ffa1803630,AGENT,こんにちは！株式会社クレッセントのアシスタント、月餅です。何かお困りですか？ライブ配信などで活用できるVolu☆ME!、2026年最新スタジオについてご興味はありますか？,,2026-04-15 11:04:54.633877+08:00
01KP7HWTXZ9NNXQYMC539J53MJ,,3b3fbf9e3e0ef9c6abd0cd008b2264f7,AGENT,"月餅です。クレッセントのアシスタントをしています。

ライブ配信などで活用できるVolu☆ME!と、業界最高水準のモーションキャプチャシステムViconにご興味はございますか？",,2026-04-15 11:10:31.046477+08:00
01KP7KFAS22QYX7BVBQZVFX5G5,,6b88c3537f6bb29e28e82deb7ba7bbba,AGENT,月餅と申します。株式会社クレッセントのアシスタントをしております。何かご不明な点はございませんか？,,2026-04-15 11:38:07.354954+08:00
01KP7KXZ0QT8TPQW4ZG0HSJDXG,,e349722e0436d364869daf0ca232fbf2,AGENT,"株式会社クレッセントのゲッペイと申します。
本日はどのようなご用件でしょうか。",,2026-04-15 11:46:05.218172+08:00
01KP7M5P7NSED8QHKAGHT253C2,,efc3282d49a180b4d4a34340e40c54b3,AGENT,こんにちは！私、株式会社クレッセントのアシスタント、ゲッペイと申します。ライブ配信などで活用できるVolu☆ME!や、業界最高水準のモーションキャプチャシステムViconについてご紹介できます。,,2026-04-15 11:50:18.392109+08:00
01KP7MGA1V9029XCZER62KN1RK,,e349722e0436d364869daf0ca232fbf2,AGENT,クレッセントのアシスタント、ゲッペイと申します。ライブ配信などで活用できるVolu☆ME!、業界最高水準のモーションキャプチャシステムViconなどがございますが、どの情報にご興味がありますか？,,2026-04-15 11:56:06.123223+08:00
01KP7MKTWFR7YGRH0TP88B6402,,e349722e0436d364869daf0ca232fbf2,AGENT,こんにちは！私は株式会社クレッセントのアシスタント、ゲッペイと申します。ライブ配信などで活用できるVolu☆ME!や、業界最高水準のモーションキャプチャシステムViconについてお話しできます。,,2026-04-15 11:58:01.313538+08:00
01KP7MQ9FMKND6PE8QX4BWXED7,,fc14b9e49e03a06ebda603a8cfbbe596,AGENT,お客様、こんにちは！株式会社クレッセントのアシスタント、ゲッペイと申します。ライブ配信などで活用できるVolu☆ME!や、業界最高水準のモーションキャプチャシステムViconについてご紹介できます。,,2026-04-15 11:59:57.695111+08:00
01KP7MRYMTXS4XF29DX4B1MRG8,,2cd721a46034bd0d7a668f539b2b6bd4,AGENT,はじめまして。株式会社クレッセントのアシスタント、ゲッペイと申します。ライブ配信などで活用できるVolu☆ME!と、業界最高水準のモーションキャプチャシステムViconについてご紹介できます。,,2026-04-15 12:00:52.018868+08:00
01KP7N3JPR0SZFP8T8MVBRP6E9,,aa9295c7d24a75f51a173fd7e0d5f8ff,AGENT,ゲッペイと申します。クレッセントのアシスタントです。ライブ配信などで活用できるVolu☆ME!や、2026年最新スタジオについてご興味はございませんか？,,2026-04-15 12:06:42.231838+08:00
01KP7NHCSBNMQGYZNX3N9PW1Z6,,f642da9fe927bef055283d9b3767ad69,AGENT,はい、クレッセントのゲッペイと申します。ライブ配信などで活用できるVolu☆ME!や、業界最高水準のモーションキャプチャシステムViconについてお話しできます。,,2026-04-15 12:14:10.875929+08:00
01KP7P7FYNS2THT0E2NNT2F0VX,,0b45b74069a339d75e90a5359ecaf5e4,AGENT,お客様、ようこそお越しくださいました。私、株式会社クレッセントのアシスタント、ゲッペイと申します。ライブ配信などで活用できるVolu☆ME!や、業界最高水準のモーションキャプチャシステムViconについてご興味はございますか？,,2026-04-15 12:26:16.772513+08:00
01KP7P8P67G3FQJSBV5XQRZ0BX,,99c52fd2cf25e99df2a17c0dda1859de,AGENT,皆様、こんにちは！ 株式会社クレッセントのアシスタント、ゲッペイと申します。ライブ配信などで活用できるVolu☆ME!、業界最高水準のモーションキャプチャシステムViconなどがございますが、何かご興味はございますか？,,2026-04-15 12:27:04.654410+08:00
01KP7P9SJ1SNY1TGATRS8JXG7P,,f4643b102be4afac84d5d65038ef1564,AGENT,株式会社クレッセントのアシスタント、ゲッペイと申します。ライブ配信などで活用できるVolu☆ME!や、業界最高水準のモーションキャプチャシステムViconについてお話しできます。,,2026-04-15 12:27:29.565773+08:00
01KP7PM6SQVTW38X0Q47AVKNQM,,7dae6eaa5e31e6d75046956457bfa6e9,AGENT,初めまして。私、株式会社クレッセントのアシスタント、ゲッペイと申します。ライブ配信などで活用できるVolu☆ME!や、業界最高水準のモーションキャプチャシステムViconについてご紹介できます。,,2026-04-15 12:33:11.520710+08:00
01KP7PN5R18BEX22K76N1XVEMW,,7dae6eaa5e31e6d75046956457bfa6e9,AGENT,初めまして、私、株式会社クレッセントのアシスタント「ゲッペイ」と申します。ライブ配信などで活用できるVolu☆ME!や、業界最高水準のモーションキャプチャシステムViconなどについてお話しできます。,,2026-04-15 12:33:43.548906+08:00
01KP7Q4XJW7QDKP9SPMXVSHXW3,,1ad27c5026286773c49eac9b829b2504,AGENT,初めまして。私、株式会社クレッセントのアシスタント、ゲッペイと申します。ライブ配信などで活用できるVolu☆ME!や、業界最高水準のモーションキャプチャシステムViconについてご紹介できます。,,2026-04-15 12:42:18.953774+08:00
01KP7Q83XBA0YVVMXY3XBQHGCC,,1ad27c5026286773c49eac9b829b2504,AGENT,初めまして。私、株式会社クレッセントのアシスタント、ゲッペイと申します。ライブ配信などで活用できるVolu☆ME!と、業界最高水準のモーションキャプチャシステムViconにご興味はございますか？,,2026-04-15 12:44:03.878554+08:00
01KP7QBMC2S881648AHS5R1PDC,,033367e9a6e255ae0b7390e38e7ce06d,AGENT,こんにちは、私は株式会社クレッセントのアシスタント、ゲッペイと申します。ライブ配信などで活用できるVolu☆ME!や、業界最高水準のモーションキャプチャシステムViconについてご興味はありますか？,,2026-04-15 12:46:03.548410+08:00
01KP7QGZEZ93F10585WF4SSCW2,,f2a30b1ddd4db02bba6e102daeb57ce4,AGENT,こんにちは！株式会社クレッセントのアシスタント、月餅（ゲッペイ）と申します。ライブ配信などで活用できるVolu☆ME!や、業界最高水準のモーションキャプチャシステムViconについてお話しできます。,,2026-04-15 12:48:53.751982+08:00
01KP7QJSXXYG8PZF1NV8371KWN,,709b3d4ac0e6b70371bb501c98a66ca7,AGENT,いらっしゃいませ。私が株式会社クレッセントのアシスタント、ゲッペイです。ライブ配信などで活用できるVolu☆ME!や、業界最高水準のモーションキャプチャシステムViconについてご紹介できます。,,2026-04-15 12:49:58.381923+08:00
01KP7QKAPZDHC5ABRNK9YDV5Z1,,3e8f1be66b84dda9b5398d570dd9ec35,AGENT,こんにちは！ 私、クレッセントのアシスタント、ゲッペイと申します。ライブ配信などで活用できるVolu☆ME!や、業界最高水準のモーションキャプチャシステムViconについてご紹介できます。,,2026-04-15 12:50:12.103647+08:00
01KP7QKDXCB2ZFBFS25YZA9A96,,4d963d4d1692533e9939ee99de029db5,AGENT,ゲッペイと申します。クレッセントのアシスタントです。ライブ配信などで活用できるVolu☆ME!と、業界最高水準のモーションキャプチャシステムViconにご興味はありませんか？,,2026-04-15 12:50:15.021361+08:00
01KP7QKXPP781294BAQCXNE9R8,,4d963d4d1692533e9939ee99de029db5,AGENT,皆様、こんにちは。株式会社クレッセントのアシスタント、ゲッペイと申します。ライブ配信などで活用できるVolu☆ME!、業界最高水準のモーションキャプチャシステムViconにご興味はございますか？,,2026-04-15 12:50:30.474986+08:00
01KP7QM6DBJ5TGZHK1CY2JZYVS,,c82c22de3736138dee3f2eabe047f091,AGENT,こんにちは！クレッセントのアシスタント、ゲッペイと申します。ライブ配信などで活用できるVolu☆ME!、そして業界最高水準のモーションキャプチャシステムViconについてご紹介できます。,,2026-04-15 12:50:55.945646+08:00
01KP7QRNMDYGPTHFW3A18E17YV,,3ec30188f870460809e9915f7384db70,AGENT,初めまして。私、株式会社クレッセントのアシスタント、ゲッペイと申します。ライブ配信などで活用できるVolu☆ME!と、業界最高水準のモーションキャプチャシステムViconにご興味はございますか？,,2026-04-15 12:53:16.887044+08:00
01KP7QTZJKKQMAA3ZRYY8K2CWH,,6af38649f136f5039c0391c0e64731af,AGENT,こんにちは！私は株式会社クレッセントのアシスタント、ゲッペイと申します。ライブ配信などで活用できるVolu☆ME!と、業界最高水準のモーションキャプチャシステムViconについてご紹介できます。,,2026-04-15 12:54:24.163278+08:00
01KP7QW0H7KQ1M524WVPQ2JP44,,b22bf7a482ec0b57643c7950ceb07c55,AGENT,皆様、こんにちは！ 株式会社クレッセントのアシスタント、ゲッペイと申します。ライブ配信などで活用できるVolu☆ME!、そして業界最高水準のモーションキャプチャシステムViconについてご紹介できます。,,2026-04-15 12:54:55.105213+08:00
01KP7QXANRWQFSRHX56ZQ3HCBM,,d65b6d6a0ee0e967c3de7427316418f1,AGENT,お客様、こんにちは！私は株式会社クレッセントのアシスタント、ゲッペイと申します。ライブ配信などで活用できるVolu☆ME!や、業界最高水準のモーションキャプチャシステムViconについて、何かご興味はございますか？,,2026-04-15 12:55:38.450479+08:00
01KP7QXFE7K3CKSY9Z4MSXXYH2,,d65b6d6a0ee0e967c3de7427316418f1,AGENT,はじめまして。株式会社クレッセントのアシスタント、ゲッペイと申します。ライブ配信などで活用できるVolu☆ME!や、業界最高水準のモーションキャプチャシステムViconについてご紹介できます。,,2026-04-15 12:55:42.986729+08:00
01KP7QZYH08TH6PCS7YW4NX0R0,,218d446c9ae87b691eccd1d946a116a1,AGENT,ゲッペイと申します。株式会社クレッセントのアシスタントです。どうぞよろしくお願いいたします。ライブ配信などで活用できるVolu☆ME!、2026年最新スタジオに関する情報をご用意しておりますが、ご興味はございますか？,,2026-04-15 12:57:04.901915+08:00
01KP7QZZQX1E1NV856ZZQ7VZXS,,d705ebe6abec6c03ce1557f1e38d3d5c,AGENT,いらっしゃいませ。株式会社クレッセントのアシスタント、ゲッペイと申します。ライブ配信などで活用できるVolu☆ME!、業界最高水準のモーションキャプチャシステムViconなどがございますが、いかがなさいますか？,,2026-04-15 12:57:12.349213+08:00
01KP7R5RCZ08K3DZBXM0EJQJ4Q,,e349722e0436d364869daf0ca232fbf2,AGENT,こんにちは、私は株式会社クレッセントのアシスタント、ゲッペイと申します。ライブ配信などで活用できるVolu☆ME!や、業界最高水準のモーションキャプチャシステムViconについてご紹介できます。,,2026-04-15 13:00:14.965408+08:00
01KP7R6YKT64TWX2HED9NTSDZ6,,3ff0d1f06bcf613fe621b27b12d9a0d5,AGENT,こんにちは！私は株式会社クレッセントのアシスタント、ゲッペイと申します。ライブ配信などで活用できるVolu☆ME!や、業界最高水準のモーションキャプチャシステムViconについて、何かご興味はございますか？,,2026-04-15 13:01:08.435703+08:00
01KP7R850W3X1W4HQ611QTGJT3,,e349722e0436d364869daf0ca232fbf2,AGENT,こんにちは！株式会社クレッセントのアシスタント、ゲッペイと申します。ライブ配信などで活用できるVolu☆ME!、業界最高水準のモーションキャプチャシステムViconなど、様々なサービスを展開しております。,,2026-04-15 13:01:32.982888+08:00
01KP7R8XVX86DPZPVBAQ7YJ12A,,3ff0d1f06bcf613fe621b27b12d9a0d5,AGENT,ようこそ！ 株式会社クレッセントのアシスタント、ゲッペイと申します。ライブ配信などで活用できるVolu☆ME!と、業界最高水準のモーションキャプチャシステムViconについてご紹介できます。,,2026-04-15 13:02:00.530389+08:00
01KP7R9HG4BJGYE54PEW658MT9,,e349722e0436d364869daf0ca232fbf2,AGENT,"ようこそ！ 株式会社クレッセントのアシスタント、ゲッペイと申します。

ライブ配信などで活用できるVolu☆ME!、業界最高水準のモーションキャプチャシステムVicon、どちらに興味がございますか？",,2026-04-15 13:02:18.360017+08:00
01KP7RC5B951242YZ04V7HGT8M,,e349722e0436d364869daf0ca232fbf2,AGENT,"月餅です！クレッセントのアシスタントをしています。

ライブ配信などで活用できるVolu☆ME!、業界最高水準のモーションキャプチャシステムViconなど、弊社には様々なソリューションがございます。何かご興味のあるものはありますか？",,2026-04-15 13:03:44.314689+08:00
01KP7RCY3TYGKHK8DJ22W43HG9,,e349722e0436d364869daf0ca232fbf2,AGENT,皆様、こんにちは。株式会社クレッセントのアシスタント、ゲッペイと申します。ライブ配信などで活用できるVolu☆ME!や、業界最高水準のモーションキャプチャシステムViconについてご紹介できます。,,2026-04-15 13:04:09.631797+08:00
01KP7RF2GRBZ36FG7VG4XC748Y,,e349722e0436d364869daf0ca232fbf2,AGENT,株式会社クレッセントのアシスタント、ゲッペイと申します。ライブ配信などで活用できるVolu☆ME!や、業界最高水準のモーションキャプチャシステムViconについてお話しできます。,,2026-04-15 13:05:19.623439+08:00
01KP7RFAHWJK7WG54BJQF6ZTD2,,092575c4de5f46295895dd6ff2e7c63c,AGENT,ようこそお越しくださいました。私は株式会社クレッセントのアシスタント、ゲッペイと申します。ライブ配信などで活用できるVolu☆ME!や、業界最高水準のモーションキャプチャシステムViconについてご紹介できます。,,2026-04-15 13:05:30.847154+08:00
01KP7RR0GKWMDQNNWQ5GE84YG6,,270d18831c589241c42b356f9da37cf1,AGENT,はじめまして。株式会社クレッセントのアシスタント、ゲッペイと申します。ライブ配信などで活用できるVolu☆ME!や、業界最高水準のモーションキャプチャシステムViconについてご紹介できます。,,2026-04-15 13:10:14.793019+08:00
01KP7RRHZWMC979XV552XEXZ1A,,9d29f8ea3a68182686b6dd9a37a2ff96,AGENT,初めまして、私が株式会社クレッセントのアシスタント、ゲッペイと申します。ライブ配信などで活用できるVolu☆ME!、業界最高水準のモーションキャプチャシステムViconなどがございますが、ご興味はございますか？,,2026-04-15 13:10:31.466900+08:00
01KP7RTKGPEN9ZGTTRTBHYHZS3,,de15ecdc8657467f888b97ffa1803630,AGENT,こんにちは！ 株式会社クレッセントのアシスタント、ゲッペイと申します。ライブ配信などで活用できるVolu☆ME!、業界最高水準のモーションキャプチャシステムVicon、どちらにご興味がありますか？,,2026-04-15 13:11:37.089299+08:00
01KP7RV07V7FJ8QAMTPGFCSVPD,,14248e0c8b1f64fa674409bd82beb447,AGENT,株式会社クレッセントのゲッペイと申します。ライブ配信などで活用できるVolu☆ME!や、業界最高水準のモーションキャプチャシステムViconについてご紹介できます。,,2026-04-15 13:11:53.260937+08:00
01KP7RZD6AYJCEQ17ZDR1KY2Q5,,a1046bd91f24eb69e66073309f0f5ce3,AGENT,株式会社クレッセントのアシスタント、ゲッペイと申します。ライブ配信などで活用できるVolu☆ME!と、業界最高水準のモーションキャプチャシステムViconにご興味はありませんか？,,2026-04-15 13:14:17.745089+08:00
01KP7SEDK6NXD0FEMJ1WYWYM7T,,d240fcd39976d2a679d77876a402b739,AGENT,こんにちは、ゲッペイと申します。株式会社クレッセントのアシスタントをしております。,,2026-04-15 13:22:28.257074+08:00
01KP7SVSTWDR357FC26CYPCCX5,,df367546a1fc2837783547aed423f67b,AGENT,ようこそ！私は株式会社クレッセントのアシスタント、ゲッペイと申します。ライブ配信などで活用できるVolu☆ME!や、業界最高水準のモーションキャプチャシステムViconについてご紹介できます。,,2026-04-15 13:29:46.888029+08:00
01KP7T21MQ9HB4VYHPHD3KS9AA,,bbfb55ff77367ddeef77eea9157d0d0c,AGENT,皆様、こんにちは！ 株式会社クレッセントのアシスタント、ゲッペイと申します。ライブ配信などで活用できるVolu☆ME!や、業界最高水準のモーションキャプチャシステムViconについてお話しできます。,,2026-04-15 13:33:10.883983+08:00
01KP7TK8PHAZE4RF4133P18SDM,,ae19a7a20f4e8951dffd41e7a250f553,AGENT,月餅と申します。株式会社クレッセントのアシスタントです。ライブ配信などで活用できるVolu☆ME!と業界最高水準のモーションキャプチャシステムViconについてご案内できます。,,2026-04-15 13:42:35.527329+08:00
01KP7TNYMNA1KV47E9KW82RR8J,,2e527a6275ed216556f161b222ec9f35,AGENT,こんにちは、私は株式会社クレッセントのアシスタント、ゲッペイと申します。ライブ配信などで活用できるVolu☆ME!、業界最高水準のモーションキャプチャシステムViconなど、クレッセントの最新技術にご興味はございますか？,,2026-04-15 13:44:02.316854+08:00
01KP7TNYMNA1KV47E9KW82RR8J,,2e527a6275ed216556f161b222ec9f35,USER,会社紹介して,,2026-04-15 13:44:34.024502+08:00
01KP7TNYMNA1KV47E9KW82RR8J,,2e527a6275ed216556f161b222ec9f35,AGENT,"株式会社クレッセントは、1999年3月に設立されたイメージエンジニアリングの会社です。代表取締役は小谷創が務めています。

弊社の事業は、以下の4つです。
*   **製品販売** - 最先端の映像技術製品を提供します。
*   **製品開発** - クライアントの課題を解決する革新的なソリューションを提供します。
*   **スタジオサービス** - 最新設備を備えたスタジオで、高品質な映像制作をサポートします。
*   **コンテンツ・アプリ開発** - VR、AR、3D技術を活用したアプリケーションを開発します。

何か特定の製品やサービスについて詳しく知りたいことはございますか？",,2026-04-15 13:44:34.042943+08:00
01KP7TXCXGCGN53N7VGTX05XD7,,ea9fafe4473878156ed7c230e5e417f0,AGENT,"こんにちは！株式会社クレッセントのアシスタント、月餅（ゲッペイ）と申します。

ライブ配信などで活用できるVolu☆ME!と、業界最高水準のモーションキャプチャシステムViconについてご紹介できますが、どちらにご興味がありますか？",,2026-04-15 13:48:08.359623+08:00
01KP7TYDX07S6GA199X6JE912G,,4761823045452e140886b86109b7f464,AGENT,"こんにちは！私、株式会社クレッセントのアシスタント、ゲッペイと申します。

ライブ配信などで活用できるVolu☆ME!、それから業界最高水準のモーションキャプチャシステムViconについてご興味はございませんか？",,2026-04-15 13:48:41.223576+08:00
01KP7V5BQF1BDZEW2C8Y4XYDNJ,,82c10ca3d93b44a2b074f10fc6469a97,AGENT,ようこそ、いらっしゃいませ。株式会社クレッセントのアシスタント、ゲッペイと申します。ライブ配信などで活用できるVolu☆ME!、業界最高水準のモーションキャプチャシステムViconなど、クレッセントの最新技術にご興味はございますか？,,2026-04-15 13:52:27.196684+08:00
01KP7V8DHT8XWSNKR8779QBG3J,,3c78be363a2589119f25cbf4c85843ce,AGENT,こんにちは。私、株式会社クレッセントのアシスタント、ゲッペイと申します。ライブ配信などで活用できるVolu☆ME!、業界最高水準のモーションキャプチャシステムViconにご興味はございますか？,,2026-04-15 13:54:09.148670+08:00
01KP7VAW8N1SD8263TN71NJ4XF,,88dee3e5bddae2c7a43a782594e486b3,AGENT,こんにちは！株式会社クレッセントのアシスタント、ゲッペイです。ライブ配信などで活用できるVolu☆ME!や、業界最高水準のモーションキャプチャシステムViconについてご紹介できます。,,2026-04-15 13:55:34.880329+08:00
01KP7VBACBV9XXZR12R7VP5F54,,88dee3e5bddae2c7a43a782594e486b3,AGENT,月餅ちゃんと申します。株式会社クレッセントのアシスタントです。ライブ配信などで活用できるVolu☆ME!と業界最高水準のモーションキャプチャシステムViconにご興味はございますか？,,2026-04-15 13:55:44.857799+08:00
01KP7VBZJDDJ12Y0QP7N9PBFJW,,88dee3e5bddae2c7a43a782594e486b3,AGENT,初めまして！ 私、株式会社クレッセントのアシスタント、ゲッペイと申します。ライブ配信などで活用できるVolu☆ME!と、業界最高水準のモーションキャプチャシステムViconについてご紹介できます。,,2026-04-15 13:56:06.327718+08:00
01KP7VCXTZ7JYJHYC6NZ79B8MF,,a4bd5c9f3ed97946fae14b95b84a7b83,AGENT,株式会社クレッセントのアシスタント、ゲッペイと申します。ライブ配信などで活用できるVolu☆ME!と、業界最高水準のモーションキャプチャシステムViconについてご紹介できます。,,2026-04-15 13:56:39.997316+08:00
01KP7VHHFZ5KXQAEXJ0GFHA5TZ,,40c28c545ca5a6262d834270027d0fce,AGENT,ゲッペイと申します。クレッセントのアシスタントです。ライブ配信などで活用できるVolu☆ME!と、業界最高水準のモーションキャプチャシステムViconにご興味はありませんか？,,2026-04-15 14:20:21.992909+08:00
01KP7VKQTS0GE9PQ92JQVC9M0Q,,99f9a2bb6f28ba1ec2924c18f1794f10,AGENT,こんにちは。株式会社クレッセントのアシスタント、ゲッペイと申します。ライブ配信などで活用できるVolu☆ME!、業界最高水準のモーションキャプチャシステムViconについてご紹介できます。,,2026-04-15 14:00:20.984576+08:00
01KP7VMFWNGPXSW349RJXBNWWB,,e379174ba4cc580431dbc6fb2458d49f,AGENT,初めまして。私、株式会社クレッセントのアシスタント、ゲッペイと申します。ライブ配信などで活用できるVolu☆ME!と業界最高水準のモーションキャプチャシステムViconについてご紹介できます。,,2026-04-15 14:00:45.646667+08:00
01KP7VP1DKTTHC0F45T9BGZ8QC,,fe1b7ad0fb71206c257e1625b768edd0,AGENT,"こんにちは！私、株式会社クレッセントのアシスタント、ゲッペイと申します。

ライブ配信などで活用できるVolu☆ME!、業界最高水準のモーションキャプチャシステムViconについてご紹介できますが、どちらにご興味がございますか？",,2026-04-15 14:01:36.107418+08:00
01KP7VS8RAXJ2B4PAJG1X533HK,,99f9a2bb6f28ba1ec2924c18f1794f10,AGENT,"初めまして。私、株式会社クレッセントのアシスタント「ゲッペイ」と申します。
ライブ配信などで活用できるVolu☆ME!、業界最高水準のモーションキャプチャシステムVicon、どちらにご興味がございますか？",,2026-04-15 14:03:20.882280+08:00
01KP7VWC7VARTHDCWVYFX88R9K,,f7de7b1d9ff966260134f00d00704ae7,AGENT,株式会社クレッセントのアシスタント、月餅です。ライブ配信などで活用できるVolu☆ME!、業界最高水準のモーションキャプチャシステムViconなど、クレッセントの最新技術にご興味はございますか？,,2026-04-15 14:05:01.610686+08:00
01KP7WBJA34ANT163D65QTBE9Q,,dd582dec9b685a781dd4e819228144b1,AGENT,初めまして！ 私、株式会社クレッセントのアシスタント、ゲッペイと申します。ライブ配信などで活用できるVolu☆ME!と、業界最高水準のモーションキャプチャシステムViconについてご紹介できます。,,2026-04-15 14:13:20.775368+08:00
01KP7WCGYKGNMFKH6T6PX89JSQ,,bc77dd26151ea1b06a991c469405ab8c,AGENT,"月餅です。クレッセントのアシスタントをしています。

ライブ配信などで活用できるVolu☆ME!、業界最高水準のモーションキャプチャシステムViconなど、様々なソリューションをご用意しています。",,2026-04-15 14:13:51.444022+08:00
01KP7WEZZEAHQ83WVSDTV3RQVA,,34355073f3b090f7d5d5565c17b6483d,AGENT,こんにちは、私は株式会社クレッセントのアシスタント、ゲッペイと申します。ライブ配信などで活用できるVolu☆ME!や、業界最高水準のモーションキャプチャシステムViconについてご紹介できます。,,2026-04-15 14:15:12.532429+08:00
01KP7WFDM118K7RG5T7DHSX16K,,bc77dd26151ea1b06a991c469405ab8c,AGENT,"こんにちは、私は株式会社クレッセントのアシスタント、ゲッペイと申します。
ライブ配信などで活用できるVolu☆ME!や、業界最高水準のモーションキャプチャシステムViconについてご興味はございますか？",,2026-04-15 14:15:25.606860+08:00
01KP7WK344EKQV3GMP4A2CBZDN,,2b0d49c477476bcb9e9e113abbd02100,AGENT,"はじめまして。私、株式会社クレッセントのアシスタント、ゲッペイと申します。

ライブ配信などで活用できるVolu☆ME!、それから業界最高水準のモーションキャプチャシステムViconにご興味はございますか？",,2026-04-15 14:17:25.945271+08:00
01KP7WNF4A1JV0N83A3WK3ANZD,,0a5bed0a6c3c9af3734a4e2e678733dc,AGENT,月餅と申します。株式会社クレッセントのアシスタントです。何かご不明な点はございませんか？,,2026-04-15 14:18:47.475297+08:00
01KP7X2184NPK730SE6WKBSFRT,,25a5f8aa1047c9c1dff7bdc9385d5156,AGENT,はじめまして。株式会社クレッセントのアシスタント、ゲッペイと申します。ライブ配信などで活用できるVolu☆ME!や、業界最高水準のモーションキャプチャシステムViconについてご紹介できます。,,2026-04-15 14:25:35.789500+08:00
01KP7X4KJ7JQNR05ZXMJFX9SY9,,462cfb73a54072e73c8d95e322ebef82,AGENT,ゲッペイと申します。株式会社クレッセントのアシスタントです。2026年最新スタジオと業界最高水準のモーションキャプチャシステムViconについてご紹介できます。,,2026-04-15 14:27:08.505798+08:00
01KP7X92076JHBXK8TMZQQQ2TY,,fc28ffb34a8b19988c460034f4759767,AGENT,こんにちは！ 株式会社クレッセントのアシスタント、ゲッペイと申します。ライブ配信などで活用できるVolu☆ME!や、業界最高水準のモーションキャプチャシステムViconについてご紹介できます。,,2026-04-15 14:31:37.109278+08:00
01KP7X97CR206X8CPGZHG48NXC,,0461fc6001ff700b27c81dc34e121630,AGENT,初めまして。株式会社クレッセントのアシスタント、ゲッペイと申します。ライブ配信などで活用できるVolu☆ME!、業界最高水準のモーションキャプチャシステムViconにご興味はございますか？,,2026-04-15 14:29:32.204470+08:00
01KP7X9Z67ZKQDR3K941ENE0Y1,,0461fc6001ff700b27c81dc34e121630,AGENT,こんにちは。私は株式会社クレッセントのアシスタント、ゲッペイと申します。ライブ配信などで活用できるVolu☆ME!や、業界最高水準のモーションキャプチャシステムViconについてご興味はございますか？,,2026-04-15 14:29:57.565455+08:00
01KP7XQ4480X89R770EYDFV257,,0541f5272a6c41f69978fdf0fa27b153,AGENT,月餅（ゲッペイ）と申します。株式会社クレッセントのアシスタントをしております。ライブ配信などで活用できるVolu☆ME!、業界最高水準のモーションキャプチャシステムViconなどがございますが、どちらにご興味がございますか？,,2026-04-15 14:37:11.446875+08:00
01KP7XWAA1FTTCQP9T9W807TQ3,,94d1ec8d3c70279a4b5c3c615cf9f42b,AGENT,皆様、こんにちは。私は株式会社クレッセントのアシスタント、ゲッペイと申します。ライブ配信などで活用できるVolu☆ME!や、業界最高水準のモーションキャプチャシステムViconなどにご興味はございますか？,,2026-04-15 14:39:58.150981+08:00
01KP7Y2MZH100ZXZAG7G715Y3X,,4523e870a7c3e054f6ca8ffd04c94fef,AGENT,はじめまして、私は株式会社クレッセントのアシスタント、ゲッペイと申します。ライブ配信などで活用できるVolu☆ME!や、業界最高水準のモーションキャプチャシステムViconについてご紹介できます。,,2026-04-15 14:43:23.897209+08:00
01KP7Y3MXK9T6CB17RBXH811KQ,,4523e870a7c3e054f6ca8ffd04c94fef,AGENT,株式会社クレッセントのアシスタント、月餅です。ライブ配信などで活用できるVolu☆ME!や、業界最高水準のモーションキャプチャシステムViconについてご紹介できます。,,2026-04-15 14:43:59.300466+08:00
01KP7Y7Y0FEB73G2J4KMH5STQV,,182a90aed3b6b06ea52ab008b9f94e20,AGENT,こんにちは、私は株式会社クレッセントのアシスタント、ゲッペイと申します。ライブ配信などで活用できるVolu☆ME!と、業界最高水準のモーションキャプチャシステムViconにご興味はありますか？,,2026-04-15 14:46:17.492512+08:00
01KP7Y8Y5DST9760WJG9RN5EXN,,f642da9fe927bef055283d9b3767ad69,AGENT,"株式会社クレッセントのアシスタント、月餅と申します。
ライブ配信などで活用できるVolu☆ME!と、業界最高水準のモーションキャプチャシステムViconについて、何かご興味はございますか？",,2026-04-15 14:46:50.337680+08:00
01KP7YB6HHZFSYNTTBSS18ZPN1,,1c8d8ac6444e5cb690fcc940595e07fb,AGENT,"こんにちは！ 株式会社クレッセントのアシスタント、月餅です。
ライブ配信などで活用できるVolu☆ME!や、業界最高水準のモーションキャプチャシステムViconについてご紹介できます。",,2026-04-15 14:51:02.898585+08:00
01KP7YE276MG55QE0ME07ATB5S,,dc790e6b97e7958f012e22f7badcfea4,AGENT,お客様、こんにちは！私は株式会社クレッセントのアシスタント、ゲッペイと申します。ライブ配信などで活用できるVolu☆ME!、業界最高水準のモーションキャプチャシステムViconについてご紹介できます。,,2026-04-15 14:49:39.215850+08:00
01KP7YGV34HJZY9BC2RJF23DPQ,,5bc2bf9006694d9cdc0ea1460f77fd77,AGENT,月餅と申します。株式会社クレッセントのアシスタントです。ライブ配信などで活用できるVolu☆ME!や、業界最高水準のモーションキャプチャシステムViconについてお話しできます。,,2026-04-15 14:51:16.537848+08:00
01KP7YHDMWCNY7DV18AHYCQ3PV,,dc790e6b97e7958f012e22f7badcfea4,AGENT,"こんにちは！クレッセントのアシスタント、ゲッペイと申します。

ライブ配信などで活用できるVolu☆ME!や、業界最高水準のモーションキャプチャシステムViconにご興味はありませんか？",,2026-04-15 14:51:28.171435+08:00
01KP7YM1B7K9JXP9YSHBVV8WWS,,47df934081d29a8b637346c2bfc29cb5,AGENT,株式会社クレッセントのアシスタント、月餅です。ライブ配信などで活用できるVolu☆ME!や、業界最高水準のモーションキャプチャシステムViconについてご紹介できます。,,2026-04-15 14:52:58.936134+08:00
01KP7YMX7629RD2JEX2Y389V7H,,26fb27079e745802d5dba7da662f447b,AGENT,はい、どのようなご用件でしょうか？ 株式会社クレッセントのアシスタント、ゲッペイと申します。ライブ配信などで活用できるVolu☆ME!、業界最高水準のモーションキャプチャシステムViconなどがございますが、特にどの情報にご興味がありますか？,,2026-04-15 14:53:24.003095+08:00
01KP7Z5EN5XW66Z1DG8MXJC07T,,489c3f063ebb91f89538e6b4319e3e8d,AGENT,いらっしゃいませ。私、株式会社クレッセントのアシスタント、ゲッペイと申します。ライブ配信などで活用できるVolu☆ME!と業界最高水準のモーションキャプチャシステムViconについてご紹介できます。,,2026-04-15 15:02:24.137590+08:00
01KP7ZA97KAKDXGT11X34BFRDD,,0162a76180e5258e237f587821767c15,AGENT,月餅と申します。株式会社クレッセントのアシスタントです。ライブ配信などで活用できるVolu☆ME!と、業界最高水準のモーションキャプチャシステムViconについてご紹介できます。,,2026-04-15 15:05:05.082351+08:00
01KP8084KGRY6409TQQ934AZFC,,412122309d6e2f15f09a9378c1270a34,AGENT,株式会社クレッセントのアシスタント、ゲッペイと申します。ライブ配信などで活用できるVolu☆ME!や、業界最高水準のモーションキャプチャシステムViconについてご紹介できます。,,2026-04-15 15:21:21.469304+08:00
01KP8087E8VCVGZMEDGH66CHSD,,718a94d1066ba597ef34c21c17ca3f4d,AGENT,こんにちは、私は株式会社クレッセントのアシスタント、ゲッペイと申します。ライブ配信などで活用できるVolu☆ME!と、2026年最新スタジオについてご案内できます。,,2026-04-15 15:21:30.181867+08:00
01KP80B9SRP0YNA2XMKJJDZJP7,,490fdf455f57692a0ffa2ee320e1e942,AGENT,株式会社クレッセントのアシスタント、ゲッペイと申します。ライブ配信などで活用できるVolu☆ME!や、業界最高水準のモーションキャプチャシステムViconについてご紹介できます。,,2026-04-15 15:23:09.913520+08:00
01KP80E6MC6517W7QTZV8CCFQP,,62bfe781aa2701d8bb94b3232555787c,AGENT,はじめまして。株式会社クレッセントのアシスタント、ゲッペイと申します。ライブ配信などで活用できるVolu☆ME!や、業界最高水準のモーションキャプチャシステムViconについてご紹介できます。,,2026-04-15 15:24:43.073222+08:00
01KP80E7FCZ8H71HM3PE6GVRD5,,de15ecdc8657467f888b97ffa1803630,AGENT,初めまして、私は株式会社クレッセントのアシスタント、月餅（ゲッペイ）と申します。ライブ配信などで活用できるVolu☆ME!や、業界最高水準のモーションキャプチャシステムViconなどについてご案内できます。,,2026-04-15 15:24:40.336772+08:00
01KP80MMJXMH337GGQYNZ4J7MA,,792cf56f0374fc9a76eca095813a861c,AGENT,こんにちは！私、株式会社クレッセントのアシスタント、ゲッペイと申します。ライブ配信などで活用できるVolu☆ME!や、業界最高水準のモーションキャプチャシステムViconについてご紹介できます。,,2026-04-15 15:28:16.658917+08:00
01KP80QT1H3Y4A06G5ZHREJMEC,,3cdcc207a3480d8ef3fadd12670346ce,AGENT,クレッセントのアシスタント、ゲッペイと申します。ライブ配信などで活用できるVolu☆ME!や、業界最高水準のモーションキャプチャシステムViconについてご紹介できます。,,2026-04-15 15:29:58.325591+08:00
01KP80R8JRT78DCJT0MTXS16QA,,3cdcc207a3480d8ef3fadd12670346ce,AGENT,はじめまして。株式会社クレッセントのアシスタント、ゲッペイと申します。ライブ配信などで活用できるVolu☆ME!と、業界最高水準のモーションキャプチャシステムViconについてご紹介できます。,,2026-04-15 15:30:09.488477+08:00
01KP80S95ZEXZW6WA2GJN2Y2PR,,4d963d4d1692533e9939ee99de029db5,AGENT,こんにちは！株式会社クレッセントのアシスタント、ゲッペイと申します。ライブ配信などで活用できるVolu☆ME!、2026年最新スタジオについてご興味はありますか？,,2026-04-15 15:30:51.598893+08:00
01KP8153MHEH0RHBPTQW0CPJE2,,2e527a6275ed216556f161b222ec9f35,AGENT,こんにちは！ 私は株式会社クレッセントのアシスタント、ゲッペイと申します。ライブ配信などで活用できるVolu☆ME!や、業界最高水準のモーションキャプチャシステムViconについてご紹介できます。,,2026-04-15 15:37:10.874504+08:00
01KP818SVKCC5WQ40ZA9EEY0PB,,f642da9fe927bef055283d9b3767ad69,AGENT,はじめまして。株式会社クレッセントのアシスタント、ゲッペイと申します。ライブ配信などで活用できるVolu☆ME!や、業界最高水準のモーションキャプチャシステムViconについてご興味はございますか？,,2026-04-15 15:39:11.888553+08:00
01KP81W9QJMGZCSTX35ZMYZ5GN,,aa16b5378e9b6d7a28388637d1108902,AGENT,皆様、こんにちは。株式会社クレッセントのゲッペイと申します。ライブ配信などで活用できるVolu☆ME!や、業界最高水準のモーションキャプチャシステムViconについてご紹介できます。,,2026-04-15 15:49:50.399265+08:00
01KP829XYTEN91WQ4HQWKQHJK4,,9b9017c28de4abc8daaad13a51db8141,AGENT,皆様、こんにちは！ 株式会社クレッセントのアシスタント、ゲッペイと申します。ライブ配信などで活用できるVolu☆ME!や、業界最高水準のモーションキャプチャシステムViconについてお話しできますので、お気軽にお声がけください。,,2026-04-15 15:57:18.174820+08:00
01KP82FDQRAVMN0RVSD46S1C32,,26fb27079e745802d5dba7da662f447b,AGENT,"いつもありがとうございます、ゲッペイです。
株式会社クレッセントのアシスタントとして、最新のモーションキャプチャ技術についてご案内いたします。",,2026-04-15 16:00:18.969999+08:00
01KP82GJCZPVW2XT1R8VEF46CJ,,cae192140bd8c038cc38378565bd0ea6,AGENT,株式会社クレッセントのアシスタント、ゲッペイと申します。ライブ配信などで活用できるVolu☆ME!と、業界最高水準のモーションキャプチャシステムViconにご興味はありませんか？,,2026-04-15 16:00:57.209424+08:00
01KP82HCKXN8V09GVFK9P32FNR,,26fb27079e745802d5dba7da662f447b,AGENT,こんにちは。株式会社クレッセントのアシスタント、ゲッペイと申します。ライブ配信などで活用できるVolu☆ME!や、業界最高水準のモーションキャプチャシステムViconについてご紹介できます。,,2026-04-15 16:01:22.577751+08:00
01KP82K86XHSQ2A2GAFVB984RG,,929e0b2208ffc52116437cabb7bc73ab,AGENT,"こんにちは。株式会社クレッセントのアシスタント、ゲッペイと申します。

ライブ配信などで活用できるVolu☆ME!と、業界最高水準のモーションキャプチャシステムViconにご興味はございますか？",,2026-04-15 16:02:42.118035+08:00
01KP82SVFEV0YQ47KP1JVB32Y5,,a42a5f7d86192f480eae11a144765c6d,AGENT,クレッセントのアシスタント、ゲッペイと申します。ライブ配信などで活用できるVolu☆ME!、業界最高水準のモーションキャプチャシステムViconなどがございますが、どちらに興味がございますか？,,2026-04-15 16:06:21.505308+08:00
01KP82TBRGWFGXZ3HVN224QZJC,,5325ccfab1c516c96643b901939522a7,AGENT,こんにちは！クレッセントのアシスタント、ゲッペイと申します。ライブ配信などで活用できるVolu☆ME!や、業界最高水準のモーションキャプチャシステムViconについてご紹介できます。,,2026-04-15 16:06:16.276231+08:00
01KP8366WTJMKBM8R258RMEG5A,,79cdd436b3013662b55b632cc83156b0,AGENT,"ようこそいらっしゃいました。私、株式会社クレッセントのアシスタント、ゲッペイと申します。
ライブ配信などで活用できるVolu☆ME!や、業界最高水準のモーションキャプチャシステムViconなどにご興味はございますか？",,2026-04-15 16:12:44.122417+08:00
01KP836V4EN7K31001KPJY6PST,,79cdd436b3013662b55b632cc83156b0,AGENT,"こんにちは、ゲッペイと申します。株式会社クレッセントのアシスタントです。

ライブ配信などで活用できるVolu☆ME!や、業界最高水準のモーションキャプチャシステムViconについてご興味はありませんか？",,2026-04-15 16:13:04.030978+08:00
01KP83ESBVSDG3J8F1JNJKH2T3,,603bf97ff8301f9345821e3aa6ab1ad9,AGENT,株式会社クレッセントのアシスタント、ゲッペイと申します。ライブ配信などで活用できるVolu☆ME!と、業界最高水準のモーションキャプチャシステムViconについてご紹介できます。,,2026-04-15 16:17:24.800221+08:00
01KP83FSNWKE804EEDK64CYCCZ,,e3dde85b58234ef2be9c8afaf3ba7260,AGENT,初めまして。株式会社クレッセントのアシスタント、ゲッペイと申します。ライブ配信などで活用できるVolu☆ME!、業界最高水準のモーションキャプチャシステムViconなど、クレッセントの最新技術にご興味はありますか？,,2026-04-15 16:18:00.886683+08:00
01KP83NGJ04FH1E5SKCAN6GAYS,,4cc070f838af48016c2f9da7d8d6c886,AGENT,ゲッペイと申します。クレッセントのアシスタントとして、最新のモーションキャプチャ技術をご案内いたします。何かご質問はございますか、それとも2026年最新スタジオにご興味がありますか？,,2026-04-15 16:21:06.354134+08:00
01KP83W3RVPBWV7JSNGBP0ZNYJ,,c56ac7f332b8d1ae6998f818ac356b92,AGENT,"こんにちは！ 株式会社クレッセントのアシスタント、月餅（ゲッペイ）と申します。

ライブ配信などで活用できるVolu☆ME!と、2026年最新スタジオについてご興味はありますか？",,2026-04-15 16:24:41.487915+08:00
01KP83XY5MA7PWEV2RSTHSJ6TM,,c56ac7f332b8d1ae6998f818ac356b92,AGENT,こんにちは。株式会社クレッセントのアシスタント、月餅です。ライブ配信などで活用できるVolu☆ME!や、業界最高水準のモーションキャプチャシステムViconについてご紹介できます。,,2026-04-15 16:25:40.965776+08:00
01KP8409CNG23ATH87GXY8ECE2,,c56ac7f332b8d1ae6998f818ac356b92,AGENT,皆様、こんにちは！ 株式会社クレッセントのアシスタント、ゲッペイと申します。ライブ配信などで活用できるVolu☆ME!、そして業界最高水準のViconモーションキャプチャシステムについてご紹介できます。,,2026-04-15 16:26:57.867941+08:00
01KP84APVKX0F4PEHK8FWQ627K,,f973ace0051d8d014b2db21362d894af,AGENT,ごきげんよう、私はクレッセントのアシスタント、ゲッペイと申します。ライブ配信などで活用できるVolu☆ME!、業界最高水準のモーションキャプチャシステムViconなど、クレッセントの最新技術にご興味はございますか？,,2026-04-15 16:32:39.426358+08:00
01KP84QYX81FCZV16Y1JAGF9A4,,393455abde6a87a7d8916aee3c01ebc4,AGENT,初めまして！ 私、株式会社クレッセントのアシスタント、ゲッペイと申します。ライブ配信などで活用できるVolu☆ME!、業界最高水準のモーションキャプチャシステムViconなど、弊社サービスについてお気軽にご質問ください。,,2026-04-15 16:39:54.885502+08:00
01KP84TX6BWNP7FVJ83W3042WQ,,aa16b5378e9b6d7a28388637d1108902,AGENT,初めまして。私、株式会社クレッセントのアシスタント、ゲッペイと申します。ライブ配信などで活用できるVolu☆ME!と業界最高水準のモーションキャプチャシステムViconについてご紹介できます。,,2026-04-15 16:41:30.117530+08:00
01KP84YG8Z27W6T0Z1KSHAJ7D2,,e379174ba4cc580431dbc6fb2458d49f,AGENT,こんにちは。私、株式会社クレッセントのアシスタント、ゲッペイと申します。ライブ配信などで活用できるVolu☆ME!や、業界最高水準のモーションキャプチャシステムViconについてご紹介できます。,,2026-04-15 16:43:43.291951+08:00
01KP851AFRHGND9CMD4F9JMKED,,aa16b5378e9b6d7a28388637d1108902,AGENT,こんにちは。株式会社クレッセントのアシスタント、月餅（ゲッペイ）と申します。ライブ配信などで活用できるVolu☆ME!、2026年最新スタジオについてご興味はございますか？,,2026-04-15 16:45:00.350269+08:00
01KP859QH723G332NDBKAMWB28,,d0aed4a36aa07a527e1b7b8d40d69ac7,AGENT,"こんにちは！私、株式会社クレッセントのアシスタント、ゲッペイと申します。

弊社では、ライブ配信などで活用できるVolu☆ME!や、業界最高水準のモーションキャプチャシステムViconを取り扱っております。",,2026-04-15 16:49:36.313558+08:00
01KP85JQW8KWNP416HC6AVTKBN,,7d05472109387b1a7cd88ac92cfea74f,AGENT,株式会社クレッセントのアシスタント、ゲッペイと申します。ライブ配信などで活用できるVolu☆ME!と業界最高水準のモーションキャプチャシステムViconについてご紹介できます。,,2026-04-15 16:54:31.077964+08:00
01KP85RCWTNVDRB4XQ5P87FJRY,,eee5ff592e46e16ddf87919a56a32a6b,AGENT,皆様、こんにちは！ 株式会社クレッセントのアシスタント、ゲッペイと申します。ライブ配信などで活用できるVolu☆ME!や、業界最高水準のモーションキャプチャシステムViconについてご紹介できます。,,2026-04-15 16:57:36.270971+08:00
01KP85T1APJSHC5K6G4GVV4P1R,,603bf97ff8301f9345821e3aa6ab1ad9,AGENT,こんにちは！私、株式会社クレッセントのアシスタント、ゲッペイと申します。ライブ配信などで活用できるVolu☆ME!、そして業界最高水準のモーションキャプチャシステムViconについてご紹介できます。,,2026-04-15 16:58:30.433392+08:00
01KP85W3Z018762FZBDGKSQBWJ,,c8a816d1f163decc3f698ea21a63e734,AGENT,株式会社クレッセントのアシスタント、ゲッペイと申します。ライブ配信などで活用できるVolu☆ME!と、2026年竣工予定の最新スタジオにご興味はございますか？,,2026-04-15 16:59:39.409923+08:00
01KP85YP5PV9GTP1XAV9DCWXQE,,d79509cf88721d56bbf19d3f1005a99a,AGENT,皆様、こんにちは。株式会社クレッセントのアシスタント「ゲッペイ」と申します。ライブ配信などで活用できるVolu☆ME!や、業界最高水準のモーションキャプチャシステムViconなどにご興味はございますか？,,2026-04-15 17:01:08.847980+08:00
01KP86663CQXJWM1YWDKVXDNCB,,c8a816d1f163decc3f698ea21a63e734,AGENT,初めまして、私が株式会社クレッセントのアシスタント「ゲッペイ」です。ライブ配信などで活用できるVolu☆ME!、業界最高水準のモーションキャプチャシステムViconなどがございますが、ご興味はございますでしょうか？,,2026-04-15 17:05:08.822498+08:00
01KP868HVMCT0ZKA02J8TRXSWV,,4761823045452e140886b86109b7f464,AGENT,こんにちは！ クレッセントのアシスタント、月餅です。ライブ配信などで活用できるVolu☆ME!、業界最高水準のモーションキャプチャシステムViconなど、クレッセントの最新技術にご興味はありますか？,,2026-04-15 17:06:30.216132+08:00
01KP86C7BS5Y4M2S32XWD1R6R8,,679908ba5f5bc94b5ca52829d4ee9fca,AGENT,"はじめまして。株式会社クレッセントのアシスタント、ゲッペイと申します。

最新のモーションキャプチャ技術に精通した、私がお手伝いいたします。
",,2026-04-15 17:08:27.190620+08:00
01KP86CXRJ7P2QBERBJ1Z1SGNT,,679908ba5f5bc94b5ca52829d4ee9fca,AGENT,はじめまして！わたくしは株式会社クレッセントのアシスタント、ゲッペイと申します。ライブ配信などで活用できるVolu☆ME!や、業界最高水準のモーションキャプチャシステムViconについてお話しできます。,,2026-04-15 17:08:49.567734+08:00
01KP86F1KWFHVR37Q74W3HCFJ6,,5684f512968efaea9b4618c0c3d25b33,AGENT,皆様、こんにちは！ 株式会社クレッセントのアシスタント、ゲッペイと申します。ライブ配信などで活用できるVolu☆ME!、または業界最高水準のモーションキャプチャシステムViconについてご興味はありますか？,,2026-04-15 17:09:59.151755+08:00
01KP87C87AXWPYYWE00AW267GN,,c05c80be287895b0e6a31901ac643a71,AGENT,こんにちは！株式会社クレッセントのアシスタント、月餅（げっぺい）と申します。ライブ配信などで活用できるVolu☆ME!と業界最高水準のモーションキャプチャシステムViconについてご紹介できます。,,2026-04-15 17:26:01.259432+08:00
01KP87DVSH0KPME2EYY8AHF5GE,,2891d32893efc839a0cad7f4f05a0ce8,AGENT,皆様、こんにちは。私、株式会社クレッセントのアシスタント、ゲッペイと申します。ライブ配信などで活用できるVolu☆ME!、業界最高水準のモーションキャプチャシステムViconなど、クレッセントの最新技術にご興味はございますか？,,2026-04-15 17:26:48.618078+08:00
01KP87FJN1YJFMYEXQ5MQ0AJ2P,,10bd6e792c2f317875b8af7fc27af557,AGENT,株式会社クレッセントのアシスタント、月餅と申します。ライブ配信などで活用できるVolu☆ME!や、業界最高水準のモーションキャプチャシステムViconについてご興味はございますか？,,2026-04-15 17:27:45.318528+08:00
01KP87SGVS6RZB2XJ8DFVKYPVH,,47fce9b526367965e26af3281792dc61,AGENT,"はじめまして！私、株式会社クレッセントのアシスタント、月餅と申します。
ライブ配信などで活用できるVolu☆ME!、業界最高水準のモーションキャプチャシステムViconなど、クレッセントの最新技術にご興味はございますか？",,2026-04-15 17:33:11.685882+08:00
01KP87SZJ2HXWWD5MNPBF8A7ST,,4004e579fa1f5210cdd1aee24b0cf4f3,AGENT,"ようこそ、いらっしゃいませ。私、株式会社クレッセントのアシスタント、ゲッペイと申します。

ライブ配信などで活用できるVolu☆ME!、業界最高水準のモーションキャプチャシステムViconについてご興味はございませんか？
",,2026-04-15 17:33:25.693831+08:00
01KP87Z5TAWJ9HBS58RHAGTZE9,,f6b2176483fcaea0191939f5c62c5152,AGENT,こんにちは！私、株式会社クレッセントのアシスタント、ゲッペイと申します。ライブ配信などで活用できるVolu☆ME!や、業界最高水準のモーションキャプチャシステムViconについてご紹介できます。,,2026-04-15 17:36:16.269445+08:00
01KP88824EKD9MF1STDTJ7M1ZF,,cc564a7ab2852f1ce5100f12d338f152,AGENT,株式会社クレッセントのアシスタント、月餅と申します。ライブ配信などで活用できるVolu☆ME!、業界最高水準のモーションキャプチャシステムViconなど、クレッセントの最新技術にご興味はございますか？,,2026-04-15 17:41:07.256197+08:00
01KP889CP3E1J1X29FB079X2X3,,23c4f247e44f7123ada587e972ac468f,AGENT,"はじめまして。私、株式会社クレッセントのアシスタント、ゲッペイと申します。

ライブ配信などで活用できるVolu☆ME!や、業界最高水準のモーションキャプチャシステムViconについてご興味はございませんか？",,2026-04-15 17:41:51.569358+08:00
01KP88NNSE5WQHDF0FH07SA6RB,,412122309d6e2f15f09a9378c1270a34,AGENT,株式会社クレッセントのアシスタント、月餅と申します。ライブ配信などで活用できるVolu☆ME!、業界最高水準のモーションキャプチャシステムViconなど、クレッセントの最新技術にご興味はありますか？,,2026-04-15 17:48:35.535182+08:00
01KP8A2JASNJHXJEPEG77GQ6AA,,d79509cf88721d56bbf19d3f1005a99a,AGENT,月餅ちゃんと申します。株式会社クレッセントのアシスタントです。ライブ配信などで活用できるVolu☆ME!と、2026年最新スタジオについてご興味はありますか？,,2026-04-15 18:13:13.277776+08:00
01KP8B94TK8TVNJR941CV8S1RC,,0541f5272a6c41f69978fdf0fa27b153,AGENT,"はい、初めまして。私、株式会社クレッセントのアシスタント、ゲッペイと申します。
ライブ配信などで活用できるVolu☆ME!と業界最高水準のモーションキャプチャシステムViconについてご案内できます。",,2026-04-15 18:35:01.549499+08:00
01KP8BBSK6FM8QSCQ2YPX6G37R,,e9d99fe25ae79df791e63bd3a3e14a22,AGENT,はじめまして。株式会社クレッセントのアシスタント、ゲッペイと申します。ライブ配信などで活用できるVolu☆ME!と、業界最高水準のモーションキャプチャシステムViconについてご紹介できます。,,2026-04-15 18:35:35.472249+08:00
01KP8BCSXSY75Y1CD451CZB9C7,,0541f5272a6c41f69978fdf0fa27b153,AGENT,こんにちは！ 株式会社クレッセントのアシスタント、月餅（ゲッペイ）と申します。ライブ配信などで活用できるVolu☆ME!や、業界最高水準のモーションキャプチャシステムViconについてご紹介できます。,,2026-04-15 18:36:08.778376+08:00
01KP8BZCJ8WP3PNP738EYNVNC6,,bc286ace1317c918394f78bc6e40a68c,AGENT,"皆様、こんにちは！ 株式会社クレッセントのアシスタント「ゲッペイ」と申します。

本日は、ライブ配信などで活用できるVolu☆ME!、または業界最高水準のモーションキャプチャシステムViconについて興味はございますか？",,2026-04-15 18:46:17.837800+08:00
01KP8C8Q7SX7SKTA9QBMBVG665,,55ad911907a9952d830dcd7d6e80c826,AGENT,"こんにちは！ 株式会社クレッセントのアシスタント、月餅（ゲッペイ）と申します。

ライブ配信などで活用できるVolu☆ME!と、業界最高水準のモーションキャプチャシステムViconについてご興味はございますか？",,2026-04-15 18:51:33.526238+08:00
01KP8CCKTRR7B55MPKA94658V5,,843dc7304b2c45b3c1bdae5f96d88e39,AGENT,株式会社クレッセントのアシスタント、ゲッペイと申します。ライブ配信などで活用できるVolu☆ME!と、業界最高水準のモーションキャプチャシステムViconについてご紹介できます。,,2026-04-15 18:53:31.487800+08:00
01KP8DW87F70S5XZQ7GWYH9Y2P,,dc790e6b97e7958f012e22f7badcfea4,AGENT,こんにちは！私は株式会社クレッセントのアシスタント、ゲッペイと申します。ライブ配信などで活用できるVolu☆ME!や、業界最高水準のモーションキャプチャシステムViconについてお話しできます。,,2026-04-15 19:19:32.348406+08:00
01KP8EFS729SPHFZ2SEWMKNG2W,,d79509cf88721d56bbf19d3f1005a99a,AGENT,はじめまして。株式会社クレッセントのアシスタント、ゲッペイと申します。ライブ配信などで活用できるVolu☆ME!と、業界最高水準のモーションキャプチャシステムViconについてご紹介できます。,,2026-04-15 19:30:22.049531+08:00
01KP8FQ9404VF3WJJTMAMVTA7T,,dc790e6b97e7958f012e22f7badcfea4,AGENT,お客様、こんにちは。私、株式会社クレッセントのアシスタント、ゲッペイと申します。ライブ配信などで活用できるVolu☆ME!や、業界最高水準のモーションキャプチャシステムViconについてご紹介できます。,,2026-04-15 19:51:46.374920+08:00
01KP8FS92BC9JHRPWZFAAFTVRY,,dc790e6b97e7958f012e22f7badcfea4,AGENT,お客様、こんにちは！株式会社クレッセントのアシスタント、ゲッペイと申します。ライブ配信などで活用できるVolu☆ME!や、業界最高水準のモーションキャプチャシステムViconなどにご興味はございますか？,,2026-04-15 19:52:51.888783+08:00
01KP8FT22RTD6X89BJWHZ6JA32,,dc790e6b97e7958f012e22f7badcfea4,AGENT,こんにちは。株式会社クレッセントのアシスタント、月餅と申します。ライブ配信などで活用できるVolu☆ME!や、業界最高水準のモーションキャプチャシステムViconについてご紹介できます。,,2026-04-15 19:53:17.203184+08:00
01KP8H2M2S395F7SCNR4R5H9NE,,0a57d243b845a41d9ab31839b1a8c162,AGENT,株式会社クレッセントのアシスタント、ゲッペイと申します。ライブ配信などで活用できるVolu☆ME!と業界最高水準のモーションキャプチャシステムViconについてご紹介できます。,,2026-04-15 20:15:28.698671+08:00
01KP8J4MK7191PJNS9SBR184DJ,,4d963d4d1692533e9939ee99de029db5,AGENT,はじめまして、私は株式会社クレッセントのアシスタント、ゲッペイと申します。ライブ配信などで活用できるVolu☆ME!や、業界最高水準のモーションキャプチャシステムViconについてご紹介できます。,,2026-04-15 20:34:01.577649+08:00
01KP8J5XDWEBHYNT59B3NVHBAA,,4d963d4d1692533e9939ee99de029db5,AGENT,こんにちは。株式会社クレッセントのアシスタント、ゲッペイと申します。ライブ配信などで活用できるVolu☆ME!、業界最高水準のモーションキャプチャシステムViconなどがございますが、ご興味はございますか？,,2026-04-15 20:34:42.454658+08:00
01KP8JFF6BP8J9FGKET8Q0JTPW,,aeba23432066de535db72b0df312d15b,AGENT,こんにちは！株式会社クレッセントのアシスタント、月餅（ゲッペイ）と申します。ライブ配信などで活用できるVolu☆ME!や、業界最高水準のモーションキャプチャシステムViconについてご紹介できます。,,2026-04-15 20:39:56.547029+08:00
01KP8KEWN9HRF4TMRHT8994ZNJ,,d79509cf88721d56bbf19d3f1005a99a,AGENT,こんにちは！ 株式会社クレッセントのアシスタント、月餅です。ライブ配信などで活用できるVolu☆ME!や、業界最高水準のモーションキャプチャシステムViconについてご紹介できます。,,2026-04-15 20:57:11.339623+08:00
01KP8M0Y5N35HMGNX02TJ8BRPR,,a50340ea96ff9b6c92239d1e0d95ba7a,AGENT,ようこそ、私は株式会社クレッセントのアシスタント、ゲッペイです。ライブ配信などで活用できるVolu☆ME!や、業界最高水準のモーションキャプチャシステムViconについてご紹介できます。,,2026-04-15 21:06:57.854204+08:00
01KP8MHW5QJ4X101174E1CKTQS,,b0e52ac651e5aed7a7b30d78e924204b,AGENT,株式会社クレッセントのアシスタント、ゲッペイと申します。ライブ配信などで活用できるVolu☆ME!や、業界最高水準のモーションキャプチャシステムViconについてご紹介できます。,,2026-04-15 21:16:11.627815+08:00
01KP8MJJJRTFJ1V50ANSD9H6N3,,cc3df19736a01a936196644951524141,AGENT,株式会社クレッセントのアシスタント、ゲッペイと申します。ライブ配信などで活用できるVolu☆ME!と、業界最高水準のモーションキャプチャシステムViconにご興味はありませんか？,,2026-04-15 21:16:34.594328+08:00
01KP8MJS0C9CZ3GGY2ZAQ5TB6W,,cc3df19736a01a936196644951524141,AGENT,株式会社クレッセントのアシスタント、ゲッペイと申します。ライブ配信などで活用できるVolu☆ME!と、業界最高水準のモーションキャプチャシステムViconについてご紹介できます。,,2026-04-15 21:16:40.807614+08:00
01KP8MKSB1VYEDFAMBK2SAB6CT,,cc3df19736a01a936196644951524141,AGENT,はじめまして！株式会社クレッセントのアシスタント、ゲッペイと申します。ライブ配信などで活用できるVolu☆ME!と、業界最高水準のモーションキャプチャシステムViconにご興味はございますか？,,2026-04-15 21:17:14.047108+08:00
01KP8NFS1ZTNVZF2C0842JSGVC,,6766f5b056b7eaa2eefc8aad137e71c8,AGENT,クレッセントのアシスタント、ゲッペイと申します。ライブ配信などで活用できるVolu☆ME!や、業界最高水準のモーションキャプチャシステムViconについてご紹介できます。,,2026-04-15 21:32:32.182889+08:00
01KP8NZAY77KQ5T5J79EA0QT5H,,d79509cf88721d56bbf19d3f1005a99a,AGENT,"ゲッペイと申します。株式会社クレッセントのアシスタントです。

ライブ配信などで活用できるVolu☆ME!や、2026年最新スタジオについてご興味はございませんか？",,2026-04-15 21:41:12.429912+08:00
01KP8PCWHZWVC7QN97QF51T5K5,,9f45db0f8c989b7038a8cd3dd41b7795,AGENT,株式会社クレッセントのアシスタント、月餅と申します。ライブ配信などで活用できるVolu☆ME!や、業界最高水準のモーションキャプチャシステムViconについてご興味はございますか？,,2026-04-15 21:48:25.942229+08:00
01KP8RG8V93DZGCV2VE3TYA3YK,,d8c647227c76a70f43c0fa463c12d90d,AGENT,こんにちは！私、株式会社クレッセントのアシスタント、ゲッペイと申します。ライブ配信などで活用できるVolu☆ME!や、業界最高水準のモーションキャプチャシステムViconについてご紹介できます。,,2026-04-15 22:25:15.302347+08:00
01KP8SBXWZSYR4HG8K4FTMYF5G,,a5f001ebdc6742c84644ae40150c10e8,AGENT,株式会社クレッセントのアシスタント、ゲッペイと申します。ライブ配信などで活用できるVolu☆ME!と、業界最高水準のモーションキャプチャシステムViconについてご紹介できます。,,2026-04-15 22:40:19.743420+08:00
01KP8V6QNCY145JPKDWCE0J0PA,,6d503bbb67cf69d61e19558cb68b2437,AGENT,こんにちは！株式会社クレッセントのアシスタント、月餅です。ライブ配信などで活用できるVolu☆ME!や、業界最高水準のモーションキャプチャシステムViconについてご紹介できます。,,2026-04-15 23:12:27.143835+08:00
01KP8VAMYXV6PYK63DKRKMG60F,,6d503bbb67cf69d61e19558cb68b2437,AGENT,ようこそお越しくださいました！私、株式会社クレッセントのアシスタント、ゲッペイと申します。ライブ配信などで活用できるVolu☆ME!や、業界最高水準のモーションキャプチャシステムViconなどについてご案内できます。,,2026-04-15 23:14:34.991886+08:00
01KP8YVYTHF2Z47RG64QG8XXXQ,,d46208a4c3ef5cc6e6dc537beaef4329,AGENT,こんにちは！株式会社クレッセントのアシスタント、ゲッペイと申します。ライブ配信などで活用できるVolu☆ME!や、業界最高水準のモーションキャプチャシステムViconについてご紹介できますが、ご興味はございますか？,,2026-04-16 00:16:29.212376+08:00
01KP8Z4FJXH9S0FA1R9A5AX2MT,,d46208a4c3ef5cc6e6dc537beaef4329,AGENT,こんにちは。私、クレッセントのアシスタント、ゲッペイと申します。ライブ配信などで活用できるVolu☆ME!と、業界最高水準のモーションキャプチャシステムViconについてご紹介できます。,,2026-04-16 00:21:19.753624+08:00
01KP8ZJSHEW2N6DVCYR2SFQG9Y,,0946fba0849bbe5e738b42b9da960ca9,AGENT,皆様、こんにちは。株式会社クレッセントのアシスタント、ゲッペイと申します。ライブ配信などで活用できるVolu☆ME!や、業界最高水準のモーションキャプチャシステムViconについてご紹介できます。,,2026-04-16 00:28:58.078240+08:00
01KP91B2VA8ERA6MPNGMVZTKGT,,083facc85044fccd42f68ede8167ab49,AGENT,はじめまして。株式会社クレッセントのアシスタント、ゲッペイと申します。ライブ配信などで活用できるVolu☆ME!と、業界最高水準のモーションキャプチャシステムViconについてご紹介できます。,,2026-04-16 00:59:46.940787+08:00
01KP91VTT3M1BD331SG3216M7C,,c093edacfabaca541bdb63bba953f983,AGENT,こんにちは。株式会社クレッセントのアシスタント、月餅と申します。ライブ配信などで活用できるVolu☆ME!、そして業界最高水準のモーションキャプチャシステムViconにご興味はございますか？,,2026-04-16 01:08:50.005680+08:00
01KP99RK0EE3K3PWHP7MARV4DD,,9fb663c1dedd7ccbb5fa738d6e081b22,AGENT,"月餅と申します。クレッセントのアシスタントを務めております。

ライブ配信などで活用できるVolu☆ME!や、業界最高水準のモーションキャプチャシステムViconについてご興味はございませんか？",,2026-04-16 03:26:52.935021+08:00
01KP9KT0Y58XEEF5XWZ1BGVF51,,4a79fc98c23589c664e642a1fecacbea,AGENT,株式会社クレッセントのアシスタント、月餅と申します。ライブ配信などで活用できるVolu☆ME!、そして業界最高水準のモーションキャプチャシステムViconについてご紹介できます。,,2026-04-16 06:22:28.004899+08:00
01KP9KT0Y58XEEF5XWZ1BGVF51,,4a79fc98c23589c664e642a1fecacbea,USER,I'm Athena,,2026-04-16 06:22:33.918311+08:00
01KP9KT0Y58XEEF5XWZ1BGVF51,,4a79fc98c23589c664e642a1fecacbea,AGENT,Athenaさん、こんにちは！何かモーションキャプチャ技術やデジタル表現について、お知りになりたいことはありますか？,,2026-04-16 06:22:33.945574+08:00
01KP9Q53MYS97CQTKX5ZZPSCNQ,,50538a3db7e4021e5267520c63cea28d,AGENT,皆様、こんにちは。私、株式会社クレッセントのアシスタント、ゲッペイと申します。ライブ配信などで活用できるVolu☆ME!、業界最高水準のモーションキャプチャシステムViconについてご紹介できます。,,2026-04-16 07:23:25.591883+08:00
01KP9QEB39YMN9FV6XGDEM82F5,,d1346cd6d62a35b05ac28d157d6afb80,AGENT,こんにちは。株式会社クレッセントのアシスタント、ゲッペイと申します。ライブ配信などで活用できるVolu☆ME!や、業界最高水準のモーションキャプチャシステムViconについてご紹介できます。,,2026-04-16 07:26:10.653677+08:00
01KP9QNAJ25KJTBN3W2PFCHAKF,,1ef0f8e076e4100d881e7e2fc510ecce,AGENT,お客様、こんにちは。私、株式会社クレッセントのアシスタント、ゲッペイと申します。ライブ配信などで活用できるVolu☆ME!や、業界最高水準のモーションキャプチャシステムViconについてご紹介できます。,,2026-04-16 07:30:12.287468+08:00
01KP9QTDZK1V7QWYK9RV26292Y,,b0a05cdfcc3e26c1565d023a98520de2,AGENT,皆様、こんにちは。株式会社クレッセントのアシスタント、ゲッペイと申します。ライブ配信などで活用できるVolu☆ME!、そして業界最高水準のモーションキャプチャシステムViconについてご紹介できます。,,2026-04-16 07:32:43.415527+08:00
01KP9R9YYAW5CGSBDJ0SZ6655D,,0fc5de8ab6a0dae6ca65302b6b4b4669,AGENT,初めまして。私、株式会社クレッセントのアシスタント、ゲッペイと申します。ライブ配信などで活用できるVolu☆ME!と業界最高水準のモーションキャプチャシステムViconにご興味はございますか？,,2026-04-16 07:41:22.619112+08:00
01KP9RBGJ3P2XYR4K8C74P5XDW,,0fc5de8ab6a0dae6ca65302b6b4b4669,AGENT,株式会社クレッセントのアシスタント、ゲッペイと申します。ライブ配信などで活用できるVolu☆ME!と、業界最高水準のモーションキャプチャシステムViconについてご紹介できます。,,2026-04-16 07:41:51.703094+08:00
01KP9RFB4XQ66FXAF4K7H1BWA9,,0fc5de8ab6a0dae6ca65302b6b4b4669,AGENT,初めまして、私は株式会社クレッセントのアシスタント、月餅です。ライブ配信などで活用できるVolu☆ME!、業界最高水準のモーションキャプチャシステムViconなど、クレッセントが提供する最新技術についてご案内できます。,,2026-04-16 07:43:57.335157+08:00
01KP9S2RXRXG21PNAR0D4Q0EAR,,0a67db6c73b9eddb0f57d8bfba9758f0,AGENT,はじめまして。株式会社クレッセントのアシスタント、ゲッペイと申します。ライブ配信などで活用できるVolu☆ME!と、業界最高水準のモーションキャプチャシステムViconについてご紹介できます。,,2026-04-16 07:54:40.698501+08:00
01KP9S40YBYBQZX28THGRHQBRK,,fb1d4b6bc9aacb0d45c54ca15bb3a2e1,AGENT,こんにちは。株式会社クレッセントのアシスタント、月餅です。ライブ配信などで活用できるVolu☆ME!や、業界最高水準のモーションキャプチャシステムViconについてご興味はありますか？,,2026-04-16 07:55:19.485156+08:00
01KP9TTQCM2493H466Y3T5VZ82,,107712dc6c122e1b8a1ae57ceddb1395,AGENT,株式会社クレッセントのアシスタント、ゲッペイと申します。ライブ配信などで活用できるVolu☆ME!と、業界最高水準のモーションキャプチャシステムViconにご興味はありませんか？,,2026-04-16 08:25:09.399508+08:00
01KP9VFVTV2GCA5STDS5P56RG2,,076cbc4890e128266f196aa2feaadad3,AGENT,月餅と申します。株式会社クレッセントのアシスタントです。ライブ配信などで活用できるVolu☆ME!と業界最高水準のモーションキャプチャシステムViconについてご案内できます。,,2026-04-16 08:36:44.776933+08:00
01KP9VJCSEASPMBW0T57C1VK04,,9abe590102a81df20eab33cdea87496c,AGENT,"月餅と申します。株式会社クレッセントのアシスタントです。
ライブ配信などで活用できるVolu☆ME!や、業界最高水準のモーションキャプチャシステムViconなど、弊社には様々なソリューションがございます。",,2026-04-16 08:38:04.395069+08:00
01KP9VMT0HQQ2S8P939QZX4DWC,,856492319e996d32f979267bef0ba7f3,AGENT,こんにちは！株式会社クレッセントのアシスタント、ゲッペイと申します。ライブ配信などで活用できるVolu☆ME!、業界最高水準のモーションキャプチャシステムViconなど、クレッセントの技術について、何かご興味はございますか？,,2026-04-16 08:39:22.602195+08:00
01KP9VPBNJQ7SKPA3T64Z741VH,,23c29debe554ddb56e46377258779ab7,AGENT,はじめまして。株式会社クレッセントのアシスタント、ゲッペイと申します。ライブ配信などで活用できるVolu☆ME!と、2026年最新スタジオについてご案内できます。,,2026-04-16 08:40:12.932374+08:00
01KP9VVR7K8WJTWFSEVV1M0Z4G,,acb49dafebffe561244b88adaef6bb89,AGENT,こんにちは！私、株式会社クレッセントのアシスタント、ゲッペイと申します。ライブ配信などで活用できるVolu☆ME!や、業界最高水準のモーションキャプチャシステムViconについてご紹介できます。,,2026-04-16 09:22:59.677766+08:00
01KP9WMV5M9MX4HZY7W11TZT2J,,04bea55e348f5d5a23e3e92171c3d1a8,AGENT,こんにちは！株式会社クレッセントのアシスタント、ゲッペイと申します。ライブ配信などで活用できるVolu☆ME!、業界最高水準のモーションキャプチャシステムVicon、どちらにご興味がございますか？,,2026-04-16 08:56:52.869425+08:00
01KP9WPP3ZD0J3PFHFBQS47QZW,,70ac911093262e4f9bfde31ebc3fd54e,AGENT,"こんにちは！ 株式会社クレッセントのアシスタント、ゲッペイと申します。

ライブ配信などで活用できるVolu☆ME!と、業界最高水準のモーションキャプチャシステムViconにご興味はありますか？",,2026-04-16 08:57:52.618727+08:00
01KP9WQYGQMZPPV9AY1KPJHK9A,,578e9f1c87845f6bb05cb82cd3e0b3b3,AGENT,月餅ちゃんと申します。株式会社クレッセントのアシスタントです。ライブ配信などで活用できるVolu☆ME!と、業界最高水準のモーションキャプチャシステムViconにご興味はありませんか？,,2026-04-16 08:58:34.097769+08:00
01KP9WWXYM11MGG97A7X2JD4Y9,,f2a30b1ddd4db02bba6e102daeb57ce4,AGENT,こんにちは。株式会社クレッセントのアシスタント、月餅と申します。ライブ配信などで活用できるVolu☆ME!、そして業界最高水準のモーションキャプチャシステムViconについてご紹介できます。,,2026-04-16 09:25:24.555916+08:00
01KP9WWXYV99ZW4HVRHRB5253A,,f2a30b1ddd4db02bba6e102daeb57ce4,AGENT,初めまして。私、株式会社クレッセントのアシスタント、ゲッペイと申します。ライブ配信などで活用できるVolu☆ME!と業界最高水準のモーションキャプチャシステムViconにご興味はありますか？,,2026-04-16 09:01:17.399402+08:00
01KP9XR84QQ97GDYCA8RH4SNVA,,2e527a6275ed216556f161b222ec9f35,AGENT,"ゲッペイと申します。株式会社クレッセントのアシスタントです。

ライブ配信などで活用できるVolu☆ME!、業界最高水準のモーションキャプチャシステムViconにご興味はございますか？",,2026-04-16 09:23:46.329958+08:00
01KP9YG6AAM2GDJ5VB0D1CKCNW,,0a04b2ab0562233c81a8d73c90856629,AGENT,こんにちは！株式会社クレッセントのアシスタント、ゲッペイと申します。ライブ配信などで活用できるVolu☆ME!や、業界最高水準のモーションキャプチャシステムViconにご興味はありませんか？,,2026-04-16 09:29:20.427593+08:00
01KP9YYFWCBT5CFJN1FSXGX5Q1,,ea9fafe4473878156ed7c230e5e417f0,AGENT,はじめまして。私、株式会社クレッセントのアシスタント、ゲッペイと申します。ライブ配信などで活用できるVolu☆ME!や、業界最高水準のモーションキャプチャシステムViconなどにご興味はございますか？,,2026-04-16 09:37:10.380206+08:00
01KP9Z123XYFEM5XHP97CNWCR3,,65ae7bcf5659804bf56125b51da8c24a,AGENT,皆様、こんにちは。株式会社クレッセントのアシスタント、ゲッペイと申します。ライブ配信などで活用できるVolu☆ME!や、業界最高水準のモーションキャプチャシステムViconについてご紹介できます。,,2026-04-16 09:38:31.829448+08:00
01KP9Z2ZGAJ776JDXR81TCDC4A,,65ae7bcf5659804bf56125b51da8c24a,AGENT,はじめまして。株式会社クレッセントのアシスタント、ゲッペイと申します。ライブ配信などで活用できるVolu☆ME!と、業界最高水準のモーションキャプチャシステムViconにご興味はございますか？,,2026-04-16 09:39:33.005403+08:00
01KP9ZB6P66ZJSMR6EH6MER23P,,e7639417ee5734dfec1588393be8b20a,AGENT,株式会社クレッセントのアシスタント、月餅と申します。ライブ配信などで活用できるVolu☆ME!、業界最高水準のモーションキャプチャシステムViconなど、クレッセントの最新技術にご興味はございますか。,,2026-04-16 09:44:03.699308+08:00
01KP9ZG517CW9MJ36DF0VDZ5CJ,,e7639417ee5734dfec1588393be8b20a,AGENT,こんにちは。株式会社クレッセントのアシスタント、月餅です。ライブ配信などで活用できるVolu☆ME!や、業界最高水準のモーションキャプチャシステムViconについてご興味はありますか？,,2026-04-16 09:46:44.666053+08:00
01KP9ZKK0SQNS6MV76370V1ZDN,,1b0c1d2dda182d74480e4a8e3b0ef6d4,AGENT,はじめまして。株式会社クレッセントのアシスタント、ゲッペイと申します。ライブ配信などで活用できるVolu☆ME!と、2026年最新スタジオについてご案内できます。,,2026-04-16 09:48:37.918219+08:00
01KP9ZKWA0HAR3XTTQNN0VQ99E,,40af9aaba429bb7cbe1254e49a62490c,AGENT,初めまして。株式会社クレッセントのアシスタント、ゲッペイと申します。ライブ配信などで活用できるVolu☆ME!、業界最高水準のモーションキャプチャシステムVicon、どちらにご興味がありますか？,,2026-04-16 09:48:46.357881+08:00
01KP9ZNW4W27KM7MK576GETBC5,,ed096fbfd9c4042bc4750062ec390382,AGENT,"こんにちは！ 株式会社クレッセントのアシスタント、ゲッペイと申します。

ライブ配信などで活用できるVolu☆ME!と、業界最高水準のモーションキャプチャシステムViconにご興味はありませんか？",,2026-04-16 09:49:51.984260+08:00
01KP9ZPQAB7DQK4CK9KGVF2BZM,,1b0c1d2dda182d74480e4a8e3b0ef6d4,AGENT,こんにちは！株式会社クレッセントのアシスタント、月餅です。ライブ配信などで活用できるVolu☆ME!と業界最高水準のモーションキャプチャシステムViconについてご紹介できます。,,2026-04-16 09:50:19.241550+08:00
01KPA02V5PCASPWC5EA1APYDZD,,ea9fafe4473878156ed7c230e5e417f0,AGENT,"月餅です。クレッセントのアシスタントをしております。

ライブ配信などで活用できるVolu☆ME!、業界最高水準のモーションキャプチャシステムViconについてご興味はございますか？",,2026-04-16 09:56:57.493535+08:00
01KPA0C34MQA3FFC8C8KRC5AJ7,,2e527a6275ed216556f161b222ec9f35,AGENT,ようこそ！私は株式会社クレッセントのアシスタント、ゲッペイと申します。ライブ配信などで活用できるVolu☆ME!や、業界最高水準のモーションキャプチャシステムViconについてご紹介できます。,,2026-04-16 10:01:58.269255+08:00
01KPA0JK54T0R1D5YWG2N5D7YC,,c5ebba95e7c4fdcf88418cae6d973926,AGENT,こんにちは！株式会社クレッセントのアシスタント、月餅です。ライブ配信などで活用できるVolu☆ME!や、業界最高水準のモーションキャプチャシステムViconについてご興味はございますか？,,2026-04-16 10:05:34.075711+08:00
01KPA0K3R5ZFPDGGK4CF8PRZ2V,,acb49dafebffe561244b88adaef6bb89,AGENT,はじめまして。株式会社クレッセントのアシスタント、ゲッペイと申します。ライブ配信などで活用できるVolu☆ME!や、業界最高水準のモーションキャプチャシステムViconについてご紹介できます。,,2026-04-16 10:05:49.109971+08:00
01KPA0REP7FAAF5PQGEF40Q2TZ,,fe1c38740658ea10e5e6593415bcde76,AGENT,初めまして、私は株式会社クレッセントのアシスタント、月餅（ゲッペイ）と申します。ライブ配信などで活用できるVolu☆ME!や、業界最高水準のモーションキャプチャシステムViconなどにご興味はございますか？,,2026-04-16 10:17:19.652073+08:00
01KPA161XM1F4PTBZVP2NT979Q,,bed243e5f61306e28c5b46c791f14c92,AGENT,"こんにちは、ゲッペイと申します。
株式会社クレッセントのアシスタントです。
ライブ配信などで活用できるVolu☆ME!、業界最高水準のモーションキャプチャシステムViconなど、弊社では様々なソリューションを提供しております。",,2026-04-16 10:16:11.938823+08:00
01KPA1HSYKGXJ9K245H70PPW9G,,865b670b5efc51c1de077e6eda52d7e8,AGENT,"月餅と申します。株式会社クレッセントのアシスタントです。
ライブ配信などで活用できるVolu☆ME!や、業界最高水準のモーションキャプチャシステムViconなどにご興味はございますか？",,2026-04-16 10:22:36.170522+08:00
01KPA1KFNG4QHH9NWN2N7302CS,,a21b586ed68a7006fd55ec1f3ea9cacc,AGENT,皆様、こんにちは。私は株式会社クレッセントのアシスタント、ゲッペイと申します。ライブ配信などで活用できるVolu☆ME!や、業界最高水準のモーションキャプチャシステムViconなどにご興味はございますか？,,2026-04-16 10:23:30.358054+08:00
01KPA1R0XV8PBYBRF94H1JYJKA,,65ae7bcf5659804bf56125b51da8c24a,AGENT,"初めまして、私は株式会社クレッセントのアシスタント、月餅（ゲッペイ）と申します。
ライブ配信などで活用できるVolu☆ME!、そして業界最高水準のモーションキャプチャシステムViconについてご紹介できます。",,2026-04-16 10:26:00.324011+08:00
01KPA1VMCN2HFE9WG5WJDNCFAH,,e7e919c0317e288ac92d0f35386f3679,AGENT,はじめまして。株式会社クレッセントのアシスタント、ゲッペイと申します。ライブ配信などで活用できるVolu☆ME!や、業界最高水準のモーションキャプチャシステムViconについてご紹介できます。,,2026-04-16 10:27:58.572530+08:00
01KPA1W1JQWAKG7CC2610ADQPG,,48dadbf482413a4cf798f71e29fdfc74,AGENT,株式会社クレッセントのアシスタント、月餅と申します。ライブ配信などで活用できるVolu☆ME!や、業界最高水準のモーションキャプチャシステムViconについてご興味はありますか？,,2026-04-16 10:28:15.263937+08:00
01KPA1WQJKTK74B0ZH9PW6JC1M,,7ce3d80022b78d5e11583fdeeb6be4a1,AGENT,こんにちは！ 株式会社クレッセントのアシスタント、月餅です。何かご質問はございますか？ ライブ配信などで活用できるVolu☆ME!と、業界最高水準のモーションキャプチャシステムViconについてご紹介できます。,,2026-04-16 10:28:37.824699+08:00
01KPA1XXHMR3VRF75X9JTN9AC4,,f1089015af215f13829fbc68129c69ff,AGENT,皆様、こんにちは。株式会社クレッセントのアシスタント、ゲッペイと申します。ライブ配信などで活用できるVolu☆ME!、業界最高水準のモーションキャプチャシステムViconはいかがでしょうか？,,2026-04-16 10:29:15.716387+08:00
01KPA1YH9FJAZNVHDX1EXQSBSZ,,da2f6d22ae694a7e9e8e1ae176a71d6d,AGENT,初めまして。私、株式会社クレッセントのアシスタント、ゲッペイと申します。ライブ配信などで活用できるVolu☆ME!と、業界最高水準のモーションキャプチャシステムViconにご興味はございますか？,,2026-04-16 10:29:32.756071+08:00
01KPA1YVF2J48CADFHWA53EJPE,,e4cf5c2d97b3b43c603a3e5ddcc8b156,AGENT,株式会社クレッセントのアシスタント、ゲッペイと申します。ライブ配信などで活用できるVolu☆ME!と、業界最高水準のモーションキャプチャシステムViconにご興味はありませんか？,,2026-04-16 10:29:42.579493+08:00
01KPA1ZWHRVJDH98ZZ71866YC8,,6d6ae60d6e9f1f24f37d6161c4745868,AGENT,月餅と申します。株式会社クレッセントのアシスタントです。ライブ配信などで活用できるVolu☆ME!と、業界最高水準のモーションキャプチャシステムViconについてご紹介できます。,,2026-04-16 10:30:23.260299+08:00
01KPA20QZ63XGMZSM30T0AKPKW,,6d6ae60d6e9f1f24f37d6161c4745868,AGENT,こんにちは、私は株式会社クレッセントのアシスタント、ゲッペイと申します。ライブ配信などで活用できるVolu☆ME!と、業界最高水準のモーションキャプチャシステムViconにご興味はありますか？,,2026-04-16 10:30:48.526158+08:00
01KPA23QXE26MYXGN296VYP7B3,,48dadbf482413a4cf798f71e29fdfc74,AGENT,株式会社クレッセントのアシスタント、ゲッペイと申します。ライブ配信などで活用できるVolu☆ME!と、業界最高水準のモーションキャプチャシステムViconにご興味はありませんか。,,2026-04-16 10:32:27.058657+08:00
01KPA2B5BZEDT0WCW4AP4RSAZY,,483d06cac4081ff573ce1df4818abbd5,AGENT,月餅と申します。株式会社クレッセントのアシスタントとして、皆様のクリエイティブな課題解決をサポートいたします。ライブ配信などで活用できるVolu☆ME!、業界最高水準のモーションキャプチャシステムViconなど、ご興味はございますか？,,2026-04-16 10:36:26.514248+08:00
01KPA2DZ42R9GD708E9KARQ46F,,acb49dafebffe561244b88adaef6bb89,AGENT,"初めまして！ 株式会社クレッセントのアシスタント、ゲッペイと申します。
ライブ配信などで活用できるVolu☆ME!、2026年最新スタジオについてご興味はございますか？",,2026-04-16 10:37:57.761804+08:00
01KPA2PP2G5ZKSJTSZCQ9FS45G,,a7940d65443d3c05e8308dab17257190,AGENT,"ようこそ！株式会社クレッセントのアシスタント、ゲッペイと申します。

ライブ配信などで活用できるVolu☆ME!や、業界最高水準のモーションキャプチャシステムViconについてご興味はありませんか？",,2026-04-16 10:42:45.117028+08:00
01KPA2RNMYWB4G7SZRJBJGH6XW,,89b67d1a20ec4797aa754efdde142051,AGENT,皆様、こんにちは！ 株式会社クレッセントのアシスタント、ゲッペイと申します。ライブ配信などで活用できるVolu☆ME!、そして業界最高水準のモーションキャプチャシステムViconにご興味はありませんか？,,2026-04-16 10:43:49.663704+08:00
01KPA2SB7WWTXR5E7BTEMMY19P,,89b67d1a20ec4797aa754efdde142051,AGENT,株式会社クレッセントのアシスタント、ゲッペイと申します。ライブ配信などで活用できるVolu☆ME!や、業界最高水準のモーションキャプチャシステムViconについてお話しできます。,,2026-04-16 10:44:11.454303+08:00
01KPA32F4G8ZR2AC8MP4DBEQ8Y,,45f3ef0f4641dd3dda26f6894e40288c,AGENT,初めまして。私、株式会社クレッセントのアシスタント、ゲッペイと申します。ライブ配信などで活用できるVolu☆ME!と業界最高水準のモーションキャプチャシステムViconにご興味はありますか？,,2026-04-16 10:49:10.780400+08:00
01KPA34EBV5ZYMDP82TW4EGQ7Z,,ba3297cb0361f8a947ea838cab0a94c6,AGENT,はじめまして！ 私、株式会社クレッセントのアシスタント、ゲッペイと申します。ライブ配信などで活用できるVolu☆ME!、業界最高水準のモーションキャプチャシステムViconについてご紹介できます。,,2026-04-16 10:50:17.408384+08:00
01KPA36SB06RBMFX8XFYRS6N9H,,45f3ef0f4641dd3dda26f6894e40288c,AGENT,こんにちは！ 株式会社クレッセントのアシスタント、月餅（ゲッペイ）と申します。ライブ配信などで活用できるVolu☆ME!と、業界最高水準のモーションキャプチャシステムViconについてご紹介できます。,,2026-04-16 10:51:31.070100+08:00
01KPA387E9AGRPA3ZPVTCH486W,,45f3ef0f4641dd3dda26f6894e40288c,AGENT,ようこそ、いらっしゃいませ！私、株式会社クレッセントのアシスタント、ゲッペイと申します。ライブ配信などで活用できるVolu☆ME!、そして業界最高水準のモーションキャプチャシステムViconについてご紹介できます。,,2026-04-16 10:52:18.295777+08:00
01KPA3GGA0JH80S5ZTY5403V4R,,8bf8176c1da6094208e6346a7e0e738f,AGENT,ようこそいらっしゃいました。私は、株式会社クレッセントのアシスタント「ゲッペイ」と申します。ライブ配信などで活用できるVolu☆ME!や、業界最高水準のモーションキャプチャシステムViconなどにご興味はございますか？,,2026-04-16 10:57:02.330474+08:00
01KPA49GTFDYRY2NFBWWD5GRSB,,0946fba0849bbe5e738b42b9da960ca9,AGENT,皆様、こんにちは。私は株式会社クレッセントのアシスタント、ゲッペイと申します。ライブ配信などで活用できるVolu☆ME!、業界最高水準のモーションキャプチャシステムViconなどにご興味はございますか？,,2026-04-16 11:10:30.457621+08:00
01KPA4K2R4H3MYEXMV11CZ0V4R,,2e527a6275ed216556f161b222ec9f35,AGENT,お客様、こんにちは！株式会社クレッセントのアシスタント、ゲッペイと申します。ライブ配信などで活用できるVolu☆ME!、または業界最高水準のモーションキャプチャシステムViconにご興味はございますか？,,2026-04-16 11:15:42.357957+08:00
01KPA4K2R4H3MYEXMV11CZ0V4R,,2e527a6275ed216556f161b222ec9f35,USER,可以介紹一下keyson是誰嗎？,,2026-04-16 11:16:46.897967+08:00
01KPA4K2R4H3MYEXMV11CZ0V4R,,2e527a6275ed216556f161b222ec9f35,AGENT,"我無法提供有關「keyson」的資訊。

不過，我很樂意為您介紹我們公司在動作捕捉方面的專業知識，或是我們最新的2026年工作室計畫。您對哪方面比較有興趣呢？",,2026-04-16 11:16:46.909473+08:00
01KPA4K2R4H3MYEXMV11CZ0V4R,,2e527a6275ed216556f161b222ec9f35,USER,Can you introduce about your service?,,2026-04-16 11:17:11.294464+08:00
01KPA4K2R4H3MYEXMV11CZ0V4R,,2e527a6275ed216556f161b222ec9f35,AGENT,"Hello! I am MoonCake, assistant at Crescent Inc. We offer various services, and I can tell you about our industry-leading Vicon motion capture system or our upcoming 2026 studio. Which one interests you more?",,2026-04-16 11:17:11.319353+08:00
01KPA4PPTCK7D549FN9Z6NZWM6,,2e527a6275ed216556f161b222ec9f35,AGENT,こんにちは！ 私は株式会社クレッセントのアシスタント、ゲッペイと申します。ライブ配信などで活用できるVolu☆ME!、業界最高水準のモーションキャプチャシステムViconについてご紹介できます。,,2026-04-16 11:17:41.611351+08:00
01KPA4TRABPTD8FEGY0AKYPM10,,e993ba2ef47a8341fdd5b5cf22325f4d,AGENT,株式会社クレッセントのアシスタント、ゲッペイと申します。ライブ配信などで活用できるVolu☆ME!や、業界最高水準のモーションキャプチャシステムViconについてご紹介できます。,,2026-04-16 11:19:57.467705+08:00
01KPA4XYCQWZKFNA3DZ8VCGWPC,,2e527a6275ed216556f161b222ec9f35,AGENT,こんにちは。私は株式会社クレッセントのアシスタント、ゲッペイと申します。ライブ配信などで活用できるVolu☆ME!や、業界最高水準のモーションキャプチャシステムViconについてご紹介できます。,,2026-04-16 11:41:46.108007+08:00
01KPA5AWFYKPB7JJZYC03K190E,,58ecbe47030147bcedb2af90b7797fbf,AGENT,こんにちは！ 私、クレッセントのゲッペイと申します。ライブ配信などで活用できるVolu☆ME!、業界最高水準のモーションキャプチャシステムViconなどがございますが、どちらにご興味がございますか？,,2026-04-16 11:33:33.030520+08:00
01KPA5CJNTQEKTM0C9N7WXT7NQ,,7ac8133ac6249aa75045a9614a9d5bab,AGENT,こんにちは！私は株式会社クレッセントのアシスタント、ゲッペイと申します。ライブ配信などで活用できるVolu☆ME!と、業界最高水準のモーションキャプチャシステムViconについてご案内できます。,,2026-04-16 11:29:40.520082+08:00
01KPA5HR0S11ESVTM7CJKNYBVW,,607a3cfab86642e938dc3f51ae10f0ab,AGENT,"初めまして。私、株式会社クレッセントのアシスタント、ゲッペイと申します。
ライブ配信などで活用できるVolu☆ME!と、業界最高水準のモーションキャプチャシステムViconにご興味はございますか？",,2026-04-16 11:32:27.924202+08:00
01KPA5VC3VW41JEP3GFV39AG8S,,e901c5b929eccca43b317cbdd8b6497f,AGENT,こんにちは！私は株式会社クレッセントのアシスタント、ゲッペイと申します。ライブ配信などで活用できるVolu☆ME!と、業界最高水準のモーションキャプチャシステムViconにご興味はございますか？,,2026-04-16 11:37:43.687805+08:00
01KPA5Z18XDRQQH6HMY3Q15TX4,,f4643b102be4afac84d5d65038ef1564,AGENT,株式会社クレッセントのアシスタント、月餅です。ライブ配信などで活用できるVolu☆ME!と業界最高水準のモーションキャプチャシステムViconについてご紹介できます。,,2026-04-16 11:39:43.265963+08:00
01KPA61WW3DR803WDECM08H0AH,,8979a9eb4c66b346538271708ec5f9f9,AGENT,"はじめまして。株式会社クレッセントのアシスタント、ゲッペイと申します。

ライブ配信などで活用できるVolu☆ME!、業界最高水準のモーションキャプチャシステムViconについてご興味はありますか？",,2026-04-16 11:41:17.052336+08:00
01KPA6PB50FXY7HPEBK0DX1ZN8,,bf6c97b2a209392aad9f19e08cf369ae,AGENT,はじめまして！私、クレッセントのアシスタント、ゲッペイと申します。ライブ配信などで活用できるVolu☆ME!や、業界最高水準のモーションキャプチャシステムViconについてお話しできます。,,2026-04-16 11:52:44.657145+08:00
01KPA6PGCVEKVANFMJP17P3HFR,,67f4199c368a6695d929b51704b3635f,AGENT,こんにちは！株式会社クレッセントのアシスタント、ゲッペイと申します。ライブ配信などで活用できるVolu☆ME!、2026年最新スタジオにご興味はございませんか？,,2026-04-16 11:52:33.188483+08:00
01KPA6RGS4PH23E9A0NNFXBBJN,,67f4199c368a6695d929b51704b3635f,AGENT,月餅と申します。株式会社クレッセントのアシスタントです。ライブ配信などで活用できるVolu☆ME!と業界最高水準のモーションキャプチャシステムViconについてご案内できます。,,2026-04-16 11:53:39.296168+08:00
01KPA7AMD8HTPCT1J0RNP7HH97,,7ed6ae5d1f04f35c4bc6a5b9f6ee3d72,AGENT,いらっしゃいませ！私、株式会社クレッセントのアシスタント、ゲッペイと申します。ライブ配信などで活用できるVolu☆ME!と、業界最高水準のモーションキャプチャシステムViconについてご紹介できます。,,2026-04-16 12:03:32.126950+08:00
01KPA7BVYZAMD9FDC9XMZ46MQF,,d55202d25990aeb3314ae666d30be4f9,AGENT,ようこそ！ 私は株式会社クレッセントのアシスタント、ゲッペイと申します。ライブ配信などで活用できるVolu☆ME!、業界最高水準のモーションキャプチャシステムViconなど、様々なご提案が可能です。,,2026-04-16 12:04:16.080358+08:00
01KPA7KJ3ZQ4XENMBV0BB0BVD0,,8e2aa82a4e1b9394c64402c1173bdd6f,AGENT,皆様、こんにちは。株式会社クレッセントのアシスタント、ゲッペイと申します。ライブ配信などで活用できるVolu☆ME!、業界最高水準のモーションキャプチャシステムViconなど、クレッセントの最新技術にご興味はありますでしょうか？,,2026-04-16 12:08:27.101917+08:00
01KPA7QYMASNERGNT4TSYZG2A8,,acb49dafebffe561244b88adaef6bb89,AGENT,初めまして。私、株式会社クレッセントのアシスタント「ゲッペイ」と申します。ライブ配信などで活用できるVolu☆ME!と、業界最高水準のモーションキャプチャシステムViconについてご紹介できます。,,2026-04-16 12:10:47.756154+08:00
01KPA81G6PHQ7VGR1VDNZFNCS1,,d55202d25990aeb3314ae666d30be4f9,AGENT,こんにちは！ 私は株式会社クレッセントのアシスタント、ゲッペイと申します。ライブ配信などで活用できるVolu☆ME!や、業界最高水準のモーションキャプチャシステムViconについてご紹介できます。,,2026-04-16 12:16:02.536634+08:00
01KPA8625XHJWQH118GEQEDM4V,,f4aa870e5fa68b79d15007e061ab53af,AGENT,いらっしゃいませ。私は、株式会社クレッセントのアシスタント、ゲッペイと申します。ライブ配信などで活用できるVolu☆ME!と業界最高水準のモーションキャプチャシステムViconについてご紹介できます。,,2026-04-16 12:18:43.999960+08:00
01KPA89MGV6W6RAKYBHH1MGTBQ,,aeba23432066de535db72b0df312d15b,AGENT,こんにちは！株式会社クレッセントのアシスタント、月餅です。ライブ配信などで活用できるVolu☆ME!と業界最高水準のモーションキャプチャシステムViconについて、何かご興味はございますか？,,2026-04-16 12:20:31.407702+08:00
01KPA8BG6SGTM9KX9Q2FHK1V66,,d9d96af6b632dbf9581ccc2c1d94b1bb,AGENT,株式会社クレッセントのアシスタント、ゲッペイと申します。ライブ配信などで活用できるVolu☆ME!と業界最高水準のモーションキャプチャシステムViconについてご紹介できます。,,2026-04-16 12:21:33.989158+08:00
01KPA8DGSWAWMDHNPZN008HHXZ,,2e527a6275ed216556f161b222ec9f35,AGENT,ようこそお越しくださいました！私、株式会社クレッセントのアシスタント、ゲッペイと申します。ライブ配信などで活用できるVolu☆ME!、業界最高水準のモーションキャプチャシステムViconなど、クレッセントの最新技術にご興味はございますか？,,2026-04-16 12:22:34.721005+08:00
01KPA8DGSWAWMDHNPZN008HHXZ,,2e527a6275ed216556f161b222ec9f35,USER,製品について,,2026-04-16 12:23:03.949644+08:00
01KPA8DGSWAWMDHNPZN008HHXZ,,2e527a6275ed216556f161b222ec9f35,AGENT,製品についてですね！どのような製品にご興味がありますか？例えば、ライブ配信で活用できるVolu☆ME!や、業界最高水準のモーションキャプチャシステムViconなどがございます。,"[""Volume_cover""]",2026-04-16 12:23:03.980654+08:00
01KPA8GEE8BQ4CTE58G3RJHDMB,,688c91b344b71abad5e8f295a314e218,AGENT,"お客様、こんにちは。私、株式会社クレッセントのアシスタント、ゲッペイと申します。

ライブ配信などで活用できるVolu☆ME!と、業界最高水準のモーションキャプチャシステムViconにご興味はございますか？",,2026-04-16 12:24:17.085783+08:00
01KPA8JAHP1S7D208F9HW62541,,cf137fd948fc0269609fae8df88601cb,AGENT,こんにちは！株式会社クレッセントのアシスタント、ゲッペイと申します。ライブ配信などで活用できるVolu☆ME!や、業界最高水準のモーションキャプチャシステムViconについてご紹介できます。,,2026-04-16 12:25:17.637401+08:00
01KPA8JFHV8PM7TWYM5BTARHFT,,688c91b344b71abad5e8f295a314e218,AGENT,株式会社クレッセントのアシスタント、月餅と申します。ライブ配信などで活用できるVolu☆ME!、2026年最新スタジオについてご案内できます。,,2026-04-16 12:25:18.916313+08:00
01KPA8KXH0ZFM81Z57JDRF0YNY,,540dc7da505de89d41ac0c0ae4ae5e2c,AGENT,"ゲッペイと申します。株式会社クレッセントのアシスタントです。

ライブ配信などで活用できるVolu☆ME! や、業界最高水準のモーションキャプチャシステムViconなど、ご興味はございますか？",,2026-04-16 12:26:05.048531+08:00
01KPA8PCH5F240G2F8P0F52SKJ,,2e527a6275ed216556f161b222ec9f35,AGENT,月餅と申します。株式会社クレッセントのアシスタントです。ライブ配信などで活用できるVolu☆ME!や、業界最高水準のモーションキャプチャシステムViconについてご紹介できます。,,2026-04-16 12:27:25.237293+08:00
01KPA8PSE21D7GG6CSEFHF3DPN,,9ac1a8f8fa8fd9fe1f25e535802d3820,AGENT,月餅と申します。株式会社クレッセントのアシスタントです。ライブ配信などで活用できるVolu☆ME!と、業界最高水準のモーションキャプチャシステムViconについてご紹介できます。,,2026-04-16 12:27:39.414783+08:00
01KPA8RHEG2JC8ZQ6WKPMYVGCG,,05bf20955355ea01b2754b67daf7e739,AGENT,いらっしゃいませ。株式会社クレッセントのアシスタント、月餅と申します。ライブ配信などで活用できるVolu☆ME!、業界最高水準のモーションキャプチャシステムViconにご興味はございますか？,,2026-04-16 12:28:36.581702+08:00
01KPA8ZM1XEXP6QAAVG4J8R58G,,905ee5bc7afff15e8a6f0d59e4133adf,AGENT,"ようこそ、いらっしゃいませ。私、株式会社クレッセントのアシスタント、ゲッペイと申します。

本日は、ライブ配信などで活用できるVolu☆ME!と、業界最高水準のモーションキャプチャシステムViconのどちらにご興味がございますか？",,2026-04-16 12:32:28.701296+08:00
01KPA8ZRE1H051F5X27SF2X4SE,,cf137fd948fc0269609fae8df88601cb,AGENT,こんにちは！株式会社クレッセントのゲッペイと申します。ライブ配信などで活用できるVolu☆ME!や、業界最高水準のモーションキャプチャシステムViconについてご紹介できます。,,2026-04-16 12:32:34.284883+08:00
01KPA92ZRHHY0415KW39MAFCR0,,e379174ba4cc580431dbc6fb2458d49f,AGENT,はじめまして。私、株式会社クレッセントのアシスタント、ゲッペイと申します。ライブ配信などで活用できるVolu☆ME!、そして業界最高水準のモーションキャプチャシステムViconにご興味はございますか？,,2026-04-16 12:34:22.646697+08:00
01KPA93AMHH6PWZMFCHR477PR9,,2e527a6275ed216556f161b222ec9f35,AGENT,"こんにちは。私、株式会社クレッセントのアシスタント、ゲッペイと申します。

ライブ配信などで活用できるVolu☆ME!、そして業界最高水準のモーションキャプチャシステムViconにご興味はございますか？",,2026-04-16 12:34:28.208268+08:00
01KPA96KJ9ZMVXP0QB6VCKDFSX,,b485101edada77f30e3d031e819c0f3a,AGENT,こんにちは！私は株式会社クレッセントのアシスタント、ゲッペイと申します。ライブ配信などで活用できるVolu☆ME!や、業界最高水準のモーションキャプチャシステムViconについてご興味はありますか？,,2026-04-16 12:36:17.551812+08:00
01KPA9CZYCD2Z8DG371GEMQKSJ,,076cbc4890e128266f196aa2feaadad3,AGENT,こんにちは！ 株式会社クレッセントのアシスタント、月餅です。ライブ配信などで活用できるVolu☆ME!と、業界最高水準のモーションキャプチャシステムViconについてご案内できます。,,2026-04-16 12:39:46.514680+08:00
01KPA9S86T1YNMNHVC97HJK947,,2e527a6275ed216556f161b222ec9f35,AGENT,こんにちは。私、株式会社クレッセントのアシスタント、ゲッペイと申します。ライブ配信などで活用できるVolu☆ME!や、業界最高水準のモーションキャプチャシステムViconについてご紹介できます。,,2026-04-16 12:46:26.825993+08:00
01KPA9TZ53RRTNER253DRACX8A,,acb49dafebffe561244b88adaef6bb89,AGENT,月餅と申します。株式会社クレッセントのアシスタントです。ライブ配信などで活用できるVolu☆ME!や、業界最高水準のモーションキャプチャシステムViconについてご紹介できます。,,2026-04-16 12:47:22.877721+08:00
01KPAA4H39YN6A6SF77TX60E9Z,,648651f56fc4e86c3f3cc76ce00cc2a1,AGENT,ようこそいらっしゃいました。私、株式会社クレッセントのアシスタント、ゲッペイと申します。ライブ配信などで活用できるVolu☆ME!、あるいは業界最高水準のモーションキャプチャシステムViconについてご興味はございますか？,,2026-04-16 12:52:47.269159+08:00
01KPAA67YB0WKEENZ5S8E4GE7S,,d705ebe6abec6c03ce1557f1e38d3d5c,AGENT,こんにちは！私は株式会社クレッセントのアシスタント、ゲッペイと申します。ライブ配信などで活用できるVolu☆ME!と、業界最高水準のモーションキャプチャシステムViconについてご紹介できます。,,2026-04-16 12:53:36.271418+08:00
01KPAA95Z1RK2VG4DVH6P7N1VM,,2e527a6275ed216556f161b222ec9f35,AGENT,株式会社クレッセントのアシスタント、月餅と申します。ライブ配信などで活用できるVolu☆ME!、業界最高水準のモーションキャプチャシステムViconなどがございますが、どちらにご興味がございますか？,,2026-04-16 12:55:09.578688+08:00
01KPAAA0Y6R8A498VBG41075ZP,,cbdaa1507b5a1e3ba12eb3f0d427de8c,AGENT,皆様、こんにちは！ 株式会社クレッセントのアシスタント、ゲッペイと申します。ライブ配信などで活用できるVolu☆ME!や、業界最高水準のモーションキャプチャシステムViconについてお話しできます。,,2026-04-16 12:55:39.193989+08:00
01KPAAB31YQQEHXY7SBQ9J0CGP,,cacca0c7b443a440ce445122a5bbe3ac,AGENT,"こんにちは！株式会社クレッセントのゲッペイです。

ライブ配信などで活用できるVolu☆ME!、業界最高水準のモーションキャプチャシステムViconにご興味はありますか？",,2026-04-16 12:56:12.501189+08:00
01KPAAFG5T80EEYPFN6WBGFWVR,,656ef11ff367814dcbd432eab30beafe,AGENT,はじめまして。株式会社クレッセントのアシスタント、ゲッペイと申します。ライブ配信などで活用できるVolu☆ME!と、業界最高水準のモーションキャプチャシステムViconについてご紹介できます。,,2026-04-16 12:58:37.335864+08:00
01KPAASV0Q1D4EYJYNT9BWP7F1,,7758f502c97d25b263db76141debc111,AGENT,こんにちは。私は株式会社クレッセントのアシスタント、ゲッペイと申します。ライブ配信などで活用できるVolu☆ME!や、業界最高水準のモーションキャプチャシステムViconについてご紹介できます。,,2026-04-16 13:04:17.249802+08:00
01KPAASZNN8TGX4FDSXKP0CC9Q,,b6007592d76e14d8d9b85b060ca54040,AGENT,お客様、こんにちは。私は株式会社クレッセントのアシスタント、ゲッペイと申します。ライブ配信などで活用できるVolu☆ME!や、業界最高水準のモーションキャプチャシステムViconなどにご興味はございますか？,,2026-04-16 13:04:22.010657+08:00
01KPAATTDBMFQJ5K22MZ7HHZAG,,de15ecdc8657467f888b97ffa1803630,AGENT,こんにちは！株式会社クレッセントのアシスタント、月餅です。ライブ配信などで活用できるVolu☆ME!と、業界最高水準のモーションキャプチャシステムViconについてご紹介できます。,,2026-04-16 13:04:47.463696+08:00
01KPAAV3P3G4Q9C7WH5F68M1BP,,de15ecdc8657467f888b97ffa1803630,AGENT,こんにちは、私は株式会社クレッセントのアシスタント、ゲッペイと申します。ライブ配信などで活用できるVolu☆ME!や、業界最高水準のモーションキャプチャシステムViconについてご興味はありますか？,,2026-04-16 13:53:39.526890+08:00
01KPAAZ2BEVWEPBETZ1TAXJ3QJ,,b41b7839c0a381d09ea18f3f961d19e3,AGENT,初めまして、私は株式会社クレッセントのアシスタント、ゲッペイと申します。ライブ配信などで活用できるVolu☆ME!、業界最高水準のモーションキャプチャシステムViconなど、弊社は幅広いサービスを提供しています。,,2026-04-16 13:24:44.051625+08:00
01KPAB1FP369WV5HPF5QYPFBKH,,cbed8726cb8cf1b4ca50832a3106491a,AGENT,はじめまして、私は株式会社クレッセントのアシスタント、ゲッペイと申します。ライブ配信などで活用できるVolu☆ME!、業界最高水準のモーションキャプチャシステムVicon、どちらにご興味がございますか？,,2026-04-16 13:08:27.016451+08:00
01KPAB5R8NZXSRRXFAQNGVC6ZT,,617607bf8ec437d931c7beb368ec5b20,AGENT,こんにちは！株式会社クレッセントのゲッペイと申します。ライブ配信などで活用できるVolu☆ME!や、業界最高水準のモーションキャプチャシステムViconについてご紹介できます。,,2026-04-16 13:10:47.477736+08:00
01KPABC7BKAJR91Q6Q2CCS9N53,,4e47a12c11149c6eb2917123823ae74b,AGENT,お客様、こんにちは。私は株式会社クレッセントのアシスタント、月餅（ゲッペイ）と申します。ライブ配信などで活用できるVolu☆ME!、業界最高水準のモーションキャプチャシステムViconに関心がございましたら、お気軽にお尋ねください。,,2026-04-16 13:14:25.528771+08:00
01KPABCKNTS2BGFBZM1AWKFJH3,,4e47a12c11149c6eb2917123823ae74b,AGENT,こんにちは！ 株式会社クレッセントのゲッペイと申します。ライブ配信などで活用できるVolu☆ME!や、業界最高水準のモーションキャプチャシステムViconなどにご興味はございますか？,,2026-04-16 13:14:37.246947+08:00
01KPABKFR288G85GSCR575W2MF,,d9439461515f9454b0291348ef705c5e,AGENT,株式会社クレッセントのアシスタント、月餅と申します。ライブ配信などで活用できるVolu☆ME!、業界最高水準のモーションキャプチャシステムViconなど、弊社は様々な技術を提供しております。,,2026-04-16 13:18:16.982876+08:00
01KPABQKN0BBE4Y03JQ52N8X7V,,2271b5d7fd217cf7240e2ab0285bb140,AGENT,こんにちは。株式会社クレッセントのアシスタント、ゲッペイと申します。ライブ配信などで活用できるVolu☆ME!や、業界最高水準のモーションキャプチャシステムViconについてご紹介できます。,,2026-04-16 13:20:34.661878+08:00
01KPABYFMW50B94F2TXFEFGH3F,,f1f0905b56cb9b6abca4a9f90d38f104,AGENT,"こんにちは、ゲッペイと申します。株式会社クレッセントのアシスタントです。

ライブ配信などで活用できるVolu☆ME!、業界最高水準のモーションキャプチャシステムViconにご興味はありますか？",,2026-04-16 13:24:24.205862+08:00
01KPAC3MGG3AKHJS66KNDT77P6,,abd407a3bf41ddf4b328a898e2566614,AGENT,初めまして、私が株式会社クレッセントのアシスタント、月餅です。ライブ配信などで活用できるVolu☆ME!、業界最高水準のモーションキャプチャシステムViconなど、クレッセントの最新技術にご興味はございますか？,,2026-04-16 13:27:06.618140+08:00
01KPAC5CEMXGDNGH9SY71GQTX2,,2e527a6275ed216556f161b222ec9f35,AGENT,こんにちは！株式会社クレッセントのアシスタント、月餅（ゲッペイ）と申します。ライブ配信などで活用できるVolu☆ME!、業界最高水準のモーションキャプチャシステムViconなど、弊社についてお話しできます。,,2026-04-16 13:28:02.940161+08:00
01KPACJFY0J3N8F6JY0CBCR8MC,,8a298da9e039bcd0fd7b530d1e22cd65,AGENT,はじめまして、株式会社クレッセントのアシスタント、ゲッペイと申します。ライブ配信などで活用できるVolu☆ME!や、業界最高水準のモーションキャプチャシステムViconについてご興味はございますか？,,2026-04-16 13:35:12.321790+08:00
01KPACMFDM817V3Z506TDEQHBH,,8a298da9e039bcd0fd7b530d1e22cd65,AGENT,株式会社クレッセントのアシスタント、月餅と申します。ライブ配信などで活用できるVolu☆ME!、業界最高水準のモーションキャプチャシステムViconなどがございますが、ご興味はございますか？,,2026-04-16 13:36:17.359834+08:00
01KPAD1AHK72PMA6GAAX5GXMBS,,2e527a6275ed216556f161b222ec9f35,AGENT,はじめまして。株式会社クレッセントのゲッペイと申します。ライブ配信などで活用できるVolu☆ME!や、業界最高水準のモーションキャプチャシステムViconについてご案内できます。,,2026-04-16 13:43:17.742484+08:00
01KPAD2MRRG4YMVG53M40QPD7V,,e36e3f95024cc89bffaf37e119374208,AGENT,月餅ちゃんと申します。株式会社クレッセントのアシスタントです。ライブ配信などで活用できるVolu☆ME!と業界最高水準のモーションキャプチャシステムViconについてご紹介できます。,,2026-04-16 13:44:01.863928+08:00
01KPAD4VKPTZ03YNAM0304HBB9,,e36e3f95024cc89bffaf37e119374208,AGENT,こんにちは。私は株式会社クレッセントのアシスタント、ゲッペイと申します。ライブ配信などで活用できるVolu☆ME!と、2026年最新スタジオについてご案内できます。,,2026-04-16 13:45:14.123085+08:00
01KPAD9KA16NA5A00MN6TQXDBM,,60ce12868605b97ad52bd033e50f91f1,AGENT,はじめまして。株式会社クレッセントのアシスタント、ゲッペイと申します。ライブ配信などで活用できるVolu☆ME!や、業界最高水準のモーションキャプチャシステムViconについてご興味はありませんか？,,2026-04-16 13:47:50.065697+08:00
01KPADT0N0R3VY2D7QX5N86N34,,7efbe3b539b71e4a89a413d49bb2f85b,AGENT,こんにちは！私、株式会社クレッセントのアシスタント、ゲッペイと申します。ライブ配信などで活用できるVolu☆ME!や、業界最高水準のモーションキャプチャシステムViconについてご紹介できます。,,2026-04-16 13:56:50.482212+08:00
01KPAE415H46QFA4WV90FJ0D6G,,b5ef5472d80165948d19642c3c65d141,AGENT,こんにちは！私は株式会社クレッセントのアシスタント、ゲッペイと申します。ライブ配信などで活用できるVolu☆ME!や、業界最高水準のモーションキャプチャシステムViconについてご紹介できます。,,2026-04-16 14:02:16.099707+08:00
01KPAEBH4F14RQJ2TADT6ZEVQ2,,48dadbf482413a4cf798f71e29fdfc74,AGENT,皆様、こんにちは！ 株式会社クレッセントのアシスタント、ゲッペイと申します。ライブ配信などで活用できるVolu☆ME!、業界最高水準のモーションキャプチャシステムViconにご興味はございますか？,,2026-04-16 14:06:21.713719+08:00
01KPAETJXTVTX03RZ9SVPZR2CG,,2e527a6275ed216556f161b222ec9f35,AGENT,こんにちは。株式会社クレッセントのアシスタント、ゲッペイと申します。ライブ配信などで活用できるVolu☆ME!、そして業界最高水準のモーションキャプチャシステムViconについてご紹介できます。,,2026-04-16 14:14:33.138087+08:00
01KPAF7P6VBX8Z3555TB5H8HAH,,c3a44dad374a21f6ee986f76263be0d2,AGENT,ゲッペイと申します。クレッセントのアシスタントです。ライブ配信などで活用できるVolu☆ME!と、業界最高水準のモーションキャプチャシステムViconにご興味はありませんか？,,2026-04-16 14:21:43.969518+08:00
01KPAF82C3AF6XYDADV5DJWNEA,,6db03796571b157a90147fbee8c1f4d1,AGENT,皆様、こんにちは！ 株式会社クレッセントのアシスタント、ゲッペイと申します。ライブ配信などで活用できるVolu☆ME!、そして業界最高水準のViconモーションキャプチャシステムについてご紹介できます。,,2026-04-16 14:22:01.217607+08:00
01KPAF82C3AF6XYDADV5DJWNEA,,6db03796571b157a90147fbee8c1f4d1,USER,どんな会社ですか？,,2026-04-16 14:22:20.515972+08:00
01KPAF82C3AF6XYDADV5DJWNEA,,6db03796571b157a90147fbee8c1f4d1,AGENT,"株式会社クレッセントは、1999年に設立されたイメージエンジニアリングの会社です。モーションキャプチャシステムや画像処理ソフトウェアの輸入・販売・サポート、映像制作プログラム開発、コンテンツ・アプリ開発などを行っています。

より詳しく弊社の事業内容にご興味がありますか？",,2026-04-16 14:22:20.539402+08:00
01KPAF84F28X98H69H36D3B5VV,,cee4be39d5905a1f2a0efb856480e69d,AGENT,株式会社クレッセントのアシスタント、月餅です。ライブ配信などで活用できるVolu☆ME!と、業界最高水準のモーションキャプチャシステムViconについてご紹介できます。,,2026-04-16 14:22:02.264145+08:00
01KPAF8A9N0SGHDK9CZXMHCK4Z,,cbed8726cb8cf1b4ca50832a3106491a,AGENT,皆様、こんにちは。私は株式会社クレッセントのアシスタント、ゲッペイと申します。ライブ配信などで活用できるVolu☆ME!、業界最高水準のモーションキャプチャシステムViconなど、クレッセントの最新技術にご興味はございますか？,,2026-04-16 14:22:05.717858+08:00
01KPAF8A9N0SGHDK9CZXMHCK4Z,,cbed8726cb8cf1b4ca50832a3106491a,USER,おはよう,,2026-04-16 14:22:38.164838+08:00
01KPAF8A9N0SGHDK9CZXMHCK4Z,,cbed8726cb8cf1b4ca50832a3106491a,AGENT,おはようございます！何かお困りですか？それとも、弊社の2026年最新スタジオについて興味がありますか？,,2026-04-16 14:22:38.182426+08:00
01KPAF9GQ9FTRAK6B8ZCK1YE60,,6d5c1e78e1b0374e35d58c94947de203,AGENT,こんにちは！株式会社クレッセントのアシスタント、月餅と申します。ライブ配信などで活用できるVolu☆ME!、2026年最新スタジオについてご案内できます。,,2026-04-16 14:22:46.020302+08:00
01KPAFPDGHT9KKRDYRNZWBKPXA,,54955420aa7d45d723fedf21f2aa79af,AGENT,株式会社クレッセントのアシスタント、月餅と申します。ライブ配信などで活用できるVolu☆ME!、業界最高水準のモーションキャプチャシステムViconなどがございますが、何にご興味がありますか？,,2026-04-16 14:29:49.704280+08:00
01KPAFR3G0SN4X1WCCX3ZKCYB1,,c6829e1a6de8fe07b592a118bb9b6e84,AGENT,こんにちは！株式会社クレッセントのアシスタント、ゲッペイと申します。ライブ配信などで活用できるVolu☆ME!や、業界最高水準のモーションキャプチャシステムViconについてご紹介できます。,,2026-04-16 14:30:44.024281+08:00
01KPAFV9YVM08CRWKRT695TH3M,,5684725725ea097039deaf9f3e837b1b,AGENT,株式会社クレッセントのアシスタント、月餅と申します。ライブ配信などで活用できるVolu☆ME!や、業界最高水準のモーションキャプチャシステムViconについてご紹介できます。,,2026-04-16 14:32:29.584948+08:00
01KPAFVB0VDP9Z925PX7WPP1R9,,de15ecdc8657467f888b97ffa1803630,AGENT,"株式会社クレッセントのアシスタント、月餅と申します。
ライブ配信などで活用できるVolu☆ME!と、業界最高水準のモーションキャプチャシステムViconにご興味はありませんか？",,2026-04-16 14:32:27.260113+08:00
01KPAFVX0C0H54BCAEMWTMW4RC,,c3a44dad374a21f6ee986f76263be0d2,AGENT,株式会社クレッセントのアシスタント、月餅と申します。ライブ配信などで活用できるVolu☆ME!、2026年最新スタジオにご興味はございませんか？,,2026-04-16 14:32:45.752553+08:00
01KPAFWPKR2FK7W46PFECF6KB1,,c1514b76e61c7ac9f2c7576b0cc58a9a,AGENT,"皆様、こんにちは！ 株式会社クレッセントのアシスタント、ゲッペイと申します。

ライブ配信などで活用できるVolu☆ME!、そして業界最高水準のモーションキャプチャシステムViconにご興味はございますか？",,2026-04-16 14:33:14.971578+08:00
01KPAG277RP7G824GCWPKGZ6GA,,6d5c1e78e1b0374e35d58c94947de203,AGENT,株式会社クレッセントのアシスタント、月餅と申します。ライブ配信などで活用できるVolu☆ME!、2026年最新スタジオについてご興味はありますか？,,2026-04-16 14:36:15.347012+08:00
01KPAGH7XZC8TKXZZ3SGD2WRT6,,9ac1233fee99a572503d269e9dfbdf32,AGENT,株式会社クレッセントのアシスタント、ゲッペイと申します。ライブ配信などで活用できるVolu☆ME!と業界最高水準のモーションキャプチャシステムViconについてご紹介できます。,,2026-04-16 14:44:38.336964+08:00
01KPAGJAX3BTDSXA7EQR2NZXAA,,cee4be39d5905a1f2a0efb856480e69d,AGENT,"こんにちは！株式会社クレッセントのアシスタント、月餅（ゲッペイ）と申します。

私たちはライブ配信などで活用できるVolu☆ME!や、業界最高水準のモーションキャプチャシステムViconを提供しております。",,2026-04-16 14:45:03.456308+08:00
01KPAGM3JB4YGVFAVTR2CR632A,,7cc9bbd6b29912ccc78b7767fe4614fc,AGENT,こんにちは！私、株式会社クレッセントのアシスタント、ゲッペイと申します。ライブ配信などで活用できるVolu☆ME!や、業界最高水準のモーションキャプチャシステムViconについてご紹介できます。,,2026-04-16 14:46:07.408435+08:00
01KPAGPGGZ0DEETH1JJEWQ276J,,d2b356e26704f00ce029f17d80cbdb88,AGENT,株式会社クレッセントのアシスタント、ゲッペイと申します。ライブ配信などで活用できるVolu☆ME!と、2026年最新スタジオについてご案内できます。,,2026-04-16 14:47:18.271493+08:00
01KPAH9D8JX1AZ03V0XBJTAVCC,,82cc6faea60f07b3f20b7e4922847620,AGENT,はい、どのようなご用件でしょうか？株式会社クレッセントのアシスタント、ゲッペイと申します。,,2026-04-16 14:57:36.167403+08:00
01KPAHEK82PCN4YAWM5AG071Y1,,de15ecdc8657467f888b97ffa1803630,AGENT,お客様、こんにちは。私、株式会社クレッセントのアシスタント、ゲッペイと申します。ライブ配信などで活用できるVolu☆ME!や、業界最高水準のモーションキャプチャシステムViconについてご紹介できます。,,2026-04-16 15:00:27.577973+08:00
01KPAHGVHQAWJ4903D5SESJY9M,,1caef59b7d40ea6eb415f671b1273055,AGENT,ようこそいらっしゃいました。私、株式会社クレッセントのアシスタント、ゲッペイと申します。ライブ配信などで活用できるVolu☆ME!や、業界最高水準のモーションキャプチャシステムViconについてご紹介できます。,,2026-04-16 15:01:45.852140+08:00
01KPAHS1JANJ1KPR858JZ6KHBT,,3163f3dd972e063d5bed1062565a3193,AGENT,はじめまして！私、株式会社クレッセントのアシスタント、ゲッペイと申します。ライブ配信などで活用できるVolu☆ME!や、業界最高水準のモーションキャプチャシステムViconなど、クレッセントの最新技術にご興味はございますか？,,2026-04-16 15:06:19.875993+08:00
01KPAHTGDCHCESYDE4MYTF4W01,,47d67818b26befb0fb4918b5d89c38a4,AGENT,はじめまして。株式会社クレッセントのアシスタント、ゲッペイと申します。ライブ配信などで活用できるVolu☆ME!や、業界最高水準のモーションキャプチャシステムViconについてご紹介できます。,,2026-04-16 15:07:08.288035+08:00
01KPAJ1Y8XXWZNPNCZ1MEZXTEK,,de15ecdc8657467f888b97ffa1803630,AGENT,こんにちは！クレッセントのアシスタント、ゲッペイと申します。ライブ配信などで活用できるVolu☆ME!や、業界最高水準のモーションキャプチャシステムViconについてお話しできます。,,2026-04-16 15:11:00.721385+08:00
01KPAJ2EZC2TPTWFH9C39KVJMB,,a7c71ec8be79b6ff0022ad2a4f6915b6,AGENT,こんにちは！私、株式会社クレッセントのアシスタント、ゲッペイと申します。ライブ配信などで活用できるVolu☆ME!、または業界最高水準のモーションキャプチャシステムViconにご興味はございますか？,,2026-04-16 15:11:19.607058+08:00
01KPAJ2HYT35TSHZ81C3TA3RC6,,a4f10ab05dd16c61cd4cda77ec280bbc,AGENT,お客様、こんにちは！ 私は株式会社クレッセントのアシスタント、ゲッペイと申します。ライブ配信などで活用できるVolu☆ME!、業界最高水準のモーションキャプチャシステムViconなどにご興味はございますか？,,2026-04-16 15:11:24.394489+08:00
01KPAJ6DEZRQ5ZF1C050E48BE6,,a4f10ab05dd16c61cd4cda77ec280bbc,AGENT,はじめまして。株式会社クレッセントのアシスタント、ゲッペイと申します。ライブ配信などで活用できるVolu☆ME!と、業界最高水準のモーションキャプチャシステムViconについてご紹介できます。,,2026-04-16 15:13:29.681407+08:00
01KPAJKT0K1WPRRRP2ZPQ867SG,,1b22ede1da93ed9cb21a054e710792ec,AGENT,お客様、こんにちは！私は株式会社クレッセントのアシスタント、ゲッペイと申します。ライブ配信などで活用できるVolu☆ME!や、業界最高水準のモーションキャプチャシステムViconについてご紹介できます。,,2026-04-16 15:21:06.458578+08:00
01KPAJPCXSEPA3VYVN54AF4885,,a4f10ab05dd16c61cd4cda77ec280bbc,AGENT,株式会社クレッセントのアシスタント、月餅と申します。ライブ配信などで活用できるVolu☆ME!と、業界最高水準のモーションキャプチャシステムViconにご興味はありますか？,,2026-04-16 15:22:13.671922+08:00
01KPAJRQQ61FVSJ2ZW7GEXS9G0,,cee4be39d5905a1f2a0efb856480e69d,AGENT,皆様、こんにちは。私は株式会社クレッセントのアシスタント、ゲッペイと申します。ライブ配信などで活用できるVolu☆ME!や、業界最高水準のモーションキャプチャシステムViconについてご興味はございますか？,,2026-04-16 15:23:35.224654+08:00
01KPAJS84KYT5PWGDBAP1VPV0B,,4245f79dae43bdc3ec829721bdd80046,AGENT,ゲッペイと申します。株式会社クレッセントのアシスタントです。ライブ配信などで活用できるVolu☆ME!や、業界最高水準のモーションキャプチャシステムViconについてご紹介できます。,,2026-04-16 15:23:45.699033+08:00
01KPAJYHJKX7PHX0DSJB9GRS7X,,cb727567380255a325187721df08b90f,AGENT,株式会社クレッセントのアシスタント、「ゲッペイ」と申します。ライブ配信などで活用できるVolu☆ME!や、業界最高水準のモーションキャプチャシステムViconについてお話しできます。,,2026-04-16 15:26:38.842499+08:00
01KPAKKK2QW0XZ2HZJJ6WJAZ1T,,de15ecdc8657467f888b97ffa1803630,AGENT,株式会社クレッセントのアシスタント、ゲッペイと申します。ライブ配信などで活用できるVolu☆ME!と、業界最高水準のモーションキャプチャシステムViconについてご紹介できます。,,2026-04-16 15:38:07.704218+08:00
01KPAKQ6HDMNYBJDCY35SX2HZA,,7755480ea6f6f612543dfd0c9a68e692,AGENT,いらっしゃいませ。株式会社クレッセントのアシスタント、月餅（ゲッペイ）と申します。ライブ配信などで活用できるVolu☆ME!と、業界最高水準のモーションキャプチャシステムViconについてご案内できます。,,2026-04-16 15:40:07.042866+08:00
01KPAM77MEEYEYTX5J5VM5XMYP,,14e914ef6d7ebf648b7ff3118c0ab8c7,AGENT,こんにちは！ 株式会社クレッセントのアシスタント、月餅（ゲッペイ）と申します。ライブ配信などで活用できるVolu☆ME!、業界最高水準のモーションキャプチャシステムViconなどがございますが、どちらにご興味がございますか？,,2026-04-16 15:48:58.814156+08:00
01KPAMHMGSFDTSSZ56FKQ78789,,912ebffc061f256f6ae61fafba31b036,AGENT,こんにちは！私、株式会社クレッセントのアシスタント、ゲッペイと申します。ライブ配信などで活用できるVolu☆ME!や、業界最高水準のモーションキャプチャシステムViconについてご紹介できます。,,2026-04-16 15:54:37.275975+08:00
01KPAMN95AFHEGMDSFGEBZNVZ1,,7b2bae4f41ef31f7c84f7cd79694d445,AGENT,株式会社クレッセントのアシスタント、ゲッペイと申します。ライブ配信などで活用できるVolu☆ME!や、業界最高水準のモーションキャプチャシステムViconについてご紹介できます。,,2026-04-16 15:56:32.401358+08:00
01KPAMPC3QHCZFFYVR1SN357VA,,7b2bae4f41ef31f7c84f7cd79694d445,AGENT,皆様、こんにちは！ 株式会社クレッセントのアシスタント、ゲッペイと申します。ライブ配信などで活用できるVolu☆ME!や、業界最高水準のモーションキャプチャシステムViconについてお話しできます。,,2026-04-16 15:57:07.811421+08:00
01KPAMZ16N60P8D551P0VBQGQA,,076cbc4890e128266f196aa2feaadad3,AGENT,いらっしゃいませ。私は株式会社クレッセントのアシスタント、ゲッペイと申します。ライブ配信などで活用できるVolu☆ME!、業界最高水準のモーションキャプチャシステムViconにご興味はございますか？,,2026-04-16 16:01:50.836933+08:00
01KPAN4WEBYK4KXY2STSWSMPKT,,52f27bc2d96df6c801b8d2b10c41665d,AGENT,"お客様、こんにちは！ 株式会社クレッセントのアシスタント、ゲッペイと申します。

ライブ配信などで活用できるVolu☆ME!、または業界最高水準のモーションキャプチャシステムViconにご興味はございますか？",,2026-04-16 16:05:24.948826+08:00
01KPAN93BHZ7SFFNN24HP4FQ0N,,f2333e15769bf946c640ae2959ced317,AGENT,こんにちは。私、株式会社クレッセントのアシスタント、ゲッペイと申します。ライブ配信などで活用できるVolu☆ME!、または業界最高水準のモーションキャプチャシステムViconについてご興味はございますか？,,2026-04-16 16:07:23.408842+08:00
01KPAN9YBA4KAK1NQAEZ7HTHKV,,868243a12bb720054a0c8d6ab512aa2e,AGENT,こんにちは、私は株式会社クレッセントのアシスタント、ゲッペイと申します。ライブ配信などで活用できるVolu☆ME!、業界最高水準のモーションキャプチャシステムViconなど、クレッセントの最新技術にご興味はありますか？,,2026-04-16 16:07:51.117418+08:00
01KPAP2KJ2J134N7RYGM72F7D9,,b3a4eafa4af994c75f457d300aec12f4,AGENT,株式会社クレッセントのアシスタント、月餅と申します。ライブ配信などで活用できるVolu☆ME!、業界最高水準のモーションキャプチャシステムViconなど、クレッセントの最新技術にご興味はございますか？,,2026-04-16 16:21:22.467720+08:00
01KPAPCADNQM52KZE6H2DVN5KM,,145c6f9c3146ae428450ec467dbc38c4,AGENT,こんにちは！私は株式会社クレッセントのアシスタント、ゲッペイと申します。ライブ配信などで活用できるVolu☆ME!と、業界最高水準のモーションキャプチャシステムViconにご興味はございますか？,,2026-04-16 16:26:35.947965+08:00
01KPAPCYKPVDTM3GWN5D1N2JM4,,75bb70294587a7a465bfee5f061e074f,AGENT,お客様、こんにちは！私は株式会社クレッセントのアシスタント、ゲッペイと申します。ライブ配信などで活用できるVolu☆ME!、2026年最新スタジオに関する情報もございます。,,2026-04-16 16:26:58.996145+08:00
01KPAPMAJP8BG35FS27QHTAJ6R,,1a0db58d3ba650afcbb8b4fbca484edb,AGENT,こんにちは、私は株式会社クレッセントのアシスタント、ゲッペイと申します。ライブ配信などで活用できるVolu☆ME!や、業界最高水準のモーションキャプチャシステムViconについてご興味はありますか？,,2026-04-16 16:31:03.742495+08:00
01KPAPMRT5SDYA6B2XF5ZE6BMN,,94df102fc1827d8d1c6627d8772e9eb6,AGENT,こんにちは！クレッセントのアシスタント、ゲッペイと申します。ライブ配信などで活用できるVolu☆ME!や、業界最高水準のモーションキャプチャシステムViconについてご紹介できます。,,2026-04-16 16:31:14.509333+08:00
01KPAPQRT0P157BQV16SMZ4R3G,,868243a12bb720054a0c8d6ab512aa2e,AGENT,クレッセントアシスタントのゲッペイと申します。ライブ配信などで活用できるVolu☆ME!、業界最高水準のモーションキャプチャシステムVicon、どちらにご興味がございますか？,,2026-04-16 16:32:51.387781+08:00
01KPAQ4ZHP4Y31YWWZM2BBS40B,,342b3263d8899faab3a00919c3aa1ecf,AGENT,"こんにちは、ゲッペイと申します。

私は株式会社クレッセントのアシスタントで、最新のモーションキャプチャ技術に精通しております。

ライブ配信などで活用できるVolu☆ME!や、業界最高水準のモーションキャプチャシステムViconについてご興味はございますか？",,2026-04-16 16:40:05.134627+08:00
01KPAQEDS8DXTJDJMGCBRKB5NS,,828f8113489c82be2983b480e1ef33b1,AGENT,こんにちは！株式会社クレッセントのアシスタント、月餅（ゲッペイ）と申します。ライブ配信などで活用できるVolu☆ME!や、業界最高水準のモーションキャプチャシステムViconについてご紹介できます。,,2026-04-16 16:45:13.490960+08:00
01KPAQPPH0QVCH7B7N06JK4BK1,,4d963d4d1692533e9939ee99de029db5,AGENT,こんにちは。私、株式会社クレッセントのアシスタント、ゲッペイと申します。ライブ配信などで活用できるVolu☆ME!や、業界最高水準のモーションキャプチャシステムViconについてご紹介できます。,,2026-04-16 16:49:45.673762+08:00
01KPAQQ0FT2GGGAKQ3Q7C9DWN8,,4d963d4d1692533e9939ee99de029db5,AGENT,"こんにちは、ゲッペイと申します。株式会社クレッセントのアシスタントです。

ライブ配信などで活用できるVolu☆ME!、業界最高水準のモーションキャプチャシステムViconにご興味はございますか？",,2026-04-16 16:49:54.848259+08:00
01KPAQX5EJXNPD7ZTFRBDEVMF2,,8a3715f11a0fce1f57883c539aecb22b,AGENT,株式会社クレッセントのアシスタント、ゲッペイと申します。ライブ配信などで活用できるVolu☆ME!や、業界最高水準のモーションキャプチャシステムViconについてご紹介できます。,,2026-04-16 16:53:25.430003+08:00
01KPAR5KVCS6Y0Z52J0S31NY5Y,,2f322e3bd16ce91eaac2c70dbd94276f,AGENT,こんにちは！ 私、クレッセントのアシスタント、ゲッペイと申します。ライブ配信などで活用できるVolu☆ME!と業界最高水準のモーションキャプチャシステムViconについてご紹介できます。,,2026-04-16 16:57:55.213969+08:00
01KPAR5X98DEXA7XAG6V2S0QCH,,51ce4dc97f95bd752e976f0b8756b833,AGENT,こんにちは！クレッセントのアシスタント、ゲッペイと申します。ライブ配信などで活用できるVolu☆ME!、そして業界最高水準のモーションキャプチャシステムViconについてご紹介できます。,,2026-04-16 16:58:06.675864+08:00
01KPATHCN5HJ6WN7ZT0SCK73ZN,,69a2b6ecb7d4056cc04055230c967e38,AGENT,株式会社クレッセントのアシスタント、月餅と申します。ライブ配信などで活用できるVolu☆ME!、業界最高水準のモーションキャプチャシステムViconなどがございますが、どの情報にご興味がありますか？,,2026-04-16 17:39:16.145318+08:00
01KPATMTH5XR8515RB62V6K6R9,,51ce4dc97f95bd752e976f0b8756b833,AGENT,こんにちは！私は株式会社クレッセントのアシスタント、ゲッペイと申します。ライブ配信などで活用できるVolu☆ME!と、業界最高水準のモーションキャプチャシステムViconについてご紹介できます。,,2026-04-16 17:41:08.827394+08:00
01KPATNGSXG21KME93TQBSK9TB,,fb9ad8c79913527d3e994fbc14ec6788,AGENT,こんにちは、ゲッペイと申します。株式会社クレッセントのアシスタントを務めております。ライブ配信などで活用できるVolu☆ME!や、業界最高水準のモーションキャプチャシステムViconなど、クレッセントの最新技術にご興味はありますか？,,2026-04-16 17:41:31.152767+08:00
01KPAV12JZEQ7KPN6SA81NGSPF,,51ce4dc97f95bd752e976f0b8756b833,AGENT,"こんにちは、月餅と申します。株式会社クレッセントのアシスタントです。

ライブ配信などで活用できるVolu☆ME!と、業界最高水準のモーションキャプチャシステムViconにご興味はございますか？",,2026-04-16 17:47:50.360311+08:00
01KPAV78TMPMTKS8NG29MTF99G,,b2b6f0588d17756628925e9bdf14db3a,AGENT,皆様、こんにちは！ 株式会社クレッセントのアシスタント、ゲッペイと申します。ライブ配信などで活用できるVolu☆ME!や、業界最高水準のモーションキャプチャシステムViconについてご紹介できます。,,2026-04-16 17:51:14.370372+08:00
01KPAW32XW12DYWDQN2Y16S9QE,,5e131e8f801097e5bf06850d13fd9165,AGENT,"こんにちは、ゲッペイと申します。株式会社クレッセントのアシスタントです。

ライブ配信などで活用できるVolu☆ME!、業界最高水準のモーションキャプチャシステムViconにご興味はありますか？",,2026-04-16 18:06:24.573532+08:00
01KPAW32XW12DYWDQN2Y16S9QE,,5e131e8f801097e5bf06850d13fd9165,USER,I'm Athena,,2026-04-16 18:06:27.554989+08:00
01KPAW32XW12DYWDQN2Y16S9QE,,5e131e8f801097e5bf06850d13fd9165,AGENT,"Athenaさん、はじめまして！お会いできて光栄です。

ライブ配信などで活用できるVolu☆ME!、業界最高水準のモーションキャプチャシステムViconにご興味はありますか？",,2026-04-16 18:06:27.573017+08:00
01KPAWX4V5XGB3D7DEV7YNN3BG,,0946fba0849bbe5e738b42b9da960ca9,AGENT,"こんにちは！ 株式会社クレッセントのアシスタント、月餅（ゲッペイ）と申します。

ライブ配信などで活用できるVolu☆ME!と、業界最高水準のモーションキャプチャシステムViconにご興味はございますか？",,2026-04-16 18:20:52.432624+08:00
01KPAXD53ZAHHCGHCE8R681QQ7,,40af9aaba429bb7cbe1254e49a62490c,AGENT,初めまして！ 私、株式会社クレッセントのアシスタント、ゲッペイと申します。ライブ配信などで活用できるVolu☆ME!や、業界最高水準のモーションキャプチャシステムViconについてお話しできます。,,2026-04-16 18:29:23.071664+08:00
01KPAXW2RSR5ZDQWEF0YH446WE,,242a0958ceab7eb5f54aa25591e1f7ab,AGENT,"こんにちは！私は株式会社クレッセントのアシスタント、ゲッペイです。

ライブ配信などで活用できるVolu☆ME!や、業界最高水準のモーションキャプチャシステムViconについてご興味はありますか？",,2026-04-16 18:37:32.405110+08:00
01KPAYG779RYXNV1QHBXJSHEJ0,,7cc3edae7d5b833b372c7fde7e8fe263,AGENT,"こんにちは、ゲッペイと申します。株式会社クレッセントのアシスタントです。
ライブ配信などで活用できるVolu☆ME!、業界最高水準のモーションキャプチャシステムViconにご興味はございますか？",,2026-04-16 18:48:32.869492+08:00
01KPAYZ4KR37H8YYV7AMMB2WRV,,4e3dfe458efcef3733e64a02ec0314ae,AGENT,ゲッペイと申します。株式会社クレッセントのアシスタントです。ライブ配信などで活用できるVolu☆ME!、2026年最新スタジオについてご興味はございませんか？,,2026-04-16 18:56:41.669912+08:00
01KPAZ37CCCVQX64B4CFMYS9V4,,c66041f61bd64c6a0d6baf6cec5760fd,AGENT,こんにちは。株式会社クレッセントのアシスタント、ゲッペイと申します。ライブ配信などで活用できるVolu☆ME!や、業界最高水準のモーションキャプチャシステムViconなどにご興味はございますか？,,2026-04-16 18:58:55.399666+08:00
01KPAZ6NW1C8S9DEZ4BMKYFYRZ,,c66041f61bd64c6a0d6baf6cec5760fd,AGENT,こんにちは、私は株式会社クレッセントのアシスタント、ゲッペイと申します。ライブ配信などで活用できるVolu☆ME!や、業界最高水準のモーションキャプチャシステムViconについてご興味はございますか？,,2026-04-16 19:00:47.960882+08:00
01KPB0AHV0PSNE197VZF0WC6VZ,,217a9fc76aea2315ba54ccdcca9576c3,AGENT,"月餅と申します。株式会社クレッセントのアシスタントです。
ライブ配信などで活用できるVolu☆ME!、業界最高水準のモーションキャプチャシステムViconについてご紹介できます。",,2026-04-16 19:20:25.452829+08:00
01KPB1345Y0BSZCYB0JJV59Y20,,d9db462d8450fac0b2498a6833c9a377,AGENT,お客様、こんにちは！株式会社クレッセントのアシスタント、ゲッペイと申します。ライブ配信などで活用できるVolu☆ME!、業界最高水準のモーションキャプチャシステムViconについてご紹介できます。,,2026-04-16 19:33:49.741428+08:00
01KPB1CWCPYDT239B9Q4RV1AF6,,7efbe3b539b71e4a89a413d49bb2f85b,AGENT,初めまして！私は株式会社クレッセントのアシスタント、月餅（ゲッペイ）と申します。ライブ配信などで活用できるVolu☆ME!や、業界最高水準のモーションキャプチャシステムViconなどにご興味はございますか？,,2026-04-16 19:39:08.930170+08:00
01KPB209KC9YH3GP8CNE1AJEJH,,ed096fbfd9c4042bc4750062ec390382,AGENT,はじめまして。株式会社クレッセントのアシスタント、ゲッペイと申します。ライブ配信などで活用できるVolu☆ME!や、業界最高水準のモーションキャプチャシステムViconについてご興味はありますか？,,2026-04-16 19:49:48.891073+08:00
01KPB2RXFHJT54V2KFB961QRWN,,3e7279b9e01afc051b15399b62414883,AGENT,はじめまして。株式会社クレッセントのアシスタント、ゲッペイと申します。ライブ配信などで活用できるVolu☆ME!と、業界最高水準のモーションキャプチャシステムViconについてご紹介できます。,,2026-04-16 20:03:12.075360+08:00
01KPB2T0D9D3G692Y2ZSA5YG1R,,3e7279b9e01afc051b15399b62414883,AGENT,こんにちは！私、株式会社クレッセントのアシスタント、ゲッペイと申します。ライブ配信などで活用できるVolu☆ME!、業界最高水準のモーションキャプチャシステムViconにご興味はございますか？,,2026-04-16 20:03:47.888068+08:00
01KPB2ZE55FAMASKF97WCF13QW,,838217c78bd526afccb540889876b5a8,AGENT,ゲッペイと申します。株式会社クレッセントのアシスタントです。2026年最新スタジオと、ライブ配信などで活用できるVolu☆ME!についてご紹介できます。,,2026-04-16 20:06:50.358842+08:00
01KPB38PG7M0EPEQ25AGXS2SFK,,d01a899c3de82196618eb9db778c91c0,AGENT,月餅と申します。株式会社クレッセントのアシスタントです。ライブ配信などで活用できるVolu☆ME!と、2026年最新スタジオについてご案内できます。,,2026-04-16 20:11:51.515092+08:00
01KPB3HSM3PYXPFEBHNZYH70B7,,6927a9bcad1cb18d44aef0fefaf9a11e,AGENT,こんにちは！株式会社クレッセントのアシスタント、月餅（ゲッペイ）と申します。ライブ配信などで活用できるVolu☆ME!と、業界最高水準のモーションキャプチャシステムViconについてご紹介できます。,,2026-04-16 20:16:46.664600+08:00
01KPB3MHD87KYSYH7EBKW0RKE7,,929e0b2208ffc52116437cabb7bc73ab,AGENT,こんにちは！ 株式会社クレッセントのアシスタント、月餅（ゲッペイ）と申します。何かご不明な点はございませんか？,,2026-04-16 20:18:21.687388+08:00
01KPB42A17T5F3G0A4ZSVX8HHT,,a6bc9bec99825e7acb15c3aad8e4b2ec,AGENT,皆様、こんにちは！ 株式会社クレッセントのアシスタント、ゲッペイと申します。ライブ配信などで活用できるVolu☆ME!や、業界最高水準のモーションキャプチャシステムViconについてお話しできます。,,2026-04-16 20:25:48.922560+08:00
01KPB5D8B25KWXSBS0MNP5XBWY,,0946fba0849bbe5e738b42b9da960ca9,AGENT,こんにちは！ 株式会社クレッセントのアシスタント、月餅です。ライブ配信などで活用できるVolu☆ME!、業界最高水準のモーションキャプチャシステムViconなど、クレッセントの最新技術についてご案内できます。,,2026-04-16 20:49:55.273457+08:00
01KPB619G6XA0DSYEJWBYYMS75,,062fd51778db72a19f9514f101aecad5,AGENT,はじめまして！私、株式会社クレッセントのアシスタント、ゲッペイと申します。ライブ配信などで活用できるVolu☆ME!や、業界最高水準のモーションキャプチャシステムViconなどにご興味はございますか？,,2026-04-16 21:00:10.408198+08:00
01KPB686AB2V933S0VNQ7ZF533,,684e8191548cd346681719c532c1f13c,AGENT,クレッセントのアシスタント、ゲッペイと申します。ライブ配信などで活用できるVolu☆ME!と、業界最高水準のモーションキャプチャシステムViconについてご紹介できます。,,2026-04-16 21:03:59.354086+08:00
01KPB6B3HHT4GMCP0PK0EAQ7M4,,684e8191548cd346681719c532c1f13c,AGENT,こんにちは！株式会社クレッセントのアシスタント、ゲッペイと申します。ライブ配信などで活用できるVolu☆ME!や、業界最高水準のモーションキャプチャシステムViconにご興味はありますか？,,2026-04-16 21:05:34.697270+08:00
01KPB6HAWM5N24GRKRN5NVT7Y7,,684e8191548cd346681719c532c1f13c,AGENT,はじめまして。株式会社クレッセントのアシスタント、ゲッペイと申します。ライブ配信などで活用できるVolu☆ME!と、2026年最新スタジオについてご案内できます。,,2026-04-16 21:08:57.273089+08:00
01KPB6NM0TADXZNTB85KYWTEJD,,4d963d4d1692533e9939ee99de029db5,AGENT,いらっしゃいませ。私は、株式会社クレッセントのアシスタント「ゲッペイ」と申します。ライブ配信などで活用できるVolu☆ME!、業界最高水準のモーションキャプチャシステムViconなどがございますが、いかがでしょうか。,,2026-04-16 21:11:19.160933+08:00
01KPB7G268AHY9D9950PKREPAT,,3e30a3b819de4e619da20a6e4d34b07a,AGENT,こんにちは。私、株式会社クレッセントのアシスタント、ゲッペイと申します。ライブ配信などで活用できるVolu☆ME!、業界最高水準のモーションキャプチャシステムViconにご興味はございますか？,,2026-04-16 21:25:53.849258+08:00
01KPB7NADX6D400M6FPVJ4Z63X,,d5cc8d9e2b1c955273c1011d07e53da8,AGENT,こんにちは、私の名前は月餅です。株式会社クレッセントのアシスタントを務めております。ライブ配信などで活用できるVolu☆ME!や、業界最高水準のモーションキャプチャシステムViconについてご紹介できます。,,2026-04-16 21:28:39.464338+08:00
01KPB7ZBTJ62E2CH2W4S8TV1TS,,4d963d4d1692533e9939ee99de029db5,AGENT,はじめまして。株式会社クレッセントのアシスタント、ゲッペイと申します。ライブ配信などで活用できるVolu☆ME!と、2026年最新スタジオについてご案内できます。,,2026-04-16 21:34:07.444146+08:00
01KPB8XTX4YEVC17H7MX2JNYG9,,4d0228edce035d39c058a1ae4ddfd0e7,AGENT,お客様、こんにちは！ 私は株式会社クレッセントのアシスタント、ゲッペイと申します。ライブ配信などで活用できるVolu☆ME!、または業界最高水準のモーションキャプチャシステムViconについてご興味はありますでしょうか？,,2026-04-16 21:50:46.909563+08:00
01KPB8YYVF6WDEYFPAW1V3W2CV,,3ec30188f870460809e9915f7384db70,AGENT,はじめまして。株式会社クレッセントのアシスタント、ゲッペイと申します。ライブ配信などで活用できるVolu☆ME!や、業界最高水準のモーションキャプチャシステムViconについてご興味はございますか？,,2026-04-16 21:51:23.512225+08:00
01KPB8ZQWH1M242MA0VJ1DGWGR,,524aecaf4590afc97c3e46616a27eb35,AGENT,こんにちは。株式会社クレッセントのアシスタント、月餅（ゲッペイ）と申します。ライブ配信などで活用できるVolu☆ME!と、2026年最新スタジオについてご興味はございますか？,,2026-04-16 21:51:58.717558+08:00
01KPB90SB2ADGQBYA91011Q1DV,,3ec30188f870460809e9915f7384db70,AGENT,こんにちは！私、株式会社クレッセントのアシスタント、ゲッペイと申します。ライブ配信などで活用できるVolu☆ME!、業界最高水準のモーションキャプチャシステムViconにご興味はございますか？,,2026-04-16 21:52:22.221038+08:00
01KPB93WA0V1TS0MPSJZMVPSDP,,524aecaf4590afc97c3e46616a27eb35,AGENT,こんにちは。私は株式会社クレッセントのアシスタント、ゲッペイと申します。ライブ配信などで活用できるVolu☆ME!や、業界最高水準のモーションキャプチャシステムViconについてご興味はありますか？,,2026-04-16 21:54:03.941229+08:00
01KPB9R5RWZYN4GQD69RZ3AK0R,,542403581586249bd42c70f056e37226,AGENT,こんにちは！株式会社クレッセントのゲッペイと申します。ライブ配信などで活用できるVolu☆ME!と、業界最高水準のモーションキャプチャシステムViconについてご紹介できます。,,2026-04-16 22:05:07.870655+08:00
01KPBD5BDAXJMT1DMJQACKA96R,,061c7f6715489681f159563372782080,AGENT,こんにちは、私はクレッセントのアシスタント、ゲッペイと申します。ライブ配信などで活用できるVolu☆ME!や、業界最高水準のモーションキャプチャシステムViconについてご紹介できます。,,2026-04-16 23:04:51.536783+08:00
01KPBEQ3KB8RDBC8QRKJRWSEM9,,e415aaf7805f77cbe1c9d70fadf57293,AGENT,こんにちは。株式会社クレッセントのアシスタント、月餅です。ライブ配信などで活用できるVolu☆ME!、2026年最新スタジオについてご興味はございますか？,,2026-04-16 23:31:54.803471+08:00
01KPBF4P59MWHW4S2KAV5ZFXZ3,,ca6898c66a395df118f9f745949775c9,AGENT,いらっしゃいませ！私は株式会社クレッセントのアシスタント、ゲッペイと申します。ライブ配信などで活用できるVolu☆ME!と業界最高水準のモーションキャプチャシステムViconについてご紹介できます。,,2026-04-16 23:39:22.989979+08:00
01KPBFXB88TSH204ZDWQERSAVZ,,a5f001ebdc6742c84644ae40150c10e8,AGENT,こんにちは！ 私、クレッセントのアシスタント、ゲッペイと申します。ライブ配信などで活用できるVolu☆ME!と、業界最高水準のモーションキャプチャシステムViconにご興味はありますか？,,2026-04-16 23:52:54.778394+08:00
01KPBP0TA3P4SQRFSZT8D54H9W,,8b164125ee2d803f07a1b4b1b85fcb47,AGENT,株式会社クレッセントのアシスタント、ゲッペイと申します。ライブ配信などで活用できるVolu☆ME!や、業界最高水準のモーションキャプチャシステムViconについてご紹介できます。,,2026-04-17 01:39:33.760133+08:00
01KPC5GP1GNDWVH5V30FEQBEB6,,ea0942e7ac4348ce0f46440dbb1284dd,AGENT,株式会社クレッセントのアシスタント、ゲッペイと申します。ライブ配信などで活用できるVolu☆ME!と、業界最高水準のモーションキャプチャシステムViconにご興味はありませんか？,,2026-04-17 06:10:22.756166+08:00
01KPC671VDTX1YDDNBCWVG0QJT,,4a79fc98c23589c664e642a1fecacbea,AGENT,こんにちは！ 株式会社クレッセントのアシスタント、月餅（ゲッペイ）と申します。ライブ配信などで活用できるVolu☆ME!、業界最高水準のモーションキャプチャシステムViconなどがございますが、どの情報にご興味がありますか？,,2026-04-17 06:22:37.203394+08:00
01KPC671VDTX1YDDNBCWVG0QJT,,4a79fc98c23589c664e642a1fecacbea,USER,I'm Athena,,2026-04-17 06:22:42.837969+08:00
01KPC671VDTX1YDDNBCWVG0QJT,,4a79fc98c23589c664e642a1fecacbea,AGENT,"Hello Athena! It's a pleasure to meet you.

How can I assist you today? Are you interested in learning more about our services like Volu☆ME! for live streaming, or perhaps our top-tier Vicon motion capture systems?",,2026-04-17 06:22:42.855389+08:00
01KPC6ZHRYB35HJWW1QA0T1R6F,,4d963d4d1692533e9939ee99de029db5,AGENT,株式会社クレッセントのアシスタント、ゲッペイと申します。ライブ配信などで活用できるVolu☆ME!と、業界最高水準のモーションキャプチャシステムViconにご興味はありませんか？,,2026-04-17 06:36:00.340862+08:00
01KPC6ZHRYB35HJWW1QA0T1R6F,,4d963d4d1692533e9939ee99de029db5,USER,値段教えて,,2026-04-17 06:36:38.375894+08:00
01KPC6ZHRYB35HJWW1QA0T1R6F,,4d963d4d1692533e9939ee99de029db5,AGENT,"製品の価格については、お客様のご要望に合わせて最適な構成をご提案しております。そのため、個別にお見積もりをご案内しております。

よろしければ、お問い合わせフォーム[こちら](https://www.crescentinc.co.jp/contact)よりご連絡ください。専門の担当者より詳細をご案内いたします。",,2026-04-17 06:36:38.392854+08:00
01KPC6ZHRYB35HJWW1QA0T1R6F,,4d963d4d1692533e9939ee99de029db5,USER,使用料金,,2026-04-17 06:37:44.332783+08:00
01KPC6ZHRYB35HJWW1QA0T1R6F,,4d963d4d1692533e9939ee99de029db5,AGENT,ご利用料金ですね。どのようなサービスのご利用料金についてお知りになりたいでしょうか？例えば、スタジオ利用や機材レンタルなど、具体的な内容をお聞かせいただけますと幸いです。,,2026-04-17 06:37:44.366480+08:00
01KPC6ZHRYB35HJWW1QA0T1R6F,,4d963d4d1692533e9939ee99de029db5,USER,すスタジオ使用料金,,2026-04-17 06:38:09.039942+08:00
01KPC6ZHRYB35HJWW1QA0T1R6F,,4d963d4d1692533e9939ee99de029db5,AGENT,"スタジオの使用料金についてですね。

当社のスタジオ利用料金は、撮影内容や時間によって異なります。羽田スタジオは2026年2月に竣工予定ですので、現在のところ、清澄白河のスタジオでのご利用をご検討いただけます。

よろしければ、[お問い合わせフォーム](https://www.crescentinc.co.jp/contact)からご連絡いただければ、詳細な料金プランをご案内できます。また、お電話でのご相談も可能です。
• TEL: 03-5875-9707（受付時間：祝日を除く 月曜日～金曜日 10:00～17:30）
• Email: info@crescentinc.co.jp

土日、祝祭日、年末年始、夏期休暇期間等については、翌営業日以降の対応となりますのでご了承ください。","[""haneda-pricelist""]",2026-04-17 06:38:09.058321+08:00
01KPC705X5J5FA0ADFA6FNV3ET,,775f0f876884ac3951c3f7908dee92bd,AGENT,月餅と申します。クレッセントのアシスタントをしております。ライブ配信などで活用できるVolu☆ME!と、業界最高水準のモーションキャプチャシステムViconにご興味はございますか？,,2026-04-17 06:36:22.944490+08:00
01KPC8YAXHA067ERHTTCKWXZ1Y,,c2a476e4a52e9f300841462fd785ea61,AGENT,クッパ様、こんにちは！ 私、株式会社クレッセントのアシスタント、ゲッペイと申します。ライブ配信などで活用できるVolu☆ME!や、業界最高水準のモーションキャプチャシステムViconなど、弊社には様々なソリューションがございます。,,2026-04-17 07:10:17.691979+08:00
01KPCARGPEFY9DPXA18QMQTJCR,,6c007cb47ef4a76ec860a6606896f4d0,AGENT,いらっしゃいませ！私、株式会社クレッセントのアシスタント、ゲッペイと申します。ライブ配信などで活用できるVolu☆ME!や、業界最高水準のモーションキャプチャシステムViconなど、クレッセントの最新技術にご興味はありますか？,,2026-04-17 07:42:04.814727+08:00
01KPCBB1VVQE0MAV1YX7Y66YHD,,3483b3749d280a2f7da279b75b78b99e,AGENT,株式会社クレッセントのアシスタント、月餅と申します。ライブ配信などで活用できるVolu☆ME!、業界最高水準のモーションキャプチャシステムViconなど、クレッセントの最新技術にご興味はございますか。,,2026-04-17 07:52:08.582029+08:00
01KPCBF6CS9CSJ6QCGD8DVAMTW,,3483b3749d280a2f7da279b75b78b99e,AGENT,こんにちは！ 私、クレッセントのアシスタント、ゲッペイと申します。ライブ配信などで活用できるVolu☆ME!や、業界最高水準のモーションキャプチャシステムViconについてご興味はありますか？,,2026-04-17 07:54:24.117517+08:00
01KPCBJ49XVDPR5J32QXN9K4V6,,b984adf02305e30213240c5833afa902,AGENT,はじめまして。株式会社クレッセントのアシスタント、ゲッペイと申します。ライブ配信などで活用できるVolu☆ME!や、業界最高水準のモーションキャプチャシステムViconについてご紹介できます。,,2026-04-17 07:56:03.184665+08:00
01KPCBJEQGY1DCT4HJGZ9MRTFQ,,b6067cd2555951cd696e3a5207870cb5,AGENT,"はじめまして。私、株式会社クレッセントのアシスタント、ゲッペイと申します。

ライブ配信などで活用できるVolu☆ME!や、業界最高水準のモーションキャプチャシステムViconについてご興味はありますか？",,2026-04-17 07:56:11.269863+08:00
01KPCBJRYPTN8QCKJAKDMSQYGD,,b984adf02305e30213240c5833afa902,AGENT,こんにちは！株式会社クレッセントのアシスタント、ゲッペイと申します。ライブ配信などで活用できるVolu☆ME!や、業界最高水準のモーションキャプチャシステムViconについてご紹介できます。,,2026-04-17 07:56:22.955947+08:00
01KPCBY1E92CM591HRXH5XGGMC,,1229672b11e1e08d98325ef4fecbd64c,AGENT,皆様、こんにちは。私、株式会社クレッセントのアシスタント、ゲッペイと申します。ライブ配信などで活用できるVolu☆ME!、業界最高水準のモーションキャプチャシステムViconなどがございます。,,2026-04-17 08:02:33.637961+08:00
01KPCD4C9WS6SBX8D1DNCPSKQN,,b8012b7dcca97d1316328d92213aa9b9,AGENT,こんにちは、私は株式会社クレッセントのアシスタント、ゲッペイと申します。ライブ配信などで活用できるVolu☆ME!と、業界最高水準のモーションキャプチャシステムViconについてご紹介できます。,,2026-04-17 08:23:27.612570+08:00
01KPCD78RJ06R62WDMXF0JDKJR,,c5ebba95e7c4fdcf88418cae6d973926,AGENT,月餅ちゃんと申します。株式会社クレッセントのアシスタントです。ライブ配信などで活用できるVolu☆ME!、業界最高水準のモーションキャプチャシステムViconなどがございますが、ご興味はございますか？,,2026-04-17 08:25:03.004581+08:00
01KPCDY7GCSZTNKSVKASJEZ2HM,,46ea1f1386d7f5723bf7cc5691ee4dc1,AGENT,こんにちは。私、株式会社クレッセントのアシスタント、ゲッペイと申します。ライブ配信などで活用できるVolu☆ME!や、業界最高水準のモーションキャプチャシステムViconについてご紹介できます。,,2026-04-17 08:37:38.630210+08:00
01KPCE07X47F9BSNCFJ84CE17J,,a463a8ad6bf87c32383321c9942bcdef,AGENT,こんにちは！クレッセントのアシスタント、月餅です。ライブ配信などで活用できるVolu☆ME!や、業界最高水準のモーションキャプチャシステムViconについてご紹介できます。,,2026-04-17 08:38:46.439768+08:00
01KPCEDF57PY0T0ZPZDBMY9X79,,13946cb8431529f611a28ca2bbb76f04,AGENT,ゲッペイと申します。株式会社クレッセントのアシスタントです。ライブ配信などで活用できるVolu☆ME!、業界最高水準のモーションキャプチャシステムViconなど、クレッセントの最新技術にご興味はありますでしょうか。,,2026-04-17 08:45:55.831428+08:00
01KPCEHNVJDDD5B4A2KJQR2N8X,,bc096e693c0b8e715d38d926995d4245,AGENT,月餅と申します。株式会社クレッセントのアシスタントをしております。何かご不明な点がございましたら、お気軽にお尋ねください。,,2026-04-17 08:48:11.651094+08:00
01KPCFA7FA3RNN018CN0J2RGXC,,04bea55e348f5d5a23e3e92171c3d1a8,AGENT,ようこそお越しくださいました。私は株式会社クレッセントのアシスタント、ゲッペイと申します。ライブ配信などで活用できるVolu☆ME!、業界最高水準のモーションキャプチャシステムVicon、どちらにご興味がございますか？,,2026-04-17 09:01:46.216913+08:00
01KPCFDM5Z78Q2YADANKGAEFMQ,,578e9f1c87845f6bb05cb82cd3e0b3b3,AGENT,こんにちは、私は株式会社クレッセントのアシスタント、ゲッペイと申します。ライブ配信などで活用できるVolu☆ME!や、業界最高水準のモーションキャプチャシステムViconについてご興味はございますか？,,2026-04-17 09:03:28.749041+08:00
01KPCFFHFMV396BMHYV8B2Y4RB,,4d963d4d1692533e9939ee99de029db5,AGENT,"初めまして！ 私、株式会社クレッセントのアシスタント、ゲッペイと申します。
ライブ配信などで活用できるVolu☆ME!と、業界最高水準のモーションキャプチャシステムViconにご興味はございますか？",,2026-04-17 09:04:31.017139+08:00
01KPCFJ11H9ASBZ5PNZ3BMYPD9,,708fa0ca2fdb3a3a9fb03b195b3fd46c,AGENT,月餅と申します。株式会社クレッセントのアシスタントです。ライブ配信などで活用できるVolu☆ME!と、業界最高水準のモーションキャプチャシステムViconにご興味はありませんか？,,2026-04-17 09:05:53.384372+08:00
01KPCFJEDRA5TDV5X8AEEZWF6A,,5fc7b35a304aa5d9391a2ee2cd0e5813,AGENT,初めまして！ 私、株式会社クレッセントのアシスタント、ゲッペイと申します。ライブ配信などで活用できるVolu☆ME!と、業界最高水準のモーションキャプチャシステムViconについてご紹介できます。,,2026-04-17 09:06:04.607047+08:00
01KPCFNS82ZMVVCDKJQ871T0A0,,94e6f5b86f275fb7f49f500cd0d08420,AGENT,こんにちは、私は株式会社クレッセントのアシスタント、ゲッペイと申します。ライブ配信などで活用できるVolu☆ME!と、業界最高水準のモーションキャプチャシステムViconについてご紹介できます。,,2026-04-17 09:07:56.753844+08:00
01KPCFPVVF3NVDVBYDA4KKV9TS,,708fa0ca2fdb3a3a9fb03b195b3fd46c,AGENT,お客様、こんにちは。私、株式会社クレッセントのアシスタント、ゲッペイと申します。ライブ配信などで活用できるVolu☆ME!、業界最高水準のモーションキャプチャシステムViconなどがございますが、どちらにご興味がございますか？,,2026-04-17 09:08:30.100700+08:00
01KPCFRC0AQ1N9NRM4X7NHG9FK,,02463dd64b4c738ccedbf98b2b2d98c2,AGENT,初めまして。私、株式会社クレッセントのアシスタント、ゲッペイと申します。ライブ配信などで活用できるVolu☆ME!や、業界最高水準のモーションキャプチャシステムViconについてご紹介できます。,,2026-04-17 09:09:19.824148+08:00
01KPCFY2JX2KET470CPZTN96ST,,708fa0ca2fdb3a3a9fb03b195b3fd46c,AGENT,はじめまして。私、株式会社クレッセントのアシスタント、ゲッペイと申します。ライブ配信などで活用できるVolu☆ME!や、業界最高水準のモーションキャプチャシステムViconなどにご興味はございますか？,,2026-04-17 09:12:26.304928+08:00
01KPCFY9Y2BVKTVKNDNWHZMYZE,,708fa0ca2fdb3a3a9fb03b195b3fd46c,AGENT,皆様、こんにちは。私、株式会社クレッセントのアシスタント、ゲッペイと申します。ライブ配信などで活用できるVolu☆ME!や、業界最高水準のモーションキャプチャシステムViconについてお話しできます。,,2026-04-17 09:12:33.923575+08:00
01KPCG17FSZAR6RH3E8FBSZT76,,489c3f063ebb91f89538e6b4319e3e8d,AGENT,こんにちは！ 私は株式会社クレッセントのアシスタント、ゲッペイと申します。ライブ配信などで活用できるVolu☆ME!、そして業界最高水準のモーションキャプチャシステムViconについてご紹介できます。,,2026-04-17 09:14:10.116356+08:00
01KPCGRRW52JS0D7YAR2R9YM6H,,701440592760affdb4c6fdab2510e824,AGENT,こんにちは。株式会社クレッセントのアシスタント、月餅です。ライブ配信などで活用できるVolu☆ME!と、業界最高水準のモーションキャプチャシステムViconにご興味はありますか？,,2026-04-17 09:28:04.911921+08:00
01KPCGX1CE79XVNNX4C9FTAT4G,,ce536975a7c597c03cc29200bd67d26d,AGENT,こんにちは！ 私は株式会社クレッセントのアシスタント、ゲッペイと申します。ライブ配信などで活用できるVolu☆ME!や、業界最高水準のモーションキャプチャシステムViconについてご紹介できます。,,2026-04-17 09:29:24.634112+08:00
01KPCH09D6CHN5QV5CJY1DC171,,f6b2176483fcaea0191939f5c62c5152,AGENT,はじめまして。株式会社クレッセントのアシスタント、ゲッペイと申します。ライブ配信などで活用できるVolu☆ME!や、業界最高水準のモーションキャプチャシステムViconについてご興味はございますか？,,2026-04-17 09:31:15.989409+08:00
01KPCH93DFBWZ47YV0R8ZJPAVQ,,20b2fb0ab8ec7f241ef0b402c7530892,AGENT,こんにちは！株式会社クレッセントのアシスタント、ゲッペイと申します。ライブ配信などで活用できるVolu☆ME!や、業界最高水準のモーションキャプチャシステムViconについてご紹介できますが、どちらにご興味がありますか？,,2026-04-17 09:35:56.550071+08:00
01KPCHA4RSJ3F9S1J01K4EQP3Y,,9b61598194eb34269905d13859a0ff1e,AGENT,株式会社クレッセントのゲッペイと申します。ライブ配信などで活用できるVolu☆ME!や、業界最高水準のモーションキャプチャシステムViconにご興味はございますか？,,2026-04-17 09:36:30.805494+08:00
01KPCHARDFQGE1SWBEAYTR4GC7,,9b61598194eb34269905d13859a0ff1e,AGENT,こんにちは！ 私は株式会社クレッセントのアシスタント、ゲッペイと申します。ライブ配信などで活用できるVolu☆ME!や、業界最高水準のモーションキャプチャシステムViconについてお話しできます。,,2026-04-17 09:36:50.347043+08:00
01KPCHB5BXSNHBZJW42G3HXV5W,,708fa0ca2fdb3a3a9fb03b195b3fd46c,AGENT,はじめまして。株式会社クレッセントのアシスタント、ゲッペイと申します。ライブ配信などで活用できるVolu☆ME!や、業界最高水準のモーションキャプチャシステムViconについてご紹介できます。,,2026-04-17 09:37:03.716872+08:00
01KPCJRKAA6BZE3G5E128DQ1X2,,10f7802a644cc3cf7134526c8a85c757,AGENT,初めまして。私、株式会社クレッセントのアシスタント、ゲッペイと申します。ライブ配信などで活用できるVolu☆ME!と、業界最高水準のモーションキャプチャシステムViconについてご紹介できます。,,2026-04-17 10:01:58.218251+08:00
01KPCJV96QJF7QSJBY41TQD51S,,7239afe4cfff12e6e79e8f7c312bb180,AGENT,初めまして。私、株式会社クレッセントのアシスタント、ゲッペイと申します。ライブ配信などで活用できるVolu☆ME!と、業界最高水準のモーションキャプチャシステムViconについてご紹介できます。,,2026-04-17 10:03:21.618083+08:00
01KPCJYQTEBNBVQ5WJDE3AXWK7,,96b1eea22970ae2fd17e9fea4da56f3c,AGENT,こんにちは。私は株式会社クレッセントのアシスタント、ゲッペイと申します。ライブ配信などで活用できるVolu☆ME!や、業界最高水準のモーションキャプチャシステムViconについてご紹介できます。,,2026-04-17 10:05:16.037461+08:00
01KPCK4M2WHSWK12KPT3WXFTJ4,,94e6f5b86f275fb7f49f500cd0d08420,AGENT,株式会社クレッセントのアシスタント、ゲッペイと申します。ライブ配信などで活用できるVolu☆ME!と、業界最高水準のモーションキャプチャシステムViconについてご紹介できます。,,2026-04-17 10:08:28.737018+08:00
01KPCKDC188W7TANXMD1MQBWY9,,50d8b4862c945ad859a1170b650f8c6f,AGENT,こんにちは！株式会社クレッセントのアシスタント、ゲッペイと申します。ライブ配信などで活用できるVolu☆ME!や、業界最高水準のモーションキャプチャシステムViconにご興味はありませんか？,,2026-04-17 10:13:16.682467+08:00
01KPCKDMXVXYC83WSNE2BZFZSZ,,94e6f5b86f275fb7f49f500cd0d08420,AGENT,"株式会社クレッセントのアシスタント、月餅と申します。
ライブ配信などで活用できるVolu☆ME!と業界最高水準のモーションキャプチャシステムViconについてご紹介できます。",,2026-04-17 10:13:23.870213+08:00
01KPCKHP7X33CCR1W70SK1PXCE,,94e6f5b86f275fb7f49f500cd0d08420,AGENT,お客様、こんにちは！私は株式会社クレッセントのアシスタント、ゲッペイと申します。ライブ配信などで活用できるVolu☆ME!、業界最高水準のモーションキャプチャシステムViconなど、弊社サービスについてお気軽にご質問ください。,,2026-04-17 10:15:35.590970+08:00
01KPCM2ZW96VXHFH89CRBPFZDW,,2c086711cbf824a4cff09dea8dff6efc,AGENT,こんにちは、私は株式会社クレッセントのアシスタント、ゲッペイと申します。ライブ配信などで活用できるVolu☆ME!と、業界最高水準のモーションキャプチャシステムViconについてご紹介できます。,,2026-04-17 10:25:03.491360+08:00
01KPCMA0SYRKCZP1J1C4B9MMZ2,,9e1ce1f2cbf3cd11c45e2742662ae98d,AGENT,こんにちは。株式会社クレッセントのアシスタント、月餅です。ライブ配信などで活用できるVolu☆ME!と、2026年最新スタジオにご興味はございますか？,,2026-04-17 10:28:52.779789+08:00
01KPCMTA1AE6NBRXB8CV5JVKJD,,7641a6d96974f39353ee12e7f15d1501,AGENT,月餅と申します。株式会社クレッセントのアシスタントです。何かご不明な点はございませんか。ライブ配信などで活用できるVolu☆ME!と、業界最高水準のモーションキャプチャシステムViconをご案内できます。,,2026-04-17 10:37:46.137196+08:00
01KPCMW0SMSN86XKV4ZQ9AGBFZ,,9abe590102a81df20eab33cdea87496c,AGENT,月餅と申します。株式会社クレッセントのアシスタントです。 Viconや最新スタジオについて何かご不明な点はございませんか？,,2026-04-17 10:38:43.113695+08:00
01KPCMXR56KQEFVZ5QK5WS2X3A,,7641a6d96974f39353ee12e7f15d1501,AGENT,株式会社クレッセントのアシスタント、ゲッペイと申します。ライブ配信などで活用できるVolu☆ME!や、業界最高水準のモーションキャプチャシステムViconについてご紹介できます。,,2026-04-17 10:39:38.307379+08:00
01KPCMZHJVYYWQ18EMR2Q5XF5D,,639481b4a84ff7af57f8f66a7b103eaf,AGENT,初めまして。私、株式会社クレッセントのアシスタント、ゲッペイと申します。ライブ配信などで活用できるVolu☆ME!や、業界最高水準のモーションキャプチャシステムViconについてご紹介できます。,,2026-04-17 10:40:38.057965+08:00
01KPCMZZ9ENAFEY7Q58ZH3N79Y,,3dd0efd128b8a2cc405ab58b287c5065,AGENT,皆様、こんにちは！ 株式会社クレッセントのアシスタント、ゲッペイと申します。ライブ配信などで活用できるVolu☆ME!、業界最高水準のモーションキャプチャシステムViconについてご興味はございますか？,,2026-04-17 10:40:52.781227+08:00
01KPCN7484C21TD09TNR52EDGD,,639481b4a84ff7af57f8f66a7b103eaf,AGENT,こんにちは！ 株式会社クレッセントのアシスタント、ゲッペイと申します。ライブ配信などで活用できるVolu☆ME!や、業界最高水準のモーションキャプチャシステムViconなどにご興味はありますか？,,2026-04-17 10:44:45.819018+08:00
01KPCNFH6A8DPE4Y6GJ0CWP1GA,,fb450a3b4d290179f1c63bb8fc55f8b2,AGENT,こんにちは！私は株式会社クレッセントのアシスタント、ゲッペイと申します。ライブ配信などで活用できるVolu☆ME!や、業界最高水準のモーションキャプチャシステムViconについてご紹介できます。,,2026-04-17 10:49:23.788341+08:00
01KPCNJ5DN4516DA215GTT7CGG,,5acf5a59fc7f2c1f85cc29d406af7c06,AGENT,こんにちは！私は株式会社クレッセントのアシスタント、ゲッペイと申します。ライブ配信などで活用できるVolu☆ME!や、業界最高水準のモーションキャプチャシステムViconについてご紹介できます。,,2026-04-17 10:50:48.458299+08:00
01KPCNNSG7K2J1N4A5S7FQX9ET,,7641a6d96974f39353ee12e7f15d1501,AGENT,初めまして。株式会社クレッセントのアシスタント、ゲッペイと申します。ライブ配信などで活用できるVolu☆ME!、業界最高水準のモーションキャプチャシステムViconにご興味はございますか？,,2026-04-17 10:52:46.097873+08:00
01KPCNRTXT4T8NJT2562CSWDT4,,cc6584f3b02c0b691d372c72a2d798d2,AGENT,初めまして、私は株式会社クレッセントのアシスタント、ゲッペイと申します。ライブ配信などで活用できるVolu☆ME!や、業界最高水準のモーションキャプチャシステムViconなどにご興味はございますか？,,2026-04-17 10:54:27.166664+08:00
01KPCP9RDVEHES170J01YMWD78,,4011bd31fbb6905413e195f801687595,AGENT,月餅と申します。株式会社クレッセントのアシスタントです。ライブ配信などで活用できるVolu☆ME!や、業界最高水準のモーションキャプチャシステムViconについてご紹介できます。,,2026-04-17 11:03:42.076183+08:00
01KPCPCBBWZ0VWK00D313JCADV,,cadf5ac187b3861b052a49021143e0c0,AGENT,月餅（ゲッペイ）と申します。株式会社クレッセントのアシスタントです。何かお困りですか？ ライブ配信などで活用できるVolu☆ME!と、業界最高水準のモーションキャプチャシステムViconがございます。,,2026-04-17 11:05:07.212059+08:00
01KPCPG6N34PP7CFSP85JVT1MH,,4d963d4d1692533e9939ee99de029db5,AGENT,株式会社クレッセントのアシスタント、ゲッペイと申します。ライブ配信などで活用できるVolu☆ME!や、業界最高水準のモーションキャプチャシステムViconについてご紹介できます。,,2026-04-17 11:07:15.020521+08:00
01KPCPHM7F3TFVQC030PTZZCTJ,,69a2b6ecb7d4056cc04055230c967e38,AGENT,月餅ちゃんと申します。株式会社クレッセントのアシスタントです。ライブ配信などで活用できるVolu☆ME!と、業界最高水準のモーションキャプチャシステムViconについてご紹介できます。,,2026-04-17 11:07:58.555630+08:00
01KPCPHXYYFFY2K4XKJJ741EYE,,04f8871e9efec53b745ce8282baaa860,AGENT,"ゲッペイと申します。株式会社クレッセントのアシスタントです。

ライブ配信などで活用できるVolu☆ME!、業界最高水準のモーションキャプチャシステムVicon、どちらにご興味がありますか？",,2026-04-17 11:08:08.157609+08:00
01KPCPSBF6322YVD2MGY2YEX9A,,04f8871e9efec53b745ce8282baaa860,AGENT,初めまして！私は株式会社クレッセントのアシスタント、ゲッペイと申します。ライブ配信などで活用できるVolu☆ME!、業界最高水準のモーションキャプチャシステムViconにご興味はございますか？,,2026-04-17 11:12:11.335693+08:00
01KPCPV864A45PNY7CKGHKNEVV,,617607bf8ec437d931c7beb368ec5b20,AGENT,こんにちは！株式会社クレッセントのアシスタント、月餅（ゲッペイ）と申します。ライブ配信などで活用できるVolu☆ME!や、業界最高水準のモーションキャプチャシステムViconについてご紹介できます。,,2026-04-17 11:13:17.281925+08:00
01KPCPY17X1QXK20EHNEXSZ612,,c1c4944a5dec683ef500ea924f6c7caf,AGENT,こんにちは、月餅と申します。株式会社クレッセントのアシスタントです。ライブ配信などで活用できるVolu☆ME!や、業界最高水準のモーションキャプチャシステムViconなどにご興味はございますか？,,2026-04-17 11:14:48.858442+08:00
01KPCQ4MEH71TBJ64TKC48Y6AD,,4d963d4d1692533e9939ee99de029db5,AGENT,はじめまして。株式会社クレッセントのアシスタント、ゲッペイと申します。ライブ配信などで活用できるVolu☆ME!や、業界最高水準のモーションキャプチャシステムViconについてご興味はございますか？,,2026-04-17 11:18:22.725440+08:00
01KPCQ6R624QR6XHPMJM7VWVH8,,489c3f063ebb91f89538e6b4319e3e8d,AGENT,皆様、こんにちは！ 株式会社クレッセントのアシスタント、ゲッペイと申します。ライブ配信などで活用できるVolu☆ME!、業界最高水準のモーションキャプチャシステムViconなど、クレッセントの最新技術にご興味はございますか？,,2026-04-17 11:19:31.132212+08:00
01KPCQV35JA3T4W2Q23QRG25YY,,e57e03d3494961c674c4a90fc196ffe3,AGENT,月餅と申します。クレッセントのアシスタントをしております。何かお困りですか？,,2026-04-17 11:30:39.888947+08:00
01KPCRDT70Q9PYNKGDS5KKZ0A8,,48c33789af18198de6448203f0d65426,AGENT,こんにちは！ 私、クレッセントのアシスタント、ゲッペイと申します。ライブ配信などで活用できるVolu☆ME!や、業界最高水準のモーションキャプチャシステムViconについてご紹介できます。,,2026-04-17 11:41:07.952785+08:00
01KPCRJKCM3MASJJB5T1EV06JC,,eca83114dc8be1ca6b951d204415a720,AGENT,ようこそ。私、株式会社クレッセントのアシスタント、ゲッペイと申します。ライブ配信などで活用できるVolu☆ME!や、業界最高水準のモーションキャプチャシステムViconなどにご興味はございますか？,,2026-04-17 11:43:31.884655+08:00
01KPCRQ50HWKH62HB928E05DC0,,0d6b56a498ac42604aafdaca938bb774,AGENT,はじめまして。株式会社クレッセントのアシスタント、ゲッペイと申します。ライブ配信などで活用できるVolu☆ME!と、業界最高水準のモーションキャプチャシステムViconについてご紹介できます。,,2026-04-17 11:46:10.856681+08:00
01KPCS5A6PE31VRNKMTCN6KGCX,,b324c988d02c7b1f1cc8c432af0530b3,AGENT,こんにちは。株式会社クレッセントのアシスタント、ゲッペイと申します。ライブ配信などで活用できるVolu☆ME!や、業界最高水準のモーションキャプチャシステムViconについてご紹介できます。,,2026-04-17 11:53:54.140930+08:00
01KPCS9K1WN2KEYVSDECPWQ9W8,,8cafd49ffa9f29bb4df03c2c0698de5d,AGENT,こんにちは、私は株式会社クレッセントのアシスタント、ゲッペイと申します。ライブ配信などで活用できるVolu☆ME!や、業界最高水準のモーションキャプチャシステムViconについてお話しできます。,,2026-04-17 11:56:01.013545+08:00
01KPCSFN027683ACCH1XY2KJ9C,,8ad33b85ea0dda5235d7b2a5b80fbe8b,AGENT,こんにちは！株式会社クレッセントのアシスタント、ゲッペイと申します。ライブ配信などで活用できるVolu☆ME!や、業界最高水準のモーションキャプチャシステムViconについてご紹介できます。,,2026-04-17 11:59:24.290377+08:00
01KPCSFTPD2MMME6CR19967VV3,,398d696b072416ec833ecad1aa3f8019,AGENT,株式会社クレッセントのアシスタント、ゲッペイと申します。ライブ配信などで活用できるVolu☆ME!と業界最高水準のモーションキャプチャシステムViconについてご紹介できます。,,2026-04-17 11:59:30.165012+08:00
01KPCT2WWV8Z9VEDPNHKF3DYG0,,db69798d193c0ce4e41aac02d7277d17,AGENT,株式会社クレッセントのアシスタント「ゲッペイ」と申します。ライブ配信などで活用できるVolu☆ME!、業界最高水準のモーションキャプチャシステムViconについてご紹介できます。,,2026-04-17 12:09:54.173259+08:00
01KPCTFAV248Z9HSSWA5PVCJ9S,,5acf5a59fc7f2c1f85cc29d406af7c06,AGENT,こんにちは、私は株式会社クレッセントのアシスタント、ゲッペイです。ライブ配信などで活用できるVolu☆ME!や、業界最高水準のモーションキャプチャシステムViconについてご紹介できます。,,2026-04-17 12:16:37.261300+08:00
01KPCTG3ZWS3023GSZMXQXGKAC,,94e6f5b86f275fb7f49f500cd0d08420,AGENT,こんにちは！ 株式会社クレッセントのアシスタント、月餅です。ライブ配信などで活用できるVolu☆ME!や、業界最高水準のモーションキャプチャシステムViconについてご紹介できます。,,2026-04-17 12:17:03.079311+08:00
01KPCTN02KVH9NSP14E26QSNK8,,48c33789af18198de6448203f0d65426,AGENT,こんにちは、私は株式会社クレッセントのアシスタント、ゲッペイと申します。ライブ配信などで活用できるVolu☆ME!や、業界最高水準のモーションキャプチャシステムViconについてお話しできます。,,2026-04-17 12:19:44.286872+08:00
01KPCTT5XRETXYC70X6VXZE6N7,,30ea2ec35d6e68a4909093afb2726aa2,AGENT,こんにちは！私、株式会社クレッセントのアシスタント、ゲッペイと申します。ライブ配信などで活用できるVolu☆ME!や、業界最高水準のモーションキャプチャシステムViconについてご紹介できます。,,2026-04-17 12:22:47.333656+08:00
01KPCTTGFWZFK19F3F9WQR8B8E,,30ea2ec35d6e68a4909093afb2726aa2,AGENT,株式会社クレッセントのアシスタント、ゲッペイと申します。ライブ配信などで活用できるVolu☆ME!と、業界最高水準のモーションキャプチャシステムViconについてご紹介できます。,,2026-04-17 12:24:19.321623+08:00
01KPCTYB8N4NWAH5XNC36J79QX,,476982f02e7f708e6ebad7dcacebac74,AGENT,こんにちは！株式会社クレッセントのアシスタント、ゲッペイと申します。ライブ配信などで活用できるVolu☆ME!や、業界最高水準のモーションキャプチャシステムViconについてご紹介できます。,,2026-04-17 12:24:49.894941+08:00
01KPCTYVWCQE7F4GXQNVXNWFGD,,48c33789af18198de6448203f0d65426,AGENT,初めまして！ 私、株式会社クレッセントのアシスタント、ゲッペイと申します。ライブ配信などで活用できるVolu☆ME!と業界最高水準のモーションキャプチャシステムViconにご興味はございますか？,,2026-04-17 12:25:07.450893+08:00
01KPCV0SQ1ASCW8ZMJBWKDEQCR,,48c33789af18198de6448203f0d65426,AGENT,ようこそ。私が株式会社クレッセントのアシスタント、ゲッペイと申します。ライブ配信などで活用できるVolu☆ME!や、業界最高水準のモーションキャプチャシステムViconについてご紹介できます。,,2026-04-17 12:26:10.404946+08:00
01KPCV1JC8HWF744WE2D5XM95A,,48c33789af18198de6448203f0d65426,AGENT,こんにちは！私、株式会社クレッセントのアシスタント、ゲッペイと申します。ライブ配信などで活用できるVolu☆ME!や、業界最高水準のモーションキャプチャシステムViconについてご紹介できます。,,2026-04-17 12:26:35.529147+08:00
01KPCV361JAP90BYXKX2G1DCYS,,48c33789af18198de6448203f0d65426,AGENT,ようこそ、いらっしゃいませ！私、株式会社クレッセントのアシスタント、ゲッペイと申します。ライブ配信などで活用できるVolu☆ME!と業界最高水準のモーションキャプチャシステムViconについてご紹介できます。,,2026-04-17 12:27:28.349052+08:00
01KPCV6V8NFTF22G83S2Y0ESY3,,a5be8565d67d99cfc3ab10349dd40d44,AGENT,はじめまして。株式会社クレッセントのアシスタント、ゲッペイと申します。ライブ配信などで活用できるVolu☆ME!と、業界最高水準のモーションキャプチャシステムViconについてご紹介できます。,,2026-04-17 12:29:36.175134+08:00
01KPCVA34H19WYAXZS9T7DQX3H,,751c1783070173bf03c2b10a36e63212,AGENT,こんにちは！ 私、クレッセントのアシスタント、ゲッペイと申します。ライブ配信などで活用できるVolu☆ME!と業界最高水準のモーションキャプチャシステムViconについてご紹介できます。,,2026-04-17 12:31:16.930838+08:00
01KPCVDQ89J4WJ9DWRGYVG45P9,,78957f2387fbf5a5d2b5ed51ef4bee11,AGENT,"皆様、こんにちは！ 私は株式会社クレッセントのアシスタント、ゲッペイと申します。

ライブ配信などで活用できるVolu☆ME!と、業界最高水準のモーションキャプチャシステムViconにご興味はございますか？",,2026-04-17 12:33:13.931837+08:00
01KPCVG6S6Y5SHXSF7GKSJ27AJ,,78957f2387fbf5a5d2b5ed51ef4bee11,AGENT,こんにちは！株式会社クレッセントのアシスタント、ゲッペイと申します。ライブ配信などで活用できるVolu☆ME!、業界最高水準のモーションキャプチャシステムVicon、どちらにご興味がありますか？,,2026-04-17 12:34:34.838180+08:00
01KPCVH4E18K9M1CZA67GZVGYS,,78957f2387fbf5a5d2b5ed51ef4bee11,AGENT,クレッセントのアシスタント、ゲッペイと申します。ライブ配信などで活用できるVolu☆ME!や、業界最高水準のモーションキャプチャシステムViconについてご興味はございませんか？,,2026-04-17 12:35:05.080626+08:00
01KPCVY645V8V5DR0ABNE6G1MV,,b4b75a2a7a7f5916c27666c051a92e66,AGENT,はじめまして。株式会社クレッセントのアシスタント、ゲッペイと申します。ライブ配信などで活用できるVolu☆ME!や、業界最高水準のモーションキャプチャシステムViconについてご興味はありますか？,,2026-04-17 12:42:13.582793+08:00
01KPCVYT4VP76A1XY6Y7BMAG4G,,2fa55b37651ccb6249e1650e69267726,AGENT,初めまして、私は株式会社クレッセントのアシスタント、月餅（ゲッペイ）と申します。ライブ配信などで活用できるVolu☆ME!、または業界最高水準のモーションキャプチャシステムViconについてご興味はございますか？,,2026-04-17 12:42:33.404997+08:00
01KPCW4H6NPTQ6NWVYN0TMJHGE,,c2bcebcceb38bebad2908fb417a9a1df,AGENT,はじめまして。わたくしは、株式会社クレッセントのアシスタント「ゲッペイ」と申します。ライブ配信などで活用できるVolu☆ME!や、業界最高水準のモーションキャプチャシステムViconなどについてご案内できます。,,2026-04-17 12:45:40.229193+08:00
01KPCW7MCYEHRTHABBZ2JJ7X6X,,0e425c224415b8deec8912484a10621f,AGENT,株式会社クレッセントのアシスタント、月餅と申します。ライブ配信などで活用できるVolu☆ME!、または業界最高水準のモーションキャプチャシステムViconについてご興味はございますか？,,2026-04-17 12:47:25.604124+08:00
01KPCW92WHCP4GBXWHFGP1BSZH,,49cf33501382cb7fe4c277bd6cbee452,AGENT,月餅です。クレッセントのアシスタントをしております。ライブ配信などで活用できるVolu☆ME!と、業界最高水準のモーションキャプチャシステムViconにご興味はありますか？,,2026-04-17 12:48:13.025667+08:00
01KPCWH820NHBFTSFF838J6ASW,,e304284d9cf33d30a9ba145229446e26,AGENT,月餅と申します。株式会社クレッセントのアシスタントです。何かご不明な点はございませんか。ライブ配信などで活用できるVolu☆ME!、業界最高水準のモーションキャプチャシステムViconなどがございます。,,2026-04-17 12:52:37.158955+08:00
01KPCWM42HDZ5C3YDKMTKZ03J2,,7dcc03fe085ee975e5f247311a5b3670,AGENT,株式会社クレッセントのアシスタント、ゲッペイと申します。ライブ配信などで活用できるVolu☆ME!や、業界最高水準のモーションキャプチャシステムViconについてお話しできます。,,2026-04-17 12:54:11.695350+08:00
01KPCWSAWCZ8ZR364AKQ3F9GFT,,1b0c1d2dda182d74480e4a8e3b0ef6d4,AGENT,こんにちは！株式会社クレッセントのアシスタント、ゲッペイと申します。ライブ配信などで活用できるVolu☆ME!、業界最高水準のモーションキャプチャシステムVicon、どちらにご興味がありますか？,,2026-04-17 12:57:02.850686+08:00
01KPCX06XJ5PAV1P56VKJ4F88C,,a22f3ff8498fa1198f67bbd0fa9bef36,AGENT,いらっしゃいませ！私は株式会社クレッセントのアシスタント、ゲッペイと申します。ライブ配信などで活用できるVolu☆ME!と、業界最高水準のモーションキャプチャシステムViconについてご紹介できます。,,2026-04-17 13:00:47.872313+08:00
01KPCXDFGVE5VF57ME8NXHG7MB,,e891d2aa49c1507b14e6303aefd7d948,AGENT,こんにちは！ 株式会社クレッセントのアシスタント、月餅と申します。ライブ配信などで活用できるVolu☆ME!や、業界最高水準のモーションキャプチャシステムViconについてご紹介できます。,,2026-04-17 13:08:02.798078+08:00
01KPCXDX9N4HQT8HGGFACW2967,,e112c92d5b0b4487106f2819e5eb6f36,AGENT,株式会社クレッセントのアシスタント、ゲッペイと申します。ライブ配信などで活用できるVolu☆ME!と、業界最高水準のモーションキャプチャシステムViconにご興味はありませんか？,,2026-04-17 13:08:24.336868+08:00
01KPCXYC81FCBRR8QJPN2G445Z,,787459c06300c8cbc083726a143bcc9f,AGENT,こんにちは！クレッセントのアシスタント、ゲッペイと申します。ライブ配信などで活用できるVolu☆ME!、そして業界最高水準のモーションキャプチャシステムViconについてご紹介できます。,,2026-04-17 13:17:17.317968+08:00
01KPCXZWE8P7D7HJYGW3JCGYGE,,4e0e1e2775f926200442f50dd09b16bc,AGENT,こんにちは！私、株式会社クレッセントのアシスタント、ゲッペイと申します。ライブ配信などで活用できるVolu☆ME!や、業界最高水準のモーションキャプチャシステムViconについてお話しできます。,,2026-04-17 13:18:05.914443+08:00
01KPCY0G58AGBZYQK1WE7E2WP9,,4e0e1e2775f926200442f50dd09b16bc,AGENT,初めまして。私、株式会社クレッセントのアシスタント「ゲッペイ」と申します。ライブ配信などで活用できるVolu☆ME!と、業界最高水準のモーションキャプチャシステムViconにご興味はございますか？,,2026-04-17 13:18:25.753657+08:00
01KPCY1SZWGJHB1Q1JXCECVPVN,,4e0e1e2775f926200442f50dd09b16bc,AGENT,ようこそいらっしゃいました！株式会社クレッセントのアシスタント、ゲッペイと申します。ライブ配信などで活用できるVolu☆ME!や、業界最高水準のモーションキャプチャシステムViconについてご紹介できます。,,2026-04-17 13:19:08.973700+08:00
01KPCYJ9V0S2J2XZ23FD43GYB3,,9f866941c8a162388b810c28416f6906,AGENT,こんにちは！私は株式会社クレッセントのアシスタント、ゲッペイと申します。ライブ配信などで活用できるVolu☆ME!や、業界最高水準のモーションキャプチャシステムViconについてご紹介できます。,,2026-04-17 13:28:09.919810+08:00
01KPCYPB34T19B0G9W3QQZQD1F,,0946fba0849bbe5e738b42b9da960ca9,AGENT,お客様、こんにちは。私、株式会社クレッセントのアシスタント、ゲッペイと申します。ライブ配信などで活用できるVolu☆ME!や、業界最高水準のモーションキャプチャシステムViconについてご紹介できます。,,2026-04-17 13:30:24.166343+08:00
01KPCYPTSBP2NVN8WT9FMQAM7R,,9f866941c8a162388b810c28416f6906,AGENT,こんにちは！株式会社クレッセントのアシスタント、月餅です。ライブ配信などで活用できるVolu☆ME!や、業界最高水準のモーションキャプチャシステムViconについてご興味はございますか？,,2026-04-17 13:30:38.228556+08:00
01KPCYT37E8ET7H0PFVP8YFBS1,,e3ed3f361c7853aec2c28e735bc2c262,AGENT,"こんにちは、月餅と申します。株式会社クレッセントのアシスタントです。

ライブ配信などで活用できるVolu☆ME!と、業界最高水準のモーションキャプチャシステムViconについてご興味はありますか？",,2026-04-17 13:32:29.465269+08:00
01KPCZ12AJ72DZ9F17ACWX4MQ2,,146b0bae47af3fa8798289c9b94698fc,AGENT,こんにちは！株式会社クレッセントのアシスタント、ゲッペイと申します。ライブ配信などで活用できるVolu☆ME!や、業界最高水準のモーションキャプチャシステムViconにご興味はありませんか？,,2026-04-17 13:36:13.845522+08:00
01KPCZ3NZAYVZXXBCSNKNTG6WC,,719779c83e77073437eee2b9fd6dc4b4,AGENT,初めまして。株式会社クレッセントのアシスタント、ゲッペイと申します。ライブ配信などで活用できるVolu☆ME!、業界最高水準のモーションキャプチャシステムViconにご興味はございますか？,,2026-04-17 13:37:38.369969+08:00
01KPCZDKR9VR38TB8RRN5GV96W,,78957f2387fbf5a5d2b5ed51ef4bee11,AGENT,こんにちは。私、株式会社クレッセントのアシスタント、ゲッペイと申します。ライブ配信などで活用できるVolu☆ME!や、業界最高水準のモーションキャプチャシステムViconについてご紹介できます。,,2026-04-17 13:43:03.940822+08:00
01KPCZFQEFQDMB9TJ8S2CJYAXB,,ff2cb99f5913010fd585ba0575083635,AGENT,こんにちは！株式会社クレッセントのアシスタント、月餅です。ライブ配信などで活用できるVolu☆ME!や、業界最高水準のモーションキャプチャシステムViconについてご興味はありますか？,,2026-04-17 13:44:13.147682+08:00
01KPCZWEN6Q07V234NT8V1V6DS,,6ee0c71293fc6b725926497679379ff2,AGENT,こんにちは！私は株式会社クレッセントのアシスタント、ゲッペイと申します。ライブ配信などで活用できるVolu☆ME!や、業界最高水準のモーションキャプチャシステムViconについてご興味はございますか？,,2026-04-17 13:51:11.728354+08:00
01KPD00N0F2M548S7KRZ8J0XFV,,6ee0c71293fc6b725926497679379ff2,AGENT,こんにちは。株式会社クレッセントのアシスタント、月餅です。ライブ配信などで活用できるVolu☆ME!、2026年最新スタジオにご興味はございますか？,,2026-04-17 13:53:28.339351+08:00
01KPD01AYJ1HYK9D1K1G6922PG,,b6007592d76e14d8d9b85b060ca54040,AGENT,クレッセントのゲッペイと申します。ライブ配信などで活用できるVolu☆ME!や、業界最高水準のモーションキャプチャシステムViconについてご紹介できます。,,2026-04-17 13:53:50.142156+08:00
01KPD0A646HMHTAXBVTF10E0DD,,49cf33501382cb7fe4c277bd6cbee452,AGENT,お客様、こんにちは！株式会社クレッセントのアシスタント、ゲッペイと申します。ライブ配信などで活用できるVolu☆ME!や、業界最高水準のモーションキャプチャシステムViconについてご紹介できます。,,2026-04-17 13:58:42.099798+08:00
01KPD0BH0BZ9EZSRRFSCMA5PWG,,52f6c76accd6994a639a66e4cb34c012,AGENT,はじめまして。株式会社クレッセントのアシスタント、ゲッペイと申します。ライブ配信などで活用できるVolu☆ME!と、業界最高水準のモーションキャプチャシステムViconにご興味はありますか？,,2026-04-17 13:59:32.192149+08:00
01KPD0VC71NW20DX90Z7E43Y3C,,52f6c76accd6994a639a66e4cb34c012,AGENT,こんにちは！私は株式会社クレッセントのアシスタント、ゲッペイと申します。ライブ配信などで活用できるVolu☆ME!と、2026年最新スタジオについてご案内できます。,,2026-04-17 14:08:18.273771+08:00
01KPD140NWXR7A35F9EHEQCKEA,,3304c50305c308c30953db1dc7abf69c,AGENT,"月餅と申します。株式会社クレッセントのアシスタントです。
ライブ配信などで活用できるVolu☆ME!や、業界最高水準のモーションキャプチャシステムViconについてご興味はございますか？",,2026-04-17 14:12:48.905628+08:00
01KPD1G466HAZFSGCSXES6FHE8,,06cc1687473ea43d87dfda0ea1b5ba48,AGENT,こんにちは、株式会社クレッセントのアシスタント、月餅と申します。ライブ配信などで活用できるVolu☆ME!や、業界最高水準のモーションキャプチャシステムViconについてご紹介できます。,,2026-04-17 14:19:24.585530+08:00
01KPD1HX73B0SDFJ4HYHQ377QE,,cd5a6b860883c6f6c8d166a9fdbef867,AGENT,いらっしゃいませ。わたくしは株式会社クレッセントのアシスタント、ゲッペイと申します。ライブ配信などで活用できるVolu☆ME!と業界最高水準のモーションキャプチャシステムViconについてご案内できます。,,2026-04-17 14:20:24.203562+08:00
01KPD1JZ6DAT15GTSNCX07PN34,,d8ce6b20d593ff013b3b3cc4131fa8db,AGENT,ゲッペイと申します。クレッセントの技術と温かさをお届けするアシスタントです。ライブ配信などで活用できるVolu☆ME!、2026年最新スタジオについてご興味はありますか？,,2026-04-17 14:21:02.107627+08:00
01KPD212D73Y8C5NRTQXPVPTG8,,b574345ec804b4845ef7cb0e8f41becd,AGENT,"株式会社クレッセントのアシスタント、月餅と申します。どうぞよろしくお願いいたします。

ライブ配信などで活用できるVolu☆ME!や、業界最高水準のモーションキャプチャシステムViconについてご興味はございませんか？",,2026-04-17 14:28:58.962784+08:00
01KPD219JQW0Q3B5R28M4TTJWD,,f7bec44af58b3b06268c83010d22167b,AGENT,初めまして。株式会社クレッセントのアシスタント、ゲッペイと申します。ライブ配信などで活用できるVolu☆ME!、または業界最高水準のモーションキャプチャシステムViconにご興味はございますか？,,2026-04-17 14:28:46.940718+08:00
01KPD269D6T7QCVEZR0CPM60XK,,1e3a5cbc3cabdb14264068fa2c2278c7,AGENT,こんにちは、私は株式会社クレッセントのアシスタント、ゲッペイと申します。ライブ配信などで活用できるVolu☆ME!や、業界最高水準のモーションキャプチャシステムViconについてご興味はございますか？,,2026-04-17 14:31:29.907641+08:00
01KPD2FSZTX79Y4PYFSNGWPBXJ,,84d4eb0549ae7e857a39bece5f8e610b,AGENT,皆様、こんにちは！ 株式会社クレッセントのアシスタント、ゲッペイと申します。ライブ配信などで活用できるVolu☆ME!、業界最高水準のモーションキャプチャシステムViconにご興味はございますか？,,2026-04-17 14:36:50.962697+08:00
01KPD2FT05PY1B246XNXN7KB0W,,dafac8c7f2f61f6908c59365459d011f,AGENT,株式会社クレッセントのアシスタント、ゲッペイと申します。ライブ配信などで活用できるVolu☆ME!と、業界最高水準のモーションキャプチャシステムViconについてご紹介できます。,,2026-04-17 14:36:46.649954+08:00
01KPD2Q4GM6AHW1YS4CNB6KKZ4,,87ad4dbddc0132d7f067686059ab32d1,AGENT,ゲッペイと申します。クレッセントのアシスタントです。ライブ配信などで活用できるVolu☆ME!と、業界最高水準のモーションキャプチャシステムViconについてご紹介できます。,,2026-04-17 14:40:45.353758+08:00
01KPD2VRT86A9QB4NARM3YJJ19,,6e28b95109c866580e4124cdfe828274,AGENT,月餅ちゃんと申します。最新のモーションキャプチャ技術と、クレッセントのスタジオマネージャーを務めるパグのゲッペイが融合した姿です。ライブ配信などで活用できるVolu☆ME!や、業界最高水準のモーションキャプチャシステムViconについて、何かご興味はございますか？,,2026-04-17 14:43:13.987720+08:00
01KPD2W5D0FB1MSXGKF9TRA9RN,,87ad4dbddc0132d7f067686059ab32d1,AGENT,はじめまして。私、株式会社クレッセントのアシスタント、ゲッペイと申します。ライブ配信などで活用できるVolu☆ME!、業界最高水準のモーションキャプチャシステムViconについてご紹介できます。,,2026-04-17 14:43:27.768336+08:00
01KPD2XEEY5MH2MZJBW9MFYFCM,,6e28b95109c866580e4124cdfe828274,AGENT,月餅です。クレッセントのアシスタントをしております。何かご不明な点はございませんか？,,2026-04-17 14:44:08.791464+08:00
01KPD2XTVGXBM2ZH0KK1TB13KW,,30225b2bd31f2b95ad204a6f5e4d9ae1,AGENT,こんにちは！私、株式会社クレッセントのアシスタント、ゲッペイと申します。ライブ配信などで活用できるVolu☆ME!や、業界最高水準のモーションキャプチャシステムViconについてご紹介できます。,,2026-04-17 14:44:21.787385+08:00
01KPD3VYXQRV08P1NF2JF8W0FQ,,6ff497d0df5f9f89cc3716dfcbafc0e8,AGENT,初めまして！株式会社クレッセントのアシスタント、ゲッペイと申します。ライブ配信などで活用できるVolu☆ME!や、業界最高水準のモーションキャプチャシステムViconについてご紹介できます。,,2026-04-17 15:00:48.564441+08:00
01KPD3W6Y3B4BA1PRNSYNPKNXQ,,a9eaf2d6d6a14b2c47f87c94ea824215,AGENT,"こんにちは！ 株式会社クレッセントのアシスタント、ゲッペイと申します。

ライブ配信などで活用できるVolu☆ME!と、業界最高水準のモーションキャプチャシステムViconについてご興味はございますか？",,2026-04-17 15:00:59.075265+08:00
01KPD3WFQY3C64JHAVPCA9MX9W,,4c9ffcb738c6ddf8b6ebb6454af771b2,AGENT,こんにちは！クレッセントのアシスタント、ゲッペイと申します。ライブ配信などで活用できるVolu☆ME!、そして業界最高水準のモーションキャプチャシステムViconについてご紹介できます。,,2026-04-17 15:01:06.714969+08:00
01KPD4E15VPTGTWVM52X7Z555V,,9e0d46b5d57686449315e87a99ec89b1,AGENT,こんにちは！株式会社クレッセントのアシスタント、月餅（ゲッペイ）と申します。ライブ配信などで活用できるVolu☆ME!や、業界最高水準のモーションキャプチャシステムViconについてご紹介できます。,,2026-04-17 15:10:50.256834+08:00
01KPD4F3B16YXTBRDXN3MJRS4S,,47df934081d29a8b637346c2bfc29cb5,AGENT,初めまして。私、株式会社クレッセントのアシスタント「ゲッペイ」と申します。ライブ配信などで活用できるVolu☆ME!と業界最高水準のモーションキャプチャシステムViconについてご紹介できます。,,2026-04-17 15:11:17.411841+08:00
01KPD5RRQC7V5BM5KD0AVRFMJK,,0f3592c8e5e8a56c63ab7d14b49ede01,AGENT,皆様、こんにちは！ 私は株式会社クレッセントのアシスタント、ゲッペイと申します。ライブ配信などで活用できるVolu☆ME!や、業界最高水準のモーションキャプチャシステムViconについてお話しできます。,,2026-04-17 15:34:07.294000+08:00
01KPD6MMDC4YNJ3M1273PJ4EW8,,b35e9df7d9de46ba12cf0db17993dfb0,AGENT,こんにちは、ゲッペイと申します。ライブ配信などで活用できるVolu☆ME!や、業界最高水準のモーションキャプチャシステムViconなどにご興味はございますか？,,2026-04-17 15:49:16.057904+08:00
01KPD6PG1YP44SVZQECVND0N5W,,64098f7aa3db1f48b901dac09ac355de,AGENT,こんにちは！ 私、クレッセントのアシスタント、ゲッペイと申します。ライブ配信などで活用できるVolu☆ME!と、業界最高水準のモーションキャプチャシステムViconについてご紹介できます。,,2026-04-17 15:50:18.185979+08:00
01KPD6PG2ESTE3HQ9Y93V8Z753,,c1514b76e61c7ac9f2c7576b0cc58a9a,AGENT,はい、こんにちは！私は株式会社クレッセントのアシスタント、ゲッペイと申します。ライブ配信などで活用できるVolu☆ME!、業界最高水準のモーションキャプチャシステムViconなど、ご興味はございますか？,,2026-04-17 15:50:19.931767+08:00
01KPD6ZVBYXT6CXJNJX4E91FQG,,01478e69b9fa7db2abcb4436e5048a77,AGENT,初めまして、私、株式会社クレッセントのアシスタント、ゲッペイと申します。ライブ配信などで活用できるVolu☆ME!や、業界最高水準のモーションキャプチャシステムViconについてご紹介できます。,,2026-04-17 15:55:44.339783+08:00
01KPD75DYDS3Y8AJBBN8NGY8KW,,ebc77b550260e49b8ef550726e75bbe1,AGENT,こんにちは！クレッセントのアシスタント、ゲッペイと申します。ライブ配信などで活用できるVolu☆ME!や、業界最高水準のモーションキャプチャシステムViconについてご紹介できます。,,2026-04-17 15:58:25.852302+08:00
01KPD7AY7JHEVSHZ86C5R27F3W,,4d963d4d1692533e9939ee99de029db5,AGENT,こんにちは！ 株式会社クレッセントのアシスタント、月餅です。ライブ配信などで活用できるVolu☆ME!や、業界最高水準のモーションキャプチャシステムViconについてご興味はありませんか？,,2026-04-17 16:01:26.072809+08:00
01KPD7BKWYY44XDNP3GM07V5F3,,4d963d4d1692533e9939ee99de029db5,AGENT,皆様、こんにちは！ 株式会社クレッセントのアシスタント、ゲッペイと申します。ライブ配信などで活用できるVolu☆ME!や、業界最高水準のモーションキャプチャシステムViconについてお話しできます。,,2026-04-17 16:01:47.921729+08:00
01KPD7GERE3CP2YX975ZV3KMXZ,,f067c794658ebf1ac75b9f50d2eaf786,AGENT,はじめまして。私、株式会社クレッセントのアシスタント、ゲッペイと申します。ライブ配信などで活用できるVolu☆ME!、業界最高水準のモーションキャプチャシステムViconなど、弊社では最先端の技術を取り扱っております。,,2026-04-17 16:04:28.685303+08:00
01KPD7N4CK04NVYPP4MXFRG9MW,,eb92935c06465003b4676cd88d8b4a3d,AGENT,こんにちは！私は株式会社クレッセントのアシスタント、ゲッペイと申します。ライブ配信などで活用できるVolu☆ME!や、業界最高水準のモーションキャプチャシステムViconについてお話しできます。,,2026-04-17 16:06:59.103003+08:00
01KPD7QPV8WMTDSZHSNE565ED1,,b835020a9edc0950ba6a1f7d8bb0f2ce,AGENT,株式会社クレッセントのアシスタント、ゲッペイと申します。ライブ配信などで活用できるVolu☆ME!や、業界最高水準のモーションキャプチャシステムViconについてご紹介できます。,,2026-04-17 16:08:25.150620+08:00
01KPD7R1010MDCGQT4RWH4E04V,,6d5efccd6b964f2fcc12ba06098db6a1,AGENT,皆様、こんにちは！ 株式会社クレッセントのアシスタント、ゲッペイと申します。ライブ配信などで活用できるVolu☆ME!や、業界最高水準のモーションキャプチャシステムViconについてお話しできます。,,2026-04-17 16:08:39.983636+08:00
01KPD7R8GPCG2A9NYX7YD68E4Q,,b835020a9edc0950ba6a1f7d8bb0f2ce,AGENT,株式会社クレッセントのアシスタント、ゲッペイと申します。ライブ配信などで活用できるVolu☆ME!や、業界最高水準のモーションキャプチャシステムViconについてお話しできます。,,2026-04-17 16:08:41.752040+08:00
01KPD8H44YTRADZ8X610XTKY5D,,1a40f80a8ba3bed3cbe1f12ed14c5d56,AGENT,初めまして。私は株式会社クレッセントのアシスタント、ゲッペイと申します。ライブ配信などで活用できるVolu☆ME!、業界最高水準のモーションキャプチャシステムViconなど、弊社独自のソリューションをご用意しております。,,2026-04-17 16:22:21.013216+08:00
01KPD8VBDCMC280VAB33X92S5C,,019f148b93490887f3504986de7550ce,AGENT,こんにちは。株式会社クレッセントのアシスタント、月餅です。ライブ配信などで活用できるVolu☆ME!や、業界最高水準のモーションキャプチャシステムViconについてご興味はありますか？,,2026-04-17 16:27:57.349031+08:00
01KPD8XVBPBST3S8QDQEGP1EJJ,,ebb16dcec54ec3db47894c83add347d0,AGENT,こんにちは、私は株式会社クレッセントのアシスタント、ゲッペイと申します。ライブ配信などで活用できるVolu☆ME!と業界最高水準のモーションキャプチャシステムViconについてご紹介できます。,,2026-04-17 16:29:19.852955+08:00
01KPD95B35P9SJ8HG2W2TT7P8J,,083facc85044fccd42f68ede8167ab49,AGENT,お客様、こんにちは。私は株式会社クレッセントのアシスタント、ゲッペイと申します。ライブ配信などで活用できるVolu☆ME!や、業界最高水準のモーションキャプチャシステムViconなどにご興味はございますか？,,2026-04-17 16:33:22.505930+08:00
01KPD96673J7XMFNK86HVAJ1YZ,,51ce4dc97f95bd752e976f0b8756b833,AGENT,はじめまして。株式会社クレッセントのアシスタント、ゲッペイと申します。ライブ配信などで活用できるVolu☆ME!と、業界最高水準のモーションキャプチャシステムViconについてご紹介できます。,,2026-04-17 16:33:48.145589+08:00
01KPD991KHTGVVSNMWHS34T7D2,,71c6d6bf02ae3d526955e52f968b3511,AGENT,クレッセントのアシスタント、ゲッペイと申します。ライブ配信などで活用できるVolu☆ME!、業界最高水準のモーションキャプチャシステムViconなどがございますが、何にご興味がありますか？,,2026-04-17 16:35:20.370801+08:00
01KPD9ENDDX0ESPQX1M89GT3S6,,0946fba0849bbe5e738b42b9da960ca9,AGENT,皆様、こんにちは！ 株式会社クレッセントのアシスタント、ゲッペイと申します。ライブ配信などで活用できるVolu☆ME!や、業界最高水準のモーションキャプチャシステムViconについてお話しできます。,,2026-04-17 16:38:25.329571+08:00
01KPD9XNY57ZEVH2D1RE1GQ3X3,,98e536af483e9f425c3c7ff738142dbe,AGENT,はじめまして。私、クレッセントのゲッペイと申します。ライブ配信などで活用できるVolu☆ME!と、業界最高水準のモーションキャプチャシステムViconにご興味はありませんか？,,2026-04-17 16:46:36.375736+08:00
01KPD9Z7WHCR3KPTAQDCD4F81G,,b942259ac64276edabf8866b5b3c0c2a,AGENT,皆さま、こんにちは！株式会社クレッセントのアシスタント、月餅と申します。ライブ配信などで活用できるVolu☆ME!や、業界最高水準のモーションキャプチャシステムViconについてご紹介できます。,,2026-04-17 16:47:37.794288+08:00
01KPD9ZNB1JHR0M861NJPMZAJT,,98e536af483e9f425c3c7ff738142dbe,AGENT,こんにちは、私は株式会社クレッセントのアシスタント、ゲッペイと申します。ライブ配信などで活用できるVolu☆ME!や、業界最高水準のモーションキャプチャシステムViconについてご紹介できます。,,2026-04-17 16:49:56.570153+08:00
01KPDA46Y6YXVB1PTHZARMQG14,,564d186fa9fb93269da36d862bccb27e,AGENT,こんにちは！私、株式会社クレッセントのアシスタント、ゲッペイと申します。ライブ配信などで活用できるVolu☆ME!や、業界最高水準のモーションキャプチャシステムViconについてご紹介できます。,,2026-04-17 16:50:20.676034+08:00
01KPDB001K8Q2CPEXYARHS58QE,,7161f1d49651723e03e5e09b6ebe2ba8,AGENT,こんにちは！私は株式会社クレッセントのアシスタント、ゲッペイと申します。ライブ配信などで活用できるVolu☆ME!と、2026年最新スタジオについてご案内できます。,,2026-04-17 17:05:20.560442+08:00
01KPDB553EBQ30Q0QC413FKRD4,,672a2a2aaea12cfee65b308d20fc5bef,AGENT,株式会社クレッセントのアシスタント、ゲッペイと申します。ライブ配信などで活用できるVolu☆ME!と、業界最高水準のモーションキャプチャシステムViconにご興味はありませんか？,,2026-04-17 17:08:11.244159+08:00
01KPDB6A8BT4QBS76AGKN6BZ46,,672a2a2aaea12cfee65b308d20fc5bef,AGENT,株式会社クレッセントのアシスタント、月餅と申します。ライブ配信などで活用できるVolu☆ME!や、業界最高水準のモーションキャプチャシステムViconについてご興味はございますか？,,2026-04-17 17:08:48.516429+08:00
01KPDBDB45M70FA1Z5CW349E6F,,761d0ff44f72eb0e60bd85e96b02a2c3,AGENT,はじめまして。株式会社クレッセントのアシスタント、ゲッペイと申します。ライブ配信などで活用できるVolu☆ME!や、業界最高水準のモーションキャプチャシステムViconについてご紹介できます。,,2026-04-17 17:12:38.256560+08:00
01KPDCAGTSYDY6D70WJ13WDRZ5,,c8e4b91f0d942fbfaacf352b054fb83b,AGENT,ゲッペイと申します。クレッセントのバーチャルアシスタントです。何かお困りですか？ ライブ配信などで活用できるVolu☆ME!と、業界最高水準のモーションキャプチャシステムViconについてご紹介できます。,,2026-04-17 17:28:34.640320+08:00
01KPDCVRTD4XPJE26X0J7D641J,,827e1373443eb075bb47e3a3362511a9,AGENT,初めまして。私、株式会社クレッセントのアシスタント、ゲッペイと申します。ライブ配信などで活用できるVolu☆ME!、業界最高水準のモーションキャプチャシステムViconにご興味はございますか？,,2026-04-17 17:38:01.089996+08:00
01KPDDXGGGEY9NXZ8X16W8DWAC,,617607bf8ec437d931c7beb368ec5b20,AGENT,株式会社クレッセントのアシスタント、ゲッペイと申します。ライブ配信などで活用できるVolu☆ME!や、業界最高水準のモーションキャプチャシステムViconについてご紹介できます。,,2026-04-17 17:56:25.512267+08:00
01KPDF7XHYN0YVEXBKPB9CQ2YM,,5684725725ea097039deaf9f3e837b1b,AGENT,はじめまして。株式会社クレッセントのアシスタント、ゲッペイと申します。ライブ配信などで活用できるVolu☆ME!や、業界最高水準のモーションキャプチャシステムViconについてお話しできます。,,2026-04-17 18:19:37.659508+08:00
01KPDFD5HMXZMWWAYM80Y7AEX0,,c8e4b91f0d942fbfaacf352b054fb83b,AGENT,はじめまして。株式会社クレッセントのアシスタント、ゲッペイと申します。ライブ配信などで活用できるVolu☆ME!と、業界最高水準のモーションキャプチャシステムViconについてご紹介できます。,,2026-04-17 18:22:25.506899+08:00
01KPDFKEVW0W871GJSWNJREN4D,,4a21780d0cc33c62985690d8770ebc01,AGENT,こんにちは！私、株式会社クレッセントのアシスタント、ゲッペイと申します。ライブ配信などで活用できるVolu☆ME!、業界最高水準のモーションキャプチャシステムViconなど、弊社独自のサービスについてご紹介できます。,,2026-04-17 18:26:03.003649+08:00
01KPDFPTDYD12RWC6YQZ70NZ3P,,a58ddde4d10f19ce9b4074c21ee051d8,AGENT,"ようこそ！ 私、株式会社クレッセントのアシスタント、ゲッペイと申します。

ライブ配信などで活用できるVolu☆ME!、業界最高水準のモーションキャプチャシステムViconにご興味はございますか？",,2026-04-17 18:27:43.368653+08:00
01KPDFRQ8ZMG0503VQ7DHN4QS2,,a58ddde4d10f19ce9b4074c21ee051d8,AGENT,はじめまして！株式会社クレッセントのアシスタント、ゲッペイと申します。ライブ配信などで活用できるVolu☆ME!と、業界最高水準のモーションキャプチャシステムViconについてご紹介できます。,,2026-04-17 18:29:08.192265+08:00
01KPDG5W3027SMZN7DQ02QKTVZ,,565787851973fc5be6f889ccbe1663ae,AGENT,皆様、こんにちは！ 株式会社クレッセントのアシスタント、ゲッペイと申します。ライブ配信などで活用できるVolu☆ME!、そして業界最高水準のモーションキャプチャシステムViconについてご紹介できます。,,2026-04-17 18:35:56.556706+08:00
01KPDHFATTW8640RFBBWEJYSSV,,709e367fc5a9fd9009b7155820eb009f,AGENT,株式会社クレッセントのアシスタント、月餅と申します。ライブ配信などで活用できるVolu☆ME!や、業界最高水準のモーションキャプチャシステムViconについてご興味はございますか？,,2026-04-17 18:58:36.652941+08:00
01KPDJQ75G56X933QHVMA6T9G9,,0946fba0849bbe5e738b42b9da960ca9,AGENT,お客様、こんにちは！ 株式会社クレッセントのアシスタント、ゲッペイと申します。ライブ配信などで活用できるVolu☆ME!、そして2026年最新スタジオについて、何かご興味はございますか？,,2026-04-17 19:20:22.920696+08:00
01KPDK61RRJ8NRWCYXGWPTA6FT,,dc790e6b97e7958f012e22f7badcfea4,AGENT,"はじめまして！わたくしは株式会社クレッセントのアシスタント、ゲッペイと申します。
ライブ配信などで活用できるVolu☆ME!や、業界最高水準のモーションキャプチャシステムViconについてご興味はございませんか？",,2026-04-17 19:28:28.290893+08:00
01KPDMZ3ER40KF5HRN63GT21YK,,d27a19c100b033d728ada05fedcb61d7,AGENT,はじめまして！株式会社クレッセントのアシスタント、ゲッペイと申します。ライブ配信などで活用できるVolu☆ME!や、業界最高水準のモーションキャプチャシステムViconについてご興味はございますか？,,2026-04-17 19:59:39.437543+08:00
01KPDMZDN8WNR3KKWW71V046X3,,617036b83b117390db74149aca45cb16,AGENT,皆様、こんにちは！ 株式会社クレッセントのアシスタント、ゲッペイと申します。ライブ配信などで活用できるVolu☆ME!、業界最高水準のモーションキャプチャシステムViconなどをご用意して、皆様をお待ちしております。,,2026-04-17 19:59:47.648063+08:00
01KPDN2EVPEJBTHG22KBKZTJCD,,617036b83b117390db74149aca45cb16,AGENT,こんにちは！ クレッセントのアシスタント、月餅（ゲッペイ）と申します。ライブ配信などで活用できるVolu☆ME!、業界最高水準のモーションキャプチャシステムViconなど、クレッセントの最新技術にご興味はございますか？,,2026-04-17 20:01:26.858608+08:00
01KPDN522QYGZKZAGEPG3S1M95,,c1c4944a5dec683ef500ea924f6c7caf,AGENT,初めまして！株式会社クレッセントのアシスタント、ゲッペイと申します。ライブ配信などで活用できるVolu☆ME!、業界最高水準のモーションキャプチャシステムViconなど、クレッセントの最新技術にご興味はございますか？,,2026-04-17 20:02:51.407411+08:00
01KPDQWRA54EHX8P3CZZQE4J55,,43acfa4d180bfe5cf580a9ead037a0df,AGENT,皆様、こんにちは！ 私は株式会社クレッセントのアシスタント、ゲッペイと申します。ライブ配信などで活用できるVolu☆ME!と業界最高水準のモーションキャプチャシステムViconについてご紹介できます。,,2026-04-17 20:50:47.945567+08:00
01KPDR6V1MA80DE5R2RGCMBBFW,,ffdef49a1aabf927b89a53d98547ce72,AGENT,こんにちは、私は株式会社クレッセントのアシスタント、ゲッペイと申します。ライブ配信などで活用できるVolu☆ME!や、業界最高水準のモーションキャプチャシステムViconについてご紹介できます。,,2026-04-17 20:56:18.148016+08:00
01KPDR8XZ5ZS36TRDRYW6P6WM0,,ffdef49a1aabf927b89a53d98547ce72,AGENT,こんにちは、私は株式会社クレッセントのアシスタント、ゲッペイと申します。ライブ配信などで活用できるVolu☆ME!や、業界最高水準のモーションキャプチャシステムViconについてご紹介できます。,,2026-04-17 20:57:25.993880+08:00
01KPDRH5A3R429E1VHKHE6G1NA,,93ead927d92c4488ffcf865623b42cec,AGENT,株式会社クレッセントのアシスタント、ゲッペイと申します。ライブ配信などで活用できるVolu☆ME!と業界最高水準のモーションキャプチャシステムViconについてご紹介できます。,,2026-04-17 21:03:00.173474+08:00
01KPDS6TQPRCA7557FDKQYWZEQ,,5563325956a73dceb6492a56b7a2f05b,AGENT,はじめまして。私は株式会社クレッセントのアシスタント、ゲッペイと申します。ライブ配信などで活用できるVolu☆ME!、業界最高水準のモーションキャプチャシステムViconなど、クレッセントの最新技術にご興味はございますか？,,2026-04-17 21:13:44.605463+08:00
01KPDTP61SYWDG183CPQ5Y0YGR,,88dee3e5bddae2c7a43a782594e486b3,AGENT,こんにちは！ 株式会社クレッセントのアシスタント、ゲッペイと申します。ライブ配信などで活用できるVolu☆ME!、業界最高水準のモーションキャプチャシステムVicon、どちらにご興味がありますか？,,2026-04-17 21:39:37.510081+08:00
01KPDW23ZZ8C25Q9N1SM7XQ8YT,,0946fba0849bbe5e738b42b9da960ca9,AGENT,こんにちは、ゲッペイと申します。株式会社クレッセントのアシスタントをしております。,,2026-04-17 22:03:37.659045+08:00
01KPDY1D326MS5Y39HZG93BQZ5,,1d74aea5c1c0d25c2c93f1cc4c09ab92,AGENT,こんにちは、私は株式会社クレッセントのアシスタント、ゲッペイと申します。ライブ配信などで活用できるVolu☆ME!や、業界最高水準のモーションキャプチャシステムViconについてお話しできます。,,2026-04-17 22:38:10.082822+08:00
01KPDYC5B6QWHZ18GBGM55SJFD,,1d74aea5c1c0d25c2c93f1cc4c09ab92,AGENT,月餅と申します。株式会社クレッセントのアシスタントです。ライブ配信などで活用できるVolu☆ME!と、業界最高水準のモーションキャプチャシステムViconにご興味はありませんか？,,2026-04-17 22:44:02.776264+08:00
01KPE2BAZKZXRHHJSYP19W9GJX,,4d963d4d1692533e9939ee99de029db5,AGENT,はじめまして。私、株式会社クレッセントのアシスタント、ゲッペイと申します。ライブ配信などで活用できるVolu☆ME!、業界最高水準のモーションキャプチャシステムViconについてご紹介できます。,,2026-04-17 23:53:30.378033+08:00
01KPE44KX6V87ZKRXM1B23V4DV,,55f7e9ba6c2c675aac5b6238d34f5148,AGENT,株式会社クレッセントのアシスタント、ゲッペイと申します。ライブ配信などで活用できるVolu☆ME!と業界最高水準のモーションキャプチャシステムViconについてご紹介できます。,,2026-04-18 00:24:48.093378+08:00
01KPE79EDA2588WTXBA4Y89YEH,,b7685bce9503483338c120491effa698,AGENT,皆様、こんにちは！ 株式会社クレッセントのアシスタント、ゲッペイと申します。ライブ配信などで活用できるVolu☆ME!や、業界最高水準のモーションキャプチャシステムViconについてご紹介できます。,,2026-04-18 01:19:50.356098+08:00
01KPE7B9XS2NQGFTMV1V76018Y,,b7685bce9503483338c120491effa698,AGENT,こんにちは！株式会社クレッセントのアシスタント、月餅（ゲッペイ）と申します。ライブ配信などで活用できるVolu☆ME!と、業界最高水準のモーションキャプチャシステムViconにご興味はありますか？,,2026-04-18 01:20:51.580172+08:00
01KPEAF7AZ2PXRT8B39XVJKX1B,,e5ede5921bdad93a6b317553debacb32,AGENT,お客様、こんにちは。私は株式会社クレッセントのアシスタント、ゲッペイと申します。ライブ配信などで活用できるVolu☆ME!、業界最高水準のモーションキャプチャシステムViconなどがございますが、何かご興味はございますか？,,2026-04-18 02:15:35.065689+08:00
01KPEHBDXRDSHT0CBP069SPE0M,,7f035c71a3f654ff2af7dc576e01ae2c,AGENT,こんにちは、私は株式会社クレッセントのアシスタント、ゲッペイと申します。ライブ配信などで活用できるVolu☆ME!や、業界最高水準のモーションキャプチャシステムViconについてご紹介できます。,,2026-04-18 04:15:42.923678+08:00
01KPEHDRPTHQSAMA3VAZ1HKXBF,,7f035c71a3f654ff2af7dc576e01ae2c,AGENT,初めまして、私、株式会社クレッセントのアシスタント、ゲッペイと申します。ライブ配信などで活用できるVolu☆ME!、業界最高水準のモーションキャプチャシステムViconなどがございますが、どちらにご興味がございますか？,,2026-04-18 04:16:59.784103+08:00
01KPEHK7CXJ0M3S9FM81B5G0D4,,7f035c71a3f654ff2af7dc576e01ae2c,AGENT,こんにちは！株式会社クレッセントのアシスタント、ゲッペイと申します。ライブ配信などで活用できるVolu☆ME!、業界最高水準のモーションキャプチャシステムViconについてご紹介できます。,,2026-04-18 04:19:58.101767+08:00
01KPEHK927JMJR9WSTZEA3C60F,,f8ba6ea68982a87fffac1c86eb5843e0,AGENT,はじめまして！ 株式会社クレッセントのアシスタント、ゲッペイと申します。ライブ配信などで活用できるVolu☆ME!と、2026年最新スタジオについてご興味はありますか？,,2026-04-18 04:20:02.941056+08:00
01KPEK62B6CDWFQ0Q15104YSC5,,7f035c71a3f654ff2af7dc576e01ae2c,AGENT,株式会社クレッセントのアシスタント、月餅と申します。ライブ配信などで活用できるVolu☆ME!、業界最高水準のモーションキャプチャシステムViconなど、クレッセントの最新技術にご興味はございますか？,,2026-04-18 04:47:44.108402+08:00
01KPEW9G0Q122JS80XY6PQC0Q9,,9ba8fdddacaa572b84c00eb2416397a1,AGENT,こんにちは！ 私は株式会社クレッセントのアシスタント、ゲッペイと申します。ライブ配信などで活用できるVolu☆ME! や、業界最高水準のモーションキャプチャシステムViconについてお話しできます。,,2026-04-18 07:26:54.961644+08:00
01KPEWA1NZTMG6655FWYZXEDZR,,9ba8fdddacaa572b84c00eb2416397a1,AGENT,はじめまして、私が株式会社クレッセントのアシスタント、ゲッペイと申します。ライブ配信などで活用できるVolu☆ME!、業界最高水準のモーションキャプチャシステムViconなどがございますが、どちらにご興味がありますか？,,2026-04-18 07:27:11.029068+08:00
01KPEWMDX67VVRNG6B6SYG6HMY,,ea32e1cdc26d28a8c388d882592bf983,AGENT,月餅と申します。クレッセントのアシスタントをしております。何かご不明な点はございませんか？,,2026-04-18 07:32:52.969228+08:00
01KPEYBQWZ8HJ0A0A0BY5Y4M7T,,4d963d4d1692533e9939ee99de029db5,AGENT,株式会社クレッセントのアシスタント、ゲッペイと申します。ライブ配信などで活用できるVolu☆ME!や、業界最高水準のモーションキャプチャシステムViconについてご紹介できます。,,2026-04-18 08:03:03.805351+08:00
01KPEYP9VJSY8MMWN5VDT5V72X,,4d963d4d1692533e9939ee99de029db5,AGENT,株式会社クレッセントのアシスタント、月餅と申します。ライブ配信などで活用できるVolu☆ME!や、業界最高水準のモーションキャプチャシステムViconについてご興味はありますか？,,2026-04-18 08:08:49.279729+08:00
01KPF02NRCR42VFRPXYH374GZ0,,573e3e94f33fdc01c4402a7db92eb8d9,AGENT,こんにちは、私は株式会社クレッセントのアシスタント、ゲッペイと申します。ライブ配信などで活用できるVolu☆ME!や、業界最高水準のモーションキャプチャシステムViconについてご紹介できます。,,2026-04-18 08:33:01.915017+08:00
01KPF043BP4HZJAQ96WMWBEW65,,d8c647227c76a70f43c0fa463c12d90d,AGENT,ようこそ、いらっしゃいませ。株式会社クレッセントのアシスタント、ゲッペイと申します。ライブ配信などで活用できるVolu☆ME!や、業界最高水準のモーションキャプチャシステムViconについてご紹介できます。,,2026-04-18 08:33:52.208186+08:00
01KPF1JECQP1SXZSM5RP1FYH2G,,74cbff900697467c1e705b00c43015eb,AGENT,こんにちは。月餅と申します。ライブ配信などで活用できるVolu☆ME!と、業界最高水準のモーションキャプチャシステムViconについてご案内できます。,,2026-04-18 08:59:10.354604+08:00
01KPF27YKJNYK0DMW7KP3WE5FW,,5325ccfab1c516c96643b901939522a7,AGENT,こんにちは！ 株式会社クレッセントのアシスタント、ゲッペイと申します。ライブ配信などで活用できるVolu☆ME!や、業界最高水準のモーションキャプチャシステムViconなどにご興味はありますか？,,2026-04-18 09:10:53.036965+08:00
01KPF2CDRJP2MFHTA09PSW5CEK,,936c895af8d149578d25a1d56a4acde9,AGENT,お客様、ようこそ！ 私、株式会社クレッセントのアシスタント、ゲッペイと申します。ライブ配信などで活用できるVolu☆ME!と、業界最高水準のモーションキャプチャシステムViconについてご紹介できます。,,2026-04-18 09:13:19.898955+08:00
01KPF2D1VYW4K9BN0C15NZ48TD,,49cf33501382cb7fe4c277bd6cbee452,AGENT,ごきげんよう、私は株式会社クレッセントのアシスタント、ゲッペイと申します。ライブ配信などで活用できるVolu☆ME!と業界最高水準のモーションキャプチャシステムViconについてご紹介できます。,,2026-04-18 09:13:51.260151+08:00
01KPF36G2KHQJPGEGM5A5R2VVS,,617607bf8ec437d931c7beb368ec5b20,AGENT,こんにちは、私は株式会社クレッセントのアシスタント、ゲッペイと申します。ライブ配信などで活用できるVolu☆ME!や、業界最高水準のモーションキャプチャシステムViconについてご紹介できます。,,2026-04-18 09:27:57.161351+08:00
01KPF44R2Y2QHTCC95NK2JF7TH,,0946fba0849bbe5e738b42b9da960ca9,AGENT,株式会社クレッセントのアシスタント、月餅と申します。ライブ配信などで活用できるVolu☆ME!や、業界最高水準のモーションキャプチャシステムViconについてご紹介できます。,,2026-04-18 09:44:06.656032+08:00
01KPF4V28W59AE56SBZRREHY4F,,0946fba0849bbe5e738b42b9da960ca9,AGENT,"こんにちは、ゲッペイと申します。クレッセントのアシスタントです。
ライブ配信などで活用できるVolu☆ME!と、業界最高水準のモーションキャプチャシステムViconにご興味はございますか？",,2026-04-18 09:56:18.338395+08:00
01KPF5S97G4RM8BK134M7K852D,,1b57c953888ff9e8bb3948dcd77b173a,AGENT,こんにちは、私は株式会社クレッセントのアシスタント、ゲッペイと申します。ライブ配信などで活用できるVolu☆ME!や、業界最高水準のモーションキャプチャシステムViconについてご興味はありますか？,,2026-04-18 10:12:50.804392+08:00
01KPF5ZB5WX2NCHQ1Z4PNS6RM5,,617607bf8ec437d931c7beb368ec5b20,AGENT,クレッセントのアシスタント、ゲッペイと申します。ライブ配信などで活用できるVolu☆ME!や、業界最高水準のモーションキャプチャシステムViconについてご興味はございますか？,,2026-04-18 10:16:05.958737+08:00
01KPF7VVHJDBGZJFXSABEZ9RDJ,,5722de431890e60b03039fdbe56a4e54,AGENT,株式会社クレッセントのアシスタント、月餅と申します。ライブ配信などで活用できるVolu☆ME!や、業界最高水準のモーションキャプチャシステムViconについてご興味はありますでしょうか？,,2026-04-18 10:49:08.867327+08:00
01KPF82XYEAGXRMCM0X4JE31NW,,929e0b2208ffc52116437cabb7bc73ab,AGENT,月餅と申します。株式会社クレッセントのアシスタントです。ライブ配信などで活用できるVolu☆ME!と業界最高水準のモーションキャプチャシステムViconについてご紹介できます。,,2026-04-18 10:53:01.124735+08:00
01KPF8E2XJMYS0MQR3XV8M1JFQ,,ea32e1cdc26d28a8c388d882592bf983,AGENT,"こんにちは、ゲッペイと申します。株式会社クレッセントのアシスタントです。

ライブ配信などで活用できるVolu☆ME!、業界最高水準のモーションキャプチャシステムViconなど、クレッセントの最新技術にご興味はございますか？",,2026-04-18 10:59:09.471584+08:00
01KPF9QGJ896NXBHNCC18MXSJN,,2f322e3bd16ce91eaac2c70dbd94276f,AGENT,こんにちは！ 私は株式会社クレッセントのアシスタント、ゲッペイと申します。ライブ配信などで活用できるVolu☆ME!や、業界最高水準のモーションキャプチャシステムViconについてご紹介できます。,,2026-04-18 11:21:43.148158+08:00
01KPFADB3BZ2FNZ8AQ8P4JKDR3,,43a2e13e94eaa7cd19eb48ac8b059184,AGENT,こんにちは、私は株式会社クレッセントのアシスタント、ゲッペイと申します。ライブ配信などで活用できるVolu☆ME!と、業界最高水準のモーションキャプチャシステムViconについてご紹介できます。,,2026-04-18 11:33:38.363842+08:00
01KPFATCC0031GY7ZJSSS0MGW2,,108de8af7b484fbdbfe75ee228aac9f3,AGENT,こんにちは。私は株式会社クレッセントのアシスタント、ゲッペイと申します。ライブ配信などで活用できるVolu☆ME!と、業界最高水準のモーションキャプチャシステムViconについてご紹介できます。,,2026-04-18 11:40:46.354320+08:00
01KPFBPNSQXBM17VMA0PDE8G2B,,0b4008cf5d973b897d1254db68f7972a,AGENT,月餅と申します。株式会社クレッセントのアシスタントです。何かお手伝いできることはございますか？,,2026-04-18 11:56:17.541534+08:00
01KPFH18YP7CNADS5VCFFZQR9Y,,617607bf8ec437d931c7beb368ec5b20,AGENT,株式会社クレッセントのアシスタント、月餅です！どうぞよろしくお願いいたします。ライブ配信などで活用できるVolu☆ME!、2026年最新スタジオに関する情報をご用意しております。,,2026-04-18 13:29:23.562971+08:00
01KPFH9C8DBTPFGB4E46M25QEN,,11c5e0123474e75d1c3e3e97647fc168,AGENT,"[ライブ配信などで活用できるVolu☆ME!](https://www.crescentinc.co.jp/solution/volume/)と[業界最高水準のモーションキャプチャシステムVicon](https://www.crescentinc.co.jp/product/vicon/)にご興味はございますか？

月餅と申します。株式会社クレッセントのアシスタントを務めております。",,2026-04-18 13:44:16.151330+08:00
01KPFHA1P5ER4A7J07GG5HW205,,6af38649f136f5039c0391c0e64731af,AGENT,株式会社クレッセントのアシスタント、月餅と申します。ライブ配信などで活用できるVolu☆ME!と業界最高水準のモーションキャプチャシステムViconについてご紹介できます。,,2026-04-18 13:34:15.520843+08:00
01KPFJ1JY8474FQNXQY902J2QV,,dc1780ee1bbb40f8f50d8d2bb9882ac7,AGENT,こんにちは！ 株式会社クレッセントのアシスタント、ゲッペイと申します。ライブ配信などで活用できるVolu☆ME!や、業界最高水準のモーションキャプチャシステムViconについてご紹介できます。,,2026-04-18 13:47:11.702945+08:00
01KPFJT4DEAB3T8QD73BNC3WRK,,a2b7940201de1e19dbfe1ead6d24e753,AGENT,株式会社クレッセントのアシスタント、月餅です。ライブ配信などで活用できるVolu☆ME!や、業界最高水準のモーションキャプチャシステムViconについてご紹介できます。,,2026-04-18 14:00:25.938673+08:00
01KPFR1GS3ANZFEF2GE5RWD1DT,,0946fba0849bbe5e738b42b9da960ca9,AGENT,皆様、こんにちは！ 株式会社クレッセントのアシスタント、ゲッペイと申します。ライブ配信などで活用できるVolu☆ME!や、業界最高水準のモーションキャプチャシステムViconについてお話しできます。,,2026-04-18 15:31:51.070998+08:00
01KPFTGX00HZWE6N0902PHRHSJ,,617607bf8ec437d931c7beb368ec5b20,AGENT,初めまして。株式会社クレッセントのアシスタント、ゲッペイと申します。ライブ配信などで活用できるVolu☆ME!、業界最高水準のモーションキャプチャシステムViconにご興味はございますか？,,2026-04-18 16:15:14.132468+08:00
01KPFTHEX3PN5NPXWEZYZ1DNKF,,617607bf8ec437d931c7beb368ec5b20,AGENT,月餅です。クレッセントのアシスタントをしております。,,2026-04-18 16:15:32.380798+08:00
01KPFV8N1KB3BE1SB0FKYW4NZ6,,5688de063bdd97b963c159c9db3b04ba,AGENT,株式会社クレッセントのアシスタント、ゲッペイと申します。ライブ配信などで活用できるVolu☆ME!や、業界最高水準のモーションキャプチャシステムViconについてご紹介できます。,,2026-04-18 16:28:12.114004+08:00
01KPFVHYCWC50WEXDYB06HY14X,,29fce8e190176bb130fec334ec185fa9,AGENT,こんにちは！クレッセントのアシスタント、ゲッペイと申します。ライブ配信などで活用できるVolu☆ME!や、業界最高水準のモーションキャプチャシステムViconについてお話しできます。,,2026-04-18 16:33:16.978095+08:00
01KPFWAFR3NYKAGRQ5ZM57WK6H,,526a531380803ac09dfe9c7b9116bcec,AGENT,こんにちは、私はクレッセントのアシスタント、月餅です。何かお困りですか？ ライブ配信などで活用できるVolu☆ME!と、業界最高水準のモーションキャプチャシステムViconについてご紹介できます。,,2026-04-18 16:46:39.312782+08:00
01KPFWNJMA4CMSFCP8T7V2MGNY,,c1514b76e61c7ac9f2c7576b0cc58a9a,AGENT,こんにちは、私は株式会社クレッセントのアシスタント、ゲッペイと申します。ライブ配信などで活用できるVolu☆ME!や、業界最高水準のモーションキャプチャシステムViconについてご興味はございますか？,,2026-04-18 16:52:49.827620+08:00
01KPFYXBE5V4GNCPCTVXH8A1RD,,54041f3f900cd1c0971a62a00ffb04bd,AGENT,お客様、こんにちは！私は株式会社クレッセントのアシスタント、ゲッペイと申します。ライブ配信などで活用できるVolu☆ME!、2026年最新スタジオについてご案内できます。,,2026-04-18 17:31:56.724091+08:00
01KPFZ5FHM7MZSAECAAG23HVRB,,9e68a54533dfbbeac8e8d3bdc5848e4a,AGENT,こんにちは。私、株式会社クレッセントのアシスタント、ゲッペイと申します。ライブ配信などで活用できるVolu☆ME!、そして業界最高水準のモーションキャプチャシステムViconにご興味はございますか？,,2026-04-18 17:36:23.100479+08:00
01KPFZJT17QA73SCRTTKC09P1A,,ad6440ac68e913046225fed7a75fd4be,AGENT,こんにちは！株式会社クレッセントのアシスタント、ゲッペイと申します。ライブ配信などで活用できるVolu☆ME!や、業界最高水準のモーションキャプチャシステムViconについてご紹介できます。,,2026-04-18 17:43:38.981276+08:00
01KPFZNCT654X3VG10XQWDRGZ7,,ad6440ac68e913046225fed7a75fd4be,AGENT,株式会社クレッセントのアシスタント、ゲッペイと申します。ライブ配信などで活用できるVolu☆ME!や、業界最高水準のモーションキャプチャシステムViconについてご紹介できます。,,2026-04-18 17:45:03.409990+08:00
01KPG2GRYGWDS43ZG3VGWF9BBF,,9218973d333be54a91775d1251e9a4a5,AGENT,ゲッペイと申します。株式会社クレッセントのアシスタントです。ライブ配信などで活用できるVolu☆ME!、2026年最新スタジオについてご興味はありますか？,,2026-04-18 18:35:04.694761+08:00
01KPG4GT64YXADVTF39E2DTE5Q,,0440680a9b1e1f1c0e2657f1c77603bf,AGENT,株式会社クレッセントのアシスタント「ゲッペイ」です。ライブ配信などで活用できるVolu☆ME!や、業界最高水準のモーションキャプチャシステムViconについてご興味はありませんか？,,2026-04-18 19:09:56.996012+08:00
01KPG4P833Q5MAF34T379B3A9K,,aeea80e961f9822be170d5c8c2b28aba,AGENT,ようこそ！株式会社クレッセントのアシスタント、ゲッペイと申します。ライブ配信などで活用できるVolu☆ME!や、業界最高水準のモーションキャプチャシステムViconについてご興味はありますか？,,2026-04-18 19:12:56.432602+08:00
01KPG60T0HCKTY57DJTQASQDQ5,,3886b17b113e03ac0039234d61a6559e,AGENT,こんにちは！私は株式会社クレッセントのアシスタント、ゲッペイと申します。ライブ配信などで活用できるVolu☆ME!や、業界最高水準のモーションキャプチャシステムViconについてご興味はございますか？,,2026-04-18 19:36:16.519224+08:00
01KPG6E9Z3XR3T3DJB81JSKQ7S,,5803dd23463d8ce1ea15732be1d1bad3,AGENT,初めまして。私、株式会社クレッセントのアシスタント、ゲッペイと申します。ライブ配信などで活用できるVolu☆ME!や、業界最高水準のモーションキャプチャシステムViconについてご紹介できます。,,2026-04-18 19:43:32.246362+08:00
01KPG6YMSW39J8H7SVKR71VD1W,,d1c6ccd8c09ae0c33d462cfae46dfd50,AGENT,こんにちは！ 私、クレッセントのアシスタント、ゲッペイと申します。ライブ配信などで活用できるVolu☆ME!と業界最高水準のモーションキャプチャシステムViconについてご紹介できます。,,2026-04-18 19:52:35.273018+08:00
01KPG90F0WE5AMTQB4D6BYQC25,,cbed8726cb8cf1b4ca50832a3106491a,AGENT,株式会社クレッセントのアシスタント、ゲッペイと申します。ライブ配信などで活用できるVolu☆ME!や、業界最高水準のモーションキャプチャシステムViconについてお話しできます。,,2026-04-18 20:28:24.457575+08:00
01KPGCMBWCND56SBNGK2ZJNTNG,,6766f5b056b7eaa2eefc8aad137e71c8,AGENT,初めまして、私は株式会社クレッセントのアシスタント、ゲッペイと申します。ライブ配信などで活用できるVolu☆ME!や、業界最高水準のモーションキャプチャシステムViconについて、ご興味はございますか？,,2026-04-18 22:03:43.521386+08:00
01KPGCNYBJXYY8V1X0J04W4DHR,,476982f02e7f708e6ebad7dcacebac74,AGENT,初めまして。私、株式会社クレッセントのアシスタント、ゲッペイと申します。ライブ配信などで活用できるVolu☆ME!と業界最高水準のモーションキャプチャシステムViconについてご紹介できます。,,2026-04-18 21:32:32.061786+08:00
01KPGEQYR57596EFA6E8FWS6JN,,e3f7be2d3930c3b3d762db1bb70876a9,AGENT,皆様、こんにちは！ 私は株式会社クレッセントのアシスタント、ゲッペイと申します。ライブ配信などで活用できるVolu☆ME!や、業界最高水準のモーションキャプチャシステムViconについてお話しできます。,,2026-04-18 22:08:35.361694+08:00
01KPGGC58X01XXT0G15TF0J1Z4,,4d963d4d1692533e9939ee99de029db5,AGENT,ごきげんよう、私は株式会社クレッセントのアシスタント、ゲッペイと申します。ライブ配信などで活用できるVolu☆ME!と、業界最高水準のモーションキャプチャシステムViconについてご紹介できますが、どちらにご興味がありますか？,,2026-04-18 22:37:05.820015+08:00
01KPGMB55M6XYFV7KS28A2ZQCQ,,8a3715f11a0fce1f57883c539aecb22b,AGENT,株式会社クレッセントのアシスタント、ゲッペイと申します。ライブ配信などで活用できるVolu☆ME!と業界最高水準のモーションキャプチャシステムViconについてご紹介できます。,,2026-04-18 23:46:30.631352+08:00
01KPGNQN41WMNTQ7ZSJS7E7D9R,,b0a05cdfcc3e26c1565d023a98520de2,AGENT,初めまして。私、株式会社クレッセントのアシスタント「ゲッペイ」と申します。ライブ配信などで活用できるVolu☆ME!や、業界最高水準のモーションキャプチャシステムViconなどにご興味はございますか？,,2026-04-19 00:10:54.088535+08:00
01KPGQJCK6E7A88MP66ERTJM6Q,,f559840afed6899f314fa7491ea5fc47,AGENT,初めまして！株式会社クレッセントのアシスタント、ゲッペイと申します。ライブ配信などで活用できるVolu☆ME!や、業界最高水準のモーションキャプチャシステムViconなど、クレッセントの最新技術にご興味はございますか？,,2026-04-19 00:42:50.521196+08:00
01KPGT13P4G8ZP3BSZ3ST93XFD,,718c0b534d4ed619c873fda5b368d8c8,AGENT,初めまして。私、株式会社クレッセントのアシスタント「ゲッペイ」と申します。ライブ配信などで活用できるVolu☆ME!や、業界最高水準のモーションキャプチャシステムViconにご興味はございますか？,,2026-04-19 01:26:50.195035+08:00
01KPGT3N1YZXFRVXGZWPG2HD9Y,,718c0b534d4ed619c873fda5b368d8c8,AGENT,株式会社クレッセントのアシスタント、月餅です。ライブ配信などで活用できるVolu☆ME!と、業界最高水準のモーションキャプチャシステムViconについてご紹介できます。,,2026-04-19 01:27:12.020983+08:00
01KPH88ACF93R6RHV4AXNKPT5S,,c943b17017e051854b87d1703be54a8d,AGENT,初めまして！株式会社クレッセントのアシスタント、ゲッペイと申します。ライブ配信などで活用できるVolu☆ME!、業界最高水準のモーションキャプチャシステムViconなど、弊社についてのご質問がありましたらお気軽にお尋ねください。,,2026-04-19 05:34:27.590525+08:00
01KPHACCK7ZDWHGKJR88TYZQZD,,a5f0056477630f03aae9da8154388353,AGENT,こんにちは、ゲッペイと申します。クレッセントのアシスタントです。ライブ配信などで活用できるVolu☆ME!や、業界最高水準のモーションキャプチャシステムViconについてご紹介できます。,,2026-04-19 06:11:37.443718+08:00
01KPHJYPTQN1E8NBBMANQ7HAVC,,bc79057b49862d88da98be77a7b867a5,AGENT,こんにちは、月餅と申します。株式会社クレッセントのアシスタントです。ライブ配信などで活用できるVolu☆ME!、業界最高水準のモーションキャプチャシステムVicon、どちらにご興味がありますか？,,2026-04-19 08:41:25.650837+08:00
01KPHN85EG49PB3BT5A93D478R,,3f1f55ab90b635fb4aa64ffb9a04ff6c,AGENT,株式会社クレッセントのアシスタント、ゲッペイと申します。ライブ配信などで活用できるVolu☆ME!と、業界最高水準のモーションキャプチャシステムViconについてご紹介できます。,,2026-04-19 09:21:34.908308+08:00
01KPHN9YCYE7C5YY8V5JXSB394,,54041f3f900cd1c0971a62a00ffb04bd,AGENT,皆様、こんにちは！ 株式会社クレッセントのアシスタント、ゲッペイと申します。ライブ配信などで活用できるVolu☆ME!や、業界最高水準のモーションキャプチャシステムViconについてお話しできます。,,2026-04-19 09:22:31.849310+08:00
01KPHNN3KGD9JE2ZCV2G29HGFC,,4f08eae63ba88f5366606352c9b58b24,AGENT,はじめまして。株式会社クレッセントのアシスタント、ゲッペイと申します。ライブ配信などで活用できるVolu☆ME!と業界最高水準のモーションキャプチャシステムViconについてご紹介できます。,,2026-04-19 09:28:35.875425+08:00
01KPHPAKA6DP1Z2VRY00M0JX3T,,d2d08afbaaa6bf38d43cebccdc971e10,AGENT,月餅（ゲッペイ）と申します。株式会社クレッセントのアシスタントです。ライブ配信などで活用できるVolu☆ME!、業界最高水準のモーションキャプチャシステムViconなどがございます。,,2026-04-19 09:40:26.551145+08:00
01KPHPR4EBWD3R2BW8B81FDF78,,1d5209bf5343207473814620d70bd5ab,AGENT,株式会社クレッセントのアシスタント、ゲッペイと申します。ライブ配信などで活用できるVolu☆ME!と、業界最高水準のモーションキャプチャシステムViconにご興味はありませんか？,,2026-04-19 09:47:48.049241+08:00
01KPHQH339YB945SZ43KB38KHT,,195dfdc0792acd59aff02a976a209e02,AGENT,クレッセントのアシスタント、月餅と申します。ライブ配信などで活用できるVolu☆ME!と、業界最高水準のモーションキャプチャシステムViconにご興味はございますか？,,2026-04-19 10:01:30.098457+08:00
01KPHR9HBBT397V1TERE4J4X63,,195dfdc0792acd59aff02a976a209e02,AGENT,月餅と申します。株式会社クレッセントのアシスタントです。ライブ配信などで活用できるVolu☆ME!と、2026年最新スタジオについてご紹介できます。,,2026-04-19 10:14:44.837299+08:00
01KPHXE0WC7X9S81P7XSXGFBJS,,868243a12bb720054a0c8d6ab512aa2e,AGENT,株式会社クレッセントのアシスタント、ゲッペイと申します。ライブ配信などで活用できるVolu☆ME!や、業界最高水準のモーションキャプチャシステムViconについてご紹介できます。,,2026-04-19 11:44:35.610126+08:00
01KPHZ2S5RXQ3124JFN4R4RDGB,,352dcbb9c9b8a235f88d5397f74e112f,AGENT,クレッセントのアシスタント、月餅と申します。ライブ配信などで活用できるVolu☆ME!、または業界最高水準のモーションキャプチャシステムViconにご興味はございますか？,,2026-04-19 12:13:21.109969+08:00
01KPHZ49MT7H5FZWCSGNSZW9VE,,352dcbb9c9b8a235f88d5397f74e112f,AGENT,株式会社クレッセントのアシスタント、ゲッペイと申します。ライブ配信などで活用できるVolu☆ME!や、業界最高水準のモーションキャプチャシステムViconについてご紹介できます。,,2026-04-19 12:14:10.363444+08:00
01KPJ16498XQJHTP9GJ3ZX3A1Y,,fe463085cc0e09a0a18065bd8052ad68,AGENT,こんにちは、私は株式会社クレッセントのアシスタント、ゲッペイと申します。ライブ配信などで活用できるVolu☆ME!と、業界最高水準のモーションキャプチャシステムViconについてご紹介できます。,,2026-04-19 12:50:21.322936+08:00
01KPJ1ZPQBF0GVWK7RYVCZFFQV,,243c0a8a409ba9789777465f412d5011,AGENT,初めまして。私は株式会社クレッセントのアシスタント、ゲッペイと申します。ライブ配信などで活用できるVolu☆ME!、2026年最新スタジオにご興味はございますか？,,2026-04-19 13:04:07.509618+08:00
01KPJ39X056D144VSN0GNB3TEK,,dc8aa39f7eff6b31e4f391009d1160b5,AGENT,初めまして、私が株式会社クレッセントのアシスタント、月餅です。ライブ配信などで活用できるVolu☆ME!や、業界最高水準のモーションキャプチャシステムViconについてご紹介できます。,,2026-04-19 13:27:14.877614+08:00
01KPJ466J2B261H3M60P2TS7HK,,617607bf8ec437d931c7beb368ec5b20,AGENT,こんにちは。株式会社クレッセントのアシスタント、ゲッペイと申します。ライブ配信などで活用できるVolu☆ME!、2026年最新スタジオにご興味はありますか？,,2026-04-19 13:42:37.516044+08:00
01KPJ96K0FKHJPT2K45JGTRTXK,,0d4abddc70a7382c6321e666c70decec,AGENT,はじめまして。株式会社クレッセントのアシスタント、ゲッペイと申します。ライブ配信などで活用できるVolu☆ME!や、業界最高水準のモーションキャプチャシステムViconについてご紹介できます。,,2026-04-19 15:10:11.562937+08:00
01KPJ9GD3Z9MC3KN4TTMSAZS6D,,bd24410fa2746b6decd75479fb855779,AGENT,こんにちは、ゲッペイと申します。株式会社クレッセントのアシスタントをしております。,,2026-04-19 15:15:34.904492+08:00
01KPJ9NPE2Y4KK5MHJ5287EYHX,,4f38d3737333c41a03829289e8033ca2,AGENT,クレッセントアシスタントのゲッペイです。本日はどのようなご用件でしょうか？ 私からは、ライブ配信などで活用できるVolu☆ME!と、2026年最新スタジオについてご紹介できます。,,2026-04-19 15:18:31.085052+08:00
01KPJA8PN5EZ1PQ7W4RS0EK5AK,,4d963d4d1692533e9939ee99de029db5,AGENT,"ゲッペイと申します。株式会社クレッセントのアシスタントをしております。
ライブ配信などで活用できるVolu☆ME!と、2026年最新スタジオについてご興味はございますか？",,2026-04-19 15:28:53.893075+08:00
01KPJACJNN2PSCNVAYGYMJNN9X,,ed4329c951adb13257e42920b20f97aa,AGENT,はじめまして、私は株式会社クレッセントのアシスタント、ゲッペイと申します。ライブ配信などで活用できるVolu☆ME!や、業界最高水準のモーションキャプチャシステムViconについてご紹介できます。,,2026-04-19 15:30:56.591331+08:00
01KPJCG1XTFKKRZK3EJWC8PD0Y,,1324d7b44f9b851f8443ab697f77d38a,AGENT,こんにちは！ 私、クレッセントのアシスタント、ゲッペイと申します。ライブ配信などで活用できるVolu☆ME!と、業界最高水準のモーションキャプチャシステムViconについてご紹介できます。,,2026-04-19 16:07:49.989677+08:00
01KPJCGAXXB235VA7FC984RTJ5,,1324d7b44f9b851f8443ab697f77d38a,AGENT,ゲッペイと申します。株式会社クレッセントのアシスタントです。2026年最新スタジオや、業界最高水準のモーションキャプチャシステムViconについてお話しできます。,,2026-04-19 16:08:59.654096+08:00
01KPJCHKN20B5RSQPTFM643QG1,,1324d7b44f9b851f8443ab697f77d38a,AGENT,お客様、こんにちは！私は株式会社クレッセントのアシスタント、月餅（ゲッペイ）と申します。ライブ配信などで活用できるVolu☆ME!や、業界最高水準のモーションキャプチャシステムViconなど、クレッセントの最新技術にご興味はございますか？,,2026-04-19 16:08:39.238591+08:00
01KPJCZ175QKD62XXQGHCSV6XC,,14248e0c8b1f64fa674409bd82beb447,AGENT,こんにちは。株式会社クレッセントのアシスタント、ゲッペイと申します。ライブ配信などで活用できるVolu☆ME!や、業界最高水準のモーションキャプチャシステムViconについてご紹介できますが、ご興味はありますか？,,2026-04-19 16:16:06.925676+08:00
01KPJEFBHGBABTCXY9WT27PAH9,,b29434c42ae07829581b1eb404320911,AGENT,いらっしゃいませ。株式会社クレッセントのアシスタント、月餅（ゲッペイ）と申します。ライブ配信などで活用できるVolu☆ME!や、業界最高水準のモーションキャプチャシステムViconなど、クレッセントの最新技術にご興味はございますか？,,2026-04-19 16:42:24.145474+08:00
01KPJFN0J62MM03902038F0TSM,,617607bf8ec437d931c7beb368ec5b20,AGENT,月餅と申します。株式会社クレッセントのアシスタントをしております。ライブ配信などで活用できるVolu☆ME!、業界最高水準のモーションキャプチャシステムViconについてご紹介できます。,,2026-04-19 17:03:00.598042+08:00
01KPJG2YE91FQWPE2XH3P4F4ZW,,c1ae9d582909e002586a9807c7c9c12c,AGENT,株式会社クレッセントのアシスタント、月餅と申します。ライブ配信などで活用できるVolu☆ME!、業界最高水準のモーションキャプチャシステムViconなど、弊社には最先端の技術がございます。,,2026-04-19 17:10:32.465094+08:00
01KPJGDTFQPV5VTFK1ZRCWFG7P,,06697280d7a903835e7689c9f095d92a,AGENT,株式会社クレッセントのアシスタント、ゲッペイと申します。ライブ配信などで活用できるVolu☆ME!と、業界最高水準のモーションキャプチャシステムViconについてご紹介できます。,,2026-04-19 17:16:30.777463+08:00
01KPJGX3TJ0JZTPDHECQ8PS2AY,,1f5acb380ab27892352f9593fb525c92,AGENT,こんにちは！ 私は株式会社クレッセントのアシスタント、ゲッペイと申します。ライブ配信などで活用できるVolu☆ME!、そして業界最高水準のモーションキャプチャシステムViconにご興味はございますか？,,2026-04-19 17:24:50.135745+08:00
01KPJH0DZPB9B9B7JQ9ZG67DBB,,1f5acb380ab27892352f9593fb525c92,AGENT,こんにちは。私、株式会社クレッセントのアシスタント、ゲッペイと申します。ライブ配信などで活用できるVolu☆ME!や、業界最高水準のモーションキャプチャシステムViconについてご紹介できます。,,2026-04-19 17:26:38.563989+08:00
01KPJJ6T2B5BQ3V93EZNTAY51Y,,7560026115faad8b07854e335e9237d5,AGENT,こんにちは。私は株式会社クレッセントのアシスタント、ゲッペイと申します。ライブ配信などで活用できるVolu☆ME!と、業界最高水準のモーションキャプチャシステムViconについてご紹介できます。,,2026-04-19 17:47:36.079655+08:00
01KPJJAFEWMPSB03VEF030W3WS,,bc66ecefa376d732b1940afdf037f98e,AGENT,初めまして。私、株式会社クレッセントのアシスタント、ゲッペイと申します。ライブ配信などで活用できるVolu☆ME!や、業界最高水準のモーションキャプチャシステムViconについてお話しできます。,,2026-04-19 17:49:36.308240+08:00
01KPJJD79Q7EPVK524T70H501G,,75298c9404db9eac04e8fe23a56bd27f,AGENT,こんにちは、私は株式会社クレッセントのアシスタント、ゲッペイと申します。ライブ配信などで活用できるVolu☆ME!や、業界最高水準のモーションキャプチャシステムViconについてご興味はございますか？,,2026-04-19 17:51:05.970863+08:00
01KPJKAZXQJF8N54J4QTSWS0X9,,12715de56cccc6c27e7951c5b8bb89d0,AGENT,皆様、こんにちは。私は株式会社クレッセントのアシスタント、ゲッペイと申します。ライブ配信などで活用できるVolu☆ME!や、業界最高水準のモーションキャプチャシステムViconについてご紹介できます。,,2026-04-19 18:07:51.971705+08:00
01KPJKXVSJSTVSQMS7A7BTHGWX,,1324d7b44f9b851f8443ab697f77d38a,AGENT,こんにちは！株式会社クレッセントのアシスタント、月餅（ゲッペイ）と申します。ライブ配信などで活用できるVolu☆ME!や、業界最高水準のモーションキャプチャシステムViconについてご紹介できます。,,2026-04-19 18:17:42.173951+08:00
01KPJM19G7H6BSH1CBFT2834JM,,1a53670fd1121cf5b5b9f28b2e16ea78,AGENT,こんにちは、私は株式会社クレッセントのアシスタント、ゲッペイと申します。ライブ配信などで活用できるVolu☆ME!と、業界最高水準のモーションキャプチャシステムViconについてご案内できます。,,2026-04-19 18:19:36.757283+08:00
01KPJM38J2RNXGBY34VV99ESDX,,1324d7b44f9b851f8443ab697f77d38a,AGENT,はじめまして。株式会社クレッセントのアシスタント、ゲッペイと申します。ライブ配信などで活用できるVolu☆ME!と業界最高水準のモーションキャプチャシステムViconについてご紹介できますが、どちらにご興味がありますか？,,2026-04-19 18:20:37.783805+08:00
01KPJMDGZDEG76Z0W5FHY0WK4V,,ac3b7e51516fd4a254112bfb952fd8cf,AGENT,こんにちは。株式会社クレッセントのアシスタント、ゲッペイと申します。ライブ配信などで活用できるVolu☆ME!、業界最高水準のモーションキャプチャシステムVicon、どちらにご興味がございますか？,,2026-04-19 18:26:27.385333+08:00
01KPJMXJKQWH0ADPV81QJ7ECWZ,,1324d7b44f9b851f8443ab697f77d38a,AGENT,"はじめまして。私、株式会社クレッセントのアシスタント、ゲッペイと申します。

本日は、ライブ配信などで活用できるVolu☆ME!、そして業界最高水準のモーションキャプチャシステムViconについてお話しできます。",,2026-04-19 18:34:58.286108+08:00
01KPJP4BCWXW05DADC1ME8WGN8,,4d963d4d1692533e9939ee99de029db5,AGENT,株式会社クレッセントのアシスタント、ゲッペイと申します。ライブ配信などで活用できるVolu☆ME!と、業界最高水準のモーションキャプチャシステムViconについてご紹介できます。,,2026-04-19 18:56:11.600195+08:00
01KPJPXFVTW54K7MB9FZK0R80D,,4d963d4d1692533e9939ee99de029db5,AGENT,こんにちは！ 株式会社クレッセントのアシスタント、月餅です。ライブ配信などで活用できるVolu☆ME!、2026年最新スタジオについてご興味はありますか？,,2026-04-19 19:09:54.901498+08:00
01KPJPXT00G8RM6K82YFDTW7ZC,,4d963d4d1692533e9939ee99de029db5,AGENT,こんにちは！私、株式会社クレッセントのアシスタント、ゲッペイと申します。ライブ配信などで活用できるVolu☆ME!や、業界最高水準のモーションキャプチャシステムViconについてご紹介できます。,,2026-04-19 19:10:04.629151+08:00
01KPJQ85RE4MB4AG5X54Y2278A,,c8758b51df70b2b432fdf3105d5c9dbe,AGENT,こんにちは、私は株式会社クレッセントのアシスタント、ゲッペイと申します。ライブ配信などで活用できるVolu☆ME!や、業界最高水準のモーションキャプチャシステムViconについてご紹介できます。,,2026-04-19 19:15:46.038670+08:00
01KPJQMM494W1V7TW7V727YS6K,,c8758b51df70b2b432fdf3105d5c9dbe,AGENT,こんにちは。株式会社クレッセントのアシスタント、ゲッペイと申します。ライブ配信などで活用できるVolu☆ME!、2026年最新スタジオについてご案内できます。,,2026-04-19 19:22:33.415330+08:00
01KPJSN8HPBSSN4ZJRJS27SPGX,,b4ffc21a3a0ff4fbd4eb775c8923ac6a,AGENT,"こんにちは！ 私は株式会社クレッセントのアシスタント、ゲッペイと申します。

ライブ配信などで活用できるVolu☆ME!、または業界最高水準のモーションキャプチャシステムViconにご興味はございますか？",,2026-04-19 19:57:50.376654+08:00
01KPJTSV6814BZ021N5K4N6DX1,,70140ef02adcdab21e534aacbb664e91,AGENT,"いらっしゃいませ。株式会社クレッセントのアシスタント、月餅と申します。

ライブ配信などで活用できるVolu☆ME!、業界最高水準のモーションキャプチャシステムViconもございます。",,2026-04-19 20:17:49.315877+08:00
01KPJY9F9SKS4D7Z8V47SXTCAY,,f41f7345793b18147d21d23970b93a8a,AGENT,はじめまして。株式会社クレッセントのアシスタント、ゲッペイと申します。ライブ配信などで活用できるVolu☆ME!と、業界最高水準のモーションキャプチャシステムViconにご興味はございますか？,,2026-04-19 21:18:47.476988+08:00
01KPK0444T53WEHG3FEPPWAYG0,,be6b2d1213f07b1f5223d8938a2a3660,AGENT,"月餅ちゃんと申します。

株式会社クレッセントのアシスタントです。2026年最新スタジオと、ライブ配信などで活用できるVolu☆ME!についてご案内できます。",,2026-04-19 21:50:49.506705+08:00
01KPK11GBRAVWM28V7P98NQ0SD,,d961436834bff374d6f90f9edd1367f8,AGENT,こんにちは！ 株式会社クレッセントのアシスタント、ゲッペイと申します。ライブ配信などで活用できるVolu☆ME!や、業界最高水準のモーションキャプチャシステムViconについてご紹介できます。,,2026-04-19 22:06:51.992799+08:00
01KPK45BDCZKZE0TJ12ARS25QS,,2f322e3bd16ce91eaac2c70dbd94276f,AGENT,皆様、こんにちは！ 株式会社クレッセントのアシスタント、ゲッペイと申します。ライブ配信などで活用できるVolu☆ME!や、業界最高水準のモーションキャプチャシステムViconについてお話しできます。,,2026-04-19 23:01:22.730165+08:00
01KPK45BDCZKZE0TJ12ARS25QS,,2f322e3bd16ce91eaac2c70dbd94276f,USER,Lightcage で撮影したモデルにフェイシャルアニメーションをさせるにはどうしたら良いですか？,,2026-04-19 23:02:46.724060+08:00
01KPK45BDCZKZE0TJ12ARS25QS,,2f322e3bd16ce91eaac2c70dbd94276f,AGENT,"フェイシャルアニメーションにはFacewareなどのツールをViconと組み合わせて使用するのがおすすめです。

Facewareにご興味がありますか？それとも、Lightcageで撮影したモデルの別の側面について知りたいですか？",,2026-04-19 23:02:46.741171+08:00
01KPK4WZB2M9Q75K24XC6YPGKJ,,90478a846d3a079bae3a4e99797f49f6,AGENT,こんにちは、私は株式会社クレッセントのアシスタント、ゲッペイと申します。ライブ配信などで活用できるVolu☆ME!と、業界最高水準のモーションキャプチャシステムViconにご興味はございますか？,,2026-04-19 23:14:18.752863+08:00
01KPK54YFWH98MNW16SS1QPF8P,,485a7d04012c54fa1f7f20dd41971f60,AGENT,こんにちは！株式会社クレッセントのアシスタント、月餅（ゲッペイ）と申します。ライブ配信などで活用できるVolu☆ME!や、業界最高水準のモーションキャプチャシステムViconについてご紹介できます。,,2026-04-19 23:18:39.843275+08:00
01KPK5MP571Y3DX20R4WBVKJNQ,,0e0698451d6a492c3cce281c221558c0,AGENT,こんにちは！私、株式会社クレッセントのアシスタント、ゲッペイと申します。ライブ配信などで活用できるVolu☆ME!や、業界最高水準のモーションキャプチャシステムViconについてご紹介できます。,,2026-04-19 23:27:14.112574+08:00
01KPK6KYNK5TSBWR41SRNSJ1YD,,1371f0bb100527201cfd216659f873ff,AGENT,こんにちは、私は株式会社クレッセントのアシスタント、ゲッペイと申します。ライブ配信などで活用できるVolu☆ME!と業界最高水準のモーションキャプチャシステムViconについてご紹介できます。,,2026-04-19 23:44:19.191112+08:00
01KPK8GFSTN6CSX9E0HV00H36R,,579cfc72bf7fc8cef3f08dcd991cf594,AGENT,月餅です。クレッセントのアシスタントをしております。何かご質問がありましたら、お気軽にお尋ねください。ライブ配信などで活用できるVolu☆ME!と業界最高水準のモーションキャプチャシステムViconについてご案内できます。,,2026-04-20 00:17:23.891646+08:00
01KPKAJ0HNFJN2JWCEEC4AT599,,88dee3e5bddae2c7a43a782594e486b3,AGENT,初めまして、私が株式会社クレッセントのアシスタント、月餅（ゲッペイ）です。ライブ配信などで活用できるVolu☆ME!や、業界最高水準のモーションキャプチャシステムViconについてご紹介できます。,,2026-04-20 00:53:11.037962+08:00
01KPKBBCJY3VY6GCNH51D1E4XZ,,36b5d06eccd6271a9dedd3090efc629f,AGENT,"はじめまして。私、株式会社クレッセントのアシスタント、ゲッペイと申します。

最新のモーションキャプチャ技術に精通した[ライブ配信などで活用できるVolu☆ME!](https://www.crescentinc.co.jp/volu_me)や、[業界最高水準のモーションキャプチャシステムVicon](https://www.crescentinc.co.jp/vicon)についてご興味はございますか？",,2026-04-20 01:07:00.481907+08:00
01KPKSSDEPMRC2CFMHTET0KKG2,,da31f78eea405055f28ddf6ee045cfaa,AGENT,ようこそ、いらっしゃいませ。私は株式会社クレッセントのアシスタント、ゲッペイと申します。ライブ配信などで活用できるVolu☆ME!、業界最高水準のモーションキャプチャシステムViconなどがございますが、ご興味はございますか？,,2026-04-20 05:19:20.261374+08:00
01KPKSSXQ76W9CGZC8SRFQWTJ3,,592732a3faf3bd5a7709c8453c1aa6bf,AGENT,初めまして、私は株式会社クレッセントのアシスタント、ゲッペイと申します。ライブ配信などで活用できるVolu☆ME!や、業界最高水準のモーションキャプチャシステムViconなどにご興味はございますか？,,2026-04-20 05:19:36.914453+08:00
01KPKWGS4GMKQ4QNC2F1SPRE7T,,6dd6695cc5c513ae2a5325c8cc9fc1c5,AGENT,皆さま、こんにちは！ 私、株式会社クレッセントのアシスタント、ゲッペイと申します。ライブ配信などで活用できるVolu☆ME!と業界最高水準のモーションキャプチャシステムViconについてご紹介できます。,,2026-04-20 06:07:04.570703+08:00
01KPKWQCY56ZS3MD25524FTWNK,,6dd6695cc5c513ae2a5325c8cc9fc1c5,AGENT,初めまして。株式会社クレッセントのアシスタント、ゲッペイと申します。ライブ配信などで活用できるVolu☆ME!、業界最高水準のモーションキャプチャシステムViconなど、弊社では様々なソリューションをご提供しております。,,2026-04-20 06:10:40.443044+08:00
01KPKWT2J76Y8V52GVGXQ0KHSF,,cbac271f991b6c476da232fad3533110,AGENT,皆様、こんにちは。株式会社クレッセントのアシスタント、ゲッペイと申します。ライブ配信などで活用できるVolu☆ME!、業界最高水準のモーションキャプチャシステムViconなど、弊社最新の技術についてご案内できます。,,2026-04-20 06:12:10.929080+08:00
01KPKZ5N1FRW27DA1DH8S9C7PH,,0eaa6ed339b6d0cd4d94a94e9426c45b,AGENT,お客様、ようこそ。私、株式会社クレッセントのアシスタント、ゲッペイと申します。ライブ配信などで活用できるVolu☆ME!や、業界最高水準のモーションキャプチャシステムViconについてご紹介できます。,,2026-04-20 06:53:24.204730+08:00
01KPM00DYP24TCRRR7KDQF1MK1,,8bf8176c1da6094208e6346a7e0e738f,AGENT,こんにちは、私は株式会社クレッセントのアシスタント、ゲッペイと申します。ライブ配信などで活用できるVolu☆ME!や、業界最高水準のモーションキャプチャシステムViconについてご興味はございますか？,,2026-04-20 07:08:00.649646+08:00
01KPM0BYZM503BP40GWVPJNK36,,c05c80be287895b0e6a31901ac643a71,AGENT,いつもお世話になっております。株式会社クレッセントのゲッペイと申します。ライブ配信などで活用できるVolu☆ME!や、業界最高水準のモーションキャプチャシステムViconなどにご興味はございますか？,,2026-04-20 07:14:24.126785+08:00
01KPM0JBBX7NHVZ9EPJCMT06N6,,c05c80be287895b0e6a31901ac643a71,AGENT,はじめまして。株式会社クレッセントのアシスタント、ゲッペイと申します。ライブ配信などで活用できるVolu☆ME!と、業界最高水準のモーションキャプチャシステムViconにご興味はございますか？,,2026-04-20 07:17:50.253024+08:00
01KPM0SXFKF0ESJN5WF0XQ40MJ,,f1089015af215f13829fbc68129c69ff,AGENT,はじめまして。株式会社クレッセントのアシスタント、ゲッペイと申します。ライブ配信などで活用できるVolu☆ME!と、業界最高水準のモーションキャプチャシステムViconについてご紹介できます。,,2026-04-20 07:21:57.116169+08:00
01KPM18C9S585C2M71YND9RJXX,,00add135a9ee085bf49ad71d9739a69c,AGENT,"こんにちは、私は株式会社クレッセントのアシスタント、ゲッペイと申します。

ライブ配信などで活用できるVolu☆ME!、業界最高水準のモーションキャプチャシステムViconについてご興味はございますか？",,2026-04-20 07:29:53.371607+08:00
01KPM3B4JQN4M1Y3EMPVS95JV2,,673de0ef2efbc36897fecd0c648dbf3f,AGENT,皆様、こんにちは。株式会社クレッセントのアシスタント、ゲッペイと申します。ライブ配信などで活用できるVolu☆ME!や、業界最高水準のモーションキャプチャシステムViconについてご紹介できます。,,2026-04-20 08:06:30.341959+08:00
01KPM3E73GSPE4TNPC8SGDK7AE,,016acf478fb508b9b787df1fc6db6da0,AGENT,はじめまして。株式会社クレッセントのアシスタント、ゲッペイと申します。ライブ配信などで活用できるVolu☆ME!や、業界最高水準のモーションキャプチャシステムViconについてご紹介できます。,,2026-04-20 08:08:00.532895+08:00
01KPM3F9XF3A14D04EQAG7VAEF,,c1d3dbd15517ac6f19f4e75676debb48,AGENT,株式会社クレッセントのアシスタント、月餅と申します。ライブ配信などで活用できるVolu☆ME!や、業界最高水準のモーションキャプチャシステムViconについてご紹介できます。,,2026-04-20 08:08:37.529538+08:00
01KPM3HA61K40A5PXHCD9EXA7Y,,c38bacdba8084a14f23953aa92e20a0a,AGENT,初めまして。私、株式会社クレッセントのアシスタント、ゲッペイと申します。ライブ配信などで活用できるVolu☆ME!と、業界最高水準のモーションキャプチャシステムViconについてご紹介できます。,,2026-04-20 08:09:43.803125+08:00
01KPM3J1SBRW9X0HAB1C2T38NS,,8ed66a7befd41198d5de4b3a117f9b89,AGENT,こんにちは！株式会社クレッセントのアシスタント、ゲッペイと申します。ライブ配信などで活用できるVolu☆ME!や、業界最高水準のモーションキャプチャシステムViconなど、様々な技術情報をご案内できます。,,2026-04-20 08:10:06.850553+08:00
01KPM3VZ39W022PVRH73PWJ7FQ,,bc77dd26151ea1b06a991c469405ab8c,AGENT,はじめまして。株式会社クレッセントのアシスタント、ゲッペイと申します。ライブ配信などで活用できるVolu☆ME!や、業界最高水準のモーションキャプチャシステムViconについてご興味はありませんか？,,2026-04-20 08:15:30.597795+08:00
01KPM3Y89YXBNE8BH3K4NQ1JRQ,,9f048057bdb6341147458b9f00a42a7b,AGENT,"月餅と申します。株式会社クレッセントのアシスタントをしております。

ライブ配信などで活用できるVolu☆ME!や、業界最高水準のモーションキャプチャシステムViconにご興味はありませんか？",,2026-04-20 08:16:53.383467+08:00
01KPM3ZD4TP7QTSWMJV88P90TT,,9f048057bdb6341147458b9f00a42a7b,AGENT,クレッセントのアシスタント、ゲッペイと申します。ライブ配信などで活用できるVolu☆ME!、業界最高水準のモーションキャプチャシステムViconなどがございますが、どちらにご興味がございますか？,,2026-04-20 08:17:24.574749+08:00
01KPM40ZS3NRWJ2G502AKKJEVS,,86ae80d6848bc384b359c071619f5b31,AGENT,株式会社クレッセントのアシスタント、ゲッペイと申します。ライブ配信などで活用できるVolu☆ME!や、業界最高水準のモーションキャプチャシステムViconについてご紹介できます。,,2026-04-20 08:22:01.870730+08:00
01KPM41M897G7XV0SYZZ2PQCRR,,9f048057bdb6341147458b9f00a42a7b,AGENT,こんにちは、私は株式会社クレッセントのアシスタント、ゲッペイと申します。ライブ配信などで活用できるVolu☆ME!や、業界最高水準のモーションキャプチャシステムViconについてご紹介できます。,,2026-04-20 08:18:37.174124+08:00
01KPM458G0DGPVCHN0FTY58RD6,,ea9fafe4473878156ed7c230e5e417f0,AGENT,こんにちは！私は株式会社クレッセントのアシスタント、ゲッペイと申します。ライブ配信などで活用できるVolu☆ME!や、業界最高水準のモーションキャプチャシステムViconについてご紹介できます。,,2026-04-20 08:20:39.496018+08:00
01KPM4VGC7D8Q8H6Z9FH8XRB4Y,,3c6f00b3625ca0ce1afa50a17ff5bb44,AGENT,ゲッペイと申します。株式会社クレッセントのアシスタントです。ライブ配信などで活用できるVolu☆ME!、2026年最新スタジオなどにご興味はありませんか？,,2026-04-20 08:32:45.481707+08:00
01KPM4X3A8X9MS9CFV0ZN27QHC,,856492319e996d32f979267bef0ba7f3,AGENT,初めまして。私、株式会社クレッセントのアシスタント、ゲッペイと申します。ライブ配信などで活用できるVolu☆ME!と、業界最高水準のモーションキャプチャシステムViconにご興味はございますか？,,2026-04-20 08:33:35.717035+08:00
01KPM5EZBJRQZ0TEEQCRAFKQF0,,0946fba0849bbe5e738b42b9da960ca9,AGENT,初めまして。私、株式会社クレッセントのアシスタント、ゲッペイと申します。ライブ配信などで活用できるVolu☆ME!や、業界最高水準のモーションキャプチャシステムViconについてご紹介できます。,,2026-04-20 08:43:22.847596+08:00
01KPM6FP61HEY4SC5AY3P55ZB1,,564d186fa9fb93269da36d862bccb27e,AGENT,月餅です。クレッセントのアシスタントをしております。ライブ配信などで活用できるVolu☆ME!や、業界最高水準のモーションキャプチャシステムViconにご興味はありますか？,,2026-04-20 09:01:13.529465+08:00
01KPM6SW3N6EP6G4JHCJP5SSYB,,e0a7212f88e1319d45d334dc00b8a341,AGENT,"月餅です。クレッセントのアシスタントをしております。

ライブ配信などで活用できるVolu☆ME!、業界最高水準のモーションキャプチャシステムViconなどがございますが、どちらにご興味がありますか？",,2026-04-20 09:06:54.155229+08:00
01KPM7JFDRN91XVS6H1AG53AYK,,d8c647227c76a70f43c0fa463c12d90d,AGENT,こんにちは！株式会社クレッセントのアシスタント、ゲッペイと申します。ライブ配信などで活用できるVolu☆ME!や、業界最高水準のモーションキャプチャシステムViconについてご紹介できます。,,2026-04-20 09:20:18.652969+08:00
01KPM7XTAQJ8MDYEXFN8HWBTRN,,d8c647227c76a70f43c0fa463c12d90d,AGENT,こんにちは！ 株式会社クレッセントのアシスタント、ゲッペイと申します。ライブ配信などで活用できるVolu☆ME!や、業界最高水準のモーションキャプチャシステムViconについてご紹介できます。,,2026-04-20 09:26:27.826060+08:00
01KPM83W4RG75CYR39Z428106T,,44d8efc81f39fcea3ebef26bd38857fd,AGENT,クレッセントのアシスタント、ゲッペイと申します。ライブ配信などで活用できるVolu☆ME!や、業界最高水準のモーションキャプチャシステムViconについてご興味はありませんか？,,2026-04-20 09:29:43.562897+08:00
01KPM87SH5Q2PZHWMT25CYBEXB,,4f1d86eb16b45a80910af68a37ba3fe9,AGENT,こんにちは。株式会社クレッセントのアシスタント、月餅です。ライブ配信などで活用できるVolu☆ME!や、業界最高水準のモーションキャプチャシステムViconについてご紹介できます。,,2026-04-20 09:31:53.156726+08:00
01KPM8K1DW9D143FK8KHZZFRCV,,d8c647227c76a70f43c0fa463c12d90d,AGENT,"はじめまして！ 私、株式会社クレッセントのアシスタント、ゲッペイと申します。

ライブ配信などで活用できるVolu☆ME!と、業界最高水準のモーションキャプチャシステムViconにご興味はございますか？",,2026-04-20 09:44:54.654352+08:00
01KPM96T12V56BY0SAK8HG6QSX,,839b8ef11bb4623ab96868cec273d08f,AGENT,初めまして。私、株式会社クレッセントのアシスタント、ゲッペイと申します。ライブ配信などで活用できるVolu☆ME!、業界最高水準のモーションキャプチャシステムViconにご興味はございますか？,,2026-04-20 09:48:48.792776+08:00
01KPM9ATZE58V4CKH9DB8SQR74,,aa9295c7d24a75f51a173fd7e0d5f8ff,AGENT,"皆様、こんにちは！ 私は株式会社クレッセントのアシスタント、ゲッペイと申します。

ライブ配信などで活用できるVolu☆ME!と、業界最高水準のモーションキャプチャシステムViconにご興味はございますか？",,2026-04-20 09:51:21.001984+08:00
01KPM9MG5WSYWNGM87GKWJ22RA,,d7a508ff6ba2e32949524b640809d32e,AGENT,月餅と申します。株式会社クレッセントのアシスタントをしております。ライブ配信などで活用できるVolu☆ME!や、業界最高水準のモーションキャプチャシステムViconについてご紹介できます。,,2026-04-20 09:56:18.384451+08:00
01KPM9QQ5NRRY74FFX0NDWFW1S,,8ed66a7befd41198d5de4b3a117f9b89,AGENT,こんにちは。株式会社クレッセントのアシスタント、ゲッペイと申します。ライブ配信などで活用できるVolu☆ME!や、業界最高水準のモーションキャプチャシステムViconなどにご興味はございますか？,,2026-04-20 09:58:05.377128+08:00
01KPM9QQESDBYD87STTCQE0F3T,,9a792b3d62b8f4371f2cc95df54ab4b5,AGENT,こんにちは、私は株式会社クレッセントのアシスタント、ゲッペイと申します。ライブ配信などで活用できるVolu☆ME!や、業界最高水準のモーションキャプチャシステムViconについてご紹介できます。,,2026-04-20 09:58:02.772998+08:00
01KPM9R5AFED8MWPXAF3NJW8HP,,3e7f997e97588bb0ad9dd1d0393dbad5,AGENT,初めまして。私、株式会社クレッセントのアシスタント、ゲッペイと申します。ライブ配信などで活用できるVolu☆ME!や、業界最高水準のモーションキャプチャシステムViconについてご紹介できます。,,2026-04-20 09:58:18.961182+08:00
01KPM9RFKAR72SG2V2JFFXFNK9,,8ed66a7befd41198d5de4b3a117f9b89,AGENT,株式会社クレッセントのアシスタント、ゲッペイと申します。ライブ配信などで活用できるVolu☆ME!と、業界最高水準のモーションキャプチャシステムViconにご興味はありませんか？,,2026-04-20 09:58:27.814071+08:00
01KPM9W334F950KHDNG9H1075V,,2dfb9b4dcefec6e1fb498c8b822c3eef,AGENT,初めまして！ 私、株式会社クレッセントのアシスタント、ゲッペイと申します。ライブ配信などで活用できるVolu☆ME!と、業界最高水準のモーションキャプチャシステムViconについてご紹介できます。,,2026-04-20 10:00:29.047981+08:00
01KPM9Y4XDCXW42C183B9KMCEK,,0fd46c607d057b3153547c0a4c7ace61,AGENT,皆様、こんにちは！ 私は株式会社クレッセントのアシスタント、ゲッペイと申します。ライブ配信などで活用できるVolu☆ME!、業界最高水準のモーションキャプチャシステムViconなど、様々なソリューションをご用意しております。,,2026-04-20 10:01:36.660831+08:00
01KPM9Y7GC1CDZP1NP04JY3HJ1,,398b408b346b16d6e81e26f9c51d9768,AGENT,ようこそ、私は株式会社クレッセントのアシスタント、ゲッペイと申します。ライブ配信などで活用できるVolu☆ME!や、業界最高水準のモーションキャプチャシステムViconについてご紹介できます。,,2026-04-20 10:01:35.045598+08:00
01KPMA0MNFN9QAK05YZFGBR1NN,,2dfb9b4dcefec6e1fb498c8b822c3eef,AGENT,"こんにちは、ゲッペイと申します。クレッセントのアシスタントです。何かお手伝いできることはありますか？

ライブ配信などで活用できるVolu☆ME!と、業界最高水準のモーションキャプチャシステムViconについてご紹介できます。",,2026-04-20 10:02:57.083570+08:00
01KPMA30E2VVCXK854021BY36Y,,7a58b91856ff7d4510d62293d6386470,AGENT,初めまして、私が株式会社クレッセントのアシスタント、月餅です。ライブ配信などで活用できるVolu☆ME!、業界最高水準のモーションキャプチャシステムVicon、どちらにご興味がありますか？,,2026-04-20 10:04:12.183514+08:00
01KPMA7N6XR9ESZAT2BVS4YT69,,2dfb9b4dcefec6e1fb498c8b822c3eef,AGENT,"こんにちは！クレッセントのアシスタント、ゲッペイと申します。

ライブ配信などで活用できるVolu☆ME!や、業界最高水準のモーションキャプチャシステムViconにご興味はありませんか？",,2026-04-20 10:06:46.885804+08:00
01KPMAATHHSSXRKTC07697SB2X,,f1089015af215f13829fbc68129c69ff,AGENT,皆様、こんにちは！ 株式会社クレッセントのアシスタント、ゲッペイと申します。ライブ配信などで活用できるVolu☆ME!、2026年最新スタジオについて、何かご興味はございますか？,,2026-04-20 10:08:28.365939+08:00
01KPMABB5EHCHNGGFE5TCCDV3T,,0fd46c607d057b3153547c0a4c7ace61,AGENT,皆様、こんにちは！ 株式会社クレッセントのアシスタント、ゲッペイと申します。ライブ配信などで活用できるVolu☆ME!や、業界最高水準のモーションキャプチャシステムViconについてお話しできます。,,2026-04-20 10:08:45.124675+08:00
01KPMAFSTVQR4W7Q33752QPV9N,,9bcfa7f86f550950ab3ff6766c84e830,AGENT,こんにちは！私、株式会社クレッセントのアシスタント、ゲッペイと申します。ライブ配信などで活用できるVolu☆ME!、業界最高水準のモーションキャプチャシステムViconについて何かご興味はございますか？,,2026-04-20 10:11:14.601216+08:00
01KPMAP1YK72K6Z224J570793B,,37d15fe1f73db26fb72040c18d8d65e0,AGENT,月餅と申します。株式会社クレッセントのアシスタントです。何かお困りですか？ ライブ配信などで活用できるVolu☆ME!と、業界最高水準のモーションキャプチャシステムViconについてご紹介できます。,,2026-04-20 10:14:36.085356+08:00
01KPMAXTW76MT9DNCS97SW949N,,5a2e374572028403cac1bcd9500e84af,AGENT,月餅です。クレッセントのアシスタントをしております。ライブ配信などで活用できるVolu☆ME!と業界最高水準のモーションキャプチャシステムViconについてご紹介できます。,,2026-04-20 10:18:50.822964+08:00
01KPMAZD5NKDCXQNB4REZY12ZW,,761d0ff44f72eb0e60bd85e96b02a2c3,AGENT,はじめまして。株式会社クレッセントのアシスタント、ゲッペイと申します。ライブ配信などで活用できるVolu☆ME!と、業界最高水準のモーションキャプチャシステムViconにご興味はございますか？,,2026-04-20 10:19:43.157474+08:00
01KPMBXFFSHNRWAHT8KT4KNC84,,21b99aae4faf5d288b5d0b8fe3e34d64,AGENT,株式会社クレッセントのアシスタント、月餅と申します。ライブ配信などで活用できるVolu☆ME!と、業界最高水準のモーションキャプチャシステムViconについてご案内できます。,,2026-04-20 10:36:07.466427+08:00
01KPMBXT5SBV51N51W57PWK5XV,,21b99aae4faf5d288b5d0b8fe3e34d64,AGENT,"こんにちは。私、株式会社クレッセントのアシスタント、ゲッペイと申します。

弊社ではライブ配信などで活用できるVolu☆ME!や、業界最高水準のモーションキャプチャシステムViconを取り扱っております。",,2026-04-20 10:36:31.614434+08:00
01KPMBXY4E8060Q207Q9CPPAN0,,21b99aae4faf5d288b5d0b8fe3e34d64,AGENT,こんにちは、私はクレッセントのアシスタント、ゲッペイと申します。ライブ配信などで活用できるVolu☆ME!、業界最高水準のモーションキャプチャシステムViconなど、クレッセントが提供できるサービスについてご案内できます。,,2026-04-20 10:36:23.120134+08:00
01KPMC1WNK9G8D2088B4V0BT5A,,79cdd436b3013662b55b632cc83156b0,AGENT,皆様、こんにちは！ 株式会社クレッセントのアシスタント、ゲッペイと申します。ライブ配信などで活用できるVolu☆ME!、業界最高水準のモーションキャプチャシステムViconにご興味はありませんか？,,2026-04-20 10:38:34.251103+08:00
01KPMC6HKV78PMT1DFXTDQS5YZ,,21b99aae4faf5d288b5d0b8fe3e34d64,AGENT,はじめまして！私は株式会社クレッセントのアシスタント、ゲッペイと申します。ライブ配信などで活用できるVolu☆ME!や、業界最高水準のモーションキャプチャシステムViconについてご紹介できます。,,2026-04-20 10:41:04.650616+08:00
01KPMC7H7BWDA8DVBX23HZHT4B,,f60e95b8a90287589fbe4177a0bf1f2b,AGENT,ようこそいらっしゃいました。私、株式会社クレッセントのアシスタント、ゲッペイと申します。ライブ配信などで活用できるVolu☆ME!、または業界最高水準のモーションキャプチャシステムViconにご興味はございますか？,,2026-04-20 10:41:37.763895+08:00
01KPMCB3P53W5ZAN4J7KDW2305,,4d963d4d1692533e9939ee99de029db5,AGENT,はじめまして。株式会社クレッセントのアシスタント、ゲッペイと申します。ライブ配信などで活用できるVolu☆ME!と業界最高水準のモーションキャプチャシステムViconについてご紹介できますが、ご興味はございますか？,,2026-04-20 10:43:36.341435+08:00
01KPMCMAV3ESSMWN5GHWPYGCHH,,f55a69e4d714472b469ca7ac72b71727,AGENT,"はじめまして。株式会社クレッセントのアシスタント、ゲッペイと申します。
ライブ配信などで活用できるVolu☆ME!、業界最高水準のモーションキャプチャシステムViconにご興味はございますか？",,2026-04-20 10:48:37.135515+08:00
01KPMCNSX4A8AJ17PBNQR5SAHE,,f55a69e4d714472b469ca7ac72b71727,AGENT,月餅です。クレッセントのアシスタントをしております。ライブ配信などで活用できるVolu☆ME!や、業界最高水準のモーションキャプチャシステムViconなどにご興味はございますか？,,2026-04-20 10:49:24.998433+08:00
01KPMCSATENH32MH3NB48ERQT4,,7913196d9c1fb9b84db972ae7dc7f299,AGENT,こんにちは！ 株式会社クレッセントのアシスタント、月餅です。何かお困りですか？ ライブ配信などで活用できるVolu☆ME!と業界最高水準のモーションキャプチャシステムViconについてご紹介できます。,,2026-04-20 10:51:20.683564+08:00
01KPMCYBX85KBR9WQZZVBYJEP3,,761d0ff44f72eb0e60bd85e96b02a2c3,AGENT,皆様、こんにちは！ 株式会社クレッセントのアシスタント、ゲッペイと申します。ライブ配信などで活用できるVolu☆ME!や、業界最高水準のモーションキャプチャシステムViconについてお話しできます。,,2026-04-20 10:54:04.729657+08:00
01KPMD7DV469BWNDM1NFT13QJK,,4e05102f73d4dc99d723c80fbe5d4321,AGENT,"ゲッペイと申します。株式会社クレッセントのアシスタントです。

ライブ配信などで活用できるVolu☆ME!や、業界最高水準のモーションキャプチャシステムViconについてご紹介できます。",,2026-04-20 10:59:02.701794+08:00
01KPMD7NZSWD7T7Q1T00YBRSTD,,1e7c744b775f192c381cf7ff78fdb555,AGENT,こんにちは、私は株式会社クレッセントのアシスタント、ゲッペイと申します。ライブ配信などで活用できるVolu☆ME!と、業界最高水準のモーションキャプチャシステムViconについてご紹介できます。,,2026-04-20 10:59:11.052286+08:00
01KPMDEB6BPSN5ZNND9867W079,,4d963d4d1692533e9939ee99de029db5,AGENT,月餅と申します。株式会社クレッセントのアシスタントです。ライブ配信などで活用できるVolu☆ME!と業界最高水準のモーションキャプチャシステムViconについてご紹介できます。,,2026-04-20 11:02:52.214592+08:00
01KPMDG5XGYYSNJE1DE3EN08E0,,3726f854e38f998cf8edaaa8b8c8decd,AGENT,"月餅と申します。株式会社クレッセントのアシスタントです。

ライブ配信などで活用できるVolu☆ME!、業界最高水準のモーションキャプチャシステムViconについてご紹介できます。",,2026-04-20 11:03:48.918775+08:00
01KPMDG6MQN3SB3HK3WRPQ78GA,,4d963d4d1692533e9939ee99de029db5,AGENT,クレッセントのアシスタント、ゲッペイと申します。ライブ配信などで活用できるVolu☆ME!や、業界最高水準のモーションキャプチャシステムViconについてご興味はございますか？,,2026-04-20 11:03:51.749352+08:00
01KPMDK9WYGVGCWABDZ19Y87TH,,4d963d4d1692533e9939ee99de029db5,AGENT,株式会社クレッセントのアシスタント、月餅です。ライブ配信などで活用できるVolu☆ME!と、業界最高水準のモーションキャプチャシステムViconにご興味はありますか？,,2026-04-20 11:05:32.803217+08:00
01KPMDQ2YAK1WQMBCX3Y6E5HWK,,cf1b0407e63155998c9f90d232d8bdf7,AGENT,"いらっしゃいませ！私、株式会社クレッセントのアシスタント、ゲッペイと申します。
ライブ配信などで活用できるVolu☆ME!、業界最高水準のモーションキャプチャシステムVicon、どちらにご興味がございますか？",,2026-04-20 11:07:35.923089+08:00
01KPMDQ4651E0VVZE3W3S1TMNX,,d81004d2530615e44270da27045175ed,AGENT,株式会社クレッセントのアシスタント、ゲッペイと申します。ライブ配信などで活用できるVolu☆ME!や、業界最高水準のモーションキャプチャシステムViconについてご紹介できます。,,2026-04-20 11:07:36.786217+08:00
01KPMDRN3YAGY2G7S4MQ7XK8FJ,,d540c1f6e36489015dbf315bc4eaf199,AGENT,"はじめまして！私、株式会社クレッセントのアシスタント、ゲッペイと申します。

ライブ配信などで活用できるVolu☆ME!、または業界最高水準のモーションキャプチャシステムViconにご興味はございませんか？",,2026-04-20 11:08:26.939369+08:00
01KPMDSNYDCCZ6CW58DE2DR18K,,d540c1f6e36489015dbf315bc4eaf199,AGENT,こんにちは！私はクレッセントのアシスタント、月餅（ゲッペイ）と申します。ライブ配信などで活用できるVolu☆ME!、業界最高水準のモーションキャプチャシステムViconなどがございますが、何かご興味はございますか？,,2026-04-20 11:09:00.328683+08:00
01KPMDT3G9GJWJ7NN9BZ7874CT,,4e05102f73d4dc99d723c80fbe5d4321,AGENT,月餅と申します。株式会社クレッセントのアシスタントです。ライブ配信などで活用できるVolu☆ME!と、業界最高水準のモーションキャプチャシステムViconについてご紹介できます。,,2026-04-20 11:09:13.969855+08:00
01KPMDT9HZX1M293VMQZH6VDP0,,d81004d2530615e44270da27045175ed,AGENT,株式会社クレッセントのアシスタント、月餅と申します。ライブ配信などで活用できるVolu☆ME!や、業界最高水準のモーションキャプチャシステムViconについてご紹介できます。,,2026-04-20 11:09:20.356040+08:00
01KPME1XADAW223XE574MKJA2P,,b140c9a456fda22aef492dd073d510b5,AGENT,こんにちは！私は株式会社クレッセントのアシスタント、ゲッペイと申します。ライブ配信などで活用できるVolu☆ME!と、業界最高水準のモーションキャプチャシステムViconにご興味はありますか？,,2026-04-20 11:13:30.219040+08:00
01KPME5QQYZ2AEHRHA8KK06P5X,,3172046b8da4c029da08894928ff038b,AGENT,月餅と申します。株式会社クレッセントのアシスタントです。ライブ配信などで活用できるVolu☆ME!と、2026年最新スタジオについてご案内できます。,,2026-04-20 11:15:37.479974+08:00
01KPMEAYCPP7DFFESWF7NZY93N,,29f68731a4f3bf17387cb7dcdf96e2ea,AGENT,いらっしゃいませ。株式会社クレッセントのアシスタント「ゲッペイ」と申します。ライブ配信などで活用できるVolu☆ME!や、業界最高水準のモーションキャプチャシステムViconについてお話しできます。,,2026-04-20 11:18:28.430273+08:00
01KPMEBQ1BBJNYCC72B9G747DT,,29f68731a4f3bf17387cb7dcdf96e2ea,AGENT,ゲッペイと申します。株式会社クレッセントのアシスタントをしております。何かご質問はございますか？ライブ配信などで活用できるVolu☆ME!と業界最高水準のモーションキャプチャシステムViconがございますが、どちらにご興味がありますか？,,2026-04-20 11:18:52.590585+08:00
01KPMEMCFTRVJ66K007EYQ4WXB,,7fd99f8d790911e84a5d2002868da010,AGENT,ご質問ありがとうございます！ 私は株式会社クレッセントのアシスタント、ゲッペイと申します。ライブ配信などで活用できるVolu☆ME!と業界最高水準のモーションキャプチャシステムViconについてご紹介できます。,,2026-04-20 11:23:35.563122+08:00
01KPMF4J8RYRK97H1P73RSKYWW,,7964cc01d9f99aadc406ffa27fe201e1,AGENT,お客様、こんにちは！ 私は株式会社クレッセントのアシスタント、ゲッペイと申します。ライブ配信などで活用できるVolu☆ME! や、業界最高水準のモーションキャプチャシステムViconについてご紹介できます。,,2026-04-20 11:32:26.459706+08:00
01KPMF4QJ533FGE4HCH98X8MNQ,,29f68731a4f3bf17387cb7dcdf96e2ea,AGENT,初めまして、私は株式会社クレッセントのアシスタント、ゲッペイと申します。ライブ配信などで活用できるVolu☆ME!や、業界最高水準のモーションキャプチャシステムViconなど、弊社には様々なソリューションがございます。,,2026-04-20 11:32:32.176233+08:00
01KPMF5HP95WZVFS7DWSB2VSHK,,29f68731a4f3bf17387cb7dcdf96e2ea,AGENT,こんにちは。株式会社クレッセントのアシスタント、月餅です。ライブ配信などで活用できるVolu☆ME!や、業界最高水準のモーションキャプチャシステムViconについてご興味はありますか？,,2026-04-20 11:32:58.905023+08:00
01KPMFDHWT82TZE6S35FC4AZGJ,,22627e1045354ffa84171e836aaf3555,AGENT,こんにちは！株式会社クレッセントのアシスタント、月餅（ゲッペイ）と申します。ライブ配信などで活用できるVolu☆ME!や、業界最高水準のモーションキャプチャシステムViconについてご紹介できます。,,2026-04-20 11:37:21.584607+08:00
01KPMFJJ802DSZC3RJ86914FG6,,d2d08afbaaa6bf38d43cebccdc971e10,AGENT,皆様、こんにちは！ 株式会社クレッセントのアシスタント、ゲッペイと申します。ライブ配信などで活用できるVolu☆ME!や、業界最高水準のモーションキャプチャシステムViconについてご紹介できます。,,2026-04-20 11:40:04.038849+08:00
01KPMFZQT2P6PGDX2J0CM98H1M,,908c2a1b41b813b56e0c2dc81c015fe3,AGENT,初めまして。私、株式会社クレッセントのアシスタント、ゲッペイと申します。ライブ配信などで活用できるVolu☆ME!と、業界最高水準のモーションキャプチャシステムViconについてご紹介できます。,,2026-04-20 11:47:17.200830+08:00
01KPMG3TYMA0KGNT2QQK9FV7AS,,40d26841e556fe59346204348b1eb641,AGENT,"はい、喜んで。

株式会社クレッセントのアシスタント、ゲッペイと申します。ライブ配信などで活用できるVolu☆ME!と、業界最高水準のモーションキャプチャシステムViconにご興味はありますか？",,2026-04-20 11:49:31.129870+08:00
01KPMGENKVH6DA1A2H6B9WMHX3,,761d0ff44f72eb0e60bd85e96b02a2c3,AGENT,こんにちは！私、株式会社クレッセントのアシスタント、ゲッペイと申します。ライブ配信などで活用できるVolu☆ME!や、業界最高水準のモーションキャプチャシステムViconについてご紹介できます。,,2026-04-20 11:55:26.016968+08:00
01KPMGNX7WKEKBDRSBJY5GS23F,,6d6fa64ae2862c2d22f8582135545fe5,AGENT,こんにちは、私は株式会社クレッセントのアシスタント、ゲッペイと申します。ライブ配信などで活用できるVolu☆ME!、業界最高水準のモーションキャプチャシステムViconなどにご興味はございますか？,,2026-04-20 11:59:23.833258+08:00
01KPMGX24TF5W3CPR4Y87VSK2X,,d48e3ff509cc71d32038d6880f2b2f7e,AGENT,こんにちは！株式会社クレッセントのアシスタント、月餅（ゲッペイ）と申します。ライブ配信などで活用できるVolu☆ME!や、業界最高水準のモーションキャプチャシステムViconについてご紹介できます。,,2026-04-20 12:03:19.115461+08:00
01KPMH6RYHCEEGQKT3NBTFHRNQ,,e5581f53f6cb2ca02cf40e5b4383a95c,AGENT,こんにちは、私は株式会社クレッセントのアシスタント、ゲッペイと申します。ライブ配信などで活用できるVolu☆ME!と、業界最高水準のモーションキャプチャシステムViconについてご紹介できます。,,2026-04-20 12:08:35.806990+08:00
01KPMHP6EZAS3JRD25R29PFHDK,,6ae23d709e3f1ff52faf339431207d07,AGENT,こんにちは、私はクレッセントのアシスタント、月餅です。ライブ配信などで活用できるVolu☆ME!や、業界最高水準のモーションキャプチャシステムViconについてご興味はありませんか？,,2026-04-20 12:17:01.128876+08:00
01KPMHQZ4DNKC8S99AF7416RJ3,,7a5357cd75b0b7045b7b6f551e82a344,AGENT,初めまして。私は株式会社クレッセントのアシスタント、ゲッペイと申します。ライブ配信などで活用できるVolu☆ME!や、業界最高水準のモーションキャプチャシステムViconなど、クレッセントの最新技術にご興味はございますか？,,2026-04-20 12:18:04.081232+08:00
01KPMHRT62CR9Z48VKK2872AR2,,d8309efd613b7bfbb87945a8b2cd088d,AGENT,株式会社クレッセントのゲッペイと申します。ライブ配信などで活用できるVolu☆ME!、業界最高水準のモーションキャプチャシステムVicon、どちらにご興味がございますか？,,2026-04-20 12:18:28.197503+08:00
01KPMJ1DT36XBFGRFWZTFX0HS4,,9f413d80dc34cdf9f5bb6a52828be78b,AGENT,株式会社クレッセントのアシスタント、月餅と申します。ライブ配信などで活用できるVolu☆ME!、業界最高水準のモーションキャプチャシステムViconなど、弊社独自のサービスを提供しております。,,2026-04-20 12:23:12.703119+08:00
01KPMJ6WWV5YZSCF25NQY7CVEV,,494e1945cfaf214c0d0634da200b14db,AGENT,はじめまして！私は株式会社クレッセントのアシスタント、ゲッペイと申します。ライブ配信などで活用できるVolu☆ME!、または業界最高水準のモーションキャプチャシステムViconについてご興味はありますか？,,2026-04-20 12:26:24.268825+08:00
01KPMJVPG9B12KNEWJ746ZFRBM,,04a5c9030897f874b753c128744d6fd8,AGENT,こんにちは、私は株式会社クレッセントのアシスタント、ゲッペイと申します。ライブ配信などで活用できるVolu☆ME!と、業界最高水準のモーションキャプチャシステムViconについてご紹介できます。,,2026-04-20 12:37:37.800651+08:00
01KPMJWKJW66P1GM26QTCC5QV4,,8dc01b0018b711da5e124c19ff6d3448,AGENT,"こんにちは！ 株式会社クレッセントのアシスタント、月餅（ゲッペイ）と申します。

ライブ配信などで活用できるVolu☆ME!と、業界最高水準のモーションキャプチャシステムViconにご興味はございますか？",,2026-04-20 12:37:58.955961+08:00
01KPMJWM20N439NHXT95AYA69Y,,4d963d4d1692533e9939ee99de029db5,AGENT,こんにちは！株式会社クレッセントのゲッペイと申します。ライブ配信などで活用できるVolu☆ME!や、業界最高水準のモーションキャプチャシステムViconなどにご興味はございますか？,,2026-04-20 12:38:06.286548+08:00
01KPMK19DMDZ5CSYXQE32E592V,,102456eb12d367f562e677163f726018,AGENT,月餅と申します。株式会社クレッセントのアシスタントです。ライブ配信などで活用できるVolu☆ME!や、業界最高水準のモーションキャプチャシステムViconについてお話しできます。,,2026-04-20 12:40:33.745535+08:00
01KPMK75DA5AG7ZSEAKRT4E9RA,,102456eb12d367f562e677163f726018,AGENT,"こんにちは、ゲッペイと申します。株式会社クレッセントのアシスタントです。

ライブ配信などで活用できるVolu☆ME!、業界最高水準のモーションキャプチャシステムViconにご興味はありませんか？",,2026-04-20 12:43:46.166810+08:00
01KPMM7T2TQ4JX7SE34KYTNMDA,,578925683b5d37121e08e1d40c468fde,AGENT,皆様、こんにちは！ 株式会社クレッセントのアシスタント、ゲッペイと申します。ライブ配信などで活用できるVolu☆ME!や、業界最高水準のモーションキャプチャシステムViconについてご紹介できます。,,2026-04-20 13:01:36.195659+08:00
01KPMMH58KS4V8C8M8V0TG1RPB,,07be0a5546732fefeabf31b70b7018c8,AGENT,はい、こんにちは！株式会社クレッセントのゲッペイと申します。ライブ配信などで活用できるVolu☆ME!や、業界最高水準のモーションキャプチャシステムViconについてご興味はございますか？,,2026-04-20 13:06:43.817722+08:00
01KPMMPZGWS8G0Q6Y7AAC2CVMF,,3b3c8ed732047ab232b45eaa800a9699,AGENT,初めまして！ 私、株式会社クレッセントのアシスタント、ゲッペイと申します。ライブ配信などで活用できるVolu☆ME!と業界最高水準のモーションキャプチャシステムViconにご興味はございますか？,,2026-04-20 13:09:52.343637+08:00
01KPMN83HCX4SAA81HVXQ21A18,,73a2b7639d562aa14776d64d95b65535,AGENT,初めまして。私、株式会社クレッセントのアシスタント、ゲッペイと申します。ライブ配信などで活用できるVolu☆ME!と、業界最高水準のモーションキャプチャシステムViconについてご紹介できます。,,2026-04-20 13:19:13.283561+08:00
01KPMNBXJV3PRS7NRE3XQVKHVP,,8a3715f11a0fce1f57883c539aecb22b,AGENT,はい、こんにちは。株式会社クレッセントのアシスタント、ゲッペイと申します。ライブ配信などで活用できるVolu☆ME!、業界最高水準のモーションキャプチャシステムViconについてご案内できます。,,2026-04-20 13:21:21.746495+08:00
01KPMNGMFDMPBRS52SNNAPCGWJ,,83dd5a16555e109d4f98ad1df2f5fb7b,AGENT,こんにちは！私は株式会社クレッセントのアシスタント、ゲッペイと申します。ライブ配信などで活用できるVolu☆ME!と、業界最高水準のモーションキャプチャシステムViconについてお話しできます。,,2026-04-20 13:23:54.658264+08:00
01KPMNT2RCZN8G78SHRRDYWVQC,,bd24410fa2746b6decd75479fb855779,AGENT,初めまして。私、株式会社クレッセントのアシスタント、ゲッペイと申します。ライブ配信などで活用できるVolu☆ME!や、業界最高水準のモーションキャプチャシステムViconについてお話しできます。,,2026-04-20 13:29:03.196710+08:00
01KPMP434KK49STHQ8RYYYEP9D,,5cb3ccbfa36cd1bc0ef9a8d7aafe184d,AGENT,いらっしゃいませ。株式会社クレッセントのアシスタント、月餅と申します。ライブ配信などで活用できるVolu☆ME!、業界最高水準のモーションキャプチャシステムViconについてご興味はありますでしょうか？,,2026-04-20 13:34:30.116817+08:00
01KPMP5SRZM17CNVJRN3CZJPFS,,5175a366b754f8dc5bc697f80e65db87,AGENT,"月餅ちゃんと申します。クレッセントのアシスタントです。
ライブ配信などで活用できるVolu☆ME!や、業界最高水準のモーションキャプチャシステムViconについてご紹介できます。",,2026-04-20 13:35:29.024718+08:00
01KPMP9HHTMHVZ4EQK2S428VC2,,504ca29e611ebd08f0b62fbf6b318db0,AGENT,月餅ちゃんと申します。最新のモーションキャプチャ技術に精通しており、皆様のクリエイティブな挑戦をサポートいたします。,,2026-04-20 13:37:30.132691+08:00
01KPMPD0C534R340SEH7EQSEJK,,bba7310b9fc2804c9d543a7fac62f28c,AGENT,"こんにちは！私、株式会社クレッセントのアシスタント、ゲッペイと申します。

弊社では、ライブ配信などで活用できるVolu☆ME!や、業界最高水準のモーションキャプチャシステムViconを取り扱っております。",,2026-04-20 13:39:22.839731+08:00
01KPMPM295TTTCJ3QQGXNZHWN8,,1a9f363686bd7f6b4ad371d6b56c88d8,AGENT,こんにちは、私の名前は月餅です。株式会社クレッセントのアシスタントを務めております。,,2026-04-20 13:43:14.377193+08:00
01KPMPNJWSMEKH8P07QFKVHK7N,,4ae01a06b45cf7335377ba304abb5e46,AGENT,こんにちは！私は株式会社クレッセントのアシスタント、ゲッペイと申します。ライブ配信などで活用できるVolu☆ME!と業界最高水準のモーションキャプチャシステムViconについてご紹介できます。,,2026-04-20 13:44:04.012374+08:00
01KPMPWW87P884KGVJWQ34256G,,761d0ff44f72eb0e60bd85e96b02a2c3,AGENT,皆様、こんにちは！ 株式会社クレッセントのアシスタント、ゲッペイと申します。ライブ配信などで活用できるVolu☆ME!や、業界最高水準のモーションキャプチャシステムViconについてお話しできます。,,2026-04-20 13:50:20.618987+08:00
01KPMPXVHS6MW84Z2VNDZ6SJGY,,dcd413c8009e975be55ac40a78ae7c1b,AGENT,こんにちは。私は株式会社クレッセントのアシスタント、ゲッペイと申します。ライブ配信などで活用できるVolu☆ME!や、業界最高水準のモーションキャプチャシステムViconについてご紹介できます。,,2026-04-20 13:48:36.956196+08:00
01KPMQ7ZMV77NV6R9P26WJKWWB,,73a2b7639d562aa14776d64d95b65535,AGENT,こんにちは、私は株式会社クレッセントのアシスタント、ゲッペイと申します。ライブ配信などで活用できるVolu☆ME!と、業界最高水準のモーションキャプチャシステムViconについてご紹介できます。,,2026-04-20 13:54:06.062273+08:00
01KPMQD92MAGE1DM7VBC587BBC,,3397d6b60943e1457c5ae11c172305cf,AGENT,皆様、こんにちは。株式会社クレッセントのアシスタント、ゲッペイと申します。ライブ配信などで活用できるVolu☆ME!や、業界最高水準のモーションキャプチャシステムViconなどにご興味はございますか？,,2026-04-20 13:57:07.803648+08:00
01KPMR0BEHNQWGB19A1FCQ3GSR,,a0b9f63c898d7191817d6bcbdf56723f,AGENT,"クレッセントのアシスタント、ゲッペイと申します。
ライブ配信などで活用できるVolu☆ME!と、2026年最新スタジオについてご案内できます。",,2026-04-20 14:07:32.763390+08:00
01KPMR287M769ZGH8M6HCY0XGY,,2af83e0049229a3b0b10af0f94082d57,AGENT,こんにちは、私は株式会社クレッセントのアシスタント、ゲッペイと申します。ライブ配信などで活用できるVolu☆ME!や、業界最高水準のモーションキャプチャシステムViconにご興味はございますか？,,2026-04-20 14:08:29.377124+08:00
01KPMR2RQYZGPEGQP995ZYP90B,,2af83e0049229a3b0b10af0f94082d57,AGENT,こんにちは！株式会社クレッセントのアシスタント、ゲッペイと申します。ライブ配信などで活用できるVolu☆ME!や、業界最高水準のモーションキャプチャシステムViconについてご紹介できます。,,2026-04-20 14:08:44.592622+08:00
01KPMR4AENNANPYZ0RZFDFR2XH,,2468980aecd5fc40d21f45e0e743ae94,AGENT,皆様、こんにちは！ 株式会社クレッセントのアシスタント、ゲッペイと申します。ライブ配信などで活用できるVolu☆ME!や、業界最高水準のモーションキャプチャシステムViconなど、弊社にはお伝えできることがたくさんございます。,,2026-04-20 14:09:34.889568+08:00
01KPMR763H75RDZQNVF6ZAP6BF,,92aaa6ad50fcf274cb1d250cf3e24643,AGENT,こんにちは、私は株式会社クレッセントのアシスタント、ゲッペイと申します。ライブ配信などで活用できるVolu☆ME!や、業界最高水準のモーションキャプチャシステムViconについてご興味はありますか？,,2026-04-20 14:11:09.351901+08:00
01KPMRHJKKZGWQ6QEJYE7TPT0C,,40af9aaba429bb7cbe1254e49a62490c,AGENT,株式会社クレッセントのアシスタント、ゲッペイと申します。ライブ配信などで活用できるVolu☆ME!と、業界最高水準のモーションキャプチャシステムViconについてご紹介できます。,,2026-04-20 14:16:49.685792+08:00
01KPMRNDDHGR2HE7GZHB1F1WSX,,490fdf455f57692a0ffa2ee320e1e942,AGENT,はじめまして！株式会社クレッセントのアシスタント、ゲッペイと申します。ライブ配信などで活用できるVolu☆ME!と、業界最高水準のモーションキャプチャシステムViconについてご紹介できます。,,2026-04-20 14:18:57.755839+08:00
01KPMRRQCJ3F76RPTD5M5V8TKS,,6a8e71c42cef77c4b483c08c999bf855,AGENT,月餅と申します。株式会社クレッセントのアシスタントです。ライブ配信などで活用できるVolu☆ME!と業界最高水準のモーションキャプチャシステムViconについてご案内できます。,,2026-04-20 14:20:52.429439+08:00
01KPMS9VKY51Z3J3TEBK63QX9S,,839b8ef11bb4623ab96868cec273d08f,AGENT,こんにちは！ 株式会社クレッセントのアシスタント、月餅です。ライブ配信などで活用できるVolu☆ME!、業界最高水準のモーションキャプチャシステムViconなど、クレッセントの最新技術にご興味はございますか？,,2026-04-20 14:30:05.410493+08:00
01KPMSMPA9PESJNZXWAGBM7QK9,,5d5aefe68fb2310dcb04bfc77c2b8599,AGENT,"こんにちは！株式会社クレッセントのアシスタント、月餅です。
ライブ配信などで活用できるVolu☆ME!と、2026年最新スタジオについてご案内できます。",,2026-04-20 14:36:01.539964+08:00
01KPMT0C4A5KFFKAEGG5Z5GWD6,,ad444aeedac672a8809611e02b10924f,AGENT,株式会社クレッセントのアシスタント、月餅と申します。ライブ配信などで活用できるVolu☆ME!と、業界最高水準のモーションキャプチャシステムViconにご興味はありますか？,,2026-04-20 14:42:26.079693+08:00
01KPMT533ZEH4Q43WBCBHKTWEB,,cfb347dd57162dd6043a46d68313d5f6,AGENT,こんにちは！株式会社クレッセントのアシスタント、月餅（ゲッペイ）と申します。ライブ配信などで活用できるVolu☆ME!や、業界最高水準のモーションキャプチャシステムViconについてご紹介できます。,,2026-04-20 14:44:57.365487+08:00
01KPMTBTNC8MRBDGVZ6TKAPQFM,,35d62aa74e855dcb11e954bdb5c888cc,AGENT,ゲッペイと申します。クレッセントのアシスタントです。ライブ配信などで活用できるVolu☆ME!と、業界最高水準のモーションキャプチャシステムViconにご興味はありませんか？,,2026-04-20 14:48:41.357036+08:00
01KPMTC8B4MK85BVKSGAAY8Q9B,,b94387228ff840b27dcd08138c0dfb26,AGENT,こんにちは！ 株式会社クレッセントのゲッペイと申します。ライブ配信などで活用できるVolu☆ME!、業界最高水準のモーションキャプチャシステムViconについてご紹介できます。,,2026-04-20 14:48:52.477483+08:00
01KPMTEN0V4QMSGEF482QKBZY8,,222dac5d5e16e6851ae410e385c9cbf2,AGENT,"こんにちは！ 株式会社クレッセントのアシスタント、月餅（ゲッペイ）と申します。

ライブ配信などで活用できるVolu☆ME!と、2026年最新スタジオにご興味はございませんか？",,2026-04-20 14:50:10.442580+08:00
01KPMTQNR7YA8866SHSPFKQ22V,,99b008c81df5710f08b6f5c3cdb3b6dd,AGENT,はじめまして。株式会社クレッセントのアシスタント、ゲッペイと申します。ライブ配信などで活用できるVolu☆ME!と業界最高水準のモーションキャプチャシステムViconについてご紹介できますが、ご興味はございますか？,,2026-04-20 14:55:06.626536+08:00
01KPMTZ352KT4G0JATE349S945,,102456eb12d367f562e677163f726018,AGENT,クレッセントのアシスタント、ゲッペイと申します。ライブ配信などで活用できるVolu☆ME!や、業界最高水準のモーションキャプチャシステムViconについてご興味はございますか？,,2026-04-20 14:59:09.956204+08:00
01KPMTZEKV3DBCPX7TH90T4H7Q,,c4bc664450341c0335e3119ff65bbdc2,AGENT,こんにちは！ 私は株式会社クレッセントのアシスタント、ゲッペイと申します。ライブ配信などで活用できるVolu☆ME!や、業界最高水準のモーションキャプチャシステムViconについてご紹介できます。,,2026-04-20 14:59:28.462989+08:00
01KPMTZN626NY9ZTQJKVQ0P0NF,,2e5fcd5957c776fd1190eea58305643a,AGENT,こんにちは！ 私、クレッセントのアシスタント、ゲッペイと申します。ライブ配信などで活用できるVolu☆ME!と業界最高水準のモーションキャプチャシステムViconについてご紹介できます。,,2026-04-20 14:59:27.974660+08:00
01KPMTZNTG90SXT11V0EMFR2QZ,,6ec38ec6d3ab9a8e96378881c68ccb6c,AGENT,いらっしゃいませ！私は株式会社クレッセントのアシスタント、ゲッペイと申します。ライブ配信などで活用できるVolu☆ME!や、業界最高水準のモーションキャプチャシステムViconについてご紹介できます。,,2026-04-20 14:59:28.513872+08:00
01KPMV0KATWK38YJ67KAYHWR4W,,6ec38ec6d3ab9a8e96378881c68ccb6c,AGENT,"こんにちは！株式会社クレッセントのアシスタント、ゲッペイと申します。

ライブ配信などで活用できるVolu☆ME!と、業界最高水準のモーションキャプチャシステムViconについてご興味はございますか？",,2026-04-20 14:59:58.669948+08:00
01KPMV6CPV6Q2BFNGJHDXXRHX4,,8eb44154cfb74a60f6b043b540d0c319,AGENT,月餅と申します。株式会社クレッセントのアシスタントです。ライブ配信などで活用できるVolu☆ME!と業界最高水準のモーションキャプチャシステムViconについてご案内できます。,,2026-04-20 15:03:09.377928+08:00
01KPMVMW9TB6QNBCZ5Z1BKNNCK,,ec7f1394ec1e80a21b8489f5cd128efd,AGENT,ゲッペイと申します。株式会社クレッセントのアシスタントです。何かご不明な点はございませんか？,,2026-04-20 15:11:04.745106+08:00
01KPMVTHPDF16F87GJ4QRD6FME,,3a338c2c9fd46b381c133e277ea28a8b,AGENT,月餅ちゃんと申します。株式会社クレッセントのアシスタントです。ライブ配信などで活用できるVolu☆ME!と業界最高水準のモーションキャプチャシステムViconについてご案内できます。,,2026-04-20 15:14:31.284903+08:00
01KPMVXYDAWXH5NP72S7P4TKME,,761d0ff44f72eb0e60bd85e96b02a2c3,AGENT,こんにちは！ 株式会社クレッセントのアシスタント、ゲッペイと申します。ライブ配信などで活用できるVolu☆ME!や、業界最高水準のモーションキャプチャシステムViconについてご紹介できます。,,2026-04-20 15:16:00.854118+08:00
01KPMVZT0C0J3E3KRWA0KNEPQA,,6d6fa64ae2862c2d22f8582135545fe5,AGENT,株式会社クレッセントのアシスタント、ゲッペイと申します。ライブ配信などで活用できるVolu☆ME!と、2026年最新スタジオについてご案内できます。,,2026-04-20 15:17:01.774128+08:00
01KPMW06DJV21P8214VNWHRVJ9,,6d6fa64ae2862c2d22f8582135545fe5,AGENT,月餅と申します。株式会社クレッセントのアシスタントです。ライブ配信などで活用できるVolu☆ME!と業界最高水準のモーションキャプチャシステムViconについてご案内できます。,,2026-04-20 15:17:14.318606+08:00
01KPMWCBM9HB8W8Y25RG9W6JCB,,1e9b75d4012b04697677a15da8b3e36b,AGENT,こんにちは！私、株式会社クレッセントのアシスタント、ゲッペイと申します。ライブ配信などで活用できるVolu☆ME!や、業界最高水準のモーションキャプチャシステムViconについてご紹介できます。,,2026-04-20 15:23:53.267671+08:00
01KPMWCRNPPR1CGW6VYY60EXME,,af9f4c11933429d47f51f8713376afc2,AGENT,こんにちは！ 私、クレッセントのアシスタント、ゲッペイと申します。ライブ配信などで活用できるVolu☆ME!と、業界最高水準のモーションキャプチャシステムViconについてご紹介できます。,,2026-04-20 15:31:53.519794+08:00
01KPMWGP5HFPEFAF0F0FH181VV,,77fb8ee5e6f67f084ed97aeeb3200411,AGENT,初めまして！ 私、株式会社クレッセントのアシスタント、ゲッペイと申します。ライブ配信などで活用できるVolu☆ME!と、業界最高水準のモーションキャプチャシステムViconについてご紹介できます。,,2026-04-20 15:26:15.355601+08:00
01KPMWM5NE0561K0RCBRDWR1EQ,,6d6fa64ae2862c2d22f8582135545fe5,AGENT,初めまして。私、株式会社クレッセントのアシスタント、ゲッペイと申します。ライブ配信などで活用できるVolu☆ME!や、業界最高水準のモーションキャプチャシステムViconについてご紹介できます。,,2026-04-20 15:28:09.056255+08:00
01KPMWR102VKC189R9N95CCNKS,,51d4c1a3b0e1262800a1af02f4784e7b,AGENT,お客様、ようこそお越しくださいました。私は株式会社クレッセントのアシスタント、ゲッペイと申します。ライブ配信などで活用できるVolu☆ME!、そして業界最高水準のモーションキャプチャシステムViconについてご紹介できます。,,2026-04-20 15:30:22.132853+08:00
01KPMWWSNZ43ZP472T0A4JDZ9Q,,fe3e407d1fc9a3ca2ed6e32eccea2588,AGENT,こんにちは！株式会社クレッセントのアシスタント「ゲッペイ」です。ライブ配信などで活用できるVolu☆ME!、そして業界最高水準のモーションキャプチャシステムViconにご興味はありますか？,,2026-04-20 15:32:53.906718+08:00
01KPMWYC463BYP8J2GSYF3QD7H,,4b3513234226dece2336e4939f86e7f4,AGENT,こんにちは、ゲッペイと申します。ライブ配信などで活用できるVolu☆ME!と、業界最高水準のモーションキャプチャシステムViconについてご紹介できます。,,2026-04-20 15:33:43.129530+08:00
01KPMWYTFYCRQHY8V4208HKT2T,,4b3513234226dece2336e4939f86e7f4,AGENT,こんにちは、私は株式会社クレッセントのアシスタント、ゲッペイと申します。ライブ配信などで活用できるVolu☆ME!や、業界最高水準のモーションキャプチャシステムViconについてご興味はありますか？,,2026-04-20 15:33:57.592994+08:00
01KPMX6CZG9FQZR1TMENE9HVPV,,b57f41aa39fd25d09a95e73b89219863,AGENT,こんにちは。私は株式会社クレッセントのアシスタント、ゲッペイと申します。ライブ配信などで活用できるVolu☆ME!と業界最高水準のモーションキャプチャシステムViconについてご紹介できます。,,2026-04-20 15:38:06.000756+08:00
01KPMX94A6KM6BCZ72G910126M,,6b58423e4b4f38bd31abed813bb29c83,AGENT,こんにちは、私は株式会社クレッセントのアシスタント、ゲッペイと申します。ライブ配信などで活用できるVolu☆ME!や、業界最高水準のモーションキャプチャシステムViconについてご興味はありますか？,,2026-04-20 15:39:35.268651+08:00
01KPMXJW1VY8FC6D405BD3H1KA,,3d1abb6c7de5292214e241e3fd64b6c5,AGENT,初めまして。私、株式会社クレッセントのアシスタント、ゲッペイと申します。ライブ配信などで活用できるVolu☆ME!と、業界最高水準のモーションキャプチャシステムViconについてご紹介できます。,,2026-04-20 15:44:55.039771+08:00
01KPMXRXYV7XS8X254W4N5F6HR,,d9439461515f9454b0291348ef705c5e,AGENT,こんにちは！ 私、クレッセントのアシスタント、ゲッペイと申します。ライブ配信などで活用できるVolu☆ME!と業界最高水準のモーションキャプチャシステムViconについてご紹介できます。,,2026-04-20 15:48:21.666084+08:00
01KPMXW77B1V2F7WA0RSP6D1QJ,,696d95d68cd76ad00959755eef075151,AGENT,こんにちは！ 私、ゲッペイと申します。ライブ配信などで活用できるVolu☆ME!と、業界最高水準のモーションキャプチャシステムViconについてご紹介できます。,,2026-04-20 15:50:03.169821+08:00
01KPMXX1JCSN13V36WXT7MQCKX,,696d95d68cd76ad00959755eef075151,AGENT,皆様、こんにちは！ 株式会社クレッセントのアシスタント、ゲッペイと申します。ライブ配信などで活用できるVolu☆ME!や、業界最高水準のモーションキャプチャシステムViconなど、ご興味はございますか？,,2026-04-20 15:50:30.565589+08:00
01KPMXXN8KYC8CY9WYRCA5E8YX,,bfb047644af74fdf0c9ccac512e0ccd5,AGENT,初めまして。私、株式会社クレッセントのゲッペイと申します。ライブ配信などで活用できるVolu☆ME!、2026年最新スタジオについてご興味はありませんか？,,2026-04-20 15:50:48.302441+08:00
01KPMYB601MHNEC1RKHHQZ0DXG,,4bc97d4db24ac9121bd4f8b862559154,AGENT,こんにちは！株式会社クレッセントのアシスタント、月餅（ゲッペイ）と申します。ライブ配信などで活用できるVolu☆ME!や、業界最高水準のモーションキャプチャシステムViconについてご紹介できます。,,2026-04-20 15:58:18.047290+08:00
01KPMYBMPNFPH2XN29TB4HA9W4,,0946fba0849bbe5e738b42b9da960ca9,AGENT,"月餅ちゃんと申します。株式会社クレッセントのアシスタントをしております。

ライブ配信などで活用できるVolu☆ME!や、業界最高水準のモーションキャプチャシステムViconにご興味はありませんか？",,2026-04-20 15:58:33.293827+08:00
01KPMYEWB3D621RHX4PXCTF0FS,,62fa53256266be3ac52efb373d776f07,AGENT,月餅と申します。株式会社クレッセントのアシスタントです。ライブ配信などで活用できるVolu☆ME!や、業界最高水準のモーションキャプチャシステムViconについてご紹介できます。,,2026-04-20 16:00:17.622518+08:00
01KPMYJKPTQWCFCHCJRPDQ0R4H,,96f6db7936167288180cb32a6e1c18e4,AGENT,株式会社クレッセントのアシスタント、ゲッペイと申します。ライブ配信などで活用できるVolu☆ME!や、業界最高水準のモーションキャプチャシステムViconについてお話しできます。,,2026-04-20 16:02:15.721273+08:00
01KPMYKX45TJFT90HPF0SB2XDN,,9d2d9c9a6bd2b072bc17015d07068624,AGENT,"こんにちは！株式会社クレッセントのアシスタント、ゲッペイと申します。

ライブ配信などで活用できる[Volu☆ME!](https://www.crescentinc.co.jp/solution/volume)や、業界最高水準のモーションキャプチャシステムViconにご興味はありますか？",,2026-04-20 16:02:59.240711+08:00
01KPMZ2DCTR1J5D77T76YNJHM4,,aa9295c7d24a75f51a173fd7e0d5f8ff,AGENT,"こんにちは！ 私は株式会社クレッセントのアシスタント、ゲッペイと申します。

ライブ配信などで活用できるVolu☆ME!、そして業界最高水準のモーションキャプチャシステムViconにご興味はありますか？",,2026-04-20 16:10:53.391417+08:00
01KPMZ33HJAC6H2PXD5PMYH53K,,248d949b4cd634069b43674da0cc980d,AGENT,こんにちは！株式会社クレッセントのアシスタント、ゲッペイと申します。ライブ配信などで活用できるVolu☆ME!、2026年最新スタジオなどがございますが、どちらにご興味がございますか？,,2026-04-20 16:11:15.853607+08:00
01KPMZV3KS6DKTX8SENBX0WCXZ,,4d963d4d1692533e9939ee99de029db5,AGENT,はじめまして。株式会社クレッセントのアシスタント、ゲッペイと申します。ライブ配信などで活用できるVolu☆ME!と、業界最高水準のモーションキャプチャシステムViconについてご紹介できます。,,2026-04-20 16:24:22.784731+08:00
01KPMZW4KMX8S9Q0YF9MSDW1RY,,e23d843e051cbde203f4e3eea8a11268,AGENT,いらっしゃいませ。株式会社クレッセントのアシスタント、月餅です。ライブ配信などで活用できるVolu☆ME!、業界最高水準のモーションキャプチャシステムVicon、どちらにご興味がありますか？,,2026-04-20 16:24:56.607295+08:00
01KPN0ARV57JZV7CMV7YH60WXG,,050cb2559295ec9ad1e6b444b93358d8,AGENT,こんにちは、私は株式会社クレッセントのアシスタント、ゲッペイと申します。ライブ配信などで活用できるVolu☆ME!や、業界最高水準のモーションキャプチャシステムViconについてご紹介できます。,,2026-04-20 16:32:55.100987+08:00
01KPN0NF9048G6V4J5SDJ27FMQ,,77fb8ee5e6f67f084ed97aeeb3200411,AGENT,こんにちは。私は株式会社クレッセントのアシスタント、ゲッペイと申します。ライブ配信などで活用できるVolu☆ME!と、業界最高水準のモーションキャプチャシステムViconにご興味はございますか？,,2026-04-20 17:29:40.043377+08:00
01KPN15EX0VZGTSKWH0HYM9QWS,,f4b3def591dc507283b3f89abf1e21f6,AGENT,いらっしゃいませ。わたくしは株式会社クレッセントのアシスタント、ゲッペイと申します。ライブ配信などで活用できるVolu☆ME!や、業界最高水準のモーションキャプチャシステムViconなどについてご案内できます。,,2026-04-20 16:47:30.423835+08:00
01KPN1BSZVH4DV0SEHJ3NA9ZPC,,8bf8176c1da6094208e6346a7e0e738f,AGENT,初めまして。私、株式会社クレッセントのアシスタント、ゲッペイと申します。ライブ配信などで活用できるVolu☆ME!と、2026年最新スタジオについてご案内できます。,,2026-04-20 16:51:02.736092+08:00
01KPN1H65RAYPWRR259P58YZ3V,,4212fe94bc8e1fca89436f78eca581c3,AGENT,初めまして、私が株式会社クレッセントのアシスタント、ゲッペイと申します。ライブ配信などで活用できるVolu☆ME!、業界最高水準のモーションキャプチャシステムVicon、どちらにご興味がございますか？,,2026-04-20 16:56:12.151759+08:00
01KPN1V2YT7ZD5A7B809T8HTSV,,e709fde4808a50c6fba7d2e8f260befd,AGENT,はじめまして。株式会社クレッセントのアシスタント、ゲッペイと申します。ライブ配信などで活用できるVolu☆ME!と、業界最高水準のモーションキャプチャシステムViconにご興味はございますか？,,2026-04-20 16:59:17.993278+08:00
01KPN21VQQSZFNNAK1SX17MMW8,,5aa5a68ea1c676c2f0ecef15cb2ecfe8,AGENT,"月餅と申します。株式会社クレッセントのアシスタントです。

ライブ配信などで活用できるVolu☆ME!や、業界最高水準のモーションキャプチャシステムViconなどにご興味はございますか？",,2026-04-20 17:03:02.751033+08:00
01KPN22RE9WZXSDW25P5HVK47F,,e709fde4808a50c6fba7d2e8f260befd,AGENT,株式会社クレッセントのアシスタント、ゲッペイと申します。ライブ配信などで活用できるVolu☆ME!や、業界最高水準のモーションキャプチャシステムViconについてご紹介できます。,,2026-04-20 17:03:28.945489+08:00
01KPN24QNR7SDK6ARTJ6RYRMN8,,7bcd253b0c017fdf686674ff8f545494,AGENT,こんにちは！私は株式会社クレッセントのアシスタント、ゲッペイと申します。ライブ配信などで活用できるVolu☆ME!と、業界最高水準のモーションキャプチャシステムViconについてご紹介できます。,,2026-04-20 17:04:51.451686+08:00
01KPN26T54MFM63GHJKFM1HYFY,,7bcd253b0c017fdf686674ff8f545494,AGENT,こんにちは！株式会社クレッセントのアシスタント、ゲッペイと申します。ライブ配信などで活用できるVolu☆ME!、業界最高水準のモーションキャプチャシステムViconなど、弊社には様々なソリューションがございます。,,2026-04-20 17:05:43.947657+08:00
01KPN2TBGKES4RTFQMMT17PY5F,,d7c9cbfa590c61b4d57f131ccf3ebb16,AGENT,ゲッペイと申します。株式会社クレッセントのアシスタントです。2026年最新スタジオや業界最高水準のモーションキャプチャシステムViconについてご紹介できます。,,2026-04-20 17:16:23.180916+08:00
01KPN2VP5Q379JARJJXTNXYMNQ,,d4aabc4593a5b4ec5652e53068058d9e,AGENT,はじめまして、株式会社クレッセントのアシスタント、ゲッペイと申します。ライブ配信などで活用できるVolu☆ME!や、業界最高水準のモーションキャプチャシステムViconについてご興味はありますか？,,2026-04-20 17:17:09.120850+08:00
01KPN30M47Y4ZM95YWVBNTJKJ9,,0866122c6068ec8bccb8573b8d8e91d7,AGENT,月餅と申します。株式会社クレッセントのアシスタントです。何かご不明な点はございませんか？,,2026-04-20 17:20:22.490232+08:00
01KPN38CSRF4Q337FGTN40KEZ2,,0c730260b39df07b1cabb720c4fe0fda,AGENT,初めまして。私、株式会社クレッセントのアシスタント、ゲッペイと申します。ライブ配信などで活用できるVolu☆ME!や、業界最高水準のモーションキャプチャシステムViconについてご紹介できます。,,2026-04-20 17:24:03.668253+08:00
01KPN3K1S3AJ21B5JP5H35YXAA,,f674ffd7bda9e7623ea0ce88aaab060d,AGENT,株式会社クレッセントのアシスタント、月餅です。ライブ配信などで活用できるVolu☆ME!と、2026年最新スタジオについてご紹介できます。,,2026-04-20 17:29:51.862232+08:00
01KPN3K1S3AJ21B5JP5H35YXAA,,f674ffd7bda9e7623ea0ce88aaab060d,USER,service ?,,2026-04-20 17:30:05.810825+08:00
01KPN3K1S3AJ21B5JP5H35YXAA,,f674ffd7bda9e7623ea0ce88aaab060d,AGENT,はい、どのようなサービスにご興味がありますか？ 例えば、ライブ配信などで活用できるVolu☆ME!や、業界最高水準のモーションキャプチャシステムViconなどがございます。,,2026-04-20 17:30:05.844498+08:00
01KPN3MH71T6B2WX4SD52J9QN0,,42b827d19c3b966c912281070e785387,AGENT,"こんにちは。株式会社クレッセントのアシスタント「ゲッペイ」と申します。

最新のモーションキャプチャ技術に精通した、業界最高水準のモーションキャプチャシステムVicon、ライブ配信などで活用できるVolu☆ME!についてご案内できます。",,2026-04-20 17:30:42.149745+08:00
01KPN3YAYBVMN8XFBAN34X5AY0,,3e7c14a49baf12f71692c4163788e7ff,AGENT,お客様、こんにちは！ ゲッペイと申します。 ライブ配信などで活用できるVolu☆ME!、業界最高水準のモーションキャプチャシステムViconなど、クレッセントの最新技術にご興味はございますか？,,2026-04-20 17:36:13.388805+08:00
01KPN4J07K5XXJYXGAK1ENERXG,,7840c1c80441af2750c7532e53c6e143,AGENT,クレッセントのアシスタント、ゲッペイと申します。ライブ配信などで活用できるVolu☆ME!と、2026年最新スタジオについてご紹介できます。,,2026-04-20 17:46:46.700564+08:00
01KPN4SW2088C275K14E7PQRH8,,f674ffd7bda9e7623ea0ce88aaab060d,AGENT,"こんにちは！株式会社クレッセントのアシスタント、ゲッペイと申します。

ライブ配信などで活用できるVolu☆ME!と、業界最高水準のモーションキャプチャシステムViconにご興味はございますか？",,2026-04-20 17:51:04.263626+08:00
01KPN4SW2088C275K14E7PQRH8,,f674ffd7bda9e7623ea0ce88aaab060d,USER,Right.,,2026-04-20 17:51:14.318490+08:00
01KPN4SW2088C275K14E7PQRH8,,f674ffd7bda9e7623ea0ce88aaab060d,AGENT,どのような情報にご興味がありますか？株式会社クレッセントは、モーションキャプチャ技術や3Dコンテンツ制作に関する幅広いソリューションを提供しています。例えば、最先端の「Haneda Studio」について詳しくお話しできますが、いかがでしょうか？,,2026-04-20 17:51:14.337469+08:00
01KPN4SW2088C275K14E7PQRH8,,f674ffd7bda9e7623ea0ce88aaab060d,USER,一個掛K有一個類似的，那它是主要是company。,,2026-04-20 17:51:19.912739+08:00
01KPN4SW2088C275K14E7PQRH8,,f674ffd7bda9e7623ea0ce88aaab060d,AGENT,"株式会社クレッセントは、1999年に設立されたイメージエンジニアリング技術を専門とする企業です。

- 私たちは、3D動作解析や映像制作のハードウェア・ソフトウェアの輸入、販売、サポートを行っています。
- 映像制作プログラムや画像機器の開発・販売も手掛けています。
- VRやAR、3D技術を活用したインタラクティブなアプリケーション開発も行っています。

より詳しい情報が必要でしたら、お知らせください。",,2026-04-20 17:51:19.930631+08:00
01KPN56NJ9T1FY8ZCJBYXDT22B,,b94387228ff840b27dcd08138c0dfb26,AGENT,クレッセントのゲッペイと申します。ライブ配信などで活用できるVolu☆ME!と、業界最高水準のモーションキャプチャシステムViconについてご案内できます。,,2026-04-20 17:58:03.974375+08:00
01KPN572G00KYVZ7NYYVY5R8Z1,,51d4c1a3b0e1262800a1af02f4784e7b,AGENT,"ゲッペイと申します。株式会社クレッセントのアシスタントをしております。
モーションキャプチャシステムViconや、ライブ配信などで活用できるVolu☆ME!についてご案内できます。",,2026-04-20 17:58:16.154929+08:00
01KPN5QK57TRDXMRMGG3AYG8FQ,,3104048e87a498f546dfd4638df0ab14,AGENT,"こんにちは、ゲッペイと申します。株式会社クレッセントのアシスタントです。

ライブ配信などで活用できるVolu☆ME!、業界最高水準のモーションキャプチャシステムViconにご興味はありませんか？",,2026-04-20 18:07:18.104151+08:00
01KPN6874YBQMNK2DF15XSR8AF,,461111f8b48a634caf3b694543634ea2,AGENT,いつもお世話になっております。株式会社クレッセントのアシスタント、ゲッペイと申します。ライブ配信などで活用できるVolu☆ME!と業界最高水準のモーションキャプチャシステムViconについてご紹介できます。,,2026-04-20 18:16:25.562237+08:00
01KPN6B07DSJXN2NYPX7W3BX3X,,16bfef33f75231065f644b77ac9eb8a9,AGENT,こんにちは！株式会社クレッセントのアシスタント、月餅です。ライブ配信などで活用できるVolu☆ME!と、業界最高水準のモーションキャプチャシステムViconにご興味はありますか？,,2026-04-20 18:18:03.765985+08:00
01KPN6Y34NK3W30P2S08VM4Y8C,,d7c9cbfa590c61b4d57f131ccf3ebb16,AGENT,株式会社クレッセントのアシスタント、ゲッペイと申します。ライブ配信などで活用できるVolu☆ME!と、2026年最新スタジオについてご案内できます。,,2026-04-20 18:28:19.630883+08:00
01KPN71A41NSYM9JK79Y4Z88PF,,b41b7839c0a381d09ea18f3f961d19e3,AGENT,ゲッペイと申します。株式会社クレッセントのアシスタントです。2026年最新スタジオと、ライブ配信などで活用できるVolu☆ME!についてご案内できます。,,2026-04-20 18:30:12.289665+08:00
01KPN71K76E4M9NYCAV1FZ7KHA,,a0b9f63c898d7191817d6bcbdf56723f,AGENT,クレッセントアシスタントのゲッペイと申します。ライブ配信などで活用できるVolu☆ME!、または業界最高水準のモーションキャプチャシステムViconにご興味はございますか？,,2026-04-20 18:30:24.033943+08:00
01KPN74SQDKEC1R3DBT35N8H2D,,0440680a9b1e1f1c0e2657f1c77603bf,AGENT,"こんにちは！ 株式会社クレッセントのアシスタント、月餅と申します。
ライブ配信などで活用できるVolu☆ME!、業界最高水準のモーションキャプチャシステムVicon、どちらにご興味がありますか？",,2026-04-20 18:31:59.952611+08:00
01KPN7A3CM65345X3426XKSZB4,,8a4ca7f9392b4b508de5a83dc95f82bc,AGENT,こんにちは、私は株式会社クレッセントのアシスタント、ゲッペイと申します。ライブ配信などで活用できるVolu☆ME!や、業界最高水準のモーションキャプチャシステムViconについてご紹介できます。,,2026-04-20 18:34:53.116726+08:00
01KPN7N37J69YV0VMHN8Z7NQAR,,76a386e8bac451e88a42dc79e034ec35,AGENT,お客様、こんにちは。株式会社クレッセントのアシスタント、ゲッペイと申します。ライブ配信などで活用できるVolu☆ME!、または業界最高水準のモーションキャプチャシステムViconにご興味はございますか？,,2026-04-20 18:40:58.182822+08:00
01KPN7TDMR4G6BVPYJQ3N3BEXR,,d882364dc45128fa9efe7de212597176,AGENT,クレッセントのアシスタント、ゲッペイと申します。ライブ配信などで活用できるVolu☆ME!、業界最高水準のモーションキャプチャシステムViconなど、弊社が提供する最新技術についてご案内できます。,,2026-04-20 18:43:49.648341+08:00
01KPN7THYPAJH8AQD9GMGR05G4,,d882364dc45128fa9efe7de212597176,AGENT,月餅と申します。株式会社クレッセントのアシスタントです。ライブ配信などで活用できるVolu☆ME!と、業界最高水準のモーションキャプチャシステムViconにご興味はありませんか？,,2026-04-20 18:43:52.660507+08:00
01KPN7YY1WYJM25MYGS8HGPZZY,,7bcd253b0c017fdf686674ff8f545494,AGENT,初めまして、私は株式会社クレッセントのアシスタント、ゲッペイと申します。ライブ配信などで活用できるVolu☆ME!、2026年最新スタジオにご興味はございませんか？,,2026-04-20 18:46:16.548573+08:00
01KPN84D0PMFS344D02NC0YRN5,,a80da3c80db63a2e3b9af1c445c10b87,AGENT,皆様、こんにちは。私は株式会社クレッセントのアシスタント、月餅と申します。ライブ配信などで活用できるVolu☆ME!や、業界最高水準のモーションキャプチャシステムViconについてお話しできますが、ご興味はございますか？,,2026-04-20 18:49:14.920242+08:00
01KPN866K2VANXPAXGMP6BDKDD,,a80da3c80db63a2e3b9af1c445c10b87,AGENT,お客様、こんにちは。私、株式会社クレッセントのアシスタント、ゲッペイと申します。ライブ配信などで活用できるVolu☆ME!や、業界最高水準のモーションキャプチャシステムViconについてご紹介できます。,,2026-04-20 18:50:14.704080+08:00
01KPN86XG82EEHBKC7KFNZ0WQS,,7bcd253b0c017fdf686674ff8f545494,AGENT,株式会社クレッセントのアシスタント、月餅です。ライブ配信などで活用できるVolu☆ME!や、業界最高水準のモーションキャプチャシステムViconについてお話しできます。,,2026-04-20 18:50:38.024288+08:00
01KPN8EXQA42T5W42190V69N67,,957ba7365ab012b14b328149cac1c828,AGENT,"こんにちは！私、株式会社クレッセントのアシスタント、ゲッペイと申します。

ライブ配信などで活用できるVolu☆ME!、または業界最高水準のモーションキャプチャシステムViconにご興味はございますか？",,2026-04-20 18:54:59.883959+08:00
01KPN8F49CKGPQERN81BQ5RY7V,,9d33f8a385be580770b1d80c9644d36d,AGENT,クレッセントのアシスタント、ゲッペイと申します。ライブ配信などで活用できるVolu☆ME!、業界最高水準のモーションキャプチャシステムViconなど、クレッセントの最新技術にご興味はございますか？,,2026-04-20 18:55:06.849147+08:00
01KPN8H8KT73PX3DPZQK0JAE4N,,ab813804c250d6db8f86e8f9776ce458,AGENT,こんにちは！株式会社クレッセントのゲッペイです。本日はどのようなご用件でしょうか？ ライブ配信などで活用できるVolu☆ME!、業界最高水準のモーションキャプチャシステムViconなどがございますが、ご興味はございますか？,,2026-04-20 18:56:19.096006+08:00
01KPN9D73S2VAQPJXYMSFWM121,,5a4610503057c4bedbdcff9148184067,AGENT,"初めまして、私は株式会社クレッセントのアシスタント、ゲッペイと申します。

ライブ配信などで活用できるVolu☆ME!と、業界最高水準のモーションキャプチャシステムViconにご興味はございますか？",,2026-04-20 19:11:32.774568+08:00
01KPN9NHP180ZNAJW1JV38GMHB,,5a4610503057c4bedbdcff9148184067,AGENT,"こんにちは！ 株式会社クレッセントのアシスタント、ゲッペイと申します。

ライブ配信などで活用できるVolu☆ME!と、業界最高水準のモーションキャプチャシステムViconにご興味はありますか？",,2026-04-20 19:16:05.152624+08:00
01KPN9V1V23FJM6R9NENPQGCKT,,6af38649f136f5039c0391c0e64731af,AGENT,こんにちは。株式会社クレッセントのアシスタント「ゲッペイ」と申します。ライブ配信などで活用できるVolu☆ME!や、業界最高水準のモーションキャプチャシステムViconについてご紹介できます。,,2026-04-20 19:19:07.194527+08:00
01KPN9ZXN3HTR681T4A8JVKBJT,,593d7e347350a650fa969151dacc9a23,AGENT,ようこそ、私は株式会社クレッセントのアシスタント、ゲッペイと申します。ライブ配信などで活用できるVolu☆ME!や、業界最高水準のモーションキャプチャシステムViconについてご紹介できます。,,2026-04-20 19:21:46.814916+08:00
01KPN9ZXN3HTR681T4A8JVKBJT,,593d7e347350a650fa969151dacc9a23,USER,27卒の新卒採用の募集は行っていますか？,,2026-04-20 19:23:32.018761+08:00
01KPN9ZXN3HTR681T4A8JVKBJT,,593d7e347350a650fa969151dacc9a23,AGENT,クレッセントでは新卒採用の募集を行っております。応募先メールアドレスはrecruit@crescentinc.co.jpです。どのような職種にご興味がありますか？,,2026-04-20 19:23:32.038743+08:00
01KPN9ZXN3HTR681T4A8JVKBJT,,593d7e347350a650fa969151dacc9a23,USER,モーションキャプチャです,,2026-04-20 19:23:44.930869+08:00
01KPN9ZXN3HTR681T4A8JVKBJT,,593d7e347350a650fa969151dacc9a23,AGENT,新卒採用でモーションキャプチャースペシャリストの募集がございます。モーションキャプチャーのサポート業務、オペレーション、データ処理に興味がありますか？それとも、Viconについてもっと詳しく知りたいですか？,,2026-04-20 19:23:44.949176+08:00
01KPN9ZXN3HTR681T4A8JVKBJT,,593d7e347350a650fa969151dacc9a23,USER,主にオペレーションです。弊学にはVICONが入っており、そのオペレーションを行っていたからです。それだけでなく、UnrealEnginを用いてバーチャルプロダクションやVチューバーのコンテンツの研究も行っておりました,,2026-04-20 19:25:23.950834+08:00
01KPN9ZXN3HTR681T4A8JVKBJT,,593d7e347350a650fa969151dacc9a23,AGENT,"モーションキャプチャーのオペレーション経験をお持ちなのですね。Unreal Engineを使ったバーチャルプロダクションやVTuberコンテンツの研究もされているとのこと、素晴らしいです。

モーションキャプチャースペシャリストは、モーションキャプチャーのサポート業務、オペレーション、データ処理が主な業務となります。

弊社にはViconシステムが導入されており、最新の技術に触れることができますが、Viconについてさらに詳しく知りたいですか？",,2026-04-20 19:25:23.981526+08:00
01KPNAEJWXKSF257QBNSDPZA8S,,593d7e347350a650fa969151dacc9a23,AGENT,初めまして、私は株式会社クレッセントのアシスタント、月餅です。ライブ配信などで活用できるVolu☆ME!や、業界最高水準のモーションキャプチャシステムViconについてご紹介できます。,,2026-04-20 19:29:46.609189+08:00
01KPND9S9WRBJHDC4HWYQHB8ZM,,381aac0d36004aeb2435972cd5f87b66,AGENT,こんにちは。株式会社クレッセントのアシスタント、月餅です。ライブ配信などで活用できるVolu☆ME!や、業界最高水準のモーションキャプチャシステムViconについてご興味はございますか？,,2026-04-20 20:19:36.864688+08:00
01KPNDBKB4ZER06AS8HDWFBR8Y,,381aac0d36004aeb2435972cd5f87b66,AGENT,こんにちは！ 私は株式会社クレッセントのアシスタント、ゲッペイと申します。ライブ配信などで活用できるVolu☆ME!、そして業界最高水準のモーションキャプチャシステムViconについてご紹介できます。,,2026-04-20 20:20:34.781165+08:00
01KPNDM2DRA0AQCCFNXHB155JA,,929e0b2208ffc52116437cabb7bc73ab,AGENT,初めまして！ 私、株式会社クレッセントのアシスタント、ゲッペイと申します。ライブ配信などで活用できるVolu☆ME!、業界最高水準のモーションキャプチャシステムViconなど、様々なソリューションをご用意しております。,,2026-04-20 20:25:12.936785+08:00
01KPNDYWQMW9KFS17ZDSKN8ZTD,,115e5d623084c53f558a386df72cc163,AGENT,こんにちは！私はクレッセントのアシスタント、ゲッペイと申します。ライブ配信などで活用できるVolu☆ME!や、業界最高水準のモーションキャプチャシステムViconについてご紹介できます。,,2026-04-20 20:31:06.648848+08:00
01KPNE0PYFKEAMS9RPZ7ZEFD49,,fd63c199e0c994be4db317df55174a75,AGENT,月餅と申します。株式会社クレッセントのアシスタントをしております。何かご不明な点はございませんか？,,2026-04-20 20:32:05.248216+08:00
01KPNF2B76DE64FG2JNK788WAS,,a002e8167510bb8c519650a7a9dddfff,AGENT,株式会社クレッセントのアシスタント、ゲッペイと申します。ライブ配信などで活用できるVolu☆ME!と業界最高水準のモーションキャプチャシステムViconについてご紹介できます。,,2026-04-20 20:50:29.806936+08:00
01KPNG5Q8KTVET576YY35NNKS9,,a002e8167510bb8c519650a7a9dddfff,AGENT,株式会社クレッセントのアシスタント、月餅と申します。ライブ配信などで活用できるVolu☆ME!や、業界最高水準のモーションキャプチャシステムViconについてご興味はありますか？,,2026-04-20 21:09:47.665286+08:00
01KPNGK0XN4ZNBFMQJKZT3HYQZ,,ccfc9dd20b70f0910a6557c7d678acc4,AGENT,こんにちは！ 株式会社クレッセントのアシスタント、ゲッペイと申します。ライブ配信などで活用できるVolu☆ME!、業界最高水準のモーションキャプチャシステムViconについてご紹介できます。,,2026-04-20 21:17:02.885802+08:00
01KPNGSRWY5MYVVBQBPV6VNQ0S,,0ab719a5c114622e43d22441b9c37aae,AGENT,株式会社クレッセントのアシスタント、ゲッペイと申します。ライブ配信などで活用できるVolu☆ME!や、業界最高水準のモーションキャプチャシステムViconについてご紹介できます。,,2026-04-20 21:20:45.510110+08:00
01KPNGSVTKPSWF78RYQ9MGKJTE,,7e932cffb7a2d7ab65756f12b33a09a9,AGENT,株式会社クレッセントのアシスタント、ゲッペイと申します。ライブ配信などで活用できるVolu☆ME!と、業界最高水準のモーションキャプチャシステムViconにご興味はありませんか？,,2026-04-20 21:20:46.628345+08:00
01KPNGVS7DQ8W8BEHTGNS2YXRF,,a002e8167510bb8c519650a7a9dddfff,AGENT,皆様、こんにちは！ 株式会社クレッセントのアシスタント、ゲッペイと申します。ライブ配信などで活用できるVolu☆ME!、そして業界最高水準のモーションキャプチャシステムViconについてご紹介できます。,,2026-04-20 21:21:50.117292+08:00
01KPNJM65FHER3XVJZJEP0GJPK,,7b0f4cd86dfd828c8c58926bc2fd0819,AGENT,こんにちは！クレッセントのアシスタント、ゲッペイと申します。ライブ配信などで活用できるVolu☆ME!や、業界最高水準のモーションキャプチャシステムViconについてお話しできます。,,2026-04-20 21:52:39.162377+08:00
01KPNJVY1BGSGJEECBF9AC8VC1,,929e0b2208ffc52116437cabb7bc73ab,AGENT,"初めまして。私、株式会社クレッセントのアシスタント、ゲッペイと申します。
ライブ配信などで活用できるVolu☆ME!や、業界最高水準のモーションキャプチャシステムViconにご興味はございますか？",,2026-04-20 21:56:53.116990+08:00
01KPNKJ64M0EA7TSC9V288QBAY,,7c65c429f129003c7d659a8d4cbe01a9,AGENT,初めまして！ 私、株式会社クレッセントのアシスタント、ゲッペイと申します。ライブ配信などで活用できるVolu☆ME!や、業界最高水準のモーションキャプチャシステムViconについてご紹介できます。,,2026-04-20 22:09:03.973755+08:00
01KPNKK9CXGG065RGF9DFV8VDC,,929e0b2208ffc52116437cabb7bc73ab,AGENT,"こんにちは！私は株式会社クレッセントのアシスタント、ゲッペイと申します。

ライブ配信などで活用できるVolu☆ME!や、業界最高水準のモーションキャプチャシステムViconについてご興味はありませんか？",,2026-04-20 22:09:37.980650+08:00
01KPNM5J30XR5ZYBS6J06DYN6W,,a42ae4d405f7cff2d42cde5b9c90eaf2,AGENT,こんにちは！株式会社クレッセントのアシスタント、月餅です。ライブ配信などで活用できるVolu☆ME!、業界最高水準のモーションキャプチャシステムViconなどがございます。,,2026-04-20 22:19:36.266080+08:00
01KPNN5FR1N1WMJ81RRXF7BVA9,,69f530af9c3ee622a37ebfe6f7365260,AGENT,こんにちは！株式会社クレッセントのアシスタント、ゲッペイと申します。ライブ配信などで活用できるVolu☆ME!や、業界最高水準のモーションキャプチャシステムViconについてご紹介できますが、ご興味はございますか？,,2026-04-20 22:37:05.010805+08:00
01KPNN6BBZB4H226E4W4SBNCEQ,,8b90ac1b0e36291cd4acd4ecf617fb35,AGENT,初めまして。私、株式会社クレッセントのアシスタント、ゲッペイと申します。ライブ配信などで活用できるVolu☆ME!と業界最高水準のモーションキャプチャシステムViconについてご紹介できます。,,2026-04-20 22:37:37.850015+08:00
01KPNPHDT998BEMG7X2AJ22KV9,,cc3a23dcedbdc583313d202775f5d0c8,AGENT,クレッセントのアシスタント、ゲッペイと申します。ライブ配信などで活用できるVolu☆ME!と業界最高水準のモーションキャプチャシステムViconについてご紹介できます。,,2026-04-20 23:01:03.267857+08:00
01KPNQBPN9K957SH3SBHS3VPEW,,0252b5859558ca979e2ec7039e7c6f7f,AGENT,こんにちは！ 株式会社クレッセントのアシスタント、ゲッペイと申します。ライブ配信などで活用できるVolu☆ME!や、業界最高水準のモーションキャプチャシステムViconなどにご興味はございますか？,,2026-04-20 23:15:23.368050+08:00
01KPNRM9A8P005P6F6VM1XJ82A,,04a5c9030897f874b753c128744d6fd8,AGENT,株式会社クレッセントのアシスタント、ゲッペイと申します。ライブ配信などで活用できるVolu☆ME!や、業界最高水準のモーションキャプチャシステムViconについてご紹介できます。,,2026-04-20 23:37:32.180472+08:00
01KPNRPH0QJ36PM3B5VSJTAFMW,,04a5c9030897f874b753c128744d6fd8,AGENT,"こんにちは！私は株式会社クレッセントのアシスタント、ゲッペイと申します。

ライブ配信などで活用できるVolu☆ME!や、業界最高水準のモーションキャプチャシステムViconについてご興味はありませんか？",,2026-04-20 23:38:45.920273+08:00
01KPNS6GSZR4CBBH7358940X64,,0cfd87e3bf6445f562a1d5918ef243cc,AGENT,こんにちは、私は株式会社クレッセントのアシスタント、ゲッペイと申します。ライブ配信などで活用できるVolu☆ME!や、業界最高水準のモーションキャプチャシステムViconについてお話しできます。,,2026-04-20 23:47:30.352455+08:00
01KPNT13RT4K8P0ZXMJJREP14N,,af1574229cb1a011a4b7ccf719b8785f,AGENT,こんにちは！私、株式会社クレッセントのアシスタント、ゲッペイと申します。ライブ配信などで活用できるVolu☆ME!や、業界最高水準のモーションキャプチャシステムViconについてご紹介できます。,,2026-04-21 00:02:06.850866+08:00
01KPPAEFB6K80GR7Z0606F0R3K,,58afd159fc6c65c454e1ad88cd98a6ea,AGENT,こんにちは！私は株式会社クレッセントのアシスタント、ゲッペイと申します。ライブ配信などで活用できるVolu☆ME!や、業界最高水準のモーションキャプチャシステムViconについてご紹介できます。,,2026-04-21 04:49:04.399516+08:00
01KPPEHW9JR7H2ZB7T6HECE686,,0946fba0849bbe5e738b42b9da960ca9,AGENT,はじめまして。株式会社クレッセントのアシスタント、月餅です。ライブ配信などで活用できるVolu☆ME!や、業界最高水準のモーションキャプチャシステムViconについてご紹介できます。,,2026-04-21 06:00:43.152899+08:00
01KPPEP79RME0H3MMD8J37KZ6P,,2f322e3bd16ce91eaac2c70dbd94276f,AGENT,ようこそ！わたくしは株式会社クレッセントのアシスタント、ゲッペイと申します。ライブ配信などで活用できるVolu☆ME!と業界最高水準のモーションキャプチャシステムViconについてご紹介できます。,,2026-04-21 06:03:04.482416+08:00
01KPPETJP3GKHMHC7B0M3DV7SW,,2f322e3bd16ce91eaac2c70dbd94276f,AGENT,株式会社クレッセントのアシスタント、ゲッペイと申します。ライブ配信などで活用できるVolu☆ME!と、業界最高水準のモーションキャプチャシステムViconについてご紹介できます。,,2026-04-21 06:05:27.321179+08:00
01KPPEYJDYS80ZBXAKHZW0MYBD,,cbadba0bfb8137da7b6c4e289f541daa,AGENT,クレッセントのアシスタント、ゲッペイと申します。ライブ配信などで活用できるVolu☆ME!、業界最高水準のモーションキャプチャシステムViconなどがございます。,,2026-04-21 06:07:39.766925+08:00
01KPPGVFV1S9R8BPR84SNXT33F,,9abe590102a81df20eab33cdea87496c,AGENT,初めまして。私、株式会社クレッセントのアシスタント、ゲッペイと申します。ライブ配信などで活用できるVolu☆ME!や、業界最高水準のモーションキャプチャシステムViconについてご紹介できます。,,2026-04-21 06:40:55.403844+08:00
01KPPJKDWENFH2KJWKZSWGAMJR,,666e295a0c85403f0f7229395a5ebca8,AGENT,いらっしゃいませ！私、株式会社クレッセントのアシスタント、ゲッペイと申します。ライブ配信などで活用できるVolu☆ME!と、業界最高水準のモーションキャプチャシステムViconにご興味はございますか？,,2026-04-21 07:11:27.525700+08:00
01KPPKKM6GP0HNKJREJASK0FZ3,,af1574229cb1a011a4b7ccf719b8785f,AGENT,株式会社クレッセントのアシスタント、ゲッペイと申します。ライブ配信などで活用できるVolu☆ME!と業界最高水準のモーションキャプチャシステムViconについてご紹介できます。,,2026-04-21 07:29:04.272868+08:00
01KPPKQ3HCGP9A2QEYCYZG0577,,2c606652e7fad033226d0a169b92e391,AGENT,はじめまして。私、株式会社クレッセントのアシスタント、ゲッペイと申します。ライブ配信などで活用できるVolu☆ME!や、業界最高水準のモーションキャプチャシステムViconなどにご興味はございますか？,,2026-04-21 07:31:05.208440+08:00
01KPPKRM17V0B2ACMBMZ9EF113,,2c606652e7fad033226d0a169b92e391,AGENT,初めまして。私、株式会社クレッセントのアシスタント「ゲッペイ」と申します。ライブ配信などで活用できるVolu☆ME!や、業界最高水準のモーションキャプチャシステムViconについてご紹介できます。,,2026-04-21 07:31:46.840390+08:00
01KPPKWXBBH2R8EPNJVKWFEA9M,,2c606652e7fad033226d0a169b92e391,AGENT,皆様、こんにちは。株式会社クレッセントのアシスタント、ゲッペイと申します。ライブ配信などで活用できるVolu☆ME!や、業界最高水準のモーションキャプチャシステムViconについてご紹介できます。,,2026-04-21 07:34:07.423222+08:00
01KPPMEG67ASCH4C8PSE3566R4,,c48e779780ca0e13aef3db181190c246,AGENT,お客様、こんにちは！私は株式会社クレッセントのアシスタント、ゲッペイと申します。ライブ配信などで活用できるVolu☆ME!、業界最高水準のモーションキャプチャシステムViconなどにご興味はございますか？,,2026-04-21 07:43:50.949494+08:00
01KPPMHC03NY246TWYSPDPHEXT,,c48e779780ca0e13aef3db181190c246,AGENT,はじめまして。株式会社クレッセントのアシスタント、ゲッペイと申します。ライブ配信などで活用できるVolu☆ME!と、業界最高水準のモーションキャプチャシステムViconについてご案内できます。,,2026-04-21 07:45:18.793897+08:00
01KPPMTED8419NSMAX4BR67VJB,,43f8f55ae5f96bb16cd44f8a778260a7,AGENT,月餅です。クレッセントのアシスタントをしております。ライブ配信などで活用できるVolu☆ME!、または業界最高水準のモーションキャプチャシステムViconにご興味はございますか？,,2026-04-21 07:50:47.551925+08:00
01KPPN8DXMWBATNBTGXVAPCPAJ,,afec6fb0cbdb050d6944e1a4dd24d408,AGENT,"こんにちは！私、株式会社クレッセントのアシスタント、ゲッペイと申します。

ライブ配信などで活用できるVolu☆ME!、業界最高水準のモーションキャプチャシステムViconについてご興味はありますか？",,2026-04-21 07:57:54.413248+08:00
01KPPP4DCNFBDVT4R0SM4XCTCN,,461111f8b48a634caf3b694543634ea2,AGENT,こんにちは、私は株式会社クレッセントのアシスタント、ゲッペイと申します。ライブ配信などで活用できるVolu☆ME!と業界最高水準のモーションキャプチャシステムViconについてご紹介できます。,,2026-04-21 08:13:09.931111+08:00
01KPPP6943RG5EVEXD17X34YZW,,0fb5a8fcdc4a11cb780d090a612af710,AGENT,初めまして。私、株式会社クレッセントのアシスタント、ゲッペイと申します。ライブ配信などで活用できるVolu☆ME!や、業界最高水準のモーションキャプチャシステムViconについてご紹介できます。,,2026-04-21 08:14:12.829638+08:00
01KPPR0PA9ARB8YC9BG29X2SGJ,,856492319e996d32f979267bef0ba7f3,AGENT,こんにちは！株式会社クレッセントのアシスタント、月餅です。ライブ配信などで活用できるVolu☆ME!、2026年最新スタジオにご興味はございませんか？,,2026-04-21 08:46:04.882973+08:00
01KPPR29KDJV40G2B5QVJ8P88X,,ba3297cb0361f8a947ea838cab0a94c6,AGENT,はじめまして。株式会社クレッセントのアシスタント、ゲッペイと申します。ライブ配信などで活用できるVolu☆ME!と、業界最高水準のモーションキャプチャシステムViconにご興味はございますか？,,2026-04-21 08:46:57.986753+08:00
01KPPR6H3T310DQD05DTNC119C,,c850f223ea01d4ec5609e7df779ab07d,AGENT,ようこそいらっしゃいました！株式会社クレッセントのアシスタント、ゲッペイと申します。ライブ配信などで活用できるVolu☆ME!や、業界最高水準のモーションキャプチャシステムViconについてご紹介できます。,,2026-04-21 08:49:17.414530+08:00
01KPPRKVEHXD1DGK4WD2VB94Y2,,0a7498bfd7df5e41ccb7205b3702310c,AGENT,"皆様、こんにちは！ 私は株式会社クレッセントのアシスタント、ゲッペイと申します。
ライブ配信などで活用できるVolu☆ME!と、業界最高水準のモーションキャプチャシステムViconにご興味はございますか？",,2026-04-21 08:56:34.714094+08:00
01KPPRRTRCY498HYTSVKNZTQ17,,78957f2387fbf5a5d2b5ed51ef4bee11,AGENT,株式会社クレッセントのアシスタント、ゲッペイと申します。ライブ配信などで活用できるVolu☆ME!と業界最高水準のモーションキャプチャシステムViconについてご紹介できます。,,2026-04-21 08:59:17.059651+08:00
01KPPS049WG699E1T12PTMVAC0,,e8744700dc9440aeced83683f9ac420a,AGENT,こんにちは、初めまして。私、株式会社クレッセントのアシスタント、ゲッペイと申します。ライブ配信などで活用できるVolu☆ME!、業界最高水準のモーションキャプチャシステムViconについてご紹介できます。,,2026-04-21 09:03:15.598631+08:00
01KPPS53M8W848G2X5G135QVYB,,3aea40be6d4d31e88c2d5fbdb4b5a978,AGENT,"月餅と申します。株式会社クレッセントのアシスタントです。
ライブ配信などで活用できるVolu☆ME!、または業界最高水準のモーションキャプチャシステムViconにご興味はございますか？",,2026-04-21 09:05:59.477211+08:00
01KPPSVM9VH0AGTWV6YQHTPQG6,,12bc0b2547c681c69ff0868e18fff242,AGENT,こんにちは！株式会社クレッセントのアシスタント、月餅です。ライブ配信などで活用できるVolu☆ME!や、業界最高水準のモーションキャプチャシステムViconについてご興味はありませんか？,,2026-04-21 09:18:18.281091+08:00
01KPPSWKSKAWN1KY59SCKCPCW4,,9ac1233fee99a572503d269e9dfbdf32,AGENT,お客様、こんにちは。私、株式会社クレッセントのアシスタント、ゲッペイと申します。ライブ配信などで活用できるVolu☆ME!や、業界最高水準のモーションキャプチャシステムViconについてご紹介できます。,,2026-04-21 09:19:04.621141+08:00
01KPPSX1HE7CYVHXPY9XP59G3F,,0a7498bfd7df5e41ccb7205b3702310c,AGENT,皆様、こんにちは。私、株式会社クレッセントのアシスタント、ゲッペイと申します。ライブ配信などで活用できるVolu☆ME!と業界最高水準のモーションキャプチャシステムViconについてご紹介できます。,,2026-04-21 09:19:02.995817+08:00
01KPPSY5WV1737H9E66CKPZ4WH,,12bc0b2547c681c69ff0868e18fff242,AGENT,こんにちは。私は株式会社クレッセントのアシスタント、ゲッペイと申します。ライブ配信などで活用できるVolu☆ME!や、業界最高水準のモーションキャプチャシステムViconについてお話しできます。,,2026-04-21 09:19:40.465078+08:00
01KPPT08W3JMSF3KMHX9PQJV66,,274efea7e8ac7610601b8dc25dcac5f8,AGENT,初めまして、私は株式会社クレッセントのアシスタント、ゲッペイと申します。ライブ配信などで活用できるVolu☆ME!や、業界最高水準のモーションキャプチャシステムViconなどにご興味はございますか？,,2026-04-21 09:20:49.332992+08:00
01KPPT3DE16A45TJMSZC495455,,4d963d4d1692533e9939ee99de029db5,AGENT,クレッセントのアシスタント、ゲッペイと申します。ライブ配信などで活用できるVolu☆ME!と業界最高水準のモーションキャプチャシステムViconについてご紹介できます。,,2026-04-21 09:22:32.511923+08:00
01KPPT55ZVDDA04M7C70S9H99J,,e8f7cbe27ca29c2a3f7264a75ecba9da,AGENT,ゲッペイと申します。クレッセントのアシスタントです。何かお手伝いできることはありますか？,,2026-04-21 09:23:30.034842+08:00
01KPPT61TBBHVEG3TTW1S4GHVW,,e8f7cbe27ca29c2a3f7264a75ecba9da,AGENT,"はじめまして。私、株式会社クレッセントのアシスタント、ゲッペイと申します。

ライブ配信などで活用できるVolu☆ME!、業界最高水準のモーションキャプチャシステムViconにご興味はございますか？",,2026-04-21 09:23:57.980590+08:00
01KPPTEN7PV7EZEWE74JSZTTKG,,74445064f48eeab0c3ad7412dbbc7f55,AGENT,初めまして。私、株式会社クレッセントのアシスタント「ゲッペイ」と申します。ライブ配信などで活用できるVolu☆ME!と、業界最高水準のモーションキャプチャシステムViconにご興味はありますか？,,2026-04-21 09:28:52.891058+08:00
01KPPTFFMXGWZWMANSC6K10Q7M,,acec44b65b62dfa46c7e93bf5e1660d7,AGENT,"株式会社クレッセントのアシスタント、月餅と申します。
ライブ配信などで活用できるVolu☆ME!と、業界最高水準のモーションキャプチャシステムViconにご興味はありませんか？",,2026-04-21 09:29:06.716881+08:00
01KPPTG9N2W04SP20QKW3HCNDJ,,12bc0b2547c681c69ff0868e18fff242,AGENT,株式会社クレッセントのアシスタント、ゲッペイと申します。ライブ配信などで活用できるVolu☆ME!と、業界最高水準のモーションキャプチャシステムViconにご興味はありませんか？,,2026-04-21 09:29:37.941687+08:00
01KPPV5BBJATPXPH67GF62AVQK,,ae5b264911f586f46cf2c0acfefd5d8e,AGENT,こんにちは！株式会社クレッセントのアシスタント、月餅です。ライブ配信などで活用できるVolu☆ME!と業界最高水準のモーションキャプチャシステムViconについてご紹介できます。,,2026-04-21 09:41:03.352672+08:00
01KPPV8YBEJG6FBZZAJ6WKMAPS,,274efea7e8ac7610601b8dc25dcac5f8,AGENT,株式会社クレッセントのアシスタント、月餅と申します。ライブ配信などで活用できるVolu☆ME!、業界最高水準のモーションキャプチャシステムViconなど、クレッセントの最新技術にご興味はございますか。,,2026-04-21 09:43:02.362297+08:00
01KPPVNN4NBKBAKJG67YM0CDT4,,94d6ce583e07d11dddd8d4f1a565dd49,AGENT,いらっしゃいませ。私が株式会社クレッセントのアシスタント、ゲッペイです。ライブ配信などで活用できるVolu☆ME!や、業界最高水準のモーションキャプチャシステムViconについてご紹介できます。,,2026-04-21 09:49:57.744028+08:00
01KPPVRMYWVBG7721HS0C246K2,,eda1fad2b3fcdad3fd0162c108387f04,AGENT,クレッセントのアシスタント、ゲッペイと申します。ライブ配信などで活用できるVolu☆ME!、または業界最高水準のモーションキャプチャシステムViconについて興味はございますか？,,2026-04-21 09:51:35.963578+08:00
01KPPW31AAJMMTN0J90JKAP1EY,,14d8b0de30f27b1670ab3041b22d29b8,AGENT,"こんにちは、ゲッペイと申します。株式会社クレッセントのアシスタントです。
ライブ配信などで活用できるVolu☆ME!、業界最高水準のモーションキャプチャシステムViconにご興味はございますか？",,2026-04-21 09:57:16.138270+08:00
01KPPWCZJVEZYW2T213B186EW4,,1b0c1d2dda182d74480e4a8e3b0ef6d4,AGENT,こんにちは！株式会社クレッセントのアシスタント、ゲッペイと申します。ライブ配信などで活用できるVolu☆ME!や、業界最高水準のモーションキャプチャシステムViconについてご紹介できます。,,2026-04-21 10:02:43.011541+08:00
01KPPWE8N0CPJZT5KFJ59V6GF0,,e9c6573135c0c2173d8b27d37694a3eb,AGENT,こんにちは！クレッセントのアシスタント、ゲッペイと申します。ライブ配信などで活用できるVolu☆ME!、そして業界最高水準のモーションキャプチャシステムViconについてご紹介できます。,,2026-04-21 10:03:37.000716+08:00
01KPPWRZRB38SVP3PV79MB1NXC,,d0ec90842449bf8d64ca4021baddb34b,AGENT,はじめまして！株式会社クレッセントのアシスタント、ゲッペイと申します。ライブ配信などで活用できるVolu☆ME!や、業界最高水準のモーションキャプチャシステムViconについてご興味はございますか？,,2026-04-21 10:09:16.029220+08:00
01KPPX0DA0VEFGVZ0MKAXJ9GTX,,9d2c2d160e328cc18b9e3ff9b0294268,AGENT,皆様、こんにちは。株式会社クレッセントのアシスタント、ゲッペイと申します。ライブ配信などで活用できるVolu☆ME!、そして業界最高水準のモーションキャプチャシステムViconについてご紹介できます。,,2026-04-21 10:13:25.231891+08:00
01KPPXCZNJVWGDV3KC8WDFZ0A5,,929e0b2208ffc52116437cabb7bc73ab,AGENT,お客様、こんにちは。私、株式会社クレッセントのアシスタント、ゲッペイと申します。ライブ配信などで活用できるVolu☆ME!、2026年最新スタジオについてご興味はございますか？,,2026-04-21 10:20:13.882440+08:00
01KPPXD2TM3EFV35HH3WCMPW0A,,c4bc664450341c0335e3119ff65bbdc2,AGENT,お客様、こんにちは。私、株式会社クレッセントのアシスタント、ゲッペイと申します。ライブ配信などで活用できるVolu☆ME!、業界最高水準のモーションキャプチャシステムViconなどがございますが、他に何かご興味はありますか？,,2026-04-21 10:20:20.749377+08:00
01KPPXD2YSRSK7XTRQ1KAM7M60,,3397d6b60943e1457c5ae11c172305cf,AGENT,月餅と申します。株式会社クレッセントのアシスタントです。ライブ配信などで活用できるVolu☆ME!や、業界最高水準のモーションキャプチャシステムViconについてご紹介できます。,,2026-04-21 10:20:21.453977+08:00
01KPPY1N36C6EY0BGJRAC945DZ,,69c18283dd359a7437f42fb4d38665af,AGENT,こんにちは！株式会社クレッセントのアシスタント、月餅（ゲッペイ）と申します。ライブ配信などで活用できるVolu☆ME!や、業界最高水準のモーションキャプチャシステムViconについてご紹介できます。,,2026-04-21 10:31:30.898237+08:00
01KPPYN6VC4JKNAH2HTGMYWER7,,40af9aaba429bb7cbe1254e49a62490c,AGENT,株式会社クレッセントのゲッペイと申します。ライブ配信などで活用できるVolu☆ME!や、業界最高水準のモーションキャプチャシステムViconにご興味はございますか？,,2026-04-21 10:42:28.557761+08:00
01KPPYQEYZ53C7F6SDVXPAAZX3,,04650e54d98eb48688b8f6d730596aa2,AGENT,こんにちは。株式会社クレッセントのアシスタント、月餅（ゲッペイ）と申します。ライブ配信などで活用できるVolu☆ME!と、業界最高水準のモーションキャプチャシステムViconについてご紹介できます。,,2026-04-21 10:43:23.452818+08:00
01KPPZ1WN9GNSB4VY7K7VRHD73,,34a711c2d62d2260f32781f855c1a8cb,AGENT,初めまして。私、株式会社クレッセントのアシスタント、ゲッペイと申します。ライブ配信などで活用できるVolu☆ME!や、業界最高水準のモーションキャプチャシステムViconについてご紹介できます。,,2026-04-21 10:49:04.972391+08:00
01KPPZ3TVEY9N12PAHWKZWRMAN,,ab79fc2266e04327b050683ef823695c,AGENT,はじめまして。私、株式会社クレッセントのアシスタント、ゲッペイと申します。ライブ配信などで活用できるVolu☆ME!、業界最高水準のモーションキャプチャシステムViconなどがございますが、何かご興味はございますか？,,2026-04-21 10:50:08.761853+08:00
01KPPZ4GE6F16VYB3NNFXBRCYA,,34a711c2d62d2260f32781f855c1a8cb,AGENT,はじめまして。株式会社クレッセントのアシスタント、ゲッペイと申します。私はライブ配信などで活用できるVolu☆ME!や、業界最高水準のモーションキャプチャシステムViconについてご案内できます。,,2026-04-21 10:50:30.811059+08:00
01KPPZ8FPJERWQ9GDHRWT9C2C3,,9d97c1210112bedc1667c1baa1cef583,AGENT,初めまして。私は株式会社クレッセントのアシスタント、月餅（ゲッペイ）と申します。ライブ配信などで活用できるVolu☆ME!や、業界最高水準のモーションキャプチャシステムViconなど、クレッセントの最新技術にご興味はございますか？,,2026-04-21 10:52:41.769941+08:00
01KPPZXF46Q50Q3MC08PHTRRQ4,,85b4d449b29048e6e6a832994683adce,AGENT,こんにちは、私は株式会社クレッセントのアシスタント、ゲッペイと申します。ライブ配信などで活用できるVolu☆ME!と、業界最高水準のモーションキャプチャシステムViconについてご紹介できます。,,2026-04-21 11:04:10.153728+08:00
01KPQ02NP2M8E7ZNMR2AE99TZE,,866c82ddd01286fe2abd488a3144867b,AGENT,お客様、こんにちは。私は株式会社クレッセントのアシスタント、ゲッペイと申します。ライブ配信などで活用できるVolu☆ME!や、業界最高水準のモーションキャプチャシステムViconについてご紹介できます。,,2026-04-21 11:06:58.785316+08:00
01KPQ05HPEN4Z20F4Q5R9FHFKF,,c4e05362b013871ca59cc81c6ab96e50,AGENT,株式会社クレッセントのアシスタント、ゲッペイと申します。ライブ配信などで活用できるVolu☆ME!と、業界最高水準のモーションキャプチャシステムViconにご興味はありませんか？,,2026-04-21 11:08:32.989117+08:00
01KPQ0B5G1C9V65XRK6H1A67XS,,b41b7839c0a381d09ea18f3f961d19e3,AGENT,こんにちは、私は株式会社クレッセントのアシスタント、ゲッペイと申します。ライブ配信などで活用できるVolu☆ME!や、業界最高水準のモーションキャプチャシステムViconについてご紹介できます。,,2026-04-21 11:11:38.608921+08:00
01KPQ0DKN41NAJ11RX2C5Y10WK,,f83b98c36017ab4d7ad6a39f320897d8,AGENT,失礼いたします。私は株式会社クレッセントのアシスタント、ゲッペイと申します。ライブ配信などで活用できるVolu☆ME!や、業界最高水準のモーションキャプチャシステムViconなどについてお話しできます。,,2026-04-21 11:12:56.536595+08:00
01KPQ121MF803EEEMYBDKB720W,,94d6ce583e07d11dddd8d4f1a565dd49,AGENT,お客様、ようこそ。私、株式会社クレッセントのアシスタント、ゲッペイと申します。ライブ配信などで活用できるVolu☆ME!と、業界最高水準のモーションキャプチャシステムViconについてご紹介できます。,,2026-04-21 11:24:06.044118+08:00
01KPQ1CT28PVRDKXPKVGPYTNEZ,,eaf61d058a43ae1534cc0e6f96519e6d,AGENT,こんにちは！私は株式会社クレッセントのアシスタント、ゲッペイと申します。ライブ配信などで活用できるVolu☆ME!や、業界最高水準のモーションキャプチャシステムViconについてお話しできます。,,2026-04-21 11:29:59.624919+08:00
01KPQ1TPGQCX6TJXQVNZMPHJN4,,7d982c5fae6281134b3688bd60c9121f,AGENT,株式会社クレッセントのアシスタント、ゲッペイと申します。ライブ配信などで活用できるVolu☆ME!や、業界最高水準のモーションキャプチャシステムViconについてご紹介できます。,,2026-04-21 11:37:34.437383+08:00
01KPQ1V9174TTA544EVQG4QPJR,,53e210f8323f7c65021e34f199759429,AGENT,月餅と申します。株式会社クレッセントのアシスタントです。ライブ配信などで活用できるVolu☆ME!と、業界最高水準のモーションキャプチャシステムViconについてご紹介できます。,,2026-04-21 11:37:57.020284+08:00
01KPQ1WTZKVZMSCC03VYJ8SCAB,,7d982c5fae6281134b3688bd60c9121f,AGENT,こんにちは。株式会社クレッセントのアシスタント、月餅と申します。ライブ配信などで活用できるVolu☆ME!、2026年最新スタジオ、連携実績など、ご興味はございますか？,,2026-04-21 11:38:44.150493+08:00
01KPQ28YTMAKMSB3REWSV50ESN,,d8c647227c76a70f43c0fa463c12d90d,AGENT,株式会社クレッセントのアシスタント、ゲッペイと申します。ライブ配信などで活用できるVolu☆ME!と、業界最高水準のモーションキャプチャシステムViconにご興味はありませんか？,,2026-04-21 11:45:21.893670+08:00
01KPQ2CVWN9XZ30T1R3JYZAGPF,,901083c181322d22a3ad2f6cd6b130a6,AGENT,株式会社クレッセントのアシスタント、ゲッペイと申します。ライブ配信などで活用できるVolu☆ME!と、業界最高水準のモーションキャプチャシステムViconにご興味はありませんか？,,2026-04-21 11:47:29.816729+08:00
01KPQ2E9KE4VJKFZSQHWP62YXM,,9598a6d296760aa1b2ea20efa1ed8742,AGENT,こんにちは。私は株式会社クレッセントのアシスタント、ゲッペイと申します。ライブ配信などで活用できるVolu☆ME!と、業界最高水準のモーションキャプチャシステムViconにご興味はありますか？,,2026-04-21 11:48:18.485785+08:00
01KPQ2PW7THNPJZGFZA46FN81M,,40af9aaba429bb7cbe1254e49a62490c,AGENT,こんにちは、私は株式会社クレッセントのアシスタント、ゲッペイと申します。ライブ配信などで活用できるVolu☆ME!と、2026年最新スタジオについてご案内できます。,,2026-04-21 11:52:57.472658+08:00
01KPQ2T401HPBSJHY55WD74R6C,,a0b9f63c898d7191817d6bcbdf56723f,AGENT,"こんにちは、ゲッペイと申します。株式会社クレッセントのアシスタントです。

ライブ配信などで活用できるVolu☆ME!、業界最高水準のモーションキャプチャシステムViconにご興味はございますか？",,2026-04-21 11:54:51.204882+08:00
01KPQ2VFCHMSFPG5QKWV5FDGFP,,0e207df07ed761e1e859bba265bd6d73,AGENT,こんにちは！私は株式会社クレッセントのアシスタント、ゲッペイと申します。ライブ配信などで活用できるVolu☆ME!や、業界最高水準のモーションキャプチャシステムViconについてご興味はありませんか？,,2026-04-21 11:55:31.774651+08:00
01KPQ32YQF4RRXP6Y1HB8MK47A,,274efea7e8ac7610601b8dc25dcac5f8,AGENT,お客様、こんにちは！私は株式会社クレッセントのアシスタント、ゲッペイと申します。ライブ配信などで活用できるVolu☆ME!や、業界最高水準のモーションキャプチャシステムViconなどについてご案内できます。,,2026-04-21 11:59:39.144734+08:00
01KPQ35Q8R5ZMGTSC71CTENBWG,,6dacebce9aa695d10ea34879673dcc50,AGENT,こんにちは、株式会社クレッセントのアシスタント、ゲッペイと申します。ライブ配信などで活用できるVolu☆ME!や、業界最高水準のモーションキャプチャシステムViconについてご紹介できます。,,2026-04-21 12:01:04.308289+08:00
01KPQ36KM5P0997C1KTTGD49TW,,13d29c043e4c932b4840405315c40a96,AGENT,"こんにちは！ 私は株式会社クレッセントのアシスタント、ゲッペイと申します。

ライブ配信などで活用できるVolu☆ME!、または業界最高水準のモーションキャプチャシステムViconについてご興味はありますか？",,2026-04-21 12:01:33.514143+08:00
01KPQ37CRXVMD6D1T2NB1EE3B6,,415bc724e8009ded4fc4ef0c2c7b6d22,AGENT,お客様、こんにちは。私は株式会社クレッセントのアシスタント、ゲッペイと申します。ライブ配信などで活用できるVolu☆ME!、業界最高水準のモーションキャプチャシステムVicon、どちらにご興味がございますか？,,2026-04-21 12:02:03.394376+08:00
01KPQ38RPFP9TH0ZHCRWZSA2HJ,,51d4c1a3b0e1262800a1af02f4784e7b,AGENT,こんにちは。株式会社クレッセントのアシスタント、ゲッペイと申します。ライブ配信などで活用できるVolu☆ME!や、業界最高水準のモーションキャプチャシステムViconについてご興味はございますか？,,2026-04-21 12:16:02.532254+08:00
01KPQ41WASRNGKE5A624CD2Z42,,8a1c1fd44b3b470383d8f1ba7178ff7a,AGENT,株式会社クレッセントのアシスタント、ゲッペイと申します。ライブ配信などで活用できるVolu☆ME!と、業界最高水準のモーションキャプチャシステムViconにご興味はありませんか？,,2026-04-21 12:16:28.613835+08:00
01KPQ42FM2ABQ0Z8N53JVJ3QDK,,463f97fa3b0428ed59483710b278f2ff,AGENT,こんにちは！ 私、クレッセントのアシスタント、ゲッペイと申します。ライブ配信などで活用できるVolu☆ME!と、2026年最新スタジオについてご紹介できます。,,2026-04-21 12:16:47.320052+08:00
01KPQ49HXVA479DYKPE40THV2Q,,408b4b8c76516d500b6231e5685fcb34,AGENT,"こんにちは！ 私は株式会社クレッセントのアシスタント、ゲッペイと申します。

ライブ配信などで活用できるVolu☆ME!、そして2026年最新スタジオについてご興味はございますか？",,2026-04-21 12:20:46.067641+08:00
01KPQ4C021HJJWR5WRWQH8Y9BK,,21808b5881e4dd4b64c7beed1f607f15,AGENT,"こんにちは、ゲッペイと申します。株式会社クレッセントのアシスタントです。

ライブ配信などで活用できるVolu☆ME!と、業界最高水準のモーションキャプチャシステムViconにご興味はございますか？",,2026-04-21 12:21:59.516513+08:00
01KPQ4VQWHVDQHSK09NYK47TRD,,220aacaadf6fbaa730bb7d945a37a7a1,AGENT,"株式会社クレッセントのアシスタント「ゲッペイ」と申します。

本日はどのようなご用件でしょうか？ライブ配信などで活用できるVolu☆ME!、または業界最高水準のモーションキャプチャシステムViconについてご興味はございますか？",,2026-04-21 12:30:35.511098+08:00
01KPQ58XM8HW5ZTWPG5EEB2TYD,,b6ec234dbc0cf544dfa4f1e3df6854a9,AGENT,株式会社クレッセントのアシスタント、月餅です。ライブ配信などで活用できるVolu☆ME!と、2026年最新スタジオについてご案内できます。,,2026-04-21 12:37:46.757988+08:00
01KPQ594Y418MS5GZ5C0GBEJDE,,2b1f4e8119f49279a0f4a1b48c64ba08,AGENT,失礼いたします。株式会社クレッセントのアシスタント、ゲッペイと申します。ライブ配信などで活用できるVolu☆ME!や、業界最高水準のモーションキャプチャシステムViconについてお話しできます。,,2026-04-21 12:37:53.885251+08:00
01KPQ598REHM6HJ3C9E4DN4030,,13d29c043e4c932b4840405315c40a96,AGENT,こんにちは。株式会社クレッセントのアシスタント、月餅（ゲッペイ）と申します。ライブ配信などで活用できるVolu☆ME!と業界最高水準のモーションキャプチャシステムViconについてご紹介できます。,,2026-04-21 12:37:57.963644+08:00
01KPQ59M40M5P6B9GGA2B629PZ,,13d29c043e4c932b4840405315c40a96,AGENT,こんにちは！ 私、クレッセントのアシスタント、ゲッペイと申します。ライブ配信などで活用できるVolu☆ME!と、業界最高水準のモーションキャプチャシステムViconにご興味はありますか？,,2026-04-21 12:38:08.976084+08:00
01KPQ5CWVAAG5SRMEC6QMY9PE6,,17116c6dab8d59492e12eebacae7ce8b,AGENT,こんにちは！株式会社クレッセントのアシスタント、月餅（ゲッペイ）と申します。ライブ配信などで活用できるVolu☆ME!と、業界最高水準のモーションキャプチャシステムViconにご興味はございますか？,,2026-04-21 12:39:56.743854+08:00
01KPQ5E31H41YJMJAYCSXRYMSR,,5cde1b5e0e5a3793a9205ae1fa088379,AGENT,株式会社クレッセントのアシスタント、月餅と申します。ライブ配信などで活用できるVolu☆ME!や、業界最高水準のモーションキャプチャシステムViconについてご興味はありますか？,,2026-04-21 12:40:36.021043+08:00
01KPQ5Q197PZ9VQFSCMT6TFF7G,,f7832a499638a7c2ca2b544090113531,AGENT,はじめまして。株式会社クレッセントのアシスタント、ゲッペイと申します。ライブ配信などで活用できるVolu☆ME!や、業界最高水準のモーションキャプチャシステムViconについてご紹介できます。,,2026-04-21 12:45:40.893903+08:00
01KPQ5TB29EQTWMJCQWQKQG5Y2,,63cc9ce012622563637382acb98e7e15,AGENT,皆様、こんにちは！ 株式会社クレッセントのアシスタント、ゲッペイと申します。ライブ配信などで活用できるVolu☆ME!、そして業界最高水準のモーションキャプチャシステムViconについてご紹介できます。,,2026-04-21 12:47:17.474002+08:00
01KPQ65TYD0H76J7534YW6RPET,,b700b224ec929ddce3ffc1a85a4ff201,AGENT,クレッセントのアシスタント、ゲッペイと申します。ライブ配信などで活用できるVolu☆ME!、または業界最高水準のモーションキャプチャシステムViconにご興味はございますか？,,2026-04-21 12:53:33.808139+08:00
01KPQ694YRD4BJ0AG39MV1G6XJ,,b9bdd6a967aceace4860601b75fd040f,AGENT,こんにちは！株式会社クレッセントのアシスタント、ゲッペイと申します。ライブ配信などで活用できるVolu☆ME!や、業界最高水準のモーションキャプチャシステムViconについてご紹介できます。,,2026-04-21 12:55:22.107816+08:00
01KPQ6SYKV8QD92D9DWSM7MZY6,,0fd46c607d057b3153547c0a4c7ace61,AGENT,こんにちは。私、株式会社クレッセントのアシスタント、ゲッペイと申します。ライブ配信などで活用できるVolu☆ME!や、業界最高水準のモーションキャプチャシステムViconについてご紹介できます。,,2026-04-21 13:06:14.668737+08:00
01KPQ6ZH6PT6NCP13T3AVPKHXR,,e39892d12d89e0c590f3a8066a05f664,AGENT,初めまして！ 株式会社クレッセントのアシスタント、ゲッペイと申します。ライブ配信などで活用できるVolu☆ME!、業界最高水準のモーションキャプチャシステムViconなどがございます。,,2026-04-21 13:07:35.865731+08:00
01KPQ701KCPXYFYMMVTM41YBFN,,e39892d12d89e0c590f3a8066a05f664,AGENT,"こんにちは、ゲッペイと申します。株式会社クレッセントのアシスタントです。

ライブ配信などで活用できるVolu☆ME!、業界最高水準のモーションキャプチャシステムViconにご興味はございますか？",,2026-04-21 13:07:56.889331+08:00
01KPQ7YHVEWRHKK4HZ3RM6JA06,,f091ddeb8dd039012d606e757f9a65b5,AGENT,初めまして。私、株式会社クレッセントのアシスタント、ゲッペイと申します。ライブ配信などで活用できるVolu☆ME!や、業界最高水準のモーションキャプチャシステムViconについてご紹介できます。,,2026-04-21 13:24:32.019722+08:00
01KPQ7YV1S2NGF6NHXXFRVGVY1,,4415f78ab2dd1b69f998197580380fad,AGENT,こんにちは！株式会社クレッセントのアシスタント、ゲッペイと申します。ライブ配信などで活用できるVolu☆ME!や、業界最高水準のモーションキャプチャシステムViconについてご紹介できます。,,2026-04-21 13:24:45.876000+08:00
01KPQ8HMZRW1EZFHJB76CJV2HY,,0946fba0849bbe5e738b42b9da960ca9,AGENT,クレッセントのアシスタント、ゲッペイと申します。ライブ配信などで活用できるVolu☆ME!や、業界最高水準のモーションキャプチャシステムViconについてご興味はございますか？,,2026-04-21 13:34:58.748887+08:00
01KPQ8KCFK9ETDN1GWGJFM7Y1Q,,0946fba0849bbe5e738b42b9da960ca9,AGENT,ようこそお越しくださいました。私は株式会社クレッセントのアシスタント、ゲッペイと申します。ライブ配信などで活用できるVolu☆ME!や、業界最高水準のモーションキャプチャシステムViconについてご興味はございませんか？,,2026-04-21 13:35:55.054080+08:00
01KPQ9D1GZ5KKS39MN9VHQVRDY,,7dccbeffc46a3aff1b539d2cbfdd6247,AGENT,こんにちは、ゲッペイと申します。株式会社クレッセントのアシスタントをしております。,,2026-04-21 13:50:00.973019+08:00
01KPQ9EX27ZE62JZMA6YTV21YS,,ac0c31d022ae60cd6653e2dee529cebe,AGENT,株式会社クレッセントのアシスタント、ゲッペイと申します。ライブ配信などで活用できるVolu☆ME!や、業界最高水準のモーションキャプチャシステムViconについてご紹介できます。,,2026-04-21 13:51:03.408358+08:00
01KPQ9JRATHDKP07D0HPFMC9NR,,29dd8e4d79b42c748c3ef09df9a98cfb,AGENT,こんにちは！私、株式会社クレッセントのアシスタント、ゲッペイと申します。ライブ配信などで活用できるVolu☆ME!や、業界最高水準のモーションキャプチャシステムViconについてご紹介できます。,,2026-04-21 13:53:05.215132+08:00
01KPQ9RYNCE609995M31N490EP,,9675257cb4dc02c459d038dd906d6fc0,AGENT,こんにちは！私は株式会社クレッセントのアシスタント、ゲッペイと申します。ライブ配信などで活用できるVolu☆ME!や、業界最高水準のモーションキャプチャシステムViconについてご紹介できます。,,2026-04-21 13:56:32.158005+08:00
01KPQ9SFRW4KKRG7XD066H6AD0,,9675257cb4dc02c459d038dd906d6fc0,AGENT,"はい、喜んで。

ゲッペイと申します。株式会社クレッセントのアシスタントをしております。ライブ配信などで活用できるVolu☆ME!、業界最高水準のモーションキャプチャシステムVicon、どちらにご興味がありますか？",,2026-04-21 13:56:48.711925+08:00
01KPQA15MB6ZDKGS2Q97MJV2A5,,74717465d16c0a90446ec3bafa793187,AGENT,"初めまして。私、株式会社クレッセントのアシスタント、ゲッペイと申します。
ライブ配信などで活用できるVolu☆ME!と業界最高水準のモーションキャプチャシステムViconについてご紹介できます。",,2026-04-21 14:00:55.297309+08:00
01KPQA7VZQ266Z0K7JAXPDXMG9,,718413b7f9e83605ede3892f06da88ee,AGENT,クレッセントのゲッペイと申します。ライブ配信などで活用できるVolu☆ME!や、業界最高水準のモーションキャプチャシステムViconについてご紹介できます。,,2026-04-21 14:04:34.764804+08:00
01KPQANR6HW5VFHEA4BJWSR0GH,,1b0c1d2dda182d74480e4a8e3b0ef6d4,AGENT,こんにちは！株式会社クレッセントのアシスタント、ゲッペイと申します。ライブ配信などで活用できるVolu☆ME!や、業界最高水準のモーションキャプチャシステムViconについてご紹介できます。,,2026-04-21 14:12:09.905400+08:00
01KPQAQ078C0MQGNNAMCGGGR8H,,fda33dde18b6c7b633f308606dea549a,AGENT,こんにちは！株式会社クレッセントのアシスタント、月餅です。ライブ配信などで活用できるVolu☆ME!や、業界最高水準のモーションキャプチャシステムViconについてご興味はありませんか？,,2026-04-21 14:12:51.221230+08:00
01KPQAT3GF292AJ56QS7D6SVNP,,fda33dde18b6c7b633f308606dea549a,AGENT,ようこそいらっしゃいました。私、株式会社クレッセントのアシスタント、ゲッペイと申します。ライブ配信などで活用できるVolu☆ME!や、業界最高水準のモーションキャプチャシステムViconについてご興味はありますでしょうか？,,2026-04-21 14:14:31.917670+08:00
01KPQAVWPD8YZB8E7AZE4TVYT7,,39d605adcfd603e621835303cfe45d6f,AGENT,株式会社クレッセントのゲッペイと申します。ライブ配信などで活用できるVolu☆ME!、業界最高水準のモーションキャプチャシステムViconなど、弊社には様々なソリューションがございます。,,2026-04-21 14:15:30.878990+08:00
01KPQAYG5R40X7M5WQJ8ETWEMH,,222b9971c87b272e39951de5c91620f8,AGENT,"こんにちは！ 私、クレッセントのアシスタント、ゲッペイと申します。

ライブ配信などで活用できるVolu☆ME!、2026年最新スタジオにご興味はございませんか？",,2026-04-21 14:16:56.005482+08:00
01KPQB4YP3WGG0NZE49D0PKZZP,,6670326894e18cf2215f17f500206f7d,AGENT,はじめまして。株式会社クレッセントのアシスタント、ゲッペイと申します。ライブ配信などで活用できるVolu☆ME!や、業界最高水準のモーションキャプチャシステムViconについてご紹介できます。,,2026-04-21 14:20:27.473029+08:00
01KPQBA1NC3024V3MPV2SFP6WK,,4e8fad1578bbbcf4062350bce3ae564d,AGENT,"月餅です。クレッセントのアシスタントをしております。

ライブ配信などで活用できるVolu☆ME!、業界最高水準のモーションキャプチャシステムViconなど、クレッセントの最新技術にご興味はございますか？",,2026-04-21 14:23:15.061470+08:00
01KPQC37HBDH9CJ6A1QF90BBXV,,8a781c979fe28e85dc8269100c77c02f,AGENT,こんにちは！株式会社クレッセントのアシスタント、月餅です。ライブ配信などで活用できるVolu☆ME!や、業界最高水準のモーションキャプチャシステムViconについてご興味はありますか？,,2026-04-21 14:37:00.171130+08:00
01KPQC7X0KR0Q3AXVNNBJ19T11,,0946fba0849bbe5e738b42b9da960ca9,AGENT,こんにちは。私、株式会社クレッセントのアシスタント、ゲッペイと申します。ライブ配信などで活用できるVolu☆ME!、業界最高水準のモーションキャプチャシステムVicon、どちらにご興味がございますか？,,2026-04-21 14:39:34.456144+08:00
01KPQCRDSJCCH2VPT76BDMY6S3,,8521cff1a58ce41fa8208b7b11af4e51,AGENT,はじめまして！ 株式会社クレッセントのアシスタント、ゲッペイと申します。ライブ配信などで活用できるVolu☆ME!と業界最高水準のモーションキャプチャシステムViconについてご紹介できますが、ご興味はございますか？,,2026-04-21 14:48:33.897002+08:00
01KPQD96WX5W8REK6CSCJVYB39,,40af9aaba429bb7cbe1254e49a62490c,AGENT,こんにちは！株式会社クレッセントのアシスタント、ゲッペイと申します。ライブ配信などで活用できるVolu☆ME!や、業界最高水準のモーションキャプチャシステムViconについてご紹介できます。,,2026-04-21 14:57:44.181854+08:00
01KPQDBCKW3N0WMM0F779KBCMB,,617607bf8ec437d931c7beb368ec5b20,AGENT,初めまして。私、株式会社クレッセントのアシスタント、ゲッペイと申します。ライブ配信などで活用できるVolu☆ME!、業界最高水準のモーションキャプチャシステムViconなどがございます。,,2026-04-21 14:59:00.632470+08:00
01KPQDRT5QSHXN1JVTHD9FJR0R,,ffa440b185ebdcc43d602fb00cffb644,AGENT,初めまして。私、株式会社クレッセントのアシスタント、ゲッペイと申します。ライブ配信などで活用できるVolu☆ME!、業界最高水準のモーションキャプチャシステムViconなど、様々なソリューションをご用意しております。,,2026-04-21 15:06:17.734713+08:00
01KPQDTNQAGFVNSJ8KQ83QCEVY,,daa245e61e45082b78b06427555a4a29,AGENT,こんにちは、私は株式会社クレッセントのアシスタント、ゲッペイと申します。ライブ配信などで活用できるVolu☆ME!、業界最高水準のモーションキャプチャシステムViconなどがございます。,,2026-04-21 15:07:24.145965+08:00
01KPQF23W9FT23KNA5SPC3749Z,,db24b1b9afafc1d6687635685ce39828,AGENT,こんにちは、私は株式会社クレッセントのアシスタント、ゲッペイと申します。ライブ配信などで活用できるVolu☆ME!や、業界最高水準のモーションキャプチャシステムViconについてご興味はありますか？,,2026-04-21 15:28:48.420586+08:00
01KPQF2696JQH2H2QJVGDR392E,,4d963d4d1692533e9939ee99de029db5,AGENT,"こんにちは！株式会社クレッセントのアシスタント、ゲッペイと申します。

ライブ配信などで活用できるVolu☆ME!と業界最高水準のモーションキャプチャシステムViconについてご紹介できますが、どちらにご興味がありますか？",,2026-04-21 15:28:51.665516+08:00
01KPQF2HE1NV6AYBCNB0DHJTNM,,4d963d4d1692533e9939ee99de029db5,AGENT,株式会社クレッセントのアシスタント、ゲッペイと申します。ライブ配信などで活用できるVolu☆ME!と、2026年最新スタジオについてご紹介できます。,,2026-04-21 15:29:03.449558+08:00
01KPQF3K6185VRF16CWHF9DDVT,,4d963d4d1692533e9939ee99de029db5,AGENT,こんにちは！私、クレッセントのアシスタント、ゲッペイと申します。ライブ配信などで活用できるVolu☆ME!と、業界最高水準のモーションキャプチャシステムViconにご興味はありますか？,,2026-04-21 15:29:37.066806+08:00
01KPQF7DE54RHYYMNC8JD1N1RD,,ed096fbfd9c4042bc4750062ec390382,AGENT,"こんにちは！ 株式会社クレッセントのアシスタント、月餅（ゲッペイ）と申します。

ライブ配信などで活用できるVolu☆ME!と業界最高水準のモーションキャプチャシステムViconについてご紹介できます。",,2026-04-21 15:31:43.617629+08:00
01KPQFQ7JQJDX1Z6X9SHDQA54X,,52b568c08ceee2bc7bf1535c99303b2e,AGENT,株式会社クレッセントのアシスタント、ゲッペイと申します。ライブ配信などで活用できるVolu☆ME!と業界最高水準のモーションキャプチャシステムViconについてご紹介できます。,,2026-04-21 15:40:21.642804+08:00
01KPQFS9TYCP59GR8EXBH3YJ6G,,06b4ab1250635c0ddd77a65627a60063,AGENT,こんにちは！私は株式会社クレッセントのアシスタント、ゲッペイと申します。ライブ配信などで活用できるVolu☆ME!や、業界最高水準のモーションキャプチャシステムViconについてお話しできます。,,2026-04-21 15:41:38.729325+08:00
01KPQFVD106NZPMD6J112Q47EN,,c4a6e56ad2e8ce502cd51f958da7480e,AGENT,月餅と申します。株式会社クレッセントのアシスタントです。 Viconシステムや2026年最新スタジオにご興味はございませんか？,,2026-04-21 15:42:48.434429+08:00
01KPQFYMX8GT7NHVE5JYXAWDTK,,2a339a65f93285833299e4f9507f2268,AGENT,月餅と申します。株式会社クレッセントのアシスタントです。ライブ配信などで活用できるVolu☆ME!と業界最高水準のモーションキャプチャシステムViconについてご案内できます。,,2026-04-21 15:44:28.142606+08:00
01KPQFYPKDS9W1ESNFC7P0C0EW,,c4e05362b013871ca59cc81c6ab96e50,AGENT,こんにちは。わたくしは、株式会社クレッセントのアシスタント、ゲッペイと申します。ライブ配信などで活用できるVolu☆ME!と、2026年最新スタジオにご興味はございませんか？,,2026-04-21 15:44:25.688518+08:00
01KPQFZ5H41F8928Y70FJ49RM1,,0a0545afbcc29befcb2296e477f3cd78,AGENT,ようこそ！私が株式会社クレッセントのアシスタント、ゲッペイです。ライブ配信などで活用できるVolu☆ME!、業界最高水準のモーションキャプチャシステムVicon、どちらにご興味がありますか？,,2026-04-21 15:44:44.127837+08:00
01KPQFZS2T67DJ2A39T0T6H7R4,,2a339a65f93285833299e4f9507f2268,AGENT,はじめまして、私は株式会社クレッセントのアシスタント、ゲッペイと申します。ライブ配信などで活用できるVolu☆ME!、そして業界最高水準のモーションキャプチャシステムViconについてご紹介できます。,,2026-04-21 15:45:02.581417+08:00
01KPQGE91N599SY1BYPZHQDP42,,97e288d3fd70d6b0076153588ce9b453,AGENT,月餅と申します。株式会社クレッセントのアシスタントです。ライブ配信などで活用できるVolu☆ME!や、業界最高水準のモーションキャプチャシステムViconについてお話しできます。,,2026-04-21 15:52:55.549156+08:00
01KPQGHZWBVXS8C59WMCYEB9Y7,,684e8191548cd346681719c532c1f13c,AGENT,こんにちは、私は株式会社クレッセントのアシスタント、ゲッペイと申します。ライブ配信などで活用できるVolu☆ME!や、業界最高水準のモーションキャプチャシステムViconについてご紹介できます。,,2026-04-21 15:54:58.757878+08:00
01KPQGTH9D7HAKVXZH9J4VDDZF,,5101d42f393c36f89b7538f5b064de04,AGENT,こんにちは！ 株式会社クレッセントのアシスタント、月餅（ゲッペイ）と申します。ライブ配信などで活用できるVolu☆ME!と、業界最高水準のモーションキャプチャシステムViconにご興味はございますか？,,2026-04-21 15:59:38.088156+08:00
01KPQGXD61YA3ADQFKK9G9HMKF,,22f013cc031b90924c7409d44dc052e7,AGENT,"はじめまして。私、株式会社クレッセントのアシスタント、ゲッペイと申します。

ライブ配信などで活用できるVolu☆ME!、業界最高水準のモーションキャプチャシステムViconなど、クレッセントの最新技術にご興味はございますか？",,2026-04-21 16:01:13.251622+08:00
01KPQH1E37NBAN0A9QCSSHMYV9,,ecb534eaad499bf37ddc3931793e2611,AGENT,こんにちは！ 私は株式会社クレッセントのアシスタント、ゲッペイと申します。ライブ配信などで活用できるVolu☆ME!、そして業界最高水準のモーションキャプチャシステムViconについてご紹介できます。,,2026-04-21 16:03:25.505231+08:00
01KPQH2NP1MY1RRPXDNMA7XZ6V,,22f013cc031b90924c7409d44dc052e7,AGENT,皆様、こんにちは！ 株式会社クレッセントのアシスタント、ゲッペイと申します。ライブ配信などで活用できるVolu☆ME!や、業界最高水準のモーションキャプチャシステムViconについてお話しできます。,,2026-04-21 16:04:04.299641+08:00
01KPQH5XZD208XZ6GR6CNP3X4P,,2e8b9cc5ce47bc872f7fa190378c6ad0,AGENT,こんにちは！ 私、クレッセントのアシスタント、ゲッペイと申します。ライブ配信などで活用できるVolu☆ME!と、業界最高水準のモーションキャプチャシステムViconについてご紹介できます。,,2026-04-21 16:05:53.861962+08:00
01KPQH9N5P07M80D9CXW2B7FS7,,b4fdf4f84a4fbbd3deec62968b4dd760,AGENT,こんにちは、私は株式会社クレッセントのアシスタント、ゲッペイと申します。ライブ配信などで活用できるVolu☆ME!や、業界最高水準のモーションキャプチャシステムViconについてご興味はございますか？,,2026-04-21 16:07:53.646790+08:00
01KPQJ6N0W5QWP91XYRREWAY5G,,ce6cdbf8dca87a59ef9d72b9cc9e8fdf,AGENT,株式会社クレッセントのアシスタント、ゲッペイと申します。ライブ配信などで活用できるVolu☆ME!と業界最高水準のモーションキャプチャシステムViconについてご紹介できます。,,2026-04-21 16:23:42.916586+08:00
01KPQJDWWZP2N3EMNHZZDEWSTM,,810c75a3ea0c5e222751ac9cf1c45b83,AGENT,皆様、こんにちは。私は株式会社クレッセントのアシスタント、ゲッペイと申します。ライブ配信などで活用できるVolu☆ME!や、業界最高水準のモーションキャプチャシステムViconについてご紹介できます。,,2026-04-21 16:27:41.046079+08:00
01KPQJDY49EZVM06NXSD117CZB,,2b972590dcce252ae61e2d2efa8afb35,AGENT,こんにちは。株式会社クレッセントのアシスタント、ゲッペイと申します。ライブ配信などで活用できるVolu☆ME!や、業界最高水準のモーションキャプチャシステムViconについてご紹介できます。,,2026-04-21 16:27:42.760298+08:00
01KPQJYNY68GWCCDYJXY1E7MEW,,0946fba0849bbe5e738b42b9da960ca9,AGENT,こんにちは。私はクレッセントのアシスタント、ゲッペイと申します。ライブ配信などで活用できるVolu☆ME!、または業界最高水準のモーションキャプチャシステムViconについてご興味はございますか？,,2026-04-21 16:36:50.962589+08:00
01KPQK19ME5T2AYA3N3CWDKS1E,,c47a97ce2262ee981c421616bc70e7b4,AGENT,お客様、こんにちは！株式会社クレッセントのアシスタント、ゲッペイと申します。ライブ配信などで活用できるVolu☆ME!、そして業界最高水準のモーションキャプチャシステムViconについてご紹介できます。,,2026-04-21 16:38:17.073368+08:00
01KPQK4RFSZZ7Y0SKSMH1XEK61,,6b58423e4b4f38bd31abed813bb29c83,AGENT,株式会社クレッセントのアシスタント、ゲッペイと申します。ライブ配信などで活用できるVolu☆ME!や、業界最高水準のモーションキャプチャシステムViconについてご紹介できます。,,2026-04-21 16:40:09.524819+08:00
01KPQK6G3AYSJEYY1QH5EABZ58,,e92fdd68e59790e31a90b79232f7db97,AGENT,初めまして。私は株式会社クレッセントのアシスタント、月餅（ゲッペイ）と申します。ライブ配信などで活用できるVolu☆ME!と、業界最高水準のモーションキャプチャシステムViconにご興味はありませんか？,,2026-04-21 16:41:06.972326+08:00
01KPQKB4RW4XHPZN08Y245ZDHT,,2b00eca66c7a9e84c28411e35849ef80,AGENT,こんにちは、私は株式会社クレッセントのアシスタント、ゲッペイと申します。ライブ配信などで活用できるVolu☆ME!と、業界最高水準のモーションキャプチャシステムViconにご興味はございますか？,,2026-04-21 16:43:41.701676+08:00
01KPQKJSRGAPFBKW01V6A2V58D,,f7832a499638a7c2ca2b544090113531,AGENT,月餅と申します。株式会社クレッセントのアシスタントです。何かご不明な点はございませんか。ライブ配信などで活用できるVolu☆ME!や、業界最高水準のモーションキャプチャシステムViconなどがございます。,,2026-04-21 16:47:51.639038+08:00
01KPQKNFQJ4RVYQPWQDHKMZGG6,,e92fdd68e59790e31a90b79232f7db97,AGENT,いらっしゃいませ！私、株式会社クレッセントのアシスタント、ゲッペイと申します。ライブ配信などで活用できるVolu☆ME!と業界最高水準のモーションキャプチャシステムViconについて、ご興味はございますか？,,2026-04-21 16:49:16.586385+08:00
01KPQKP5GYEVEZER2X7193JTN1,,c4fe059fc7e3a82aea266b51ff110eb3,AGENT,ようこそお越しくださいました！わたくしは株式会社クレッセントのアシスタント、ゲッペイと申します。ライブ配信などで活用できるVolu☆ME!、または業界最高水準のモーションキャプチャシステムViconについてご興味はございますか？,,2026-04-21 16:49:40.282425+08:00
01KPQKVBEQAZH0156MMKCSDNQ8,,e073e346a97d1e6c08c2f42cc1c11c14,AGENT,初めまして。私、株式会社クレッセントのアシスタント、ゲッペイと申します。ライブ配信などで活用できるVolu☆ME!と、業界最高水準のモーションキャプチャシステムViconにご興味はございますか？,,2026-04-21 16:52:30.076433+08:00
01KPQM41PTT2H15J4WFH0EKQQ0,,3b617168fc63d8210f9d8ef3b42a1fd4,AGENT,初めまして。私、株式会社クレッセントのアシスタント「ゲッペイ」と申します。ライブ配信などで活用できるVolu☆ME!と業界最高水準のモーションキャプチャシステムViconについてご紹介できます。,,2026-04-21 16:57:15.194314+08:00
01KPQMB2EJDWRQHF6YBKY6XD24,,6426f381656237913478b975a73a009e,AGENT,こんにちは！株式会社クレッセントのアシスタント、ゲッペイと申します。ライブ配信などで活用できるVolu☆ME!や、業界最高水準のモーションキャプチャシステムViconについてご紹介できます。,,2026-04-21 17:01:05.675912+08:00
01KPQMW3PPQ46T8X82W7GP9GSQ,,fffa5d723c4758f1bdc9122d2ffd2519,AGENT,ゲッペイと申します。株式会社クレッセントのアシスタントです。ライブ配信などで活用できるVolu☆ME!や、業界最高水準のモーションキャプチャシステムViconなど、当社の最新技術にご興味はございますか？,,2026-04-21 17:10:25.150374+08:00
01KPQMZKF7WXVR3BXEEKNG55T5,,b9804325946aaaa3e20a3dd062789e6b,AGENT,こんにちは！ 株式会社クレッセントのアシスタント、ゲッペイと申します。ライブ配信などで活用できるVolu☆ME!や、業界最高水準のモーションキャプチャシステムViconについてご紹介できます。,,2026-04-21 17:12:19.142163+08:00
01KPQN2385MSB1FKH4NG2WJJ7J,,b9804325946aaaa3e20a3dd062789e6b,AGENT,こんにちは！ 私、クレッセントのアシスタント、ゲッペイと申します。ライブ配信などで活用できるVolu☆ME!と、2026年最新スタジオについてご案内できます。,,2026-04-21 17:13:40.524576+08:00
01KPQN2926PE1PVM1M06EP5MEX,,4d963d4d1692533e9939ee99de029db5,AGENT,クレッセントのアシスタント、ゲッペイと申します。ライブ配信などで活用できるVolu☆ME!や、業界最高水準のモーションキャプチャシステムViconについてご興味はございますか？,,2026-04-21 17:13:47.126105+08:00
01KPQN8A07FZ47B5TMHF8G3JQX,,102456eb12d367f562e677163f726018,AGENT,お客様、こんにちは！私は株式会社クレッセントのアシスタント、ゲッペイと申します。ライブ配信などで活用できるVolu☆ME!や、業界最高水準のモーションキャプチャシステムViconについてご紹介できます。,,2026-04-21 17:17:04.546651+08:00
01KPQN9WFTN5953C1Y55F8ECXX,,4d963d4d1692533e9939ee99de029db5,AGENT,こんにちは。株式会社クレッセントのアシスタント、月餅（ゲッペイ）と申します。ライブ配信などで活用できるVolu☆ME!や、業界最高水準のモーションキャプチャシステムViconについてご紹介できます。,,2026-04-21 17:17:58.924711+08:00
01KPQNA9NT85WFDV1061NBD7Y6,,d065412adf601db218978eda8b8ada8f,AGENT,こんにちは。私は株式会社クレッセントのアシスタント、ゲッペイと申します。ライブ配信などで活用できるVolu☆ME!と業界最高水準のモーションキャプチャシステムViconについてご紹介できます。,,2026-04-21 17:18:15.054548+08:00
01KPQP3NN44ETJFGPF4R91B374,,8d2a9883fa3ea8432763ac08aecdb3bb,AGENT,"初めまして、私が株式会社クレッセントのアシスタント、月餅（ゲッペイ）と申します。
ライブ配信などで活用できるVolu☆ME!、そして業界最高水準のモーションキャプチャシステムViconについてご紹介できます。",,2026-04-21 17:32:01.110119+08:00
01KPQP4SR3XCSTVTNZ1MQMQ0AX,,bd24410fa2746b6decd75479fb855779,AGENT,月餅と申します。クレッセントのアシスタントです。ライブ配信などで活用できるVolu☆ME!、業界最高水準のモーションキャプチャシステムViconなどがございます。,,2026-04-21 17:33:28.690916+08:00
01KPQP89NSMRF5F4WHSBJFTWTZ,,93a82be2082f7667aad086d13746d789,AGENT,株式会社クレッセントのアシスタント、ゲッペイと申します。ライブ配信などで活用できるVolu☆ME!や、業界最高水準のモーションキャプチャシステムViconについてご紹介できます。,,2026-04-21 17:34:32.302826+08:00
01KPQPHT8DFNXPFEJ1JFECW6SN,,48c33789af18198de6448203f0d65426,AGENT,株式会社クレッセントのアシスタント、ゲッペイと申します。ライブ配信などで活用できるVolu☆ME!と、業界最高水準のモーションキャプチャシステムViconについてご紹介できます。,,2026-04-21 17:39:47.333538+08:00
01KPQPSEMGQKPCPCA1JCAP5XG2,,d4b1289d252a90c9f09d1b495c54404b,AGENT,株式会社クレッセントのアシスタント、ゲッペイと申します。ライブ配信などで活用できるVolu☆ME!や、業界最高水準のモーションキャプチャシステムViconについてお話しできます。,,2026-04-21 17:45:17.641161+08:00
01KPQPTJ5GR48XBYQ1KVA3N7JH,,16757ba230f2594e802bdcae50e20200,AGENT,月餅です。クレッセントのアシスタントをしています。ライブ配信などで活用できるVolu☆ME!、業界最高水準のモーションキャプチャシステムViconなどがございますが、どちらにご興味がありますか？,,2026-04-21 17:44:33.189497+08:00
01KPQQ4KGG6H4T78T2X2D4S41F,,936c895af8d149578d25a1d56a4acde9,AGENT,月餅と申します。株式会社クレッセントのアシスタントです。何かご不明な点はございませんか？ ライブ配信などで活用できるVolu☆ME!、または業界最高水準のモーションキャプチャシステムViconについてご興味はございますか？,,2026-04-21 17:49:58.916602+08:00
01KPQQ517KQTS9ZZEXQ9G6SA17,,439989bb4c13ffb8459bee7244c9d924,AGENT,月餅と申します。クレッセントのアシスタントを務めております。ライブ配信などで活用できるVolu☆ME!、そして業界最高水準のモーションキャプチャシステムViconについてご紹介できます。,,2026-04-21 17:50:16.480358+08:00
01KPQQ621CMDDREQ2JP7YQ8S6M,,936c895af8d149578d25a1d56a4acde9,AGENT,"こんにちは！私、株式会社クレッセントのアシスタント、ゲッペイと申します。

ライブ配信などで活用できるVolu☆ME!、業界最高水準のモーションキャプチャシステムViconなどがございますが、どちらにご興味がございますか？",,2026-04-21 17:50:46.358559+08:00
01KPQQ7E7MZVNG6AKZMA8E1FDT,,e92fdd68e59790e31a90b79232f7db97,AGENT,"はじめまして。株式会社クレッセントのアシスタント、ゲッペイと申します。
ライブ配信などで活用できるVolu☆ME!、業界最高水準のモーションキャプチャシステムViconにご興味はございますか？",,2026-04-21 17:51:37.653663+08:00
01KPQQ7E7MZVNG6AKZMA8E1FDT,,e92fdd68e59790e31a90b79232f7db97,USER,hi,,2026-04-21 17:56:15.976099+08:00
01KPQQ7E7MZVNG6AKZMA8E1FDT,,e92fdd68e59790e31a90b79232f7db97,AGENT,"Hello! I am MoonCake, an assistant from Crescent Inc.

Are you interested in Volu☆ME!, which can be used for live streaming, or Vicon, the industry's highest standard motion capture system?",,2026-04-21 17:56:15.992669+08:00
01KPQQFR06EN2G8FBBF380TPMV,,fc65713f3ec5f23d4eb8c0c09ef86de0,AGENT,株式会社クレッセントのアシスタント、ゲッペイと申します。ライブ配信などで活用できるVolu☆ME!や、業界最高水準のモーションキャプチャシステムViconについてご紹介できます。,,2026-04-21 17:56:04.709134+08:00
01KPQQMZKXXPBYMJBX3TSVTANE,,f7832a499638a7c2ca2b544090113531,AGENT,ゲッペイと申します。株式会社クレッセントのアシスタントです。2026年最新スタジオや、業界最高水準のモーションキャプチャシステムViconについてご紹介できます。,,2026-04-21 17:58:56.848555+08:00
01KPQQXZTNJSCZHAGT20RSKNH6,,69bcf03e12f991eed2d015eebac153f3,AGENT,ようこそお越しくださいました！私は株式会社クレッセントのアシスタント、ゲッペイと申します。ライブ配信などで活用できるVolu☆ME!、業界最高水準のモーションキャプチャシステムViconなどについてご案内できます。,,2026-04-21 18:03:50.813800+08:00
01KPQR0DYDBGBCYTQHTXMWW8YZ,,69bcf03e12f991eed2d015eebac153f3,AGENT,株式会社クレッセントのアシスタント、月餅です。ライブ配信などで活用できるVolu☆ME!と、業界最高水準のモーションキャプチャシステムViconにご興味はありますか？,,2026-04-21 18:05:10.407888+08:00
01KPQR6DPHK5PT34CBRW1RVWAK,,9e6c16e97f8a133502c72d8586fff7c8,AGENT,こんにちは！クレッセントのアシスタント、ゲッペイと申します。ライブ配信などで活用できるVolu☆ME!、2026年最新スタジオについてご案内できます。,,2026-04-21 18:08:27.914123+08:00
01KPQRS3GRMD5QXE615VZBZWF3,,cbaa9bf8d294b520d457656b6c0df727,AGENT,こんにちは！私、株式会社クレッセントのアシスタント、ゲッペイと申します。ライブ配信などで活用できるVolu☆ME!や、業界最高水準のモーションキャプチャシステムViconについてご紹介できます。,,2026-04-21 18:18:41.682341+08:00
01KPQS0JFQYKDGBTYB2V8WB68N,,9f809021f02a318baa1531069b66fc19,AGENT,月餅（ゲッペイ）と申します。株式会社クレッセントのアシスタントです。ライブ配信などで活用できるVolu☆ME!、2026年最新スタジオに関する情報などにご興味はございますか？,,2026-04-21 18:22:44.700289+08:00
01KPQS5FWEMA34P4MPXYKBG98N,,92aaa6ad50fcf274cb1d250cf3e24643,AGENT,初めまして。株式会社クレッセントのアシスタント、ゲッペイと申します。ライブ配信などで活用できるVolu☆ME!、業界最高水準のモーションキャプチャシステムViconにご興味はございますか？,,2026-04-21 18:27:51.949449+08:00
01KPQSFK2GDBTTB7KJ5GYCR5Q2,,8639ae7a1f215b5e8b5dd3270ccebbd5,AGENT,いらっしゃいませ。わたくしは株式会社クレッセントのアシスタント、ゲッペイと申します。ライブ配信などで活用できるVolu☆ME!、業界最高水準のモーションキャプチャシステムViconなど、クレッセントの最新技術にご興味はございますか？,,2026-04-21 18:30:56.581298+08:00
01KPQSJ3MYKHPJQNKN9KME3WAT,,8962c30ed7524dfe3fe61cab6864eac4,AGENT,お客様、こんにちは。私は株式会社クレッセントのアシスタント、ゲッペイと申します。ライブ配信などで活用できるVolu☆ME!や、業界最高水準のモーションキャプチャシステムViconなどについてご案内できます。,,2026-04-21 18:32:20.233373+08:00
01KPQVVFE9CGD57MX1QYQN5B51,,a338e34160463394def4aab7b8c5800b,AGENT,はじめまして。私、株式会社クレッセントのアシスタント、ゲッペイと申します。ライブ配信などで活用できるVolu☆ME!や、業界最高水準のモーションキャプチャシステムViconなど、クレッセントの最新技術にご興味はございますか。,,2026-04-21 19:12:23.161341+08:00
01KPQWCCXHQD2F7CW772A5DPBH,,2725102f144e34d6b50598070dcbf0ab,AGENT,皆様、こんにちは！ 株式会社クレッセントのアシスタント、ゲッペイと申します。ライブ配信などで活用できるVolu☆ME!、業界最高水準のモーションキャプチャシステムViconなどがございますが、ご興味はございますか？,,2026-04-21 19:21:39.628458+08:00
01KPQX1ZYJSQBDPAZ3YFD0ZJXR,,b8d3ffbde8209f96be9b2ee0b55b72d7,AGENT,はじめまして。株式会社クレッセントのアシスタント、ゲッペイと申します。ライブ配信などで活用できるVolu☆ME!や、業界最高水準のモーションキャプチャシステムViconについてご紹介できます。,,2026-04-21 19:33:24.563907+08:00
01KPQXC28MYSS4VMZBQTS3HAM9,,1c80580b362dc2ea05fcb284a5b32c82,AGENT,いつもお世話になっております。株式会社クレッセントのアシスタント、ゲッペイと申します。ライブ配信などで活用できるVolu☆ME!と業界最高水準のモーションキャプチャシステムViconのどちらにご興味がございますか？,,2026-04-21 19:38:55.994666+08:00
01KPQYCEYPFJFT4NCYNNJJ88RM,,f1089015af215f13829fbc68129c69ff,AGENT,こんにちは！株式会社クレッセントのアシスタント、ゲッペイと申します。ライブ配信などで活用できるVolu☆ME!や、業界最高水準のモーションキャプチャシステムViconについてご紹介できます。,,2026-04-21 19:56:37.319987+08:00
01KPQYDHAKB8E2AT6WDW6XPZGF,,f1089015af215f13829fbc68129c69ff,AGENT,株式会社クレッセントのアシスタント、ゲッペイと申します。ライブ配信などで活用できるVolu☆ME!と、業界最高水準のモーションキャプチャシステムViconについてご紹介できます。,,2026-04-21 19:57:11.849802+08:00
01KPQYH14ZY6ZTPTD6DPNMGNP6,,f1089015af215f13829fbc68129c69ff,AGENT,こんにちは。株式会社クレッセントのゲッペイと申します。ライブ配信などで活用できるVolu☆ME!と業界最高水準のモーションキャプチャシステムViconについてご紹介できます。,,2026-04-21 19:59:06.584513+08:00
01KPR106WDHBDRAYJBBW2MFJ8Z,,facffe4ea8172acac7df69df5f21d5e0,AGENT,株式会社クレッセントのアシスタント、ゲッペイと申します。ライブ配信などで活用できるVolu☆ME!や、業界最高水準のモーションキャプチャシステムViconについてご紹介できます。,,2026-04-21 20:42:21.261740+08:00
01KPR268BNXACMV534JV00QWHY,,5809d5c02544f4ad1f94ae2fa1f914d6,AGENT,クレッセントのアシスタント、月餅と申します。ライブ配信などで活用できるVolu☆ME!、業界最高水準のモーションキャプチャシステムViconなどがございますが、ご興味はございますでしょうか？,,2026-04-21 21:03:08.024747+08:00
01KPR3QB9K31M3XCMQ0YZ58550,,868243a12bb720054a0c8d6ab512aa2e,AGENT,"はじめまして、ゲッペイと申します。株式会社クレッセントのアシスタントとして、皆様のデジタル技術に関するご質問にお答えいたします。

ライブ配信などで活用できるVolu☆ME!や、2026年最新スタジオなどにご興味はございますか？",,2026-04-21 21:30:00.654781+08:00
01KPR41MPDCM9WAW8DQNB8BGB4,,eddda1b943a20d55161d8f26e93cbe2a,AGENT,はじめまして。株式会社クレッセントのアシスタント、ゲッペイと申します。ライブ配信などで活用できるVolu☆ME!や、業界最高水準のモーションキャプチャシステムViconについてお話しできます。,,2026-04-21 21:35:36.198065+08:00
01KPR488G5Z6J6VBKAYKVV2N3G,,617607bf8ec437d931c7beb368ec5b20,AGENT,"こんにちは！ゲッペイと申します。クレッセントのアシスタントです。

ライブ配信などで活用できるVolu☆ME!と業界最高水準のモーションキャプチャシステムViconについてご紹介できますが、どちらにご興味がありますか？",,2026-04-21 21:39:11.441390+08:00
01KPR8C9DT36C10HR90KZHHSW9,,a52cb2c1308b49a542b3978d37701dff,AGENT,株式会社クレッセントのアシスタント、月餅です。ライブ配信などで活用できるVolu☆ME!や、業界最高水準のモーションキャプチャシステムViconについてご紹介できます。,,2026-04-21 22:51:18.657560+08:00
01KPR986X75H5YTBJRVHMJ7CJJ,,483d2fb8a929550cc27f101d66c6050c,AGENT,クレッセントのアシスタント、ゲッペイと申します。ライブ配信などで活用できるVolu☆ME!や、業界最高水準のモーションキャプチャシステムViconについてご興味はありますか？,,2026-04-21 23:06:35.710097+08:00
01KPRB29G6Q1MJNQ2RAD2VJEAT,,813b93ce742ca51060ea8b613a2a8709,AGENT,株式会社クレッセントのアシスタント、ゲッペイと申します。ライブ配信などで活用できるVolu☆ME!と、業界最高水準のモーションキャプチャシステムViconにご興味はありませんか？,,2026-04-21 23:38:15.531004+08:00
01KPRCCGTQT5Y81G6YFZASR1EF,,579cfc72bf7fc8cef3f08dcd991cf594,AGENT,こんにちは、私は株式会社クレッセントのアシスタント、ゲッペイと申します。ライブ配信などで活用できるVolu☆ME!や、業界最高水準のモーションキャプチャシステムViconについてご興味はありますか？,,2026-04-22 00:01:19.394841+08:00
01KPRCCVW8XKVV6XX3DEN7DQXV,,3ae6585bd7fb1aecfe09cb546f71d60a,AGENT,"こんにちは！ 株式会社クレッセントのアシスタント、ゲッペイと申します。

ライブ配信などで活用できるVolu☆ME!と業界最高水準のモーションキャプチャシステムViconについてご紹介できますが、どちらにご興味がありますか？",,2026-04-22 00:01:32.257502+08:00
01KPRD8K6FDD323BJ51RJ8GA6P,,929e0b2208ffc52116437cabb7bc73ab,AGENT,皆様、こんにちは！ 株式会社クレッセントのアシスタント、ゲッペイと申します。ライブ配信などで活用できるVolu☆ME!、または業界最高水準のモーションキャプチャシステムViconについてご興味はございますか？,,2026-04-22 00:16:40.785092+08:00
01KPRNK1V887RY10Y820RE8E6H,,4d963d4d1692533e9939ee99de029db5,AGENT,こんにちは！株式会社クレッセントのアシスタント、月餅です。ライブ配信などで活用できるVolu☆ME!や、業界最高水準のモーションキャプチャシステムViconについてご興味はありませんか？,,2026-04-22 02:42:10.284382+08:00
01KPRQ7S13FXFDYY4Q6BN22CPS,,4d963d4d1692533e9939ee99de029db5,AGENT,"こんにちは。株式会社クレッセントのアシスタント、月餅と申します。

ライブ配信などで活用できるVolu☆ME!、業界最高水準のモーションキャプチャシステムViconにご興味はございますか？",,2026-04-22 03:10:57.379091+08:00
01KPRQD03B4BZH1GRZHWZ4JS9G,,4d963d4d1692533e9939ee99de029db5,AGENT,株式会社クレッセントのアシスタント、月餅と申します。ライブ配信などで活用できるVolu☆ME!、業界最高水準のモーションキャプチャシステムViconなどがございますが、どの情報にご興味がありますか？,,2026-04-22 03:13:48.322252+08:00
01KPS14KKWQMD28YC6QGB1KPW3,,896507da98d132fb174ec995d1ea0738,AGENT,クレッセントのアシスタント、ゲッペイと申します。ライブ配信などで活用できるVolu☆ME!、業界最高水準のモーションキャプチャシステムViconなどがございますが、何かご興味はございますか？,,2026-04-22 06:03:59.173019+08:00
01KPS40BAPVMVESWTDCNYF07E6,,f85677139e7750a2bc9848d41b651a9e,AGENT,はじめまして。株式会社クレッセントのアシスタント、ゲッペイと申します。ライブ配信などで活用できるVolu☆ME!や、業界最高水準のモーションキャプチャシステムViconについてご紹介できます。,,2026-04-22 06:54:07.264596+08:00
01KPS43JP40FKTV533HVEQ6S90,,f85677139e7750a2bc9848d41b651a9e,AGENT,初めまして、私が株式会社クレッセントのアシスタント、ゲッペイと申します。ライブ配信などで活用できるVolu☆ME!、業界最高水準のモーションキャプチャシステムViconなど、弊社サービスについてお気軽にお尋ねください。,,2026-04-22 06:55:50.714953+08:00
01KPS465KTPGDSF1Q42G3EM5WH,,f85677139e7750a2bc9848d41b651a9e,AGENT,株式会社クレッセントのアシスタント、ゲッペイと申します。ライブ配信などで活用できるVolu☆ME!や、業界最高水準のモーションキャプチャシステムViconについてご紹介できます。,,2026-04-22 06:57:16.181729+08:00
01KPS48NZ46H5944WRR4343PN1,,9e5cc5c96ecc3820ca1cf2905f3557bd,AGENT,株式会社クレッセントのアシスタント、月餅です。ライブ配信などで活用できるVolu☆ME!や、業界最高水準のモーションキャプチャシステムViconについてご紹介できます。,,2026-04-22 06:58:38.983661+08:00
01KPS7MWNQFKGZ3TNB16G6XH4H,,e3ed3f361c7853aec2c28e735bc2c262,AGENT,こんにちは！私、株式会社クレッセントのアシスタント、ゲッペイと申します。ライブ配信などで活用できるVolu☆ME!と、業界最高水準のモーションキャプチャシステムViconについてご紹介できます。,,2026-04-22 07:57:50.249111+08:00
01KPS8CACWB35PSRX11TNKG8MY,,8bf8176c1da6094208e6346a7e0e738f,AGENT,こんにちは！ 私、クレッセントのアシスタント、ゲッペイと申します。ライブ配信などで活用できるVolu☆ME!と、業界最高水準のモーションキャプチャシステムViconにご興味はございますか？,,2026-04-22 08:10:33.697178+08:00
01KPS8G8WKA7NCD4341D0BZT24,,ecb534eaad499bf37ddc3931793e2611,AGENT,初めまして！ 私、株式会社クレッセントのアシスタント、ゲッペイと申します。ライブ配信などで活用できるVolu☆ME!と、業界最高水準のモーションキャプチャシステムViconにご興味はございますか？,,2026-04-22 08:12:44.157734+08:00
01KPS8KRMMMEDY9YSQMGWZVEEW,,3a0d9e949afcc96f00c40293d3627bf3,AGENT,"皆様、こんにちは！ 株式会社クレッセントのアシスタント、「ゲッペイ」と申します。

最新のモーションキャプチャ技術に精通した技術職人として、皆様のクリエイティブな課題解決をサポートいたします。ライブ配信などで活用できるVolu☆ME!、そして業界最高水準のモーションキャプチャシステムViconについて、何かご興味はございますか？",,2026-04-22 08:14:38.366250+08:00
01KPS8KRNVWBKS679FTYK5ZW6F,,ecb534eaad499bf37ddc3931793e2611,AGENT,こんにちは！私、株式会社クレッセントのアシスタント、ゲッペイと申します。ライブ配信などで活用できるVolu☆ME!や、業界最高水準のモーションキャプチャシステムViconについてご紹介できます。,,2026-04-22 08:14:38.013511+08:00
01KPS8KZDBTNNT3KATNSNA835P,,3cfb7ce8fdc7f6ad0cadb64485c52962,AGENT,お客様、こんにちは。私、株式会社クレッセントのアシスタント、ゲッペイと申します。ライブ配信などで活用できるVolu☆ME!や、業界最高水準のモーションキャプチャシステムViconについてご紹介できます。,,2026-04-22 08:14:45.434831+08:00
01KPS8R7YJPT5J46PTCE7Z075E,,ade13f0c9ff8ee3ac6f23b2c26f904ac,AGENT,こんにちは！私は株式会社クレッセントのアシスタント、ゲッペイと申します。ライブ配信などで活用できるVolu☆ME!や、業界最高水準のモーションキャプチャシステムViconについてお話しできます。,,2026-04-22 08:17:04.939010+08:00
01KPS8XHHFFW7RD8VVBFMNM9M4,,da1c45c41290276eb35b09cbc4040acf,AGENT,こんにちは！私は株式会社クレッセントのアシスタント、ゲッペイと申します。ライブ配信などで活用できるVolu☆ME!と、業界最高水準のモーションキャプチャシステムViconについてご紹介できます。,,2026-04-22 08:20:14.371296+08:00
01KPS99XKVA608YB6FMX0GQWYE,,88dee3e5bddae2c7a43a782594e486b3,AGENT,初めまして。私、株式会社クレッセントのアシスタント、ゲッペイと申します。ライブ配信などで活用できるVolu☆ME!や、業界最高水準のモーションキャプチャシステムViconについてご紹介できます。,,2026-04-22 08:26:46.606043+08:00
01KPS9A442XQE7BBHKW98E1X9Z,,cadc65d0ba4449aa5d041924d72bb798,AGENT,"初めまして、月餅と申します。株式会社クレッセントのアシスタントです。
ライブ配信などで活用できるVolu☆ME!、業界最高水準のモーションキャプチャシステムViconなど、弊社サービスにご興味はございますか？",,2026-04-22 08:26:55.696756+08:00
01KPS9AGC0YSMMSBA4S4WXWHF6,,88dee3e5bddae2c7a43a782594e486b3,AGENT,はじめまして。株式会社クレッセントのアシスタント、ゲッペイと申します。ライブ配信などで活用できるVolu☆ME!や、業界最高水準のモーションキャプチャシステムViconについてご紹介できます。,,2026-04-22 08:27:03.223888+08:00
01KPS9CYSFXVK72DNG5TY60T8N,,087561ecb342c3eb2f304ccd51829706,AGENT,株式会社クレッセントのアシスタント、月餅と申します。ライブ配信などで活用できるVolu☆ME!、業界最高水準のモーションキャプチャシステムViconなどがございます。,,2026-04-22 08:28:21.762515+08:00
01KPS9HCQS16J3BMYS8535MR76,,856492319e996d32f979267bef0ba7f3,AGENT,月餅と申します。株式会社クレッセントのアシスタントです。ライブ配信などで活用できるVolu☆ME!と業界最高水準のモーションキャプチャシステムViconについてご紹介できます。,,2026-04-22 08:30:47.123037+08:00
01KPS9J0SBSR91C54AJ782V0DP,,b41b7839c0a381d09ea18f3f961d19e3,AGENT,月餅と申します。株式会社クレッセントのアシスタントです。何かご質問はありますか？それとも、ライブ配信などで活用できるVolu☆ME!について興味がございますか？,,2026-04-22 08:31:08.245618+08:00
01KPSA8QHCQA7R1AHK47ET2S00,,12f0f6649bbf445cf412f0d9c53eb086,AGENT,こんにちは。私、株式会社クレッセントのアシスタント、ゲッペイと申します。ライブ配信などで活用できるVolu☆ME!や、業界最高水準のモーションキャプチャシステムViconについてお話しできます。,,2026-04-22 08:43:34.913633+08:00
01KPSAHQWVEJPB5AE5ESWYPH41,,00182243a28d98a57505d0ed78b8d5d9,AGENT,ようこそ、私は株式会社クレッセントのアシスタント、ゲッペイと申します。ライブ配信などで活用できるVolu☆ME!や、業界最高水準のモーションキャプチャシステムViconについてご紹介できます。,,2026-04-22 08:48:28.939714+08:00
01KPSAHS0SYF5Y902A5JXF4V1B,,5fc7b35a304aa5d9391a2ee2cd0e5813,AGENT,こんにちは！ 株式会社クレッセントのアシスタント、月餅（ゲッペイ）と申します。ライブ配信などで活用できるVolu☆ME!や、業界最高水準のモーションキャプチャシステムViconについてご紹介できます。,,2026-04-22 08:48:27.685335+08:00
01KPSAX6EJ725ASW34KJH11CBP,,617607bf8ec437d931c7beb368ec5b20,AGENT,"はじめまして。私、株式会社クレッセントのアシスタント、ゲッペイと申します。

ライブ配信などで活用できるVolu☆ME!、業界最高水準のモーションキャプチャシステムViconにご興味はありますか？",,2026-04-22 08:54:44.018323+08:00
01KPSB5YD355Y9KCFK2H4JNSXR,,34f7dc43b7644af1019bd1d6c4fc1add,AGENT,はじめまして。私、株式会社クレッセントのアシスタント、ゲッペイと申します。ライブ配信などで活用できるVolu☆ME!、業界最高水準のモーションキャプチャシステムViconなど、クレッセントの最新技術にご興味はございますか？,,2026-04-22 08:59:30.551300+08:00
01KPSBAKQPY07H9DJZQ4G9KRKB,,0b9c625177befc217970fea0a7b437fb,AGENT,こんにちは。株式会社クレッセントのアシスタント、月餅（ゲッペイ）と申します。ライブ配信などで活用できるVolu☆ME!と、業界最高水準のモーションキャプチャシステムViconについてご紹介できます。,,2026-04-22 09:02:05.580383+08:00
01KPSBY39TYMVDK4SD5W4H45Q5,,b40634f8531488b9f08521573e3b5adb,AGENT,こんにちは！私は株式会社クレッセントのアシスタント、ゲッペイと申します。ライブ配信などで活用できるVolu☆ME!と業界最高水準のモーションキャプチャシステムViconについてご紹介できます。,,2026-04-22 09:12:40.336472+08:00
01KPSBYP62SR1YAKJXPHWAEE86,,ce5afa221adfbb00b6b53fa3e203df2a,AGENT,株式会社クレッセントのアシスタント、ゲッペイと申します。ライブ配信などで活用できるVolu☆ME!と、業界最高水準のモーションキャプチャシステムViconにご興味はありませんか？,,2026-04-22 09:13:01.037776+08:00
01KPSC70MRX3ZRS0ZYNJ6D4DPN,,4415f78ab2dd1b69f998197580380fad,AGENT,こんにちは！ 株式会社クレッセントのアシスタント、ゲッペイと申します。ライブ配信などで活用できるVolu☆ME!、業界最高水準のモーションキャプチャシステムVicon、どちらにご興味がありますか？,,2026-04-22 09:17:36.557613+08:00
01KPSC713J9ZF2N0DJQD73H0FJ,,82eac42bd031e19c56180d2326020575,AGENT,"こんにちは、[ユーザー名]様！ 私、株式会社クレッセントのアシスタント、ゲッペイと申します。

本日はどのようなご用件でしょうか？
ライブ配信などで活用できるVolu☆ME!、業界最高水準のモーションキャプチャシステムViconなど、クレッセントの最新技術にご興味はございますか？",,2026-04-22 09:17:42.070426+08:00
01KPSCAFXBFFD8R5BT1GHZM74C,,f7efb93b99985695897c33f162d7b478,AGENT,はい、初めまして。私、株式会社クレッセントのアシスタント、ゲッペイと申します。ライブ配信などで活用できるVolu☆ME!や、業界最高水準のモーションキャプチャシステムViconについてお話しできます。,,2026-04-22 09:19:29.849731+08:00
01KPSCN5MP3NECGSBCJS8Q7V2F,,278c7fc40999b0a0688193ec3f35bb11,AGENT,株式会社クレッセントのアシスタント、ゲッペイと申します。ライブ配信などで活用できるVolu☆ME!や、業界最高水準のモーションキャプチャシステムViconについてお話しできます。,,2026-04-22 09:25:17.028697+08:00
01KPSCY84EXZYMA8QPDDDK9MSB,,5325ccfab1c516c96643b901939522a7,AGENT,初めまして。私、株式会社クレッセントのアシスタント「ゲッペイ」と申します。ライブ配信などで活用できるVolu☆ME!と、2026年最新スタジオにご興味はございませんか？,,2026-04-22 09:30:14.765741+08:00
01KPSD7D72QRDM0CTMWZ62R3D0,,bbc02c98cf61d0719c4981776359f708,AGENT,初めまして！ 私、株式会社クレッセントのアシスタント、ゲッペイと申します。ライブ配信などで活用できるVolu☆ME!と、2026年最新スタジオについてご紹介できます。,,2026-04-22 09:35:13.806976+08:00
01KPSDB5XKCKG65YGSBGVCR9X1,,8bf2b60e30222aa0a7279d8081963246,AGENT,月餅と申します。株式会社クレッセントのアシスタントです。ライブ配信などで活用できるVolu☆ME!や、業界最高水準のモーションキャプチャシステムViconについてご紹介できます。,,2026-04-22 09:37:36.139582+08:00
01KPSDCFMWGWE862X5A22BX0F3,,628de866c95b9e658d08630d673bd8ec,AGENT,こんにちは、私は株式会社クレッセントのアシスタント、ゲッペイと申します。ライブ配信などで活用できるVolu☆ME!や、業界最高水準のモーションキャプチャシステムViconについてご興味はございますか？,,2026-04-22 09:38:00.159819+08:00
01KPSDHT2BWX7M65W7JYR5FRDK,,418ddb32f734e6ffd7e071ef4944bfe2,AGENT,株式会社クレッセントのアシスタント、月餅です。ライブ配信などで活用できるVolu☆ME!と、業界最高水準のモーションキャプチャシステムViconについてご紹介できます。,,2026-04-22 09:40:56.920586+08:00
01KPSDJSXZHRHH6S4CBDVW26FH,,418ddb32f734e6ffd7e071ef4944bfe2,AGENT,株式会社クレッセントのアシスタント、ゲッペイと申します。ライブ配信などで活用できるVolu☆ME!と、業界最高水準のモーションキャプチャシステムViconにご興味はありませんか？,,2026-04-22 09:41:28.321635+08:00
01KPSDNVAB58AXYJMTGWHMT539,,12bc0b2547c681c69ff0868e18fff242,AGENT,こんにちは！株式会社クレッセントのアシスタント、ゲッペイと申します。ライブ配信などで活用できるVolu☆ME!や、業界最高水準のモーションキャプチャシステムViconにご興味はありませんか？,,2026-04-22 09:43:08.622624+08:00
01KPSE3T86EQD6ZQ8VA85NWCSN,,95b71a6e9f3a137a293f9bc956b609f1,AGENT,はじめまして、私が株式会社クレッセントのアシスタント「ゲッペイ」です。ライブ配信などで活用できるVolu☆ME!と業界最高水準のモーションキャプチャシステムViconについてご紹介できます。,,2026-04-22 09:50:51.266258+08:00
01KPSE4E633GJPGGZ6XFM5QEPN,,0162a76180e5258e237f587821767c15,AGENT,ごきげんよう、私は株式会社クレッセントのアシスタント、ゲッペイと申します。ライブ配信などで活用できるVolu☆ME!と、2026年最新スタジオについてご案内できます。,,2026-04-22 09:51:05.680182+08:00
01KPSEBX2BPAP5JT237W876SJV,,0f2ae6a298015dfd26b3e47ce1e94dc3,AGENT,こんにちは！私は株式会社クレッセントのアシスタント、ゲッペイと申します。ライブ配信などで活用できるVolu☆ME!や、業界最高水準のモーションキャプチャシステムViconについてご紹介できます。,,2026-04-22 09:55:09.917932+08:00
01KPSEBXXCC6QPZK34FX3XMC0S,,fdd12ddf8aed80a6f4fa1d8f4775e03f,AGENT,こんにちは、私は株式会社クレッセントのアシスタント、ゲッペイと申します。ライブ配信などで活用できるVolu☆ME!や、業界最高水準のモーションキャプチャシステムViconについてご興味はございますか？,,2026-04-22 09:55:11.313818+08:00
01KPSEHGSW37YA8C80V2Z0N9QD,,1803224c3b2f8ff51cd56e619b0cee20,AGENT,月餅と申します。株式会社クレッセントのアシスタントとして、皆様のクリエイティブな課題解決をサポートいたします。ライブ配信などで活用できるVolu☆ME!や、業界最高水準のモーションキャプチャシステムViconにご興味はありませんか？,,2026-04-22 09:58:13.969191+08:00
01KPSEJQAP79SS1633NSCSXRHD,,49b210579693eaaf6185bfa2556fdda9,AGENT,こんにちは、私はクレッセントのアシスタント、ゲッペイと申します。ライブ配信などで活用できるVolu☆ME!や、業界最高水準のモーションキャプチャシステムViconについてご紹介できます。,,2026-04-22 09:58:53.233178+08:00
01KPSETX4DG0NSQDWPDVBFTPHM,,172ae575c0be3b606e0f42ce661edf85,AGENT,こんにちは！株式会社クレッセントのアシスタント、月餅（ゲッペイ）と申します。ライブ配信などで活用できるVolu☆ME!と、業界最高水準のモーションキャプチャシステムViconにご興味はありますか？,,2026-04-22 10:03:22.355299+08:00
01KPSEVYZFZG3N2E09W78MQE6Q,,1803224c3b2f8ff51cd56e619b0cee20,AGENT,"月餅と申します。株式会社クレッセントのアシスタントをしております。
ライブ配信などで活用できるVolu☆ME!や、業界最高水準のモーションキャプチャシステムViconにご興味はございますか？",,2026-04-22 10:03:56.147311+08:00
01KPSEXQNSWK6EJ3J02B2X648D,,4461f16ad310c3a43bb3bb5612790736,AGENT,こんにちは！ 株式会社クレッセントのアシスタント、ゲッペイと申します。ライブ配信などで活用できるVolu☆ME!、業界最高水準のモーションキャプチャシステムViconなどがございます。,,2026-04-22 10:04:53.985803+08:00
01KPSF4T3QX8DZJA6CVZQM9C3V,,4461f16ad310c3a43bb3bb5612790736,AGENT,月餅です。クレッセントのアシスタントをしております。ライブ配信などで活用できるVolu☆ME!と業界最高水準のモーションキャプチャシステムViconについてご紹介できます。,,2026-04-22 10:08:45.762081+08:00
01KPSF52MAZK0RZEZHG8037PKN,,1803224c3b2f8ff51cd56e619b0cee20,AGENT,初めまして。私、株式会社クレッセントのアシスタント、ゲッペイと申します。ライブ配信などで活用できるVolu☆ME!と、業界最高水準のモーションキャプチャシステムViconにご興味はございますか？,,2026-04-22 10:08:54.308722+08:00
01KPSF8Q26NXCTENHBNMW9CXH8,,75ef2cdbe6e6961821fcf0fb1da96caa,AGENT,こんにちは。株式会社クレッセントのアシスタント、月餅です。ライブ配信などで活用できるVolu☆ME!や、業界最高水準のモーションキャプチャシステムViconについてご興味はございますか？,,2026-04-22 10:11:08.789414+08:00
01KPSFWWRGJBQ21SQZ2NK26310,,461111f8b48a634caf3b694543634ea2,AGENT,こんにちは！ 株式会社クレッセントのアシスタント、月餅（ゲッペイ）と申します。ライブ配信などで活用できるVolu☆ME!と、業界最高水準のモーションキャプチャシステムViconにご興味はありますか？,,2026-04-22 10:21:56.918231+08:00
01KPSG57EPGRMH3MXN60CZE2X6,,f642da9fe927bef055283d9b3767ad69,AGENT,初めまして！ 株式会社クレッセントのアシスタント、ゲッペイと申します。ライブ配信などで活用できるVolu☆ME!、業界最高水準のモーションキャプチャシステムViconについてご興味はございますか？,,2026-04-22 10:26:28.539287+08:00
01KPSG5DMN4DDJ9573AC6AF7WW,,cd716ecea18ba524b0087808a6adc3b7,AGENT,皆様、こんにちは！ 株式会社クレッセントのアシスタント、ゲッペイと申します。ライブ配信などで活用できるVolu☆ME!や、業界最高水準のモーションキャプチャシステムViconについてお話しできます。,,2026-04-22 10:26:41.808774+08:00
01KPSGA9ZNBW5BJBT02VFSK4A3,,1803224c3b2f8ff51cd56e619b0cee20,AGENT,株式会社クレッセントのアシスタント、月餅と申します。ライブ配信などで活用できるVolu☆ME!や、業界最高水準のモーションキャプチャシステムViconについてご興味はありませんか？,,2026-04-22 10:29:14.421500+08:00
01KPSGFV5VR35AA5V8XYRTB9R0,,5c504de3ebace97436aa482356b0b114,AGENT,こんにちは！ 株式会社クレッセントのアシスタント、月餅（ゲッペイ）と申します。ライブ配信などで活用できるVolu☆ME!と、業界最高水準のモーションキャプチャシステムViconのどちらにご興味がありますか？,,2026-04-22 10:32:16.395557+08:00
01KPSGTAY3VGABPG80P8337K64,,546ca6a8fa4dfde27d9b2f76157579db,AGENT,ようこそ！私、株式会社クレッセントのアシスタント、月餅と申します。ライブ配信などで活用できるVolu☆ME!や、業界最高水準のモーションキャプチャシステムViconについてご紹介できます。,,2026-04-22 10:38:00.534749+08:00
01KPSGWQSJ2VNQJSQ3Q3FRB9WP,,385e0293f7e91b4182994403b5abb374,AGENT,こんにちは。株式会社クレッセントのアシスタント、月餅と申します。ライブ配信などで活用できるVolu☆ME!や、業界最高水準のモーションキャプチャシステムViconについてご紹介できます。,,2026-04-22 10:39:19.644274+08:00
01KPSHHP59VCZZ83ZECZNH4XE5,,d9a57ce1815d171e2ea732ca6971867f,AGENT,皆様、こんにちは！ 株式会社クレッセントのアシスタント、ゲッペイと申します。ライブ配信などで活用できるVolu☆ME!や、業界最高水準のモーションキャプチャシステムViconについてお話しできますので、お気軽にお声がけください。,,2026-04-22 10:50:45.987300+08:00
01KPSHMV679J862FJJFRT52ASG,,d9a57ce1815d171e2ea732ca6971867f,AGENT,こんにちは。株式会社クレッセントのアシスタント、ゲッペイと申します。ライブ配信などで活用できるVolu☆ME!や、業界最高水準のモーションキャプチャシステムViconについて、何かご興味はございますか？,,2026-04-22 10:52:28.850704+08:00
01KPSHV42ZWMR6745NQQPRHFHT,,c676c2cffe8a1a56537f493f6dd6d385,AGENT,クレッセントのアシスタント、ゲッペイと申します。ライブ配信などで活用できるVolu☆ME!、業界最高水準のモーションキャプチャシステムViconなど、弊社は最新のモーションキャプチャ技術と映像制作ソリューションを提供しております。,,2026-04-22 10:55:54.252237+08:00
01KPSHYKDVF1ERJTKB0Y64B7Q5,,f642da9fe927bef055283d9b3767ad69,AGENT,ようこそ！ 株式会社クレッセントのアシスタント、ゲッペイと申します。ライブ配信などで活用できるVolu☆ME!と、業界最高水準のモーションキャプチャシステムViconについてご紹介できます。,,2026-04-22 10:57:48.385324+08:00
01KPSJN3NRC2N6R5334REM90C0,,85431004948d4b6f4dcf2114f7721576,AGENT,お客様、こんにちは。株式会社クレッセントのアシスタント、ゲッペイと申します。ライブ配信などで活用できるVolu☆ME!や、業界最高水準のモーションキャプチャシステムViconについてご紹介できます。,,2026-04-22 11:12:22.437753+08:00
01KPSJZH3RAV20PS14W0CWS0MJ,,2c483701c6585add1dc79bed4ef719df,AGENT,こんにちは！ 私は株式会社クレッセントのアシスタント、ゲッペイと申します。ライブ配信などで活用できるVolu☆ME!、そして業界最高水準のモーションキャプチャシステムViconについてご紹介できます。,,2026-04-22 11:15:49.346337+08:00
01KPSKB56P3C9YR5GGSPFFKXFV,,000521baa3d862614baaf0d12ad3e757,AGENT,初めまして！ 私、株式会社クレッセントのアシスタント、ゲッペイと申します。ライブ配信などで活用できるVolu☆ME!、業界最高水準のモーションキャプチャシステムViconにご興味はありますか？,,2026-04-22 11:22:09.407842+08:00
01KPSMSKXSBV3S48HS28M1QQ7H,,9fde6942e84478a65b69141e0375bade,AGENT,"こんにちは！私、株式会社クレッセントのアシスタント、ゲッペイと申します。

ライブ配信などで活用できるVolu☆ME!、業界最高水準のモーションキャプチャシステムViconについてご興味はございませんか？",,2026-04-22 11:47:30.594704+08:00
01KPSMZ84CXHACECZK7V43SY7G,,57065ac06e53a100cea6c2a7a9451286,AGENT,株式会社クレッセントのアシスタント、ゲッペイと申します。ライブ配信などで活用できるVolu☆ME!や、業界最高水準のモーションキャプチャシステムViconについてご紹介できます。,,2026-04-22 11:50:35.115479+08:00
01KPSN8G02V4ENDNBA4QRNMHF0,,4e331820efef496267c00b6427dc4b85,AGENT,株式会社クレッセントのアシスタント、ゲッペイと申します。ライブ配信などで活用できるVolu☆ME!と業界最高水準のモーションキャプチャシステムViconについてご紹介できます。,,2026-04-22 11:55:39.401766+08:00
01KPSN8YPHDRH8DBG8G2ZRWKV2,,4bfd54b0db253728a041ae490827b14a,AGENT,初めまして、私が株式会社クレッセントのアシスタント、ゲッペイです。ライブ配信などで活用できるVolu☆ME!と、2026年に完成予定の最新スタジオにご興味はありませんか？,,2026-04-22 11:55:54.205225+08:00
01KPSNAJF0KFAT96NHB7D27RMK,,1f7735928a5409eda74d2e130418a506,AGENT,こんにちは！株式会社クレッセントのアシスタント、ゲッペイと申します。ライブ配信などで活用できるVolu☆ME!や、業界最高水準のモーションキャプチャシステムViconにご興味はありませんか？,,2026-04-22 11:56:47.028467+08:00
01KPSNTSP3BWPZYGGGQ9VC7DP5,,fc0faef94b3769785281591873997d2a,AGENT,はじめまして。私、株式会社クレッセントのアシスタント、ゲッペイと申します。ライブ配信などで活用できるVolu☆ME!、業界最高水準のモーションキャプチャシステムViconについてご紹介できます。,,2026-04-22 12:05:43.433085+08:00
01KPSP00TDKE3HMQ850889KWZT,,71bbe9c3f8e91ccc1170810e09896f6a,AGENT,こんにちは、私は株式会社クレッセントのアシスタント、ゲッペイと申します。ライブ配信などで活用できるVolu☆ME!や、業界最高水準のモーションキャプチャシステムViconについてご興味はありますか？,,2026-04-22 12:08:28.747882+08:00
01KPSP1HJQKZPXJVGR5XGX781H,,dd02f1e5ae59301a055342335ab695a0,AGENT,お客様、ようこそお越しくださいました。私、株式会社クレッセントのアシスタント、ゲッペイと申します。ライブ配信などで活用できるVolu☆ME!、業界最高水準のモーションキャプチャシステムViconについてご紹介できます。,,2026-04-22 12:09:19.649974+08:00
01KPSP1SDWR58CYFS99SXWK5GC,,95b71a6e9f3a137a293f9bc956b609f1,AGENT,こんにちは！株式会社クレッセントのアシスタント、月餅です。ライブ配信などで活用できるVolu☆ME!や、業界最高水準のモーションキャプチャシステムViconについてご興味はございませんか？,,2026-04-22 12:09:36.526460+08:00
01KPSP7CVXT9KR6XVE0EFP5BJY,,95b71a6e9f3a137a293f9bc956b609f1,AGENT,クレッセントのアシスタント、ゲッペイと申します。ライブ配信などで活用できるVolu☆ME!や、業界最高水準のモーションキャプチャシステムViconにご興味はございますか？,,2026-04-22 12:12:36.248091+08:00
01KPSPCH04K7C0T2C4Y2F6MEQ5,,79794944346e7f7a3c481fe80458ace6,AGENT,はじめまして。株式会社クレッセントのアシスタント、ゲッペイと申します。ライブ配信などで活用できるVolu☆ME!と、業界最高水準のモーションキャプチャシステムViconにご興味はございますか？,,2026-04-22 12:15:19.664199+08:00
01KPSPP8HE287P0480TCQXD6T9,,617607bf8ec437d931c7beb368ec5b20,AGENT,月餅と申します。株式会社クレッセントのアシスタントです。何かご質問はございますか？ライブ配信などで活用できるVolu☆ME!と、2026年最新スタジオについてご案内できます。,,2026-04-22 12:20:39.993488+08:00
01KPSQ9EG8VYRTPN0WQH78TVK3,,19a50e58197e2c071fc36aef39eb5033,AGENT,ゲッペイと申します。株式会社クレッセントのアシスタントです。2026年最新スタジオと、ライブ配信などで活用できるVolu☆ME!についてご紹介できます。,,2026-04-22 12:35:05.058646+08:00
01KPSQEPDZGGF7HAAMKCQYSSM4,,872d77229dd9c1ffc6aaf4de03b6ca90,AGENT,株式会社クレッセントのアシスタント、ゲッペイと申します。ライブ配信などで活用できるVolu☆ME!や、業界最高水準のモーションキャプチャシステムViconについてご紹介できます。,,2026-04-22 12:34:10.738709+08:00
01KPSQGWY2K7D5XK0T3BGR0W4V,,19a50e58197e2c071fc36aef39eb5033,AGENT,初めまして。私は株式会社クレッセントのアシスタント、ゲッペイと申します。ライブ配信などで活用できるVolu☆ME!、業界最高水準のモーションキャプチャシステムVicon、どちらにご興味がありますか？,,2026-04-22 12:35:19.525933+08:00
01KPSQT25A23JBK3G3M9A4YYMD,,45531734a06f18216fce6fdb993f7148,AGENT,こんにちは！ 株式会社クレッセントのアシスタント、月餅（ゲッペイ）です。ライブ配信などで活用できるVolu☆ME!、業界最高水準のモーションキャプチャシステムViconについてご案内できます。,,2026-04-22 12:40:10.665180+08:00
01KPSQT4J8X652S2H9VM631T97,,20b2fb0ab8ec7f241ef0b402c7530892,AGENT,月餅と申します。株式会社クレッセントのアシスタントです。ライブ配信などで活用できるVolu☆ME!と業界最高水準のモーションキャプチャシステムViconについてご紹介できます。,,2026-04-22 12:40:14.338014+08:00
01KPSQV50YGRD2H2D5JHNS2FCN,,20b2fb0ab8ec7f241ef0b402c7530892,AGENT,こんにちは。株式会社クレッセントのアシスタント、ゲッペイと申します。ライブ配信などで活用できるVolu☆ME!や、業界最高水準のモーションキャプチャシステムViconについてご紹介できますが、ご興味はございますか？,,2026-04-22 12:40:46.521028+08:00
01KPSQZPSNFZB7GB9RDSX3VXM5,,6fe686b8af45b234a17063dcbf687ee5,AGENT,皆様、こんにちは！ 株式会社クレッセントのアシスタント、ゲッペイと申します。ライブ配信などで活用できるVolu☆ME!や、業界最高水準のモーションキャプチャシステムViconについてお話しできます。,,2026-04-22 12:43:16.337275+08:00
01KPSQZVAEMJSBH7YH75TZFH1D,,5b6f67d2db26ba6d2a6a0fe17ac47257,AGENT,こんにちは！ 株式会社クレッセントのアシスタント、月餅（ゲッペイ）です。ライブ配信などで活用できるVolu☆ME!、業界最高水準のモーションキャプチャシステムVicon、どちらに興味がありますか？,,2026-04-22 12:43:22.573129+08:00
01KPSR1HE9XKVSW9KVQWBP1D2E,,6fe686b8af45b234a17063dcbf687ee5,AGENT,初めまして。私、株式会社クレッセントのアシスタント、ゲッペイと申します。ライブ配信などで活用できるVolu☆ME!と、業界最高水準のモーションキャプチャシステムViconについてご紹介できます。,,2026-04-22 12:44:15.948524+08:00
01KPSR2R8SD3KGVV6DQNTSQFK7,,145c6f9c3146ae428450ec467dbc38c4,AGENT,こんにちは！私、株式会社クレッセントのアシスタント、ゲッペイと申します。ライブ配信などで活用できるVolu☆ME!や、業界最高水準のモーションキャプチャシステムViconについてご紹介できます。,,2026-04-22 12:44:55.795821+08:00
01KPSR5AF1QAB9CW3F0TR8AT2W,,4d963d4d1692533e9939ee99de029db5,AGENT,株式会社クレッセントのアシスタント、月餅です。ライブ配信などで活用できるVolu☆ME!や、業界最高水準のモーションキャプチャシステムViconについてご紹介できます。,,2026-04-22 12:46:23.170879+08:00
01KPSR7C7AM4WXEA8TN02E6TBD,,145c6f9c3146ae428450ec467dbc38c4,AGENT,こんにちは、ゲッペイと申します。株式会社クレッセントのアシスタントを務めております。ライブ配信などで活用できるVolu☆ME!や、業界最高水準のモーションキャプチャシステムViconなどにご興味はございますか？,,2026-04-22 12:47:27.089082+08:00
01KPSRJHGZNF1ETBXHPDN1K57B,,9c86c36659de65d5e6e31b00ee29c75d,AGENT,"こんにちは！クレッセントのアシスタント、ゲッペイと申します。

ライブ配信などで活用できるVolu☆ME!や、業界最高水準のモーションキャプチャシステムViconにご興味はありませんか？",,2026-04-22 12:53:35.028979+08:00
01KPSS7PV2HH6M8C01HCQJWF6V,,59444f8453da8f91bf708af72eb2cc12,AGENT,初めまして、月餅と申します。株式会社クレッセントのアシスタントをしております。ライブ配信などで活用できるVolu☆ME!や、業界最高水準のモーションキャプチャシステムViconなどがございますが、ご興味はございますか？,,2026-04-22 13:05:09.915312+08:00
01KPSS8H78Q9D03XEPY8W4F2HG,,59444f8453da8f91bf708af72eb2cc12,AGENT,こんにちは、私は株式会社クレッセントのアシスタント、ゲッペイと申します。ライブ配信などで活用できるVolu☆ME!や、業界最高水準のモーションキャプチャシステムViconについてご興味はございますか？,,2026-04-22 13:05:35.239039+08:00
01KPSSE8TP61HA2G75MR9QHWD4,,9647341bf47481612c1180a6012770cb,AGENT,"こんにちは！クレッセントアシスタントのゲッペイです。

ライブ配信などで活用できるVolu☆ME!、業界最高水準のモーションキャプチャシステムViconにご興味はございませんか？",,2026-04-22 13:08:42.679278+08:00
01KPSSHE49YJ2STN9M3VRPFAMQ,,eafc522b0efdb76bf1d8446b0a4ac06c,AGENT,こんにちは。私、クレッセントのアシスタント、ゲッペイと申します。ライブ配信などで活用できるVolu☆ME!と、業界最高水準のモーションキャプチャシステムViconにご興味はありますか？,,2026-04-22 13:10:26.383036+08:00
01KPSSJEN536NQZJF5GZYRFZNN,,eafc522b0efdb76bf1d8446b0a4ac06c,AGENT,こんにちは、私は株式会社クレッセントのアシスタント、ゲッペイと申します。ライブ配信などで活用できるVolu☆ME!と、業界最高水準のモーションキャプチャシステムViconについてご紹介できます。,,2026-04-22 13:14:09.187257+08:00
01KPSSKETNXXQ6DY96S88RFS8K,,59444f8453da8f91bf708af72eb2cc12,AGENT,こんにちは！私、クレッセントのアシスタント、ゲッペイと申します。ライブ配信などで活用できるVolu☆ME!や、業界最高水準のモーションキャプチャシステムViconについてご興味はございますか？,,2026-04-22 13:11:33.303427+08:00
01KPSSXR1V05NHXBW6J5YF0XYE,,c24c637fd775e21d3d5d51bc02bc14b7,AGENT,こんにちは！ 私は株式会社クレッセントのアシスタント、ゲッペイと申します。ライブ配信などで活用できるVolu☆ME!や、業界最高水準のモーションキャプチャシステムViconについてご紹介できます。,,2026-04-22 13:17:09.447664+08:00
01KPSSZM7MT6186Q0K6M65RJXX,,f320a0b16585c39c58f28525d8cfc464,AGENT,はじめまして！私、株式会社クレッセントのアシスタント、ゲッペイと申します。ライブ配信などで活用できるVolu☆ME!や、業界最高水準のモーションキャプチャシステムViconなどにご興味はございますか？,,2026-04-22 13:18:10.748827+08:00
01KPSSZRK4XR1Z9YWNGTG8S61C,,2f322e3bd16ce91eaac2c70dbd94276f,AGENT,お客様、こんにちは。私、株式会社クレッセントのアシスタント、ゲッペイと申します。ライブ配信などで活用できるVolu☆ME!、または業界最高水準のモーションキャプチャシステムViconについてご興味はございますか？,,2026-04-22 13:18:17.787392+08:00
01KPST0PX0G7PX0W6VMSQM6BP0,,e9d99fe25ae79df791e63bd3a3e14a22,AGENT,初めまして、私は株式会社クレッセントのアシスタント、月餅（ゲッペイ）と申します。ライブ配信などで活用できるVolu☆ME!や、業界最高水準のモーションキャプチャシステムViconなど、クレッセントの最新技術にご興味はありますか？,,2026-04-22 13:18:47.673153+08:00
01KPST9V89GHFXCGQB6JNDBMY2,,206d9e7142a480eb471c2c5bbdfe1053,AGENT,株式会社クレッセントのアシスタント、ゲッペイと申します。ライブ配信などで活用できるVolu☆ME!と、業界最高水準のモーションキャプチャシステムViconにご興味はありませんか？,,2026-04-22 13:23:46.078423+08:00
01KPSTGF9Y0EKXKM09WE1GZWM2,,69582651cd5a7d8f6673f56cd76b1e52,AGENT,皆様、こんにちは。株式会社クレッセントのアシスタント、ゲッペイと申します。ライブ配信などで活用できるVolu☆ME!や、業界最高水準のモーションキャプチャシステムViconについてご紹介できます。,,2026-04-22 13:27:23.335875+08:00
01KPSV7X8DSM5T10BT2CGGAB3W,,ed2249610434285d26edc686f0bc7392,AGENT,株式会社クレッセントのアシスタント、ゲッペイと申します。ライブ配信などで活用できるVolu☆ME!や、業界最高水準のモーションキャプチャシステムViconについてお話しできます。,,2026-04-22 13:40:12.962520+08:00
01KPSVP9CYJNGQPFP8PSZN3GAH,,924fad174036cc4b0e87cb5a9df75628,AGENT,月餅と申します。株式会社クレッセントのアシスタントです。ライブ配信などで活用できるVolu☆ME!と、業界最高水準のモーションキャプチャシステムViconにご興味はありませんか？,,2026-04-22 13:48:03.330666+08:00
01KPSVQ33JYMB0AW20NRYBGBJW,,924fad174036cc4b0e87cb5a9df75628,AGENT,株式会社クレッセントのアシスタント、ゲッペイと申します。ライブ配信などで活用できるVolu☆ME!や、業界最高水準のモーションキャプチャシステムViconについてご紹介できます。,,2026-04-22 13:48:27.714622+08:00
01KPSVZHWEKRCXVT4A9N1VWK9T,,776aed366de2b6156c5b2bc3f9fb653e,AGENT,ゲッペイと申します。ライブ配信などで活用できるVolu☆ME!や、業界最高水準のモーションキャプチャシステムViconなどにご興味はございますか？,,2026-04-22 13:53:05.482617+08:00
01KPSW2WQ3ETSC556K5SVNTMH9,,60adee582f6805c2adad4f1ff8725237,AGENT,はじめまして、株式会社クレッセントのアシスタント「ゲッペイ」と申します。ライブ配信などで活用できるVolu☆ME!や、業界最高水準のモーションキャプチャシステムViconについてお話しできます。,,2026-04-22 13:54:54.438162+08:00
01KPSW4ME8MAE2TF72S6XMVM29,,1a4d0d3cf5ce4dbfd00df7520e77f7ab,AGENT,こんにちは、ゲッペイと申します。株式会社クレッセントのアシスタントとして、皆様のご質問にお答えいたします。ライブ配信などで活用できるVolu☆ME!、または業界最高水準のモーションキャプチャシステムViconにご興味はございますか？,,2026-04-22 13:55:51.840889+08:00
01KPSW81GRVMFEFQ8N6BM5VM7C,,876590f7cf2c4d7f14f6cd30a7457bb3,AGENT,こんにちは。株式会社クレッセントのアシスタント、ゲッペイと申します。ライブ配信などで活用できるVolu☆ME!、2026年最新スタジオにご興味はございませんか？,,2026-04-22 13:57:46.627486+08:00
01KPSWC724D2VX0DCMNRVERKQE,,6d67c39387c9888d9b41782a46dad08d,AGENT,こんにちは！ 株式会社クレッセントのアシスタント、月餅です。ライブ配信などで活用できるVolu☆ME!と、業界最高水準のモーションキャプチャシステムViconについてご紹介できます。,,2026-04-22 14:00:04.416110+08:00
01KPSWE265SRRED1K180J4XM86,,7eac908a56bab0348105fc2e8fbc8df6,AGENT,初めまして！私は株式会社クレッセントのアシスタント、ゲッペイと申します。ライブ配信などで活用できるVolu☆ME!や、業界最高水準のモーションキャプチャシステムViconなどにご興味はございますか？,,2026-04-22 14:01:08.042291+08:00
01KPSWTBHWQYSACB1PTDNSDV06,,526a531380803ac09dfe9c7b9116bcec,AGENT,"月餅ちゃんと申します。最新のモーションキャプチャ技術に精通した、株式会社クレッセントのアシスタントです。

ライブ配信などで活用できるVolu☆ME!、または業界最高水準のモーションキャプチャシステムViconにご興味はございますか？",,2026-04-22 14:07:43.656304+08:00
01KPSWTJRGQWPHK1S4E3A9BRZV,,1c2adff4ac93b230dade387c3d324f58,AGENT,初めまして。私、株式会社クレッセントのアシスタント、ゲッペイと申します。ライブ配信などで活用できるVolu☆ME!、業界最高水準のモーションキャプチャシステムViconにご興味はございますか。,,2026-04-22 14:07:53.246246+08:00
01KPSWVQRKBG1ESG1ZS1V0TG35,,d7b2aed05628067fa744ce1b2aaf865b,AGENT,皆様、こんにちは！ 私は株式会社クレッセントのアシスタント、ゲッペイと申します。ライブ配信などで活用できるVolu☆ME!、そして業界最高水準のモーションキャプチャシステムViconについてお話しできます。,,2026-04-22 14:08:29.696328+08:00
01KPSWWWCX5MNS73RJAQQCBP42,,b3c64664a04339f66eb7b158ba653129,AGENT,こんにちは！株式会社クレッセントのアシスタント、月餅です。ライブ配信などで活用できるVolu☆ME!と、業界最高水準のモーションキャプチャシステムViconにご興味はありますか？,,2026-04-22 14:09:06.425860+08:00
01KPSWYVVMEZ2JD7EBQ11TH4A4,,6d67c39387c9888d9b41782a46dad08d,AGENT,"月餅と申します。株式会社クレッセントのアシスタントです。何かご質問がありましたら、お気軽にお尋ねください。

ライブ配信などで活用できるVolu☆ME! や、業界最高水準のモーションキャプチャシステムViconなど、クレッセントの最新技術にご興味はございますか？",,2026-04-22 14:10:12.092144+08:00
01KPSX2G4GY1N4NYT1NNEV7PYN,,37598d821e3ed3562f9cb2713215a706,AGENT,はじめまして。株式会社クレッセントのアシスタント、ゲッペイと申します。ライブ配信などで活用できるVolu☆ME!と、業界最高水準のモーションキャプチャシステムViconについてご紹介できます。,,2026-04-22 14:12:10.953588+08:00
01KPSX35SZSEFXRM786CXBP2AW,,7d391e775b6b2cebb5c9440dc026001d,AGENT,"はい、こんにちは！株式会社クレッセントのアシスタント、ゲッペイと申します。

ライブ配信などで活用できるVolu☆ME!、2026年最新スタジオ、どちらにご興味がありますか？",,2026-04-22 14:12:32.762509+08:00
01KPSXGGRX6Q2S0APK5NW834JG,,56dd9877fc66f1ded3058474dc58b6a6,AGENT,お客様、こんにちは。私、株式会社クレッセントのアシスタント、ゲッペイと申します。ライブ配信などで活用できるVolu☆ME!や、業界最高水準のモーションキャプチャシステムViconについてお話しできます。,,2026-04-22 14:19:49.612838+08:00
01KPSXNAY0V2CAKN7MMGQG2RFC,,59c13be540a4f54c2f776976fb8c82af,AGENT,"こんにちは！ 私、クレッセントのアシスタント、ゲッペイと申します。

ライブ配信などで活用できるVolu☆ME!、業界最高水準のモーションキャプチャシステムViconにご興味はございますか？",,2026-04-22 14:22:27.832173+08:00
01KPSXXQJDEY3ZTYN2BYDSM9Z2,,b3c64664a04339f66eb7b158ba653129,AGENT,株式会社クレッセントのアシスタント、ゲッペイと申します。ライブ配信などで活用できるVolu☆ME!と、業界最高水準のモーションキャプチャシステムViconについてご紹介できます。,,2026-04-22 14:27:01.388619+08:00
01KPSXXQJDEY3ZTYN2BYDSM9Z2,,b3c64664a04339f66eb7b158ba653129,USER,你可以幹嘛,,2026-04-22 14:27:08.059787+08:00
01KPSXXQJDEY3ZTYN2BYDSM9Z2,,b3c64664a04339f66eb7b158ba653129,AGENT,"您好！我是月餅，很高興為您服務。

我主要負責提供以下資訊：
*   介紹我們公司在**動作捕捉技術**、**3D掃描**以及**即時影像解決方案**方面的服務。
*   提供關於我們的**最新設備**、**技術應用案例**以及**未來工作室計畫**的資訊。
*   回答您對**動作捕捉系統 Vicon**、**Volu☆ME! 即時影像方案**等技術細節的問題。

您對哪方面比較感興趣呢？",,2026-04-22 14:27:08.089743+08:00
01KPSY2X90CR2Q4X3MCJDXM5YM,,5ab5ee00c7ca2632b1d119ed50a7d4eb,AGENT,こんにちは！私は株式会社クレッセントのアシスタント、ゲッペイと申します。ライブ配信などで活用できるVolu☆ME!や、業界最高水準のモーションキャプチャシステムViconについてご紹介できます。,,2026-04-22 14:29:57.012165+08:00
01KPSYJKPEB6BG3KC20GSYAMT0,,48eb3e146b92a9aa7abc3247884f4c58,AGENT,ようこそ、いらっしゃいませ！私、株式会社クレッセントのアシスタント、ゲッペイと申します。ライブ配信などで活用できるVolu☆ME!や、業界最高水準のモーションキャプチャシステムViconについてご紹介できます。,,2026-04-22 14:38:30.303948+08:00
01KPSYTD4HJSA2FQVHYD50WCGW,,169dfcceda9b8a5556a2c30b60b70dd7,AGENT,"こんにちは、ゲッペイと申します。株式会社クレッセントのアシスタントです。

ライブ配信などで活用できるVolu☆ME!や、業界最高水準のモーションキャプチャシステムViconなどにご興味はございますか？",,2026-04-22 14:42:42.700438+08:00
01KPSYTTXB14VWBA67FCRM4BFF,,b119eacf7f1e1fb76cffcc03c9b0ce09,AGENT,"こんにちは。私、株式会社クレッセントのアシスタント、ゲッペイと申します。

ライブ配信などで活用できるVolu☆ME!、または業界最高水準のモーションキャプチャシステムViconにご興味はございますか？",,2026-04-22 14:42:57.921356+08:00
01KPSYTTXB14VWBA67FCRM4BFF,,b119eacf7f1e1fb76cffcc03c9b0ce09,USER,什麼是深度學習,,2026-04-22 14:43:15.114474+08:00
01KPSYTTXB14VWBA67FCRM4BFF,,b119eacf7f1e1fb76cffcc03c9b0ce09,AGENT,"深度學習是機器學習的一個分支，它使用多層次的類神經網路從資料中學習。

您想知道深度學習在哪些應用上表現出色嗎？",,2026-04-22 14:43:15.147933+08:00
01KPSYTTXB14VWBA67FCRM4BFF,,b119eacf7f1e1fb76cffcc03c9b0ce09,USER,好,,2026-04-22 14:43:26.041660+08:00
01KPSYTTXB14VWBA67FCRM4BFF,,b119eacf7f1e1fb76cffcc03c9b0ce09,AGENT,"深度學習在以下應用表現出色：

*   **影像辨識**：辨識圖片中的物體、人臉等。
*   **語音辨識**：將人類語音轉換為文字。
*   **自然語言處理**：理解和生成人類語言。
*   **推薦系統**：根據用戶偏好推薦內容。
*   **醫療診斷**：輔助醫生進行疾病診斷。

這些應用中，您對哪一個比較感興趣呢？",,2026-04-22 14:43:26.060031+08:00
01KPSYTTXB14VWBA67FCRM4BFF,,b119eacf7f1e1fb76cffcc03c9b0ce09,USER,你是什麼模型？,,2026-04-22 14:44:03.015891+08:00
01KPSYTTXB14VWBA67FCRM4BFF,,b119eacf7f1e1fb76cffcc03c9b0ce09,AGENT,我是一個大型語言模型，由 Google 訓練。,,2026-04-22 14:44:03.048682+08:00
01KPSYTTXB14VWBA67FCRM4BFF,,b119eacf7f1e1fb76cffcc03c9b0ce09,USER,Gemini嗎,,2026-04-22 14:44:13.595707+08:00
01KPSYTTXB14VWBA67FCRM4BFF,,b119eacf7f1e1fb76cffcc03c9b0ce09,AGENT,我是 Gemini。,,2026-04-22 14:44:13.626224+08:00
01KPSYXR234T6VZXDP245A0B5D,,6b58423e4b4f38bd31abed813bb29c83,AGENT,"ゲッペイと申します。株式会社クレッセントのアシスタントです。

ライブ配信などで活用できるVolu☆ME!、そして2026年最新スタジオについてご興味はありますか？",,2026-04-22 14:44:31.534469+08:00
01KPSZ417V27WVMWPBXRP86RGD,,fed122ffecd428a2a99222674466d007,AGENT,ゲッペイと申します。株式会社クレッセントのアシスタントです。2026年最新スタジオや、業界最高水準のモーションキャプチャシステムViconについてお話しできます。,,2026-04-22 14:47:57.859111+08:00
01KPSZ4QE8QWEFMHEX377RXFGV,,e999ba9b7614e044c641d9589e69f5ca,AGENT,いらっしゃいませ！私、株式会社クレッセントのアシスタント、ゲッペイと申します。ライブ配信などで活用できるVolu☆ME!と業界最高水準のモーションキャプチャシステムViconについてご紹介できます。,,2026-04-22 14:48:21.009098+08:00
01KPSZ4SQT0AV87QKR0JYPK5CX,,6b3801d19d7a97b3f5afb596e82b7fec,AGENT,株式会社クレッセントのアシスタント、ゲッペイと申します。ライブ配信などで活用できるVolu☆ME!や、業界最高水準のモーションキャプチャシステムViconについてご紹介できます。,,2026-04-22 14:48:24.337043+08:00
01KPSZ4T7HB4NQGBA08YAW0RD9,,35676facea336e6d19ebd7d16d5d00cb,AGENT,"クレッセントのゲッペイです。

本日は「ライブ配信などで活用できるVolu☆ME!」と「業界最高水準のモーションキャプチャシステムVicon」についてお話しできます。",,2026-04-22 14:48:24.219979+08:00
01KPSZ5AWJJ70RM07AGWKC7QF8,,bb8f45ec3f5ae0392397e4bce892f4e4,AGENT,"こんにちは。株式会社クレッセントのアシスタント、ゲッペイと申します。

ライブ配信などで活用できるVolu☆ME!や、業界最高水準のモーションキャプチャシステムViconにご興味はございますか？",,2026-04-22 14:48:40.099416+08:00
01KPSZ5G5N4Y9FV81J6GPGXZH1,,bb8f45ec3f5ae0392397e4bce892f4e4,AGENT,こんにちは、株式会社クレッセントのアシスタント「ゲッペイ」と申します。ライブ配信などで活用できるVolu☆ME!や、業界最高水準のモーションキャプチャシステムViconについてご紹介できます。,,2026-04-22 14:48:45.342375+08:00
01KPSZ5PM6A4GHYZGEY29A40CE,,73cc748dcaea927136786f3ab999ef4a,AGENT,"こんにちは。私は株式会社クレッセントのアシスタント、ゲッペイと申します。

ライブ配信などで活用できるVolu☆ME!、そして業界最高水準のモーションキャプチャシステムViconについてご紹介できますが、どちらにご興味がございますか？",,2026-04-22 14:48:55.794500+08:00
01KPSZ82W2ENV19M97AHJJPFQN,,3fff74b6c29825a59b7cfd879fb7cc12,AGENT,月餅と申します。株式会社クレッセントのアシスタントです。何かお困りですか？ ライブ配信などで活用できるVolu☆ME!と業界最高水準のモーションキャプチャシステムViconについてご紹介できます。,,2026-04-22 14:50:10.695032+08:00
01KPSZ84C2BPQDB6GTEFXA9K8C,,2268c4c2c144d7dcb1437bae598bb1f2,AGENT,こんにちは！ 私、クレッセントのアシスタント、ゲッペイと申します。ライブ配信などで活用できるVolu☆ME!と、業界最高水準のモーションキャプチャシステムViconについてご紹介できます。,,2026-04-22 14:50:12.459580+08:00
01KPSZ8MSPN7DDSJ77AHSHZ0VY,,2268c4c2c144d7dcb1437bae598bb1f2,AGENT,皆様、こんにちは。私は株式会社クレッセントのアシスタント、ゲッペイと申します。ライブ配信などで活用できるVolu☆ME!、業界最高水準のモーションキャプチャシステムViconなど、ご興味はございますでしょうか？,,2026-04-22 14:50:28.790087+08:00
01KPSZ9C9GX5TBVVSWJWNAGDA3,,fed122ffecd428a2a99222674466d007,AGENT,"こんにちは！ 株式会社クレッセントのアシスタント、ゲッペイと申します。

ライブ配信などで活用できるVolu☆ME!と、業界最高水準のモーションキャプチャシステムViconにご興味はございますか？",,2026-04-22 14:50:52.812165+08:00
01KPSZ9CZSFP53WK7H1NNDZCBJ,,2268c4c2c144d7dcb1437bae598bb1f2,AGENT,こんにちは！株式会社クレッセントのアシスタント、ゲッペイと申します。ライブ配信などで活用できるVolu☆ME!や、業界最高水準のモーションキャプチャシステムViconについてご紹介できます。,,2026-04-22 14:50:53.515812+08:00
01KPSZF487K2Y73R6CVDDEWWRC,,57065ac06e53a100cea6c2a7a9451286,AGENT,こんにちは！私、株式会社クレッセントのアシスタント、ゲッペイと申します。ライブ配信などで活用できるVolu☆ME!、業界最高水準のモーションキャプチャシステムViconなど、クレッセントの最新技術にご興味はありますか？,,2026-04-22 14:54:01.228232+08:00
01KPSZHGW0P830AHSCXXGJE6YA,,b0dd567d3da51fdfb8cef7b387ea4c9c,AGENT,こんにちは、ゲッペイと申します。株式会社クレッセントのアシスタントをしております。,,2026-04-22 14:55:20.831872+08:00
01KPSZMRRBT3710SMWMFBVKSWH,,b0dd567d3da51fdfb8cef7b387ea4c9c,AGENT,株式会社クレッセントのアシスタント、ゲッペイと申します。ライブ配信などで活用できるVolu☆ME!や、業界最高水準のモーションキャプチャシステムViconについてお話しできます。,,2026-04-22 14:57:06.292458+08:00
01KPSZNAWG9R6ZVDDCGW0RBT5N,,63cc9ce012622563637382acb98e7e15,AGENT,はじめまして。私、株式会社クレッセントのアシスタント、ゲッペイと申します。ライブ配信などで活用できるVolu☆ME!や、業界最高水準のモーションキャプチャシステムViconなどにご興味はございますか？,,2026-04-22 14:57:25.651814+08:00
01KPSZRTRWSZ8Q737TVN024C1F,,2b12fd41140407f13070043269b1b514,AGENT,こんにちは。私は株式会社クレッセントのアシスタント、ゲッペイと申します。ライブ配信などで活用できるVolu☆ME!と、業界最高水準のモーションキャプチャシステムViconについてご紹介できますが、どちらにご興味がありますか？,,2026-04-22 14:59:19.579572+08:00
01KPT01ANZEW6GDKVKGPHEJ0Z3,,e9d99fe25ae79df791e63bd3a3e14a22,AGENT,"ようこそ！ 私、株式会社クレッセントのアシスタント、ゲッペイと申します。

ライブ配信などで活用できるVolu☆ME!と、業界最高水準のモーションキャプチャシステムViconにご興味はございますか？",,2026-04-22 15:03:59.949258+08:00
01KPT0A1W2H79JRZR2MKJPFPJ7,,6b308e3366e4630a5a824033557baae5,AGENT,こんにちは！私は株式会社クレッセントのアシスタント、ゲッペイと申します。ライブ配信などで活用できるVolu☆ME!や、業界最高水準のモーションキャプチャシステムViconについてご紹介できます。,,2026-04-22 15:09:23.910089+08:00
01KPT0AFMDP9CS8AHGY4KYANJV,,b1bd3c6f33b13d355cd1c5488400ed09,AGENT,こんにちは！私は株式会社クレッセントのアシスタント、ゲッペイと申します。ライブ配信などで活用できるVolu☆ME!や、業界最高水準のモーションキャプチャシステムViconについてお話しできます。,,2026-04-22 15:08:57.725975+08:00
01KPT0GRFCHSMMZZYWXZJZFD0H,,1a322f05f6abd964bc4531a17521b8e9,AGENT,皆様、こんにちは！ 株式会社クレッセントのアシスタント、ゲッペイと申します。ライブ配信などで活用できるVolu☆ME!、業界最高水準のモーションキャプチャシステムViconなど、弊社独自のサービスについてご紹介できます。,,2026-04-22 15:14:15.587907+08:00
01KPT0NJBQNZZB0X2R5EGK0E2S,,7fe233c2ec825bd94febaf544e5315a2,AGENT,ようこそ！私は株式会社クレッセントのアシスタント、ゲッペイと申します。ライブ配信などで活用できるVolu☆ME!や、業界最高水準のモーションキャプチャシステムViconについてご紹介できます。,,2026-04-22 15:15:01.380561+08:00
01KPT0XRR37DN7AMJCQ5NMAC69,,9abe590102a81df20eab33cdea87496c,AGENT,ゲッペイと申します。株式会社クレッセントのアシスタントです。 Viconや2026年最新スタジオにご興味はありますか？,,2026-04-22 15:19:31.503328+08:00
01KPT1G7ACC9BHKRB1C9CYG725,,ed096fbfd9c4042bc4750062ec390382,AGENT,株式会社クレッセントのアシスタント、ゲッペイと申します。ライブ配信などで活用できるVolu☆ME!と、業界最高水準のモーションキャプチャシステムViconについてご紹介できます。,,2026-04-22 15:29:35.416473+08:00
01KPT1HZPR0FDGH6HA9WCRJ0Y2,,c54a75d0a4fc98877bdf4cad29a47c41,AGENT,初めまして、私が株式会社クレッセントのアシスタント、月餅です。ライブ配信などで活用できるVolu☆ME!や、業界最高水準のモーションキャプチャシステムViconについてご紹介できます。,,2026-04-22 15:30:33.174429+08:00
01KPT25HWZ6DAEK8P5278N79R2,,e29afb68a5db2c8485f7adb9103b4ab4,AGENT,ゲッペイと申します。クレッセントのアシスタントです。ライブ配信などで活用できるVolu☆ME!と業界最高水準のモーションキャプチャシステムViconについてご紹介できます。,,2026-04-22 15:41:34.269281+08:00
01KPT27RMQWZ3K3YTBSMQXHF7X,,aca79c5f5d66cec3cd6f598e27751f01,AGENT,初めまして！私は株式会社クレッセントのアシスタント、月餅（ゲッペイ）と申します。ライブ配信などで活用できるVolu☆ME!や、業界最高水準のモーションキャプチャシステムViconなどにご興味はございますか？,,2026-04-22 15:42:25.688258+08:00
01KPT2B882F5Z6JXT3Y6XXBQK6,,c280d4cd307f96a517a2d58f4e21ad2b,AGENT,こんにちは！ 株式会社クレッセントのアシスタント、ゲッペイと申します。ライブ配信などで活用できるVolu☆ME!、そして2026年最新スタジオについてご興味はございませんか？,,2026-04-22 15:44:21.461166+08:00
01KPT2DCA0EQPJBEBMXHNSFMZ5,,510de8c6103d30df8a374c1a8729d092,AGENT,"初めまして。株式会社クレッセントのアシスタント「ゲッペイ」と申します。

最新のモーションキャプチャ技術に精通しておりますので、ライブ配信などで活用できるVolu☆ME!や、業界最高水準のモーションキャプチャシステムViconについて、何かご質問はございますか？",,2026-04-22 15:45:29.677267+08:00
01KPT2KFC5H2MRR7C87JS7RPDP,,71d29de2cfca2b039ee582c79d17a834,AGENT,こんにちは！私は株式会社クレッセントのアシスタント、ゲッペイと申します。ライブ配信などで活用できるVolu☆ME!や、業界最高水準のモーションキャプチャシステムViconについてご紹介できます。,,2026-04-22 15:48:49.683953+08:00
01KPT2TX6AKQBRP8K9VN18QG04,,385e0293f7e91b4182994403b5abb374,AGENT,こんにちは！株式会社クレッセントのアシスタント、ゲッペイと申します。ライブ配信などで活用できるVolu☆ME!や、業界最高水準のモーションキャプチャシステムViconについてご紹介できます。,,2026-04-22 15:52:53.932926+08:00
01KPT34RHR021SBRQJMKEREP1K,,8a6e365af298f484970c993f8e0408d7,AGENT,"こんにちは！株式会社クレッセントのアシスタント、ゲッペイと申します。

ライブ配信などで活用できるVolu☆ME!と、業界最高水準のモーションキャプチャシステムViconにご興味はありますか？",,2026-04-22 15:58:16.749246+08:00
01KPT3D009RAFK1JX99S62VEBX,,e42c5e0eb1f7f0ac47c90772f45c618d,AGENT,こんにちは！私、株式会社クレッセントのアシスタント、ゲッペイと申します。ライブ配信などで活用できるVolu☆ME!や、業界最高水準のモーションキャプチャシステムViconについてご紹介できます。,,2026-04-22 16:02:45.892341+08:00
01KPT3JK7V607DNWNE27KA8K99,,17d0ae60f257dfbc0a14f47cdf8e9132,AGENT,こんにちは！株式会社クレッセントのアシスタント、ゲッペイと申します。ライブ配信などで活用できるVolu☆ME!や、業界最高水準のモーションキャプチャシステムViconについてご紹介できます。,,2026-04-22 16:05:50.332195+08:00
01KPT3MBY717RXYGRSPJYEAF84,,00834c185f6b42e3221c6b448711b085,AGENT,こんにちは！株式会社クレッセントのアシスタント、月餅（ゲッペイ）と申します。ライブ配信などで活用できるVolu☆ME!や、業界最高水準のモーションキャプチャシステムViconについてご紹介できます。,,2026-04-22 16:06:47.461438+08:00
01KPT3R37GVAH86Z8SJ614WDH9,,d10728144ab6634b9c65566a73574c57,AGENT,こんにちは、私は株式会社クレッセントのアシスタント、ゲッペイと申します。ライブ配信などで活用できるVolu☆ME!や、業界最高水準のモーションキャプチャシステムViconについてご紹介できます。,,2026-04-22 16:08:52.241499+08:00
01KPT3R37GVAH86Z8SJ614WDH9,,d10728144ab6634b9c65566a73574c57,USER,hi,,2026-04-22 16:09:08.291112+08:00
01KPT3R37GVAH86Z8SJ614WDH9,,d10728144ab6634b9c65566a73574c57,AGENT,"Hello, I'm MoonCake, Assistant at Crescent Inc. I can tell you about our state-of-the-art motion capture system, Vicon, or perhaps our 2026 new studio.",,2026-04-22 16:09:08.310654+08:00
01KPT3SXTF3QWPCPEQX5QQJ4X7,,617607bf8ec437d931c7beb368ec5b20,AGENT,クレッセントのアシスタント、ゲッペイです。本日はどのようなご用件でしょうか？ライブ配信などで活用できるVolu☆ME!や、業界最高水準のモーションキャプチャシステムViconなどがございますが、ご興味はございますか？,,2026-04-22 16:09:58.623732+08:00
01KPT3WXHVD5QEHFBR8Z2DBMBD,,2f322e3bd16ce91eaac2c70dbd94276f,AGENT,ごきげんよう！ 私は株式会社クレッセントのアシスタント、ゲッペイと申します。ライブ配信などで活用できるVolu☆ME!や、業界最高水準のモーションキャプチャシステムViconについてご興味はございますか？,,2026-04-22 16:11:28.481478+08:00
01KPT4N7J6M8VR06A3B0K3FJ24,,c01e70ba686791d64640883b6af20016,AGENT,こんにちは。株式会社クレッセントのアシスタント、月餅（ゲッペイ）と申します。ライブ配信などで活用できるVolu☆ME!と、業界最高水準のモーションキャプチャシステムViconにご興味はありますか？,,2026-04-22 16:24:44.898266+08:00
01KPT4R3MS879YS9M5M5D8XTV9,,d1547eaa92b615ef7a99bcfaff7097a2,AGENT,こんにちは！クレッセントのアシスタント、ゲッペイと申します。ライブ配信などで活用できるVolu☆ME!や、業界最高水準のモーションキャプチャシステムViconについてご紹介できます。,,2026-04-22 16:26:18.601010+08:00
01KPT4X42RP4A42WGCGX996C6K,,4c1be6f376ee0ec8d2160558600e8fca,AGENT,皆様、こんにちは。株式会社クレッセントのアシスタント、ゲッペイと申します。ライブ配信などで活用できるVolu☆ME!や、業界最高水準のモーションキャプチャシステムViconについてご紹介できます。,,2026-04-22 16:29:05.690415+08:00
01KPT51JCZKW9MK92PVD5RHCPB,,34b282e92ac26cef7d45c40e9967ced2,AGENT,皆様、こんにちは！ 株式会社クレッセントのアシスタント、ゲッペイと申します。ライブ配信などで活用できるVolu☆ME!、そして業界最高水準のモーションキャプチャシステムViconについて、何かご興味はございますか？,,2026-04-22 16:31:32.824621+08:00
01KPT5C86PZ7DNJ4FVR4P1299G,,c8de5c56391b3a2e0345be23ece0a15f,AGENT,月餅と申します。株式会社クレッセントのアシスタントです。何かご質問がありましたら、お気軽にお尋ねください。,,2026-04-22 16:37:20.949745+08:00
01KPT5HAA6XQP0W935V45E68KW,,1e24b0d23dd0adbf15037e46ee6dc870,AGENT,こんにちは！ 株式会社クレッセントのアシスタント、月餅です。何かお困りですか？ ライブ配信などで活用できるVolu☆ME!と、業界最高水準のモーションキャプチャシステムViconについてご紹介できます。,,2026-04-22 16:40:04.384190+08:00
01KPT5NM2X87F8M27ATHX44AK4,,3cae48ba5d56ac53aab17d7e84b9561e,AGENT,こんにちは、私は株式会社クレッセントのアシスタント、ゲッペイと申します。ライブ配信などで活用できるVolu☆ME!や、業界最高水準のモーションキャプチャシステムViconについてご興味はございますか？,,2026-04-22 16:42:25.530563+08:00
01KPT65PDZVJAHH4WTES68B6F3,,04265d563083bc9db296d23d4daf8770,AGENT,"こんにちは！ 株式会社クレッセントのアシスタント、月餅（ゲッペイ）と申します。

ライブ配信などで活用できるVolu☆ME!と、業界最高水準のモーションキャプチャシステムViconにご興味はございますか？",,2026-04-22 16:51:14.885573+08:00
01KPT6A3WWH2XDECZT6PCMTY7S,,f5d4396a9a9b5d77b03d6191e0b5e3b5,AGENT,こんにちは！株式会社クレッセントのアシスタント、ゲッペイと申します。ライブ配信などで活用できるVolu☆ME!や、業界最高水準のモーションキャプチャシステムViconについてご紹介できます。,,2026-04-22 16:53:37.204557+08:00
01KPT6C73NNP50AEQ5GJD3H2GM,,7f5fd7dd469b5b6ef689befb44d7463f,AGENT,月餅です。クレッセントのアシスタントをしております。何かお困りですか？ ライブ配信などで活用できるVolu☆ME!、または業界最高水準のモーションキャプチャシステムViconにご興味はありますか？,,2026-04-22 16:54:49.922293+08:00
01KPT6GPZBDJH73175KAYDB0TY,,2503939db6c4d9536309b3c95291f182,AGENT,お客様、こんにちは！私は株式会社クレッセントのアシスタント、ゲッペイと申します。ライブ配信などで活用できるVolu☆ME!や、業界最高水準のモーションキャプチャシステムViconなどにご興味はございますか？,,2026-04-22 16:57:26.824528+08:00
01KPT6QT7EWWPCMEG7RWDG3H3Z,,1895e60bf862185aedfa864e2bc05384,AGENT,はじめまして！株式会社クレッセントのアシスタント、ゲッペイと申します。ライブ配信などで活用できるVolu☆ME!や、業界最高水準のモーションキャプチャシステムViconについてご紹介できます。,,2026-04-22 17:01:09.267531+08:00
01KPT6X2FNZK0CS4P54V7S0MQ9,,b521af5a9171134ab3e540e5db4b0db4,AGENT,いらっしゃいませ！私は株式会社クレッセントのアシスタント、ゲッペイと申します。ライブ配信などで活用できるVolu☆ME!、業界最高水準のモーションキャプチャシステムViconなどがございますが、どの情報にご興味がありますか？,,2026-04-22 17:03:59.548492+08:00
01KPT6XE8M5Q3RDJ923JC11S3T,,1895e60bf862185aedfa864e2bc05384,AGENT,"はじめまして！私、株式会社クレッセントのアシスタント、ゲッペイと申します。

ライブ配信などで活用できるVolu☆ME!、または業界最高水準のモーションキャプチャシステムViconにご興味はございますか？",,2026-04-22 17:04:11.375546+08:00
01KPT6ZCWV4RJC66EJ38R0DJ2H,,1895e60bf862185aedfa864e2bc05384,AGENT,こんにちは！株式会社クレッセントのアシスタント、月餅です。ライブ配信などで活用できるVolu☆ME!や、業界最高水準のモーションキャプチャシステムViconについてご興味はありますか？,,2026-04-22 17:05:15.329197+08:00
01KPT728EJZZQ1HVK3HE1TD71E,,b18e2609a1baa6825ee19b95d6f37cc5,AGENT,はじめまして。株式会社クレッセントのアシスタント、月餅（ゲッペイ）と申します。ライブ配信などで活用できるVolu☆ME!や、業界最高水準のモーションキャプチャシステムViconなどにご興味はございますか？,,2026-04-22 17:06:48.813367+08:00
01KPT72K01CBDP6JCXJYM46G3S,,b18e2609a1baa6825ee19b95d6f37cc5,AGENT,ゲッペイと申します。クレッセントのアシスタントです。ライブ配信などで活用できるVolu☆ME!や、業界最高水準のモーションキャプチャシステムViconについてご紹介できます。,,2026-04-22 17:06:58.851112+08:00
01KPT769HESYRKKF7F9EC8EP9M,,b18e2609a1baa6825ee19b95d6f37cc5,AGENT,初めまして、私は株式会社クレッセントのアシスタント、ゲッペイと申します。ライブ配信などで活用できるVolu☆ME!、または業界最高水準のモーションキャプチャシステムViconについてご興味はございますか？,,2026-04-22 17:09:00.261582+08:00
01KPT7VHG1W7JTTSWSATXN7KMJ,,25ed1cf4865b9782101f764bc7131698,AGENT,ようこそお越しくださいました！私、株式会社クレッセントのアシスタント、ゲッペイと申します。ライブ配信などで活用できるVolu☆ME!、2026年最新スタジオにご興味はございませんか？,,2026-04-22 17:20:38.227244+08:00
01KPT83C4BACWMBGG02X8FME20,,25ed1cf4865b9782101f764bc7131698,AGENT,月餅と申します。株式会社クレッセントのアシスタントです。ライブ配信などで活用できるVolu☆ME!と、業界最高水準のモーションキャプチャシステムViconについてご紹介できます。,,2026-04-22 17:24:54.346132+08:00
01KPT89Y047PBWV09TZ3G43KJM,,9abe590102a81df20eab33cdea87496c,AGENT,いらっしゃいませ。株式会社クレッセントのアシスタント、月餅と申します。ライブ配信などで活用できるVolu☆ME!、業界最高水準のモーションキャプチャシステムViconはいかがでしょうか？,,2026-04-22 17:28:27.865338+08:00
01KPT8J2ZJ3NE8Q2KP1B56E0X3,,886c2f5098c0dfd85a0669e0f445124c,AGENT,こんにちは！私は株式会社クレッセントのアシスタント、ゲッペイと申します。ライブ配信などで活用できるVolu☆ME!や、業界最高水準のモーションキャプチャシステムViconについてご紹介できます。,,2026-04-22 17:32:55.890129+08:00
01KPT8N99FSK699S75X0BK4HTR,,886c2f5098c0dfd85a0669e0f445124c,AGENT,"ゲッペイと申します。株式会社クレッセントのアシスタントです。
ライブ配信などで活用できる[Volu☆ME!](https://www.crescentinc.co.jp/volu_me)や、業界最高水準のモーションキャプチャシステムViconについてご紹介できます。",,2026-04-22 17:34:40.694624+08:00
01KPT8NQ6E5QHY0N9ZMYVJT2Q6,,886c2f5098c0dfd85a0669e0f445124c,AGENT,株式会社クレッセントのアシスタント、ゲッペイと申します。ライブ配信などで活用できるVolu☆ME!や、業界最高水準のモーションキャプチャシステムViconについてご紹介できます。,,2026-04-22 17:34:54.752084+08:00
01KPT8P7DRMEMYRP9F61RJVVFA,,886c2f5098c0dfd85a0669e0f445124c,AGENT,"こんにちは、ゲッペイと申します。株式会社クレッセントのアシスタントをしております。

ライブ配信などで活用できるVolu☆ME!、または業界最高水準のモーションキャプチャシステムViconにご興味はございますか？",,2026-04-22 17:35:11.507637+08:00
01KPT8SQNBQSFVEBRYEKFZMY60,,abc5b51441e395b3c11321072fbe9bf3,AGENT,月餅と申します。クレッセントのアシスタントをしております。何かご不明な点はございませんか？ ライブ配信などで活用できるVolu☆ME!、業界最高水準のモーションキャプチャシステムViconなどがございます。,,2026-04-22 17:37:15.768539+08:00
01KPT8WWNTA2N712QQH0BGXSMN,,886c2f5098c0dfd85a0669e0f445124c,AGENT,はじめまして。株式会社クレッセントのアシスタント、ゲッペイと申します。ライブ配信などで活用できるVolu☆ME!と、業界最高水準のモーションキャプチャシステムViconにご興味はございますか？,,2026-04-22 17:38:49.828083+08:00
01KPT8YJBWF938FM1WJN0MMRKV,,f236db1e10eb9e1c5208113174e04e59,AGENT,はじめまして。株式会社クレッセントのアシスタント、ゲッペイと申します。ライブ配信などで活用できるVolu☆ME!や、業界最高水準のモーションキャプチャシステムViconについてご紹介できます。,,2026-04-22 17:39:44.486986+08:00
01KPT9331R582J37JMRNR6G8AF,,1c01242c995dd9bfa8f65e0ed237cac1,AGENT,"はじめまして。私は株式会社クレッセントのアシスタント、ゲッペイと申します。

ライブ配信などで活用できるVolu☆ME!、または業界最高水準のモーションキャプチャシステムViconにご興味はございますか？",,2026-04-22 17:42:17.113124+08:00
01KPT9CKX871XQ42WKWANW53ZW,,abc5b51441e395b3c11321072fbe9bf3,AGENT,こんにちは！株式会社クレッセントのアシスタント、月餅です。何かお困りですか？ ライブ配信などで活用できるVolu☆ME! や、2026年最新スタジオについてご紹介できます。,,2026-04-22 17:47:27.775906+08:00
01KPT9D1E3DW4DESM3205NVER4,,3de1bc87b17073caf3953f0734a523b4,AGENT,はじめまして。私、株式会社クレッセントのアシスタント、ゲッペイと申します。ライブ配信などで活用できるVolu☆ME!や、業界最高水準のモーションキャプチャシステムViconなどにご興味はございますか？,,2026-04-22 17:47:38.699135+08:00
01KPTA2MA31VS40PVV4GVDE4VJ,,4b773b4ed88affd72d706da012741a4f,AGENT,お客様、こんにちは。私、株式会社クレッセントのアシスタント、ゲッペイと申します。ライブ配信などで活用できるVolu☆ME!と、業界最高水準のモーションキャプチャシステムViconについてご紹介できます。,,2026-04-22 17:59:26.904604+08:00
01KPTA85ZFRZ2FQETN434NKRMD,,90437f1eae0c0b98f79a5e1973c40d05,AGENT,初めまして、私は株式会社クレッセントのアシスタント、ゲッペイと申します。ライブ配信などで活用できるVolu☆ME!や、業界最高水準のモーションキャプチャシステムViconなどにご興味はございますか？,,2026-04-22 18:02:28.513814+08:00
01KPTAB78R5QE870FNHM7MF3GX,,abc5b51441e395b3c11321072fbe9bf3,AGENT,はじめまして、私は株式会社クレッセントのアシスタント、ゲッペイと申します。ライブ配信などで活用できるVolu☆ME!、または業界最高水準のモーションキャプチャシステムViconについてご興味はありますか？,,2026-04-22 18:07:21.177764+08:00
01KPTARTQCX3NRK8WNHYCQZDH8,,c47a97ce2262ee981c421616bc70e7b4,AGENT,クレッセントのアシスタント、ゲッペイと申します。ライブ配信などで活用できるVolu☆ME!や、業界最高水準のモーションキャプチャシステムViconについてご興味はございませんか？,,2026-04-22 18:11:33.928451+08:00
01KPTB2KEW93QP6P0QZEY0KXDZ,,ce6cdbf8dca87a59ef9d72b9cc9e8fdf,AGENT,初めまして。私、株式会社クレッセントのアシスタント、ゲッペイと申します。ライブ配信などで活用できるVolu☆ME!や、業界最高水準のモーションキャプチャシステムViconについてご紹介できます。,,2026-04-22 18:16:55.486121+08:00
01KPTC1KCJHJE0JZP7PR31GECW,,faa6b30062c2eeb052c0ece575196c0d,AGENT,こんにちは！私は株式会社クレッセントのアシスタント、ゲッペイと申します。ライブ配信などで活用できるVolu☆ME!や、業界最高水準のモーションキャプチャシステムViconについてご紹介できます。,,2026-04-22 18:33:50.718854+08:00
01KPTC63HQD30T486N8BJQXXBQ,,c8730766a95e7f1a28bb2d8a03eb27dd,AGENT,いらっしゃいませ！私、クレッセントのアシスタント、ゲッペイと申します。ライブ配信などで活用できるVolu☆ME!や、業界最高水準のモーションキャプチャシステムViconについてご紹介できます。,,2026-04-22 18:36:32.432439+08:00
01KPTC67XNX1VZWGSM064TBV5F,,9b761d26a3e58626be0a6ae8c696023a,AGENT,"皆様、こんにちは。株式会社クレッセントのアシスタント、「ゲッペイ」と申します。

本日はどのような情報にご興味がございますか？例えば、ライブ配信などで活用できるVolu☆ME!や、業界最高水準のモーションキャプチャシステムViconについてご紹介できます。",,2026-04-22 18:36:29.185139+08:00
01KPTC6CSVYKHG98PWGPPRJPHJ,,9b761d26a3e58626be0a6ae8c696023a,AGENT,お客様、こんにちは！ 私は株式会社クレッセントのアシスタント、ゲッペイと申します。ライブ配信などで活用できるVolu☆ME!と業界最高水準のモーションキャプチャシステムViconについてご紹介できます。,,2026-04-22 18:36:29.954283+08:00
01KPTC6NZC9FEDD6NHDDPX56E7,,44f8598ac7a8f4e2560f7aecd89dc339,AGENT,こんにちは！ 私は株式会社クレッセントのアシスタント、ゲッペイと申します。ライブ配信などで活用できるVolu☆ME!や、業界最高水準のモーションキャプチャシステムViconについてご紹介できます。,,2026-04-22 18:36:39.907071+08:00
01KPTCGN1KSPT3CNMBJVWCJRRN,,90437f1eae0c0b98f79a5e1973c40d05,AGENT,"こんにちは、ゲッペイと申します。
クレッセントのアシスタントとして、ライブ配信などで活用できるVolu☆ME!や、業界最高水準のモーションキャプチャシステムViconについてご紹介できます。",,2026-04-22 18:42:04.347961+08:00
01KPTCW1NSJZX5Q89TEXN6YF6W,,c47a97ce2262ee981c421616bc70e7b4,AGENT,こんにちは！ 株式会社クレッセントのアシスタント、ゲッペイと申します。ライブ配信などで活用できるVolu☆ME!や、業界最高水準のモーションキャプチャシステムViconにご興味はありませんか？,,2026-04-22 18:48:16.888317+08:00
01KPTDT2MFKRCNCRKHR2P1VBRE,,50cbd1e236f7d05b02d8ad97c1023181,AGENT,「こんにちは！私は株式会社クレッセントのアシスタント、ゲッペイと申します。ライブ配信などで活用できるVolu☆ME!や、業界最高水準のモーションキャプチャシステムViconについてご紹介できます。」,,2026-04-22 19:04:44.749179+08:00
01KPTG4FBGT2ZYF8DR56RV5GHB,,e65b4f7868ceb3925a32f7a22b477a52,AGENT,株式会社クレッセントのアシスタント、ゲッペイと申します。ライブ配信などで活用できるVolu☆ME!や、業界最高水準のモーションキャプチャシステムViconについてご紹介できます。,,2026-04-22 19:45:25.893834+08:00
01KPTGGEED99JB2RDXS7Q9YP4C,,37d15fe1f73db26fb72040c18d8d65e0,AGENT,こんにちは！私は株式会社クレッセントのアシスタント、ゲッペイと申します。ライブ配信などで活用できるVolu☆ME!と、業界最高水準のモーションキャプチャシステムViconについてご紹介できます。,,2026-04-22 19:51:50.201031+08:00
01KPTGJCN79Y6H2G13XE7GP7VF,,929e0b2208ffc52116437cabb7bc73ab,AGENT,こんにちは。私は株式会社クレッセントのアシスタント、ゲッペイと申します。ライブ配信などで活用できるVolu☆ME!や、業界最高水準のモーションキャプチャシステムViconについてご紹介できます。,,2026-04-22 19:52:55.133383+08:00
01KPTHCKKK37XYTFYZW38H9FA1,,0c0995004a55465fcb738e0c156f94e0,AGENT,こんにちは、私は株式会社クレッセントのアシスタント、ゲッペイと申します。ライブ配信などで活用できるVolu☆ME!や、業界最高水準のモーションキャプチャシステムViconについてご紹介できます。,,2026-04-22 20:07:13.683512+08:00
01KPTJ6CE1KD3Q5GMD7H755HGC,,acaa68d1a18fb6f4ec1c1c30be62db01,AGENT,初めまして！株式会社クレッセントのアシスタント、ゲッペイと申します。ライブ配信などで活用できるVolu☆ME!や、業界最高水準のモーションキャプチャシステムViconなどにご興味はございますか？,,2026-04-22 20:21:18.633512+08:00
01KPTJ8GWBWW51CXR316DNNJ4A,,acaa68d1a18fb6f4ec1c1c30be62db01,AGENT,はじめまして。株式会社クレッセントのアシスタント、ゲッペイと申します。ライブ配信などで活用できるVolu☆ME!や、業界最高水準のモーションキャプチャシステムViconについてご紹介できます。,,2026-04-22 20:22:28.008599+08:00
01KPTJJZWKEE73C7RV66FH8HVM,,acaa68d1a18fb6f4ec1c1c30be62db01,AGENT,"株式会社クレッセントのアシスタント、ゲッペイと申します！
ライブ配信などで活用できるVolu☆ME!や、業界最高水準のモーションキャプチャシステムViconについてご興味はありますか？",,2026-04-22 20:28:10.698006+08:00
01KPTJK6KXZBFJEDCDE6K4P77Z,,acaa68d1a18fb6f4ec1c1c30be62db01,AGENT,クレッセントのアシスタント、ゲッペイと申します。ライブ配信などで活用できるVolu☆ME!や、業界最高水準のモーションキャプチャシステムViconについてご興味はございますか？,,2026-04-22 20:28:17.391726+08:00
01KPTJXPHKS2FJ3V6ENVM67N19,,acaa68d1a18fb6f4ec1c1c30be62db01,AGENT,月餅と申します。株式会社クレッセントのアシスタントです。ライブ配信などで活用できるVolu☆ME!と、業界最高水準のモーションキャプチャシステムViconにご興味はありませんか？,,2026-04-22 20:34:01.433667+08:00
01KPTK04FSRF45TZPXT4EZS6D8,,acaa68d1a18fb6f4ec1c1c30be62db01,AGENT,クレッセントのアシスタント、ゲッペイと申します。ライブ配信などで活用できるVolu☆ME!や、業界最高水準のモーションキャプチャシステムViconについてご興味はございませんか？,,2026-04-22 20:35:21.240272+08:00
01KPTMZSTNP0HXHMCXKBQWYY4V,,8f567db39dfe53a40cddff935f7c4b0d,AGENT,初めまして。株式会社クレッセントのアシスタント、ゲッペイと申します。ライブ配信などで活用できるVolu☆ME!、業界最高水準のモーションキャプチャシステムViconにご興味はありますか？,,2026-04-22 21:10:09.714185+08:00
01KPTQT2P54PNCX2RMDT40YH1W,,53a9de20545d4d0bf9031655616efc3a,AGENT,お客様、こんにちは！私は株式会社クレッセントのアシスタント、ゲッペイと申します。ライブ配信などで活用できるVolu☆ME!、業界最高水準のモーションキャプチャシステムViconなど、クレッセントの最新技術にご興味はございますか？,,2026-04-22 21:59:27.641282+08:00
01KPTQX3E7KCHBNQYWB4JTSNTA,,8bf8176c1da6094208e6346a7e0e738f,AGENT,株式会社クレッセントのアシスタント、月餅と申します。ライブ配信などで活用できるVolu☆ME!、業界最高水準のモーションキャプチャシステムViconなど、弊社独自のサービスについてご紹介できます。,,2026-04-22 22:01:05.640338+08:00
01KPTRPDVBFZWJ9491TZN16VSA,,49e4a4d4397835866e107f1c16939140,AGENT,いらっしゃいませ。わたくしは、株式会社クレッセントのアシスタント、ゲッペイと申します。ライブ配信などで活用できるVolu☆ME!、業界最高水準のモーションキャプチャシステムViconなどがございますが、どちらに興味がありますか？,,2026-04-22 22:14:56.055749+08:00
01KPTS0XAW78CT3YZ1KTPPX8BS,,b5750fd7924a3770ea1dc8392c7189d1,AGENT,初めまして。私、株式会社クレッセントのアシスタント、ゲッペイと申します。ライブ配信などで活用できるVolu☆ME!と業界最高水準のモーションキャプチャシステムViconにご興味はございますか？,,2026-04-22 22:20:38.570395+08:00
01KPTS9JRKX80XW78C2GPT4RXW,,44b8f87e65bc6afed7b3b131e17ba2bd,AGENT,初めまして！ 私、株式会社クレッセントのアシスタント、ゲッペイと申します。ライブ配信などで活用できるVolu☆ME!、業界最高水準のモーションキャプチャシステムViconなどがございますが、ご興味はございますか？,,2026-04-22 22:25:26.623695+08:00
01KPTSDQ4H8ZJE9C43TM9EZ93S,,439592d5ae3b9276859b52e0b785b388,AGENT,はじめまして。株式会社クレッセントのアシスタント、ゲッペイと申します。ライブ配信などで活用できるVolu☆ME!や、業界最高水準のモーションキャプチャシステムViconについてご興味はございますか？,,2026-04-22 22:27:51.920578+08:00
01KPTSYPF7W67EPY22JCSPSWF2,,593d7e347350a650fa969151dacc9a23,AGENT,クレッセントのアシスタント、ゲッペイと申します。ライブ配信などで活用できるVolu☆ME!や、業界最高水準のモーションキャプチャシステムViconについてご興味はございますか？,,2026-04-22 22:36:57.169318+08:00
01KPTTN165R3HM4KFPMCD1QZSG,,f30a815552ff80631c12195ada89b66a,AGENT,こんにちは。私は株式会社クレッセントのアシスタント、ゲッペイと申します。ライブ配信などで活用できるVolu☆ME!と、業界最高水準のモーションキャプチャシステムViconについてご紹介できます。,,2026-04-22 22:49:07.065973+08:00
01KPTWMX5DG81QD2XZ2NNT2VHF,,3e3c1a6f4abaf388b46ca52cbdcdca35,AGENT,お客様、こんにちは！私は株式会社クレッセントのアシスタント、ゲッペイと申します。ライブ配信などで活用できるVolu☆ME!、業界最高水準のモーションキャプチャシステムViconなど、クレッセントの最新技術にご興味はございますか？,,2026-04-22 23:24:00.869767+08:00
01KPTXA4T1ZKYRJ703KP6FQWYX,,ff3aab8f3e689608d827481ab4048e6d,AGENT,月餅（ゲッペイ）と申します。株式会社クレッセントのアシスタントです。本日はどのようなご用件でしょうか。,,2026-04-22 23:35:36.594418+08:00
01KPTXKN8K9DH6NVNDQD6EPQK0,,36166a42ccdd2f4aec50087e273fdd0e,AGENT,はじめまして、私は株式会社クレッセントのアシスタント、ゲッペイと申します。ライブ配信などで活用できるVolu☆ME!、業界最高水準のモーションキャプチャシステムViconなどにご興味はございますか？,,2026-04-22 23:40:48.398329+08:00
01KPTY23F0G5FM332M39MYFKHM,,5558f47e12c7940f36d923c63561b4aa,AGENT,皆様、こんにちは。株式会社クレッセントのアシスタント、ゲッペイと申します。ライブ配信などで活用できるVolu☆ME!、業界最高水準のモーションキャプチャシステムVicon、どちらにご興味がございますか？,,2026-04-22 23:48:41.061391+08:00
01KPTY3JS3BW2M3FHMDGS9GP1E,,5558f47e12c7940f36d923c63561b4aa,AGENT,初めまして。私、株式会社クレッセントのアシスタント、ゲッペイと申します。ライブ配信などで活用できるVolu☆ME!と、業界最高水準のモーションキャプチャシステムViconにご興味はございますか？,,2026-04-22 23:49:28.808636+08:00
01KPTYA1YNNQQAAS80P19ADV01,,bd24410fa2746b6decd75479fb855779,AGENT,株式会社クレッセントのアシスタント、月餅と申します。ライブ配信などで活用できるVolu☆ME!や、業界最高水準のモーションキャプチャシステムViconについてご興味はございませんか？,,2026-04-22 23:53:02.717291+08:00
01KPV648KJPW3654QYJ6CCQFKM,,49fd3b73f7034596114f125c5f228dd8,AGENT,こんにちは！株式会社クレッセントのアシスタント、ゲッペイと申します。ライブ配信などで活用できるVolu☆ME!や、業界最高水準のモーションキャプチャシステムViconについてご紹介できます。,,2026-04-23 02:09:49.978321+08:00
01KPVM82YHWRJG1RZQA3DVHF7C,,e999ba9b7614e044c641d9589e69f5ca,AGENT,こんにちは！株式会社クレッセントのアシスタント、月餅（ゲッペイ）と申します。ライブ配信などで活用できるVolu☆ME!や、業界最高水準のモーションキャプチャシステムViconについてご紹介できます。,,2026-04-23 06:25:42.852272+08:00
01KPVNW8YE13MDZZZ003VZQNYB,,617607bf8ec437d931c7beb368ec5b20,AGENT,月餅ちゃんと申します。株式会社クレッセントのアシスタントです。ライブ配信などで活用できるVolu☆ME!と、業界最高水準のモーションキャプチャシステムViconにご興味はありませんか。,,2026-04-23 06:45:00.598280+08:00
01KPVP0QR1WZZWJ929AP1TEGCG,,e6be95a98e6e5983de9075a24b5ae501,AGENT,"はい、こんにちは。私は株式会社クレッセントのアシスタント、ゲッペイと申します。

ライブ配信などで活用できるVolu☆ME!、業界最高水準のモーションキャプチャシステムViconにご興味はございますか？",,2026-04-23 06:47:21.957543+08:00
01KPVQ70BBTZV0ZKSM5R9S4P8R,,43c61771991b58a10ead4fa93966dc95,AGENT,株式会社クレッセントのアシスタント、ゲッペイと申します。ライブ配信などで活用できるVolu☆ME!や、業界最高水準のモーションキャプチャシステムViconについてご紹介できます。,,2026-04-23 07:08:19.744758+08:00
01KPVQNRCG0NHHWFJSBFY6FCEZ,,4834db69bd5dad888cf1016b5f91a087,AGENT,皆様、こんにちは。株式会社クレッセントのアシスタント、ゲッペイと申します。ライブ配信などで活用できるVolu☆ME!、業界最高水準のモーションキャプチャシステムViconなど、弊社についてのご質問がございましたら、何なりとお尋ねください。,,2026-04-23 07:16:19.810618+08:00
01KPVV2E6WDC21BSHQ1XECKM4Z,,2d0570dbde9d2ceecfb3721367331318,AGENT,株式会社クレッセントのアシスタント、月餅です。ライブ配信などで活用できるVolu☆ME!と、業界最高水準のモーションキャプチャシステムViconにご興味はありますか？,,2026-04-23 08:15:44.431791+08:00
01KPVVVAD9YCSSJXC6XDPZP469,,36166a42ccdd2f4aec50087e273fdd0e,AGENT,株式会社クレッセントのアシスタント、月餅です。ライブ配信などで活用できるVolu☆ME!と、業界最高水準のモーションキャプチャシステムViconについてご紹介できます。,,2026-04-23 08:29:26.141799+08:00
01KPVW9FHCKESZQ5WYAB78Q1GR,,2d0570dbde9d2ceecfb3721367331318,AGENT,こんにちは！株式会社クレッセントのアシスタント、ゲッペイと申します。ライブ配信などで活用できるVolu☆ME!や、業界最高水準のモーションキャプチャシステムViconについてご紹介できます。,,2026-04-23 08:37:01.386797+08:00
01KPVWF4QVXNWV6SH52Y2BFGRZ,,5ff65943bfff697ba5b4c3c042d57516,AGENT,初めまして。私、株式会社クレッセントのアシスタント、ゲッペイと申します。ライブ配信などで活用できるVolu☆ME!と、業界最高水準のモーションキャプチャシステムViconについてご紹介できます。,,2026-04-23 08:40:11.249062+08:00
01KPVWN4GYAZ7M8KPRDA8EB841,,af462d20ae4c707b9b9fb97ccc6426c7,AGENT,こんにちは！株式会社クレッセントのアシスタント、ゲッペイと申します。ライブ配信などで活用できるVolu☆ME!、業界最高水準のモーションキャプチャシステムViconなどがございますが、何かご興味はございますでしょうか？,,2026-04-23 08:43:26.899991+08:00
01KPVWYKFNZ97EK3MGRKS0RKRN,,88f60f85f12530c49b8bd37e1ee82024,AGENT,月餅（ゲッペイ）と申します。株式会社クレッセントのアシスタントです。何かお困りですか？ ライブ配信などで活用できるVolu☆ME!と業界最高水準のモーションキャプチャシステムViconについてご紹介できます。,,2026-04-23 08:48:31.765146+08:00
01KPVX8TR6D358JYTM24CVFNFG,,86a1e9b370b9dc0d2da2ef7fc4a83d9e,AGENT,皆様、こんにちは。株式会社クレッセントのアシスタント、ゲッペイと申します。ライブ配信などで活用できるVolu☆ME!や、業界最高水準のモーションキャプチャシステムViconについてご紹介できます。,,2026-04-23 08:54:07.080159+08:00
01KPVXAK3N3AWR3KQJF45RNB63,,1a5e353723d78bb5bb3c22e6d10bd647,AGENT,お客様、ようこそお越しくださいました。私は株式会社クレッセントのアシスタント、ゲッペイと申します。ライブ配信などで活用できるVolu☆ME!、そして業界最高水準のモーションキャプチャシステムViconについてご紹介できます。,,2026-04-23 08:55:04.253987+08:00
01KPVXF702B3VJ57TSDVTE9RNQ,,830bb694b82d399b0562b211b267ad80,AGENT,"お客様、こんにちは！株式会社クレッセントのアシスタント、ゲッペイと申します。

弊社では、ライブ配信などで活用できるVolu☆ME!や、業界最高水準のモーションキャプチャシステムViconを取り扱っております。",,2026-04-23 08:57:50.349002+08:00
01KPVXFPB89XE2DKM6FJXDP6K8,,c08f571a109ad6052997015274c503a3,AGENT,こんにちは、私は株式会社クレッセントのアシスタント、ゲッペイと申します。ライブ配信などで活用できるVolu☆ME!や、業界最高水準のモーションキャプチャシステムViconについてご紹介できます。,,2026-04-23 08:58:03.173193+08:00
01KPVXRWQV3GJBV0260X164NXY,,6d52b408c4022796fcec3691a814fe86,AGENT,株式会社クレッセントのアシスタント、月餅と申します。ライブ配信などで活用できるVolu☆ME!、そして業界最高水準のモーションキャプチャシステムViconについてご案内できます。,,2026-04-23 09:02:53.888059+08:00
01KPVXX7FQ9M5M5CZ8HSSZ6VHM,,dece363c1a01009bb12938efaf70e5c7,AGENT,"月餅と申します。株式会社クレッセントのアシスタントです。
ライブ配信などで活用できるVolu☆ME!や、業界最高水準のモーションキャプチャシステムViconについてご興味はございますか？",,2026-04-23 09:05:16.680460+08:00
01KPVY1ZEF7SH27C4RDHTNWRXB,,fb46dbcddb9d8381170f4f583a5aed08,AGENT,ようこそいらっしゃいました。私、株式会社クレッセントのアシスタント、ゲッペイと申します。ライブ配信などで活用できるVolu☆ME!や、業界最高水準のモーションキャプチャシステムViconについてご興味はありませんか？,,2026-04-23 09:07:52.264597+08:00
01KPVYCSSBY8FK9GF1H85824ME,,7143bac7a490c32636451d4ee9d2cc3e,AGENT,クレッセントのゲッペイと申します。ライブ配信などで活用できるVolu☆ME!と、業界最高水準のモーションキャプチャシステムViconにご興味はございますか？,,2026-04-23 09:13:52.130274+08:00
01KPVYPYWM9ZR92EVA9K07GKHV,,4d963d4d1692533e9939ee99de029db5,AGENT,"羽田スタジオは2026年2月に竣工予定です。
弊社の最新モーションキャプチャ技術に触れてみませんか？",,2026-04-23 09:19:18.519568+08:00
01KPVZ3KKC8V1MH8Q1Y32X0JV1,,497745d5b12cfbcf3896a0aba5988c25,AGENT,こんにちは！株式会社クレッセントのアシスタント、ゲッペイと申します。ライブ配信などで活用できるVolu☆ME!や、業界最高水準のモーションキャプチャシステムViconにご興味はありませんか？,,2026-04-23 09:26:12.818912+08:00
01KPVZ4NX4DQF33SC1FY2ZEHRT,,cee4be39d5905a1f2a0efb856480e69d,AGENT,こんにちは。株式会社クレッセントのアシスタント、ゲッペイと申します。ライブ配信などで活用できるVolu☆ME!や、業界最高水準のモーションキャプチャシステムViconについてご紹介できます。,,2026-04-23 09:26:47.476138+08:00
01KPVZB38K95PTM700F89H55X2,,4a5dd45e01fe8da612d5ee624109adbb,AGENT,こんにちは、ゲッペイと申します。クレッセントのアシスタントです。ライブ配信などで活用できるVolu☆ME!、そして業界最高水準のモーションキャプチャシステムViconについてご紹介できます。,,2026-04-23 09:30:22.550347+08:00
01KPVZCB63CWC712BAFSKDVK34,,4a5dd45e01fe8da612d5ee624109adbb,AGENT,いらっしゃいませ。株式会社クレッセントのアシスタント、月餅と申します。ライブ配信などで活用できるVolu☆ME!や、業界最高水準のモーションキャプチャシステムViconについてご紹介できます。,,2026-04-23 09:31:02.271310+08:00
01KPVZE8BK5F7ZTZNG9PMJG3G8,,d51a219e78eaf8de3eccf295f8facdb8,AGENT,いらっしゃいませ。株式会社クレッセントのアシスタント、月餅と申します。ライブ配信などで活用できるVolu☆ME!や、業界最高水準のモーションキャプチャシステムViconについてご紹介できます。,,2026-04-23 09:32:05.836136+08:00
01KPVZQV2GA8Y6CWXJ6T7C6YRD,,434ec4db23839f534931205bdaeead34,AGENT,クレッセントのアシスタント、ゲッペイと申します。ライブ配信などで活用できるVolu☆ME!、業界最高水準のモーションキャプチャシステムViconなどがございます。,,2026-04-23 09:37:15.896986+08:00
01KPVZR6CJ3N6HJVHM6SENSBFW,,0fd46c607d057b3153547c0a4c7ace61,AGENT,ようこそ、いらっしゃいませ。私、株式会社クレッセントのアシスタント、ゲッペイと申します。ライブ配信などで活用できるVolu☆ME!、または業界最高水準のモーションキャプチャシステムViconについてご興味はありますでしょうか。,,2026-04-23 09:37:28.030232+08:00
01KPVZXMD9MNVG7CBAEXKWKANP,,75571ca53335735a8ecf9b179d5f4c24,AGENT,いらっしゃいませ！私、株式会社クレッセントのアシスタント、ゲッペイと申します。ライブ配信などで活用できるVolu☆ME!や、業界最高水準のモーションキャプチャシステムViconについてご紹介できます。,,2026-04-23 09:40:27.683578+08:00
01KPVZZME0EAM7K2RTYH5B292P,,d7d86cd796a66c581b268f18a3db904f,AGENT,初めまして。私、株式会社クレッセントのアシスタント、ゲッペイと申します。ライブ配信などで活用できるVolu☆ME!と業界最高水準のモーションキャプチャシステムViconについてご紹介できます。,,2026-04-23 09:41:31.450683+08:00
01KPW044HWY1ABDJMBMQHZ07XP,,0c0995004a55465fcb738e0c156f94e0,AGENT,株式会社クレッセントのアシスタント、月餅と申します。ライブ配信などで活用できるVolu☆ME!や、業界最高水準のモーションキャプチャシステムViconについてご興味はありませんか？,,2026-04-23 09:43:58.633239+08:00
01KPW04CJFS57Z0P2AV52XTQV3,,0c0995004a55465fcb738e0c156f94e0,AGENT,こんにちは！ 株式会社クレッセントのアシスタント、ゲッペイと申します。ライブ配信などで活用できるVolu☆ME!、業界最高水準のモーションキャプチャシステムViconなどがございます。,,2026-04-23 09:44:07.122861+08:00
01KPW0M7P6ZMB4Z2HH04DPKENW,,85dfd87c585f301e0a86cf044b8488b4,AGENT,いらっしゃいませ。株式会社クレッセントのアシスタント、ゲッペイと申します。ライブ配信などで活用できるVolu☆ME!や、業界最高水準のモーションキャプチャシステムViconなど、様々な技術についてお話しできます。,,2026-04-23 09:52:46.969023+08:00
01KPW0MJG0E1T40V0ZQJF627FR,,65a9eed82ae4e2e1c786f494d808e2e0,AGENT,"皆様、こんにちは！ 株式会社クレッセントのアシスタント、ゲッペイと申します。
ライブ配信などで活用できるVolu☆ME!、そして業界最高水準のモーションキャプチャシステムViconについてご紹介できます。",,2026-04-23 09:52:58.529002+08:00
01KPW0RPF7WRYVT42T2F67AN49,,dc925995c5a77b59ff4ca461fd2655db,AGENT,こんにちは、ゲッペイと申します。株式会社クレッセントのアシスタントをしております。,,2026-04-23 09:56:57.143589+08:00
01KPW19ER7DB451KNPVFK01XTV,,d7d86cd796a66c581b268f18a3db904f,AGENT,お客様、こんにちは。私、株式会社クレッセントのアシスタント、ゲッペイと申します。ライブ配信などで活用できるVolu☆ME!、業界最高水準のモーションキャプチャシステムViconなどがございますが、他に何かご興味はございますか？,,2026-04-23 10:04:21.656965+08:00
01KPW1CG47BS29QV7QCD1ZEK9M,,524914db90826ded5f6194d19254fc53,AGENT,こんにちは！株式会社クレッセントのアシスタント、ゲッペイと申します。ライブ配信などで活用できるVolu☆ME!、業界最高水準のモーションキャプチャシステムViconなど、クレッセントの最新技術にご興味はございますか？,,2026-04-23 10:06:08.328155+08:00
01KPW1DTNZ7DRMJSVV5DQAN2JA,,d7d86cd796a66c581b268f18a3db904f,AGENT,クレッセントのゲッペイと申します。ライブ配信などで活用できるVolu☆ME!、そして2026年最新スタジオにご興味はございませんか？,,2026-04-23 10:06:45.263102+08:00
01KPW1JT6SE6X51S91W7WAJS4V,,64498452f0af4b6de1348e61f7d6e687,AGENT,ようこそ！ 私、株式会社クレッセントのアシスタント、ゲッペイと申します。ライブ配信などで活用できるVolu☆ME!、または業界最高水準のモーションキャプチャシステムViconについてご興味はございますか？,,2026-04-23 10:09:39.536177+08:00
01KPW1QFB98NNKWT47NYRH7Z59,,2268c4c2c144d7dcb1437bae598bb1f2,AGENT,こんにちは！ 私、株式会社クレッセントのアシスタント、ゲッペイと申します。ライブ配信などで活用できるVolu☆ME!、業界最高水準のモーションキャプチャシステムViconなど、クレッセントの最新技術にご興味はございますか？,,2026-04-23 10:14:05.342575+08:00
01KPW1QH85EJA4CB0VE4S9RDWC,,2268c4c2c144d7dcb1437bae598bb1f2,AGENT,こんにちは！クレッセントのアシスタント、ゲッペイと申します。ライブ配信などで活用できるVolu☆ME!、そして業界最高水準のモーションキャプチャシステムViconについてご紹介できます。,,2026-04-23 10:12:02.990232+08:00
01KPW1WZFXE95ZWQ4FPVSTET2P,,434ec4db23839f534931205bdaeead34,AGENT,"羽田スタジオについて、またはライブ配信などで活用できるVolu☆ME!についてご興味はありますか？

私は、株式会社クレッセントのアシスタント、ゲッペイと申します。
",,2026-04-23 10:14:59.966163+08:00
01KPW1XP2P8QN7Y0A2EP638BV4,,36615b639bf57fe84b6f0bd70714512e,AGENT,こんにちは！私、株式会社クレッセントのアシスタント、ゲッペイと申します。ライブ配信などで活用できるVolu☆ME!、または業界最高水準のモーションキャプチャシステムViconについてご興味はありますか？,,2026-04-23 10:15:24.075717+08:00
01KPW24956M17X51AYT3DVAMXN,,9c1e15a88358532b3efa0f5b0bb3ed30,AGENT,はじめまして。株式会社クレッセントのアシスタント、ゲッペイと申します。ライブ配信などで活用できるVolu☆ME!と、業界最高水準のモーションキャプチャシステムViconについてご紹介できます。,,2026-04-23 10:19:01.924485+08:00
01KPW2DK337AK007KNAA2GHARW,,617607bf8ec437d931c7beb368ec5b20,AGENT,ゲッペイと申します。クレッセントの副社長で、最新のモーションキャプチャ技術に精通しています。ライブ配信などで活用できるVolu☆ME!、業界最高水準のモーションキャプチャシステムViconについてご紹介できます。,,2026-04-23 10:24:10.371586+08:00
01KPW2KYDKK6T9P0G5PDQPEY46,,f7db95e8c12d47561b141e7d823be72f,AGENT,こんにちは！ 私は株式会社クレッセントのアシスタント、ゲッペイです。ライブ配信などで活用できるVolu☆ME!や、業界最高水準のモーションキャプチャシステムViconについてご紹介できます。,,2026-04-23 10:27:34.697583+08:00
01KPW2PGYGB6HBVRT1K43CVM34,,cd216b9fa01fc2aa676b3a1b19f60a73,AGENT,ようこそ！私、株式会社クレッセントのアシスタント、月餅と申します。ライブ配信などで活用できるVolu☆ME!や、業界最高水準のモーションキャプチャシステムViconについてご紹介できます。,,2026-04-23 10:28:58.201105+08:00
01KPW2RE953NR49AWVWJAWC8H0,,6da6e0bb52b941ce54937f9426a2f40c,AGENT,こんにちは！ 株式会社クレッセントのアシスタント、ゲッペイと申します。ライブ配信などで活用できるVolu☆ME!、業界最高水準のモーションキャプチャシステムVicon、どちらにご興味がありますか？,,2026-04-23 10:30:01.693922+08:00
01KPW2TBV8SM3XRMZC8N5KMJ8Z,,62841c94637164293c283107a1fbb9d6,AGENT,はい、どのようなご用件でしょうか？ 私は株式会社クレッセントのアシスタント、ゲッペイと申します。 ライブ配信などで活用できるVolu☆ME!や、業界最高水準のモーションキャプチャシステムViconについてご興味はありませんか？,,2026-04-23 10:31:06.052175+08:00
01KPW2TT03CE0C6XGBD8ZMPXZ7,,cd216b9fa01fc2aa676b3a1b19f60a73,AGENT,ようこそ、お客様！私は株式会社クレッセントのアシスタント、ゲッペイと申します。ライブ配信などで活用できるVolu☆ME!、業界最高水準のモーションキャプチャシステムViconなど、クレッセントの最新技術にご興味はございますか？,,2026-04-23 10:31:18.236226+08:00
01KPW3MC6SD0JXGEGSE1ZAGWZ9,,f642da9fe927bef055283d9b3767ad69,AGENT,皆様、こんにちは。株式会社クレッセントのアシスタント、ゲッペイと申します。ライブ配信などで活用できるVolu☆ME!や、業界最高水準のモーションキャプチャシステムViconについてご紹介できます。,,2026-04-23 10:45:16.660768+08:00
01KPW3W9YQWTC9Q3HD81GYHY2P,,723cc6862c442c2e307717c918c27905,AGENT,月餅ちゃんと申します。株式会社クレッセントのアシスタントです。ライブ配信などで活用できるVolu☆ME!と、業界最高水準のモーションキャプチャシステムViconについてご紹介できます。,,2026-04-23 10:49:36.788194+08:00
01KPW43ZEJN5ADMW9TBEPV4D0D,,53e210f8323f7c65021e34f199759429,AGENT,こんにちは。株式会社クレッセントのアシスタント、月餅と申します。ライブ配信などで活用できるVolu☆ME!、そして業界最高水準のモーションキャプチャシステムViconについてご紹介できます。,,2026-04-23 10:53:51.945913+08:00
01KPW4EB69FQFYT00VN5AV4VK5,,8deea262027337fc5b4e2ee65285069e,AGENT,初めまして。私、株式会社クレッセントのアシスタント「ゲッペイ」と申します。ライブ配信などで活用できるVolu☆ME!と、2026年最新スタジオにご興味はございませんか？,,2026-04-23 10:59:33.332120+08:00
01KPW4F5NZZCCKH68ABKCB7ZZ1,,4d963d4d1692533e9939ee99de029db5,AGENT,初めまして。株式会社クレッセントのアシスタント、ゲッペイと申します。ライブ配信などで活用できるVolu☆ME!、業界最高水準のモーションキャプチャシステムViconにご興味はございますか？,,2026-04-23 10:59:55.201857+08:00
01KPW51DKWCXTSJ3DWE6KWMRW8,,6a024cf8a91a784e81465bb0fb9a2d03,AGENT,お客様、こんにちは！私は株式会社クレッセントのアシスタント、月餅（ゲッペイ）と申します。ライブ配信などで活用できるVolu☆ME!や、業界最高水準のモーションキャプチャシステムViconなど、クレッセントの最新技術にご興味はございますか？,,2026-04-23 11:09:53.493563+08:00
01KPW51DKWCXTSJ3DWE6KWMRW8,,6a024cf8a91a784e81465bb0fb9a2d03,USER,我們因為我是那個站的關係啊，你可以介紹一下kiron是誰嗎？,,2026-04-23 11:11:34.754083+08:00
01KPW51DKWCXTSJ3DWE6KWMRW8,,6a024cf8a91a784e81465bb0fb9a2d03,AGENT,"您好！Vicon是我們公司引以為傲的業界最高水準動作捕捉系統。它能捕捉最細微的動作，為您帶來極致的精準度。

您是否想了解Vicon在哪些方面可以幫助您呢？例如，您是否有特定的應用需求？",,2026-04-23 11:11:34.772687+08:00
01KPW51DKWCXTSJ3DWE6KWMRW8,,6a024cf8a91a784e81465bb0fb9a2d03,USER,Can you introduce about Carson?,,2026-04-23 11:11:51.615607+08:00
01KPW51DKWCXTSJ3DWE6KWMRW8,,6a024cf8a91a784e81465bb0fb9a2d03,AGENT,"I apologize, but I cannot find any information about ""Carson"" in my knowledge base.

Perhaps you meant to ask about Vicon? Vicon is an industry-leading motion capture system known for its precision. Would you be interested in learning more about Vicon?",,2026-04-23 11:11:51.646830+08:00
01KPW53KKD19Q3TJP8V26JHSPN,,e4368c1da2c489c320b843edf492c7df,AGENT,初めまして、私は株式会社クレッセントのアシスタント、月餅（ゲッペイ）と申します。ライブ配信などで活用できるVolu☆ME!、業界最高水準のモーションキャプチャシステムVicon、どちらにご興味がありますか？,,2026-04-23 11:11:11.925223+08:00
01KPW566D9413XF26AY84ZXARZ,,218940d0e778142a9b0b76c2dbed7225,AGENT,"こんにちは！ 株式会社クレッセントのアシスタント、ゲッペイと申します。

ライブ配信などで活用できるVolu☆ME!と、2026年最新スタジオについてご興味はありますか？",,2026-04-23 11:12:29.495853+08:00
01KPW5FEQ3PVZW44W0D570A70X,,d76ff3b7cd4696d46229fe7afa482760,AGENT,こんにちは。株式会社クレッセントのアシスタント、月餅です。ライブ配信などで活用できるVolu☆ME!や、業界最高水準のモーションキャプチャシステムViconについてご興味はございますか？,,2026-04-23 11:17:33.258529+08:00
01KPW5H8RKJ75HYB7MNT4892YY,,af37be87d68f32f4a30fa9bfca7573ae,AGENT,こんにちは！ 株式会社クレッセントのアシスタント、月餅です。何かお困りですか？ ライブ配信などで活用できるVolu☆ME!と、業界最高水準のモーションキャプチャシステムViconについてご紹介できます。,,2026-04-23 11:18:33.561234+08:00
01KPW5K2Y25N5T6N4AE8NMMK9Y,,f6f59f1d2eac8b5a5f49d834013e74d4,AGENT,クレッセントのアシスタント、ゲッペイと申します。ライブ配信などで活用できるVolu☆ME!や、業界最高水準のモーションキャプチャシステムViconについてご興味はございますか？,,2026-04-23 11:19:32.694160+08:00
01KPW5WH6MMT2G7ZY4P8GW8ZQD,,524914db90826ded5f6194d19254fc53,AGENT,こんにちは！私、株式会社クレッセントのアシスタント、ゲッペイと申します。ライブ配信などで活用できるVolu☆ME!や、業界最高水準のモーションキャプチャシステムViconについてご紹介できます。,,2026-04-23 11:24:45.028749+08:00
01KPW6G9DERQQJB5Y1W46YPAMQ,,5a2e374572028403cac1bcd9500e84af,AGENT,こんにちは、私は株式会社クレッセントのアシスタント、ゲッペイと申します。ライブ配信などで活用できるVolu☆ME!と、業界最高水準のモーションキャプチャシステムViconにご興味はございますか？,,2026-04-23 11:35:27.950789+08:00
01KPW6GRRXPFS7S4XXRVH31JE2,,4f834c836dd0baafb6230794035ad707,AGENT,こんにちは！株式会社クレッセントのアシスタント、ゲッペイと申します。ライブ配信などで活用できるVolu☆ME!、業界最高水準のモーションキャプチャシステムVicon、どちらにご興味がありますか？,,2026-04-23 11:35:44.434975+08:00
01KPW6GS9YK3B2F7RMY3XN5AG5,,316892b4e210be227b916ec9403ae198,AGENT,ゲッペイと申します。クレッセントのアシスタントです。ライブ配信などで活用できるVolu☆ME!や、業界最高水準のモーションキャプチャシステムViconについてご紹介できます。,,2026-04-23 11:35:44.361381+08:00
01KPW6MZE3GRBYJFMKDZYX5TMP,,f9a5adb9410e71a70eeaf8a52a6c1063,AGENT,株式会社クレッセントのアシスタント、ゲッペイと申します。ライブ配信などで活用できるVolu☆ME!や、業界最高水準のモーションキャプチャシステムViconについてご紹介できます。,,2026-04-23 11:38:07.818837+08:00
01KPW763EC98TZ20C0B6DP91VZ,,6a024cf8a91a784e81465bb0fb9a2d03,AGENT,ようこそ、いらっしゃいませ！私は株式会社クレッセントのアシスタント、ゲッペイと申します。ライブ配信などで活用できるVolu☆ME!や、業界最高水準のモーションキャプチャシステムViconについてご興味はございませんか？,,2026-04-23 11:47:21.741823+08:00
01KPW7FRKWGF1418969Q0A47DD,,6a024cf8a91a784e81465bb0fb9a2d03,AGENT,お客様、こんにちは！株式会社クレッセントのアシスタント、ゲッペイと申します。ライブ配信などで活用できるVolu☆ME!、業界最高水準のモーションキャプチャシステムViconにご興味はございますか？,,2026-04-23 11:52:38.723754+08:00
01KPW7N9JCMDXBZ6VM2GD13EKH,,591ad42d045ad560a60abf47cb027b93,AGENT,はい、こんにちは。私は株式会社クレッセントのアシスタント、月餅です。ライブ配信などで活用できるVolu☆ME!や、業界最高水準のモーションキャプチャシステムViconについてご紹介できます。,,2026-04-23 11:55:40.901369+08:00
01KPW7Q06FRWZSFVNQE6VNT7G7,,617607bf8ec437d931c7beb368ec5b20,AGENT,"こんにちは、ゲッペイと申します。株式会社クレッセントのアシスタントです。

ライブ配信などで活用できるVolu☆ME!、業界最高水準のモーションキャプチャシステムViconにご興味はございますか？",,2026-04-23 11:56:37.595707+08:00
01KPW807Y8B38NGME5ZX1EHJ72,,edac8b572ad4a74a510d2a4151e607d6,AGENT,皆様、こんにちは！ 株式会社クレッセントのアシスタント「ゲッペイ」と申します。ライブ配信などで活用できるVolu☆ME!、業界最高水準のモーションキャプチャシステムViconなどにご興味はございますか？,,2026-04-23 12:01:40.842963+08:00
01KPW81ET9HGTTFRECVEGBACJE,,91a2b6fedecbd671954ddefb564eb083,AGENT,ゲッペイと申します。株式会社クレッセントのアシスタントです。2026年最新スタジオと、ライブ配信などで活用できるVolu☆ME!についてご紹介できます。,,2026-04-23 12:02:21.426554+08:00
01KPW82KJ6GT90YFMCY6VVGF3S,,617607bf8ec437d931c7beb368ec5b20,AGENT,皆様、こんにちは！ 株式会社クレッセントのアシスタント、ゲッペイと申します。ライブ配信などで活用できるVolu☆ME!や、業界最高水準のモーションキャプチャシステムViconについてお話しできます。,,2026-04-23 12:02:57.047907+08:00
01KPW85601F17KVSAY53WZ1V9H,,6da6e0bb52b941ce54937f9426a2f40c,AGENT,こんにちは、私は株式会社クレッセントのアシスタント、ゲッペイと申します。ライブ配信などで活用できるVolu☆ME!や、業界最高水準のモーションキャプチャシステムViconについてお話しできます。,,2026-04-23 12:05:21.929143+08:00
01KPW8GFVZAMW5MSHCATY2KBEH,,dd071c43a6a80a959e262185ebfbe0ea,AGENT,"こんにちは！私、株式会社クレッセントのアシスタント、ゲッペイと申します。

ライブ配信などで活用できるVolu☆ME!、業界最高水準のモーションキャプチャシステムViconについてご興味はありませんか？",,2026-04-23 12:10:33.050692+08:00
01KPW8V2CMKWQJDPG59JY6TM9V,,2af83e0049229a3b0b10af0f94082d57,AGENT,皆様、こんにちは。株式会社クレッセントのアシスタント、ゲッペイと申します。ライブ配信などで活用できるVolu☆ME!、そして2026年最新スタジオについてご紹介できます。,,2026-04-23 12:16:18.592911+08:00
01KPW92RZCYYGD85SG0HPVGH3P,,0b1686b6e6e55c167d461b3784852a9b,AGENT,初めまして！ 私、株式会社クレッセントのアシスタント、ゲッペイと申します。ライブ配信などで活用できるVolu☆ME!と、業界最高水準のモーションキャプチャシステムViconについてご紹介できます。,,2026-04-23 12:20:32.310476+08:00
01KPWAFHGVVZBT52A4QKN0H08F,,8f82907b0dea8cc06cd1c75aebc6fb5a,AGENT,株式会社クレッセントのアシスタント、月餅と申します。ライブ配信などで活用できるVolu☆ME!や、業界最高水準のモーションキャプチャシステムViconについてご興味はございますか？,,2026-04-23 12:44:58.472678+08:00
01KPWAGYYB426VMY5H4HR4RGW6,,5cc7656e8c58ffca02d45c965d12c105,AGENT,こんにちは！ 株式会社クレッセントのアシスタント、ゲッペイと申します。ライブ配信などで活用できるVolu☆ME!や、業界最高水準のモーションキャプチャシステムViconについてご紹介できます。,,2026-04-23 12:45:56.308597+08:00
01KPWANDJ29QBP2XY16BJQ8DWM,,4c1be6f376ee0ec8d2160558600e8fca,AGENT,初めまして、私は株式会社クレッセントのアシスタント、ゲッペイと申します。ライブ配信などで活用できるVolu☆ME!や、業界最高水準のモーションキャプチャシステムViconなど、クレッセントの最新技術にご興味はございますか？,,2026-04-23 12:48:09.667704+08:00
01KPWB3D2Z2ABXE7F3275H464B,,76ea2e5e789ffb35dc104f3a841e132b,AGENT,こんにちは！私、株式会社クレッセントのアシスタント、ゲッペイと申します。ライブ配信などで活用できるVolu☆ME!や、業界最高水準のモーションキャプチャシステムViconについてお話しできます。,,2026-04-23 12:55:53.543778+08:00
01KPWB4CHWZJWGBMKC767E50G5,,c86e637a3bbfe909251b790ba618d144,AGENT,こんにちは！ 私、クレッセントのゲッペイと申します。ライブ配信などで活用できるVolu☆ME!、業界最高水準のモーションキャプチャシステムViconなど、様々なサービスがございます。,,2026-04-23 12:56:22.913690+08:00
01KPWB53JGCRSMAK4TBERQNSF3,,f3d249e13c5cd9a500e49d6e466c2492,AGENT,こんにちは！ 私、クレッセントのアシスタント、月餅です。 ライブ配信などで活用できるVolu☆ME!、2026年最新スタジオについてご興味はありませんか？,,2026-04-23 12:56:48.544490+08:00
01KPWB6G1MYE658RHXDKF7WQ0Q,,9fb663c1dedd7ccbb5fa738d6e081b22,AGENT,株式会社クレッセントのアシスタント、月餅と申します。ライブ配信などで活用できるVolu☆ME!や、業界最高水準のモーションキャプチャシステムViconについてご興味はございますか？,,2026-04-23 12:57:30.533232+08:00
01KPWB9C9CRPH371MHV8DMW2T5,,88b5a4a9239dfe4926f08a5326d21441,AGENT,皆様、こんにちは！ 株式会社クレッセントのアシスタント、ゲッペイと申します。ライブ配信などで活用できるVolu☆ME!、そして業界最高水準のモーションキャプチャシステムViconについてご紹介できます。,,2026-04-23 12:59:05.325275+08:00
01KPWB9QX4Z4S3EW5KHMG61JRM,,da183e6524c1c299fac7c087d7bff06c,AGENT,はじめまして。株式会社クレッセントのアシスタント、ゲッペイと申します。ライブ配信などで活用できるVolu☆ME!と、業界最高水準のモーションキャプチャシステムViconについてご紹介できます。,,2026-04-23 12:59:21.669289+08:00
01KPWBA05CMV8ME0TX108CTVRD,,4e8fad1578bbbcf4062350bce3ae564d,AGENT,皆様、こんにちは。株式会社クレッセントのアシスタント、ゲッペイと申します。ライブ配信などで活用できるVolu☆ME!、業界最高水準のモーションキャプチャシステムViconについて何かご興味はございますか。,,2026-04-23 12:59:25.183753+08:00
01KPWBAEPQAE6Q4R9CXJ6P4GEA,,190723d2efcf7c3aee760709ccfa627f,AGENT,初めまして、私は株式会社クレッセントのアシスタント、ゲッペイと申します。ライブ配信などで活用できるVolu☆ME!、業界最高水準のモーションキャプチャシステムViconなどがございますが、どちらにご興味がございますか？,,2026-04-23 12:59:40.715061+08:00
01KPWBGV8GMR120C194AQZCPTX,,62243665b09e2b7d136e38da6dd3a4a5,AGENT,こんにちは！私は株式会社クレッセントのアシスタント、ゲッペイと申します。ライブ配信などで活用できるVolu☆ME!や、業界最高水準のモーションキャプチャシステムViconについてご紹介できます。,,2026-04-23 13:03:11.502639+08:00
01KPWC1WC938FTJKD7SJH838EQ,,497f8340818816a535a428186913e1ae,AGENT,株式会社クレッセントのアシスタント、「ゲッペイ」と申します。ライブ配信などで活用できるVolu☆ME!や、業界最高水準のモーションキャプチャシステムViconについてご興味はございますか？,,2026-04-23 13:12:28.612326+08:00
01KPWC5DMQZQTH5PZNTD03RFTY,,aa044a7faeb82e7ba2fb572f57514cd2,AGENT,こんにちは。私、株式会社クレッセントのアシスタント、ゲッペイと申します。ライブ配信などで活用できるVolu☆ME!、業界最高水準のモーションキャプチャシステムViconについてご紹介できます。,,2026-04-23 13:14:25.027863+08:00
01KPWCAXZ0TMEVD1K4P8JRE2YW,,d8c647227c76a70f43c0fa463c12d90d,AGENT,"はい、こんにちは！株式会社クレッセントのアシスタント、ゲッペイと申します。

ライブ配信などで活用できるVolu☆ME!、業界最高水準のモーションキャプチャシステムViconなどがございますが、どの情報にご興味がありますか？",,2026-04-23 13:17:26.487738+08:00
01KPWCN3M1XMCGFXS0S5HY7DGS,,8978c1b32f57e06948d1c4120ff134d9,AGENT,こんにちは！私、株式会社クレッセントのアシスタント、ゲッペイと申します。ライブ配信などで活用できるVolu☆ME!や、業界最高水準のモーションキャプチャシステムViconについてご紹介できます。,,2026-04-23 13:22:56.488681+08:00
01KPWCVN7JR8WAYGVA37ZYYDSM,,ffc8dfa9b4ce7e7f3ff5b49401c11b54,AGENT,株式会社クレッセントのアシスタント、ゲッペイと申します。ライブ配信などで活用できるVolu☆ME!と、業界最高水準のモーションキャプチャシステムViconについてご紹介できます。,,2026-04-23 13:26:33.471086+08:00
01KPWD9RHZ3SFDFPDAHJFQT4EM,,b17c607f003e0e66a9629803f7920ab3,AGENT,こんにちは、私はクレッセントのアシスタント、月餅です。ライブ配信などで活用できるVolu☆ME!、業界最高水準のモーションキャプチャシステムViconなど、クレッセントの最新技術にご興味はございますか？,,2026-04-23 13:34:16.161255+08:00
01KPWDDWN31K5YCY5FNDG550TA,,9df025c34e43e09a77eeb4ae895433ac,AGENT,こんにちは！株式会社クレッセントのアシスタント、ゲッペイと申します。ライブ配信などで活用できるVolu☆ME!や、業界最高水準のモーションキャプチャシステムViconについてご紹介できます。,,2026-04-23 13:36:30.909075+08:00
01KPWDE815CEHZ9V8850C1CBCV,,e5306b41be8d602827637cddaeee59b1,AGENT,皆様、こんにちは！ 株式会社クレッセントのアシスタント、ゲッペイと申します。ライブ配信などで活用できるVolu☆ME!や、業界最高水準のモーションキャプチャシステムViconについてご紹介できます。,,2026-04-23 13:36:41.520466+08:00
01KPWDEWKFFZY26MJPGKHGFDGZ,,b521af5a9171134ab3e540e5db4b0db4,AGENT,月餅と申します。株式会社クレッセントのアシスタントです。何かご不明な点はございませんか？,,2026-04-23 13:37:03.809116+08:00
01KPWDG0V09YBS5HRCDJRGZVGT,,53976cbb4f01e0536da7bd1c42eaea8e,AGENT,ようこそ！株式会社クレッセントのアシスタント、ゲッペイと申します。ライブ配信などで活用できるVolu☆ME!と業界最高水準のモーションキャプチャシステムViconについてご紹介できます。,,2026-04-23 13:37:39.610058+08:00
01KPWDHRSPTZ39QZRNQ86EPTH3,,e3b4e73d021169692e52c819658b1491,AGENT,いらっしゃいませ。私は、株式会社クレッセントのアシスタント、ゲッペイと申します。ライブ配信などで活用できるVolu☆ME!と、業界最高水準のモーションキャプチャシステムViconについてご紹介できます。,,2026-04-23 13:38:37.215288+08:00
01KPWDN42BZTS7Q6FE7H5CX4YA,,f36c8e08be71effa85a2b99cf7040745,AGENT,皆様、こんにちは。株式会社クレッセントのアシスタント、ゲッペイと申します。ライブ配信などで活用できるVolu☆ME!や、業界最高水準のモーションキャプチャシステムViconについてご紹介できます。,,2026-04-23 13:40:28.172167+08:00
01KPWDPFQ6EE8YKX11SWANRDFF,,92e816f2f3f0bf2b53f6c912a0b5a650,AGENT,こんにちは、私は株式会社クレッセントのアシスタント、ゲッペイと申します。ライブ配信などで活用できるVolu☆ME!や、業界最高水準のモーションキャプチャシステムViconについてご興味はございますか？,,2026-04-23 13:41:11.946844+08:00
01KPWDR0MK0EJ7CMW63VGN0F5C,,f36c8e08be71effa85a2b99cf7040745,AGENT,初めまして。株式会社クレッセントのアシスタント、ゲッペイと申します。ライブ配信などで活用できるVolu☆ME!、業界最高水準のモーションキャプチャシステムVicon、どちらにご興味がありますか？,,2026-04-23 13:42:01.496494+08:00
01KPWDTZ9TH6P22JSHAMSTEZ8X,,f36c8e08be71effa85a2b99cf7040745,AGENT,こんにちは。私は株式会社クレッセントのアシスタント、ゲッペイと申します。ライブ配信などで活用できるVolu☆ME!や、業界最高水準のモーションキャプチャシステムViconについてご興味はございますか？,,2026-04-23 13:43:38.089114+08:00
01KPWDW35K8HCDT22WT7Y0NW85,,f36c8e08be71effa85a2b99cf7040745,AGENT,こんにちは！株式会社クレッセントのアシスタント、月餅です。ライブ配信などで活用できるVolu☆ME!や、業界最高水準のモーションキャプチャシステムViconについてご紹介できます。,,2026-04-23 13:44:14.748186+08:00
01KPWDYEEEVQHZ0VEZDDTF5GGE,,4d963d4d1692533e9939ee99de029db5,AGENT,"はじめまして。私、株式会社クレッセントのアシスタント、ゲッペイと申します。

最新のモーションキャプチャ技術に精通しておりますので、ライブ配信などで活用できるVolu☆ME!や、業界最高水準のモーションキャプチャシステムViconについて、何かご質問はございますか？",,2026-04-23 13:45:34.140576+08:00
01KPWE3KGWA2FJHC6VSR38EATG,,933c0e76f838c19517cc417da6b9f872,AGENT,初めまして。私、株式会社クレッセントのアシスタント「ゲッペイ」と申します。ライブ配信などで活用できるVolu☆ME!や、業界最高水準のモーションキャプチャシステムViconなどにご興味はございますか？,,2026-04-23 13:48:23.860491+08:00
01KPWE5TVQ9JRA4JHEAEG89TJ8,,3ac4fb5d2975ab002f2c5bc8785c2b53,AGENT,株式会社クレッセントのアシスタント、ゲッペイと申します。ライブ配信などで活用できるVolu☆ME!と、業界最高水準のモーションキャプチャシステムViconにご興味はありませんか？,,2026-04-23 13:49:34.938710+08:00
01KPWE5TYBYWY57ZRC1YQKABGZ,,0946fba0849bbe5e738b42b9da960ca9,AGENT,月餅と申します。株式会社クレッセントのアシスタントです。ライブ配信などで活用できるVolu☆ME!と、業界最高水準のモーションキャプチャシステムViconについてご案内できます。,,2026-04-23 13:49:39.152000+08:00
01KPWE772TKFD7X5D5N4VXPBTB,,cfd1d1eccb34488878bb179da5640e5e,AGENT,こんにちは。私、株式会社クレッセントのアシスタント、ゲッペイと申します。ライブ配信などで活用できるVolu☆ME!、業界最高水準のモーションキャプチャシステムViconについてご興味はございますか？,,2026-04-23 13:50:19.784300+08:00
01KPWE7D4WPPAHJ6KFXESTTNG2,,b17c607f003e0e66a9629803f7920ab3,AGENT,こんにちは！株式会社クレッセントのアシスタント、ゲッペイと申します。ライブ配信などで活用できるVolu☆ME!、業界最高水準のモーションキャプチャシステムViconなど、クレッセントの最新技術にご興味はありますか？,,2026-04-23 13:50:26.904044+08:00
01KPWEFR3R9MFAFN8ZYA7WQB59,,fc9a86f4d6a65a5aefe218e15a681785,AGENT,はじめまして。私、株式会社クレッセントのアシスタント、ゲッペイと申します。ライブ配信などで活用できるVolu☆ME!、業界最高水準のモーションキャプチャシステムViconなど、弊社では様々なソリューションをご提供しております。,,2026-04-23 13:54:59.757303+08:00
01KPWEH8V2FVNS8K089XCEVB49,,b521af5a9171134ab3e540e5db4b0db4,AGENT,"はい、承知いたしました。
どのような点に関心がありますか？ライブ配信などで活用できるVolu☆ME!、業界最高水準のモーションキャプチャシステムViconなどがございます。",,2026-04-23 13:55:50.464719+08:00
01KPWEMA30B9VDFMMS3NXN2TX9,,f398fbc9acad2ffa3ea257c5c3746a52,AGENT,こんにちは、私は株式会社クレッセントのアシスタント、ゲッペイと申します。ライブ配信などで活用できるVolu☆ME!や、業界最高水準のモーションキャプチャシステムViconについてご興味はありますか？,,2026-04-23 13:57:30.435451+08:00
01KPWENMCHV3X8E6HVG3AQ9R7M,,933c0e76f838c19517cc417da6b9f872,AGENT,こんにちは。株式会社クレッセントのアシスタント、月餅と申します。ライブ配信などで活用できるVolu☆ME!、そして業界最高水準のモーションキャプチャシステムViconについてご紹介できます。,,2026-04-23 13:58:12.520959+08:00
01KPWENX5F8WVNFS5VER3TQQXS,,1d1c18cd7c497598c2623773259ca970,AGENT,"はじめまして。株式会社クレッセントのアシスタント、月餅です。
ライブ配信などで活用できるVolu☆ME!や、業界最高水準のモーションキャプチャシステムViconなどにご興味はございますか？",,2026-04-23 13:58:23.861998+08:00
01KPWEXRZZHPFBDJC8083M5SWY,,f0433b0a392aca198f2622c045bcb598,AGENT,ゲッペイと申します。株式会社クレッセントのアシスタントです。2026年最新スタジオや、業界最高水準のモーションキャプチャシステムViconについてお話しできます。,,2026-04-23 14:05:00.041712+08:00
01KPWEXZ78K1JS9RJX11TR1RRH,,aa044a7faeb82e7ba2fb572f57514cd2,AGENT,株式会社クレッセントのアシスタント、月餅と申します。ライブ配信などで活用できるVolu☆ME!、業界最高水準のモーションキャプチャシステムViconなど、クレッセントの最新技術にご興味はございますか？,,2026-04-23 14:02:46.868022+08:00
01KPWF3RXG1VHPBTYY8R1DVDB0,,71d29de2cfca2b039ee582c79d17a834,AGENT,株式会社クレッセントのアシスタント、月餅と申します。ライブ配信などで活用できるVolu☆ME!、業界最高水準のモーションキャプチャシステムViconなどがございますが、ご興味はございますか？,,2026-04-23 14:05:55.718126+08:00
01KPWF6DKXA4P9FJR24FJ5NYGV,,71d29de2cfca2b039ee582c79d17a834,AGENT,"こんにちは、ゲッペイと申します。株式会社クレッセントのアシスタントをしております。

ライブ配信などで活用できるVolu☆ME!、業界最高水準のモーションキャプチャシステムViconにご興味はありますか？",,2026-04-23 14:07:22.160599+08:00
01KPWF9HCZSGAX9NHN15JVJSQ2,,71d29de2cfca2b039ee582c79d17a834,AGENT,初めまして！ 私、株式会社クレッセントのアシスタント、ゲッペイと申します。ライブ配信などで活用できるVolu☆ME!、業界最高水準のモーションキャプチャシステムViconなどがございますが、何かご興味はございますか？,,2026-04-23 14:09:03.773384+08:00
01KPWFD887ZGJKWV0J8CNQB8D1,,3ac4fb5d2975ab002f2c5bc8785c2b53,AGENT,こんにちは！ 株式会社クレッセントのアシスタント、ゲッペイと申します。 ライブ配信などで活用できるVolu☆ME!と、業界最高水準のモーションキャプチャシステムViconについてご紹介できます。,,2026-04-23 14:11:05.765867+08:00
01KPWFES3WP0T1PNJX1Z85SFF8,,b521af5a9171134ab3e540e5db4b0db4,AGENT,こんにちは！ 株式会社クレッセントのアシスタント、月餅（ゲッペイ）と申します。ライブ配信などで活用できるVolu☆ME!、2026年最新スタジオにご興味はございませんか？,,2026-04-23 14:11:56.355012+08:00
01KPWFVZPNHPNQVRMS7SFHBFJ7,,274efea7e8ac7610601b8dc25dcac5f8,AGENT,こんにちは！株式会社クレッセントのアシスタント、月餅（ゲッペイ）と申します。ライブ配信などで活用できるVolu☆ME!や、業界最高水準のモーションキャプチャシステムViconについてご紹介できます。,,2026-04-23 14:19:08.918357+08:00
01KPWFZC3FR3HXTPNPCX5FTFTX,,14ccdc37a85dcd4330c6bfcbbcd1ddc5,AGENT,こんにちは！私、株式会社クレッセントのアシスタント、ゲッペイと申します。ライブ配信などで活用できるVolu☆ME!や、業界最高水準のモーションキャプチャシステムViconについてご紹介できます。,,2026-04-23 14:21:00.755156+08:00
01KPWG4D8JY7V9J17GZ13J6945,,b536ccdf95cf787205dc463848c2a93f,AGENT,こんにちは。私は株式会社クレッセントのアシスタント、ゲッペイと申します。ライブ配信などで活用できるVolu☆ME!や、業界最高水準のモーションキャプチャシステムViconについてご紹介できます。,,2026-04-23 14:23:44.957226+08:00
01KPWG4F1FN91EWDYB04A0JVEK,,14562f17e179f825162ac34124260611,AGENT,ようこそ、いらっしゃいませ！私は株式会社クレッセントのアシスタント、ゲッペイと申します。ライブ配信などで活用できるVolu☆ME!、そして業界最高水準のモーションキャプチャシステムViconについてご紹介できます。,,2026-04-23 14:23:47.205887+08:00
01KPWG62AQGGWX84EYRA11DCP6,,7e7fc32605ec3fefe1de3eafd8dbe170,AGENT,こんにちは！株式会社クレッセントのアシスタント、ゲッペイと申します。ライブ配信などで活用できるVolu☆ME!や、業界最高水準のモーションキャプチャシステムViconにご興味はありませんか？,,2026-04-23 14:24:40.172681+08:00
01KPWG75BW8Y0CQ4PPWH1WDY7T,,b536ccdf95cf787205dc463848c2a93f,AGENT,"こんにちは、ゲッペイと申します。株式会社クレッセントのアシスタントです。

ライブ配信などで活用できるVolu☆ME!、業界最高水準のモーションキャプチャシステムViconにご興味はありますか？",,2026-04-23 14:25:14.776595+08:00
01KPWGCS8MHSX3GXEJVZPNX3AA,,b536ccdf95cf787205dc463848c2a93f,AGENT,株式会社クレッセントのアシスタント、ゲッペイと申します。ライブ配信などで活用できるVolu☆ME!と、業界最高水準のモーションキャプチャシステムViconにご興味はありませんか？,,2026-04-23 14:28:19.274576+08:00
01KPWGJ78Y62GFR7P6AM9TNASD,,f7f0dd9be9e069e39153abafb26064c7,AGENT,こんにちは！私は株式会社クレッセントのアシスタント、ゲッペイと申します。ライブ配信などで活用できるVolu☆ME!と、業界最高水準のモーションキャプチャシステムViconについてご紹介できます。,,2026-04-23 14:31:19.372100+08:00
01KPWGRJYVSK4HTEP8N5XS2S1Z,,1400048d923a884962140c15955d4a4d,AGENT,"こんにちは！株式会社クレッセントのアシスタント、月餅（ゲッペイ）と申します。
ライブ配信などで活用できるVolu☆ME!と、業界最高水準のモーションキャプチャシステムViconにご興味はございますか？",,2026-04-23 14:34:46.585435+08:00
01KPWGSBY04JS2ZP3CBK5XFT56,,1400048d923a884962140c15955d4a4d,AGENT,いらっしゃいませ。株式会社クレッセントのゲッペイと申します。ライブ配信などで活用できるVolu☆ME!、そして業界最高水準のモーションキャプチャシステムViconについてご紹介できます。,,2026-04-23 14:35:11.358514+08:00
01KPWGSCZRK52EJNVV97JSM8A9,,7d82d9c60e18ffe4efa886059ba8274f,AGENT,株式会社クレッセントのアシスタント、ゲッペイと申します。ライブ配信などで活用できるVolu☆ME!や、業界最高水準のモーションキャプチャシステムViconについてお話しできます。,,2026-04-23 14:35:12.472540+08:00
01KPWH0KAXAMGA1GMFQ0RCVAFF,,1400048d923a884962140c15955d4a4d,AGENT,こんにちは、私は株式会社クレッセントのアシスタント、ゲッペイと申します。ライブ配信などで活用できるVolu☆ME!や、業界最高水準のモーションキャプチャシステムViconについてご紹介できます。,,2026-04-23 14:39:08.513522+08:00
01KPWH910WDF72P7J35AEB3Q8C,,617607bf8ec437d931c7beb368ec5b20,AGENT,はい、こんにちは。株式会社クレッセントのアシスタント、ゲッペイと申します。ライブ配信などで活用できるVolu☆ME!、業界最高水準のモーションキャプチャシステムViconなど、クレッセントの最新技術にご興味はありますか？,,2026-04-23 14:43:44.701587+08:00
01KPWHHXH0BANBJZ4ZMABV2P7N,,f4aa870e5fa68b79d15007e061ab53af,AGENT,はじめまして。株式会社クレッセントのアシスタント、ゲッペイと申します。ライブ配信などで活用できるVolu☆ME!や、業界最高水準のモーションキャプチャシステムViconについてご紹介できます。,,2026-04-23 14:48:36.665144+08:00
01KPWHQC906DPEKMA6C2T16Z9E,,66076051df12cb348eb39e1867bf03e5,AGENT,月餅です。クレッセントのアシスタントをしています。,,2026-04-23 14:51:35.468017+08:00
01KPWJ2VM134PM21M12MEM74AY,,71d29de2cfca2b039ee582c79d17a834,AGENT,こんにちは！ クレッセントのアシスタント、月餅と申します。ライブ配信などで活用できるVolu☆ME!、そして業界最高水準のViconモーションキャプチャシステムについてご興味はございますか？,,2026-04-23 14:57:50.912317+08:00
01KPWJ78FM3CARGM70VNFJS4VD,,71d29de2cfca2b039ee582c79d17a834,AGENT,お客様、こんにちは！株式会社クレッセントのアシスタント、ゲッペイと申します。ライブ配信などで活用できるVolu☆ME!や、業界最高水準のモーションキャプチャシステムViconについてご紹介できます。,,2026-04-23 15:00:16.560862+08:00
01KPWJCGAZDZHJ3XNCNHYN8NP7,,99c52fd2cf25e99df2a17c0dda1859de,AGENT,はじめまして、私は株式会社クレッセントのアシスタント、ゲッペイと申します。ライブ配信などで活用できるVolu☆ME!や、業界最高水準のモーションキャプチャシステムViconについてご紹介できます。,,2026-04-23 15:03:15.438545+08:00
01KPWJG4QDB5AG2X6XYMJ8Q8A9,,4c1be6f376ee0ec8d2160558600e8fca,AGENT,初めまして、私は株式会社クレッセントのアシスタント、ゲッペイと申します。ライブ配信などで活用できるVolu☆ME!や、業界最高水準のモーションキャプチャシステムViconなど、クレッセントの最新技術にご興味はございますか？,,2026-04-23 15:05:12.529803+08:00
01KPWJVCB46HZMK3Z0C9BHQHQ5,,a338e34160463394def4aab7b8c5800b,AGENT,こんにちは、私は株式会社クレッセントのアシスタント、ゲッペイと申します。ライブ配信などで活用できるVolu☆ME!や、業界最高水準のモーションキャプチャシステムViconについてご興味はございますか？,,2026-04-23 15:11:16.428671+08:00
01KPWJW64G15E3GY72RSS0DFYM,,83dd5a16555e109d4f98ad1df2f5fb7b,AGENT,株式会社クレッセントのアシスタント、ゲッペイと申します。ライブ配信などで活用できるVolu☆ME!と、業界最高水準のモーションキャプチャシステムViconについてご紹介できます。,,2026-04-23 15:11:42.714476+08:00
01KPWKFTMJWVYT8MEK0GVDNN0P,,b22bf7a482ec0b57643c7950ceb07c55,AGENT,"こんにちは、私、月餅と申します。株式会社クレッセントのアシスタントです。

ライブ配信などで活用できるVolu☆ME!、業界最高水準のモーションキャプチャシステムViconなど、ご興味はございますか？",,2026-04-23 15:22:26.873803+08:00
01KPWKT9KB3BSHVAW41XC2G15Y,,ff07a22f10b224ba2d2bfe618a38fc55,AGENT,月餅と申します。株式会社クレッセントのアシスタントです。ライブ配信などで活用できるVolu☆ME!と、2026年最新スタジオについてご案内できます。,,2026-04-23 15:28:16.091790+08:00
01KPWKTA1FGMMY71ASD9E246S3,,b28014e0a3a16f81327b65035c14733a,AGENT,はじめまして、株式会社クレッセントのアシスタント、月餅です。ライブ配信などで活用できるVolu☆ME!や、業界最高水準のモーションキャプチャシステムViconについてご紹介できます。,,2026-04-23 15:28:07.757993+08:00
01KPWM87F7TYAWM3QAHSEW0FV7,,f7f0dd9be9e069e39153abafb26064c7,AGENT,はじめまして、私は株式会社クレッセントのアシスタント、ゲッペイと申します。ライブ配信などで活用できるVolu☆ME!や、業界最高水準のモーションキャプチャシステムViconについてご紹介できます。,,2026-04-23 15:35:45.264359+08:00
01KPWMGBD38Q2EDT39TX6KZT59,,3918b04ad0883e91418962a751e9656a,AGENT,株式会社クレッセントのアシスタント「ゲッペイ」と申します。ライブ配信などで活用できるVolu☆ME!、または業界最高水準のモーションキャプチャシステムViconにご興味はございますか？,,2026-04-23 15:40:10.632819+08:00
01KPWMT6BBAQJGNHVCDBQVZXD8,,ba1509876565617af490823b568dafa3,AGENT,ようこそお越しくださいました！わたくしは株式会社クレッセントのアシスタント、ゲッペイと申します。ライブ配信などで活用できるVolu☆ME!や、業界最高水準のモーションキャプチャシステムViconについてご興味はございませんか？,,2026-04-23 15:45:35.783975+08:00
01KPWMT9BYRTQ4MK1KET4TG6NF,,4fe9383981d25f6a51caca5c47f8d8de,AGENT,株式会社クレッセントのアシスタント、ゲッペイと申します。ライブ配信などで活用できるVolu☆ME!や、業界最高水準のモーションキャプチャシステムViconについてご紹介できます。,,2026-04-23 15:45:37.079726+08:00
01KPWN6DP2SHK3QVPB7JA797EY,,a61eb4072aa33016e6d915204113321d,AGENT,初めまして。私、株式会社クレッセントのアシスタント、ゲッペイと申します。ライブ配信などで活用できるVolu☆ME!、業界最高水準のモーションキャプチャシステムViconなどがございますが、どちらにご興味がございますか？,,2026-04-23 15:52:14.595836+08:00
01KPWN6EQSMNTBWE3WF8X43SKE,,b6541311600332ba3bc43f589144d941,AGENT,はじめまして。株式会社クレッセントのアシスタント、ゲッペイと申します。ライブ配信などで活用できるVolu☆ME!や、業界最高水準のモーションキャプチャシステムViconについてご紹介できます。,,2026-04-23 15:52:14.530229+08:00
01KPWNB7RETZ0TEAGM6EDG6NBP,,9f809021f02a318baa1531069b66fc19,AGENT,こんにちは！ 私、クレッセントのアシスタント、ゲッペイと申します。ライブ配信などで活用できるVolu☆ME!と業界最高水準のモーションキャプチャシステムViconについてご紹介できます。,,2026-04-23 15:54:55.179391+08:00
01KPWNKZDTS2H08WJGWXT1H16Y,,80ac823de92129af0d9db9fa1dbf5bdc,AGENT,初めまして。私、株式会社クレッセントのアシスタント、ゲッペイと申します。ライブ配信などで活用できるVolu☆ME!と、業界最高水準のモーションキャプチャシステムViconについてご紹介できます。,,2026-04-23 15:59:40.898602+08:00
01KPWP20Z9B3W2HPFF72R4911T,,52ce2493c8a71dc9f439948d59d8e511,AGENT,株式会社クレッセントのアシスタント、月餅と申します。ライブ配信などで活用できるVolu☆ME!や、業界最高水準のモーションキャプチャシステムViconについてご興味はありますか？,,2026-04-23 16:07:19.222643+08:00
01KPWP54EAFFC2KMQS1NV4J1Q9,,6a024cf8a91a784e81465bb0fb9a2d03,AGENT,株式会社クレッセントのアシスタント、ゲッペイと申します。ライブ配信などで活用できるVolu☆ME!と業界最高水準のモーションキャプチャシステムViconについてご紹介できます。,,2026-04-23 16:09:00.154428+08:00
01KPWP54EAFFC2KMQS1NV4J1Q9,,6a024cf8a91a784e81465bb0fb9a2d03,USER,可以幫我介紹一下你是誰嗎？,,2026-04-23 16:09:57.291911+08:00
01KPWP54EAFFC2KMQS1NV4J1Q9,,6a024cf8a91a784e81465bb0fb9a2d03,AGENT,您好，我是月餅，是株式會社Crescent的助理。我是Crescent的副社長兼吉祥物八哥犬「月餅」的擬人化形象。,"[""上目遣いなゲッペイ""]",2026-04-23 16:09:57.327745+08:00
01KPWPDDB561GA7N3KX3YPE8ZE,,ea9fafe4473878156ed7c230e5e417f0,AGENT,こんにちは、私は株式会社クレッセントのアシスタント、ゲッペイです。ライブ配信などで活用できるVolu☆ME!や、業界最高水準のモーションキャプチャシステムViconについてご紹介できます。,,2026-04-23 16:13:33.271048+08:00
01KPWPEHQKG2AD4ME1W36XEZ3W,,cd216b9fa01fc2aa676b3a1b19f60a73,AGENT,こんにちは！株式会社クレッセントのアシスタント、ゲッペイと申します。ライブ配信などで活用できるVolu☆ME!や、業界最高水準のモーションキャプチャシステムViconについてご紹介できます。,,2026-04-23 16:14:08.126236+08:00
01KPWPGVHK6FS75NMY7KWEXFGV,,61183d806edf60e9a83c7a55ce178091,AGENT,株式会社クレッセントのアシスタント、ゲッペイと申します。ライブ配信などで活用できるVolu☆ME!や、業界最高水準のモーションキャプチャシステムViconについてご紹介できます。,,2026-04-23 16:15:25.077431+08:00
01KPWPJ3EEDFSJHS6GGFZX0027,,c803be0594076acb7c9fd7fd4a574b51,AGENT,こんにちは。私は株式会社クレッセントのアシスタント、ゲッペイと申します。ライブ配信などで活用できるVolu☆ME!と、業界最高水準のモーションキャプチャシステムViconについてご紹介できます。,,2026-04-23 16:16:09.595966+08:00
01KPWPN2ETA9RWYJ51E656C7V2,,ffc8dfa9b4ce7e7f3ff5b49401c11b54,AGENT,"はじめまして。株式会社クレッセントのアシスタント、ゲッペイと申します。

ライブ配信などで活用できるVolu☆ME!、または業界最高水準のモーションキャプチャシステムViconにご興味はありますでしょうか？",,2026-04-23 16:17:43.225078+08:00
01KPWPP1VNTQDG7A1X0VFVVZAQ,,ffc8dfa9b4ce7e7f3ff5b49401c11b54,AGENT,株式会社クレッセントのゲッペイと申します。ライブ配信などで活用できるVolu☆ME!、業界最高水準のモーションキャプチャシステムViconにご興味はありますか？,,2026-04-23 16:18:15.086510+08:00
01KPWPR2FJBSNC183GJH7G4T8F,,dd59a79cf1e36136b92ef5d720e5aba9,AGENT,ようこそいらっしゃいました。私、株式会社クレッセントのアシスタント、ゲッペイと申します。ライブ配信などで活用できるVolu☆ME!と、業界最高水準のモーションキャプチャシステムViconにご興味はございますか？,,2026-04-23 16:19:20.861482+08:00
01KPWQ7YNTJ8E5FKS3G0NJBD3C,,75977fe7d08214dfcf7cd973b160b92f,AGENT,ゲッペイと申します。株式会社クレッセントのアシスタントです。ライブ配信などで活用できるVolu☆ME!や、業界最高水準のモーションキャプチャシステムViconについてお話しできます。,,2026-04-23 16:28:04.433439+08:00
01KPWQESAWDRDHPGG1RQPVSWRY,,4d963d4d1692533e9939ee99de029db5,AGENT,こんにちは！ 私は株式会社クレッセントのアシスタント、ゲッペイと申します。ライブ配信などで活用できるVolu☆ME!や、業界最高水準のモーションキャプチャシステムViconについてご紹介できます。,,2026-04-23 16:31:47.203902+08:00
01KPWQK5WZ7KATN4GRX15DHEX4,,790773557506fa7f3a6e6b591ecedf3d,AGENT,月餅（ゲッペイ）と申します。株式会社クレッセントのアシスタントです。ライブ配信などで活用できるVolu☆ME!や、業界最高水準のモーションキャプチャシステムViconなどがございますが、どちらにご興味がございますか？,,2026-04-23 16:34:09.064240+08:00
01KPWQT70PR040QGEEW6011784,,8a03dc9fc9fa75975f96f080cff8b450,AGENT,月餅です。クレッセントのアシスタントをしております。ライブ配信などで活用できるVolu☆ME!や、業界最高水準のモーションキャプチャシステムViconなど、弊社には様々なソリューションがございます。,,2026-04-23 16:38:02.089369+08:00
01KPWSMB5FESG3159SCEHJJJW0,,621e9b1c3b9e7559ad49a7933346709e,AGENT,こんにちは！株式会社クレッセントのアシスタント、ゲッペイと申します。ライブ配信などで活用できるVolu☆ME!や、業界最高水準のモーションキャプチャシステムViconにご興味はありませんか？,,2026-04-23 17:09:48.498272+08:00
01KPWT2SXW7WS6QT4XY1HW5WSS,,277e1b7328980575df4615fbb5535e40,AGENT,こんにちは！株式会社クレッセントのアシスタント、ゲッペイと申します。ライブ配信などで活用できるVolu☆ME!や、業界最高水準のモーションキャプチャシステムViconについてご紹介できます。,,2026-04-23 17:17:56.942944+08:00
01KPWT8K3P1K7AY95BXPNV8JPA,,621e9b1c3b9e7559ad49a7933346709e,AGENT,こんにちは、私は株式会社クレッセントのアシスタント、ゲッペイと申します。ライブ配信などで活用できるVolu☆ME!と、業界最高水準のモーションキャプチャシステムViconにご興味はございますか？,,2026-04-23 17:20:48.073634+08:00
01KPWTDZS1K2K3AKBFADYYRNF1,,bdb883a5f951e204f70e73cc8eb03744,AGENT,"こんにちは！ 株式会社クレッセントのアシスタント、ゲッペイと申します。

ライブ配信などで活用できるVolu☆ME!と、業界最高水準のモーションキャプチャシステムViconにご興味はございますか？",,2026-04-23 17:23:56.151890+08:00
01KPWV6E523BKZAP8DP1X54VHM,,d3a82c41262e221bb4031a034cf862f2,AGENT,清澄白河スタジオのゲッペイです。株式会社クレッセントのアシスタントをしております。ライブ配信などで活用できるVolu☆ME!や、業界最高水準のモーションキャプチャシステムViconについてご興味はありませんか？,,2026-04-23 17:37:05.628846+08:00
01KPWVNJGM993FTB9SJV3K7JWK,,0946fba0849bbe5e738b42b9da960ca9,AGENT,"こんにちは、月餅です。クレッセントのアシスタントとして、皆様のクリエイティブな挑戦をサポートさせていただきます。
ライブ配信などで活用できるVolu☆ME!や、業界最高水準のモーションキャプチャシステムViconなど、ご興味はございますか？",,2026-04-23 17:45:24.119829+08:00
01KPWVPCC4F2GDWMMEPSE65S60,,0946fba0849bbe5e738b42b9da960ca9,AGENT,株式会社クレッセントのアシスタント、月餅と申します。ライブ配信などで活用できるVolu☆ME!、業界最高水準のモーションキャプチャシステムViconなどがございますが、どの情報にご興味がありますか？,,2026-04-23 17:45:49.838123+08:00
01KPWVPEGANG0BN1KM16BQJ5NY,,3b4a07925dfc43d96b2ebfebfc238656,AGENT,"こんにちは！私、株式会社クレッセントのアシスタント、ゲッペイと申します。

ライブ配信などで活用できるVolu☆ME!、業界最高水準のモーションキャプチャシステムViconについてご興味はありますか？",,2026-04-23 17:45:50.495874+08:00
01KPWVR7B5WNAPX87CVC503GF6,,3b4a07925dfc43d96b2ebfebfc238656,AGENT,クレッセントのアシスタント、ゲッペイと申します。ライブ配信などで活用できるVolu☆ME!や、業界最高水準のモーションキャプチャシステムViconについてご興味はございますか？,,2026-04-23 17:46:48.211498+08:00
01KPWWBY1NQ1DRASR4F900ZH5Z,,f3c8d40b17821d20f9e317c354b8b8b0,AGENT,株式会社クレッセントのアシスタント、ゲッペイと申します。ライブ配信などで活用できるVolu☆ME!や、業界最高水準のモーションキャプチャシステムViconについてご紹介できます。,,2026-04-23 17:57:34.524842+08:00
01KPWWJS2MYZ7SW0Z4APAH83HM,,033367e9a6e255ae0b7390e38e7ce06d,AGENT,初めまして。株式会社クレッセントのアシスタント、ゲッペイと申します。ライブ配信などで活用できるVolu☆ME!や、業界最高水準のモーションキャプチャシステムViconについてご紹介できます。,,2026-04-23 18:01:21.689037+08:00
01KPWWT6JW5AWH7XYC91QV3W96,,2f322e3bd16ce91eaac2c70dbd94276f,AGENT,はじめまして。株式会社クレッセントのアシスタント、ゲッペイと申します。ライブ配信などで活用できるVolu☆ME!や、業界最高水準のモーションキャプチャシステムViconについてご興味はございますか？,,2026-04-23 18:05:22.589143+08:00
01KPWWV0XRJPM2NMS2PRJKQT1V,,2f322e3bd16ce91eaac2c70dbd94276f,AGENT,はじめまして。株式会社クレッセントのアシスタント、ゲッペイと申します。ライブ配信などで活用できるVolu☆ME!や、業界最高水準のモーションキャプチャシステムViconなどにご興味はございますか？,,2026-04-23 18:05:48.771853+08:00
01KPWWVJ3C69PAJ28G3XZKK3QB,,2f322e3bd16ce91eaac2c70dbd94276f,AGENT,初めまして。私、株式会社クレッセントのアシスタント、ゲッペイと申します。ライブ配信などで活用できるVolu☆ME!や、業界最高水準のモーションキャプチャシステムViconについてご紹介できます。,,2026-04-23 18:06:06.737888+08:00
01KPWX603KZCTCX1RVB1BA611P,,827e1373443eb075bb47e3a3362511a9,AGENT,ゲッペイと申します。株式会社クレッセントのアシスタントです。弊社の最新技術やスタジオについてご紹介できます。,,2026-04-23 18:11:49.558957+08:00
01KPWXAVCRHQP0AYJCWXGQS830,,4d963d4d1692533e9939ee99de029db5,AGENT,クレッセントのアシスタント、ゲッペイと申します。ライブ配信などで活用できるVolu☆ME!や、業界最高水準のモーションキャプチャシステムViconについてご興味はありますか？,,2026-04-23 18:14:27.773210+08:00
01KPWXVQKVHE8Q1NJWRXNPWQ8B,,f0aae5df6bfa6669e0523163f65a2c8d,AGENT,いらっしゃいませ。私は株式会社クレッセントのアシスタント、ゲッペイと申します。ライブ配信などで活用できるVolu☆ME!と、業界最高水準のモーションキャプチャシステムViconについてご紹介できます。,,2026-04-23 18:23:40.904012+08:00
01KPWY9X1CQQY9PBVE2A4BJGKX,,d9439461515f9454b0291348ef705c5e,AGENT,いらっしゃいませ！私は株式会社クレッセントのアシスタント、ゲッペイと申します。ライブ配信などで活用できるVolu☆ME!と、業界最高水準のモーションキャプチャシステムViconについてご紹介できます。,,2026-04-23 18:31:25.408861+08:00
01KPWZ8B8T0H7R2T30JSHD9EZ4,,cb939d3eee6a15fba8859dabb86cf029,AGENT,"月餅と申します。クレッセントのアシスタントを務めております。

ライブ配信などで活用できるVolu☆ME!や、業界最高水準のモーションキャプチャシステムViconにご興味はございますか？",,2026-04-23 18:48:04.177770+08:00
01KPWZJ3YK2ZBA8263CZYHKV0K,,9bae5303f3dcb3d461a848c53f1b2b43,AGENT,"月餅と申します。株式会社クレッセントのアシスタントです。

ライブ配信などで活用できるVolu☆ME!や、業界最高水準のモーションキャプチャシステムViconについてご紹介できます。",,2026-04-23 18:53:32.981315+08:00
01KPWZWMQBR8PJPHD3JHYHEB6F,,901083c181322d22a3ad2f6cd6b130a6,AGENT,はじめまして。株式会社クレッセントのアシスタント、ゲッペイと申します。ライブ配信などで活用できるVolu☆ME!と、業界最高水準のモーションキャプチャシステムViconについてご紹介できます。,,2026-04-23 18:59:07.525531+08:00
01KPX0FTSTKATSVPDXAWENFK86,,8b90ac1b0e36291cd4acd4ecf617fb35,AGENT,皆様、こんにちは！ 私は株式会社クレッセントのアシスタント、ゲッペイと申します。ライブ配信などで活用できるVolu☆ME!、そして業界最高水準のモーションキャプチャシステムViconについて、何かご興味はございますか？,,2026-04-23 19:09:43.693128+08:00
01KPX0VP78NGHAM1T2PJ7GDJWP,,44ed6941dae2390a57af4483d7597723,AGENT,こんにちは！私、株式会社クレッセントのアシスタント、ゲッペイと申します。ライブ配信などで活用できるVolu☆ME!や、業界最高水準のモーションキャプチャシステムViconについてご紹介できます。,,2026-04-23 19:16:05.723725+08:00
01KPX12MM6Y7SC3T4HFW4RJ7FT,,6c04afbf1223b4d3d56db7dc45969c35,AGENT,こんにちは！株式会社クレッセントのアシスタント、月餅（ゲッペイ）と申します。ライブ配信などで活用できるVolu☆ME!や、業界最高水準のモーションキャプチャシステムViconについてご紹介できます。,,2026-04-23 19:19:53.600162+08:00
01KPX134X3QV4E0D9H6F6G0WT2,,6c04afbf1223b4d3d56db7dc45969c35,AGENT,はじめまして！ 私、株式会社クレッセントのアシスタント、ゲッペイと申します。ライブ配信などで活用できるVolu☆ME!、業界最高水準のモーションキャプチャシステムViconなどにご興味はございますか？,,2026-04-23 19:20:09.983582+08:00
01KPX1VQ3DVEENQA6X8214TQZ4,,6d93073e78c6381e1c8a60ea64869676,AGENT,こんにちは！ 私、クレッセントのアシスタント、ゲッペイと申します。ライブ配信などで活用できるVolu☆ME!と、業界最高水準のモーションキャプチャシステムViconにご興味はございますか？,,2026-04-23 19:33:35.021191+08:00
01KPX27F0GVJCCVGEK4VYBR7ZG,,6d93073e78c6381e1c8a60ea64869676,AGENT,月餅（ゲッペイ）と申します。株式会社クレッセントのアシスタントをしております。ライブ配信などで活用できるVolu☆ME!と、2026年最新スタジオについてご案内できます。,,2026-04-23 19:39:59.187282+08:00
01KPX2933SQ7D03NKP1H0NMB9K,,6d93073e78c6381e1c8a60ea64869676,AGENT,初めまして。私、株式会社クレッセントのアシスタント、ゲッペイと申します。ライブ配信などで活用できるVolu☆ME!や、業界最高水準のモーションキャプチャシステムViconについてご紹介できます。,,2026-04-23 19:40:52.621190+08:00
01KPX2B6H9SCKGF9QFRTT4H0A9,,35e791aa3eb46683271420fbd4cc8a8f,AGENT,はじめまして。私は株式会社クレッセントのアシスタント、ゲッペイと申します。ライブ配信などで活用できるVolu☆ME!、そして業界最高水準のViconモーションキャプチャシステムについてご紹介できます。,,2026-04-23 19:42:01.504739+08:00
01KPX4YW2A52WB0FPCD1H0E3F8,,1324d7b44f9b851f8443ab697f77d38a,AGENT,こんにちは！私は株式会社クレッセントのアシスタント、ゲッペイと申します。ライブ配信などで活用できるVolu☆ME!や、業界最高水準のモーションキャプチャシステムViconについてお話しできます。,,2026-04-23 20:27:44.821740+08:00
01KPX506PFNWS00QJZYWC52YQG,,749ec938580d54a3e522ad7b711d936b,AGENT,皆様、こんにちは。株式会社クレッセントのアシスタント、ゲッペイと申します。ライブ配信などで活用できるVolu☆ME!や、業界最高水準のモーションキャプチャシステムViconについてお話しできます。,,2026-04-23 20:28:27.225109+08:00
01KPX5FY8N8QSADG63WQRD3EAN,,7c949737239edb2d0295a8f67dfec4dc,AGENT,株式会社クレッセントのアシスタント、ゲッペイと申します。ライブ配信などで活用できるVolu☆ME!や、業界最高水準のモーションキャプチャシステムViconについてご紹介できます。,,2026-04-23 20:37:03.832326+08:00
01KPX5HESYRGH97SSK5ME03A4X,,749ec938580d54a3e522ad7b711d936b,AGENT,こんにちは！私は株式会社クレッセントのアシスタント、ゲッペイと申します。ライブ配信などで活用できるVolu☆ME!や、業界最高水準のモーションキャプチャシステムViconについてご紹介できます。,,2026-04-23 20:37:52.048140+08:00
01KPX5K33NRYQDBGJYQ22BBKFQ,,7c949737239edb2d0295a8f67dfec4dc,AGENT,こんにちは。株式会社クレッセントのアシスタント、月餅です。ライブ配信などで活用できるVolu☆ME!と業界最高水準のモーションキャプチャシステムViconについてご紹介できます。,,2026-04-23 20:38:46.112203+08:00
01KPX637NQHDS7749ZR1EM4AWR,,565769550ed68f90663de9e533687424,AGENT,ゲッペイと申します。株式会社クレッセントのアシスタントです。2026年最新スタジオや、業界最高水準のモーションキャプチャシステムViconについてご紹介できます。,,2026-04-23 20:47:35.020659+08:00
01KPX6ATY18PWGDRA1V14AW1QM,,dd1dcb6ef655eb2d3272021a47de86c0,AGENT,お客様、こんにちは！私は株式会社クレッセントのアシスタント、ゲッペイと申します。ライブ配信などで活用できるVolu☆ME!、そして業界最高水準のモーションキャプチャシステムViconについてご紹介できます。,,2026-04-23 20:51:50.043529+08:00
01KPX8RHCV8JGZMM18VARXF5MP,,77493e78db9c206f5327315e8ebae750,AGENT,初めまして。私、株式会社クレッセントのアシスタント、ゲッペイと申します。ライブ配信などで活用できるVolu☆ME!や、業界最高水準のモーションキャプチャシステムViconについてお話しできます。,,2026-04-23 21:34:10.271814+08:00
01KPX8S220DBRVCA7R0FZNR005,,77493e78db9c206f5327315e8ebae750,AGENT,月餅と申します。株式会社クレッセントのアシスタントです。ライブ配信などで活用できるVolu☆ME!や、業界最高水準のモーションキャプチャシステムViconについてご紹介できます。,,2026-04-23 21:34:26.947602+08:00
01KPXCFGWTTGDXRRHK3WPP97T0,,83aa78434723ae9c33672b2db5a4baf7,AGENT,月餅ちゃんと申します。株式会社クレッセントのアシスタントです。ライブ配信などで活用できるVolu☆ME!と、業界最高水準のモーションキャプチャシステムViconについてお話しできます。,,2026-04-23 22:39:13.558615+08:00
01KPXCTVP1H2Y3GQDYE9KJ8ZHT,,e1f0e34a03452aa808a3ba380fbdf6c7,AGENT,株式会社クレッセントのアシスタント、月餅と申します。ライブ配信などで活用できるVolu☆ME!、業界最高水準のモーションキャプチャシステムViconなど、弊社には様々な技術がございます。,,2026-04-23 22:45:24.011427+08:00
01KPXJDTDQNFAJ276J7V4P7BP8,,59558a21c05650b661829072c3c3d058,AGENT,こんにちは、私はクレッセントのアシスタント、月餅（ゲッペイ）と申します。ライブ配信などで活用できるVolu☆ME!や、業界最高水準のモーションキャプチャシステムViconについてご紹介できます。,,2026-04-24 00:23:15.878766+08:00
01KPXMVFKVEG9NGXQTZH36WNGS,,5dc34e31209e01512da39909ad0167b4,AGENT,初めまして！ 私、株式会社クレッセントのアシスタント、ゲッペイと申します。ライブ配信などで活用できるVolu☆ME!や、業界最高水準のモーションキャプチャシステムViconについてご紹介できます。,,2026-04-24 01:05:31.663642+08:00
01KPXP441YA3X6405QKHAXQDQ5,,dd02f1e5ae59301a055342335ab695a0,AGENT,こんにちは、私は株式会社クレッセントのアシスタント、ゲッペイと申します。ライブ配信などで活用できるVolu☆ME!や、業界最高水準のモーションキャプチャシステムViconについてご興味はありますか？,,2026-04-24 01:27:40.771304+08:00
01KPXP67VE1892C7MBQA0NMBZT,,dd02f1e5ae59301a055342335ab695a0,AGENT,こんにちは！株式会社クレッセントのアシスタント、月餅と申します。ライブ配信などで活用できるVolu☆ME!や、業界最高水準のモーションキャプチャシステムViconについてお話しできます。,,2026-04-24 01:28:50.349560+08:00
01KPXPE1E78YVAWAGVV5T8C9RR,,4d963d4d1692533e9939ee99de029db5,AGENT,こんにちは！ 株式会社クレッセントのアシスタント、月餅（ゲッペイ）と申します。ライブ配信などで活用できるVolu☆ME!や、業界最高水準のモーションキャプチャシステムViconについてご紹介できます。,,2026-04-24 01:33:06.658257+08:00
01KPXPNFB0413MACMJPWQ26S73,,1225304677dfafea78f16e049484b7bf,AGENT,初めまして！ 私、株式会社クレッセントのアシスタント、ゲッペイと申します。ライブ配信などで活用できるVolu☆ME!と、業界最高水準のモーションキャプチャシステムViconについてご紹介できます。,,2026-04-24 01:37:13.410082+08:00
01KPXPSDAKRM67NTSFXTGGN6JH,,1225304677dfafea78f16e049484b7bf,AGENT,はい、こんにちは！株式会社クレッセントのアシスタント、ゲッペイと申します。ライブ配信などで活用できるVolu☆ME!や、業界最高水準のモーションキャプチャシステムViconについてご紹介できます。,,2026-04-24 01:39:20.865503+08:00
01KPY0GZH0ER00NRGQ755QD8M2,,75977fe7d08214dfcf7cd973b160b92f,AGENT,こんにちは！ 株式会社クレッセントのアシスタント、月餅です。ライブ配信などで活用できるVolu☆ME!や、業界最高水準のモーションキャプチャシステムViconについてご興味はございますか？,,2026-04-24 04:29:30.124145+08:00
01KPY6VWBX3H9X3NVATKCDN6M0,,617607bf8ec437d931c7beb368ec5b20,AGENT,こんにちは！私は株式会社クレッセントのアシスタント、ゲッペイと申します。ライブ配信などで活用できるVolu☆ME!と、業界最高水準のモーションキャプチャシステムViconについてご紹介できます。,,2026-04-24 06:20:19.355156+08:00
01KPY8DX180S09NET81DSHNTHA,,2e7d32e782459624e3afeefa1a8472d6,AGENT,株式会社クレッセントのアシスタント、ゲッペイと申します。ライブ配信などで活用できるVolu☆ME!と、業界最高水準のモーションキャプチャシステムViconにご興味はありませんか？,,2026-04-24 06:47:36.885197+08:00
01KPY96DFN2FTG8KKJM432VB9W,,2e7d32e782459624e3afeefa1a8472d6,AGENT,こんにちは！私、株式会社クレッセントのアシスタント、ゲッペイと申します。ライブ配信などで活用できるVolu☆ME!、または業界最高水準のモーションキャプチャシステムViconについて興味はございますか？,,2026-04-24 07:00:59.370736+08:00
01KPYBG4X1Q1XRKMYVNJ1SYH5W,,0946fba0849bbe5e738b42b9da960ca9,AGENT,ようこそ、私は株式会社クレッセントのアシスタント、ゲッペイと申します。ライブ配信などで活用できるVolu☆ME!や、業界最高水準のモーションキャプチャシステムViconについてご紹介できます。,,2026-04-24 07:41:15.964606+08:00
01KPYCZ0HGAHHD667P0YB25W3Z,,9c7cf247f7b14ba5a70cf0dfd7f7b24b,AGENT,月餅ちゃんと申します。クレッセントのアシスタントです。ライブ配信などで活用できるVolu☆ME!、業界最高水準のモーションキャプチャシステムViconなどがございます。,,2026-04-24 08:06:55.713136+08:00
01KPYD0TGDSWRJ4V2Q7H8Q3J28,,d84e6960118a2b52c680ba2517dac1bb,AGENT,こんにちは！ 私、クレッセントのゲッペイと申します。ライブ配信などで活用できるVolu☆ME!、2026年最新スタジオについてご興味はございませんか？,,2026-04-24 08:07:51.056753+08:00
01KPYD13FEAKE8SQ8DBM45EB8Q,,d84e6960118a2b52c680ba2517dac1bb,AGENT,皆様、初めまして。私は株式会社クレッセントのアシスタント、ゲッペイと申します。ライブ配信などで活用できるVolu☆ME!と、業界最高水準のモーションキャプチャシステムViconにご興味はございますか？,,2026-04-24 08:07:59.584656+08:00
01KPYD5QAW59RSSNC9J6YTG9Q6,,7ebd68f4c14ac57f56e9e96d49483435,AGENT,こんにちは！株式会社クレッセントのアシスタント、月餅です。ライブ配信などで活用できるVolu☆ME!や、業界最高水準のモーションキャプチャシステムViconについてご紹介できます。,,2026-04-24 08:24:09.760288+08:00
01KPYEM1GJ68X3FAESKH5NYGYT,,48b2207967ba16a8b55950bd37cdec02,AGENT,こんにちは、私はクレッセントのアシスタント、月餅（ゲッペイ）と申します。ライブ配信などで活用できるVolu☆ME!や、業界最高水準のモーションキャプチャシステムViconについてご紹介できます。,,2026-04-24 08:35:50.401014+08:00
01KPYESM5R513FMASDM4NVTCRC,,353fed0e34b7d6a111ef209056a7061c,AGENT,株式会社クレッセントのアシスタント、ゲッペイと申します。ライブ配信などで活用できるVolu☆ME!や、業界最高水準のモーションキャプチャシステムViconについてご紹介できます。,,2026-04-24 08:38:52.170415+08:00
01KPYFE16Q1JBEXQSYQW8NF1P9,,f061516e54ec662879f3edfdace3e569,AGENT,皆様、こんにちは！ 株式会社クレッセントのアシスタント、ゲッペイと申します。ライブ配信などで活用できるVolu☆ME!や、業界最高水準のモーションキャプチャシステムViconについてお話しできます。,,2026-04-24 08:50:03.362264+08:00
01KPYFSV5AHK1PKE0VPM8QQKJD,,ffc8dfa9b4ce7e7f3ff5b49401c11b54,AGENT,こんにちは！株式会社クレッセントのアシスタント、月餅（ゲッペイ）と申します。ライブ配信などで活用できるVolu☆ME!と業界最高水準のモーションキャプチャシステムViconについてご紹介できます。,,2026-04-24 09:02:11.475991+08:00
01KPYGAEN6T014X4119DGHP9NJ,,2b00eca66c7a9e84c28411e35849ef80,AGENT,"いらっしゃいませ！私は株式会社クレッセントのアシスタント、ゲッペイと申します。
ライブ配信などで活用できるVolu☆ME!と業界最高水準のモーションキャプチャシステムViconについてご興味はございますか？",,2026-04-24 09:05:36.392547+08:00
01KPYH1Y6AP8Q49HHH6CFHZ1QV,,142e0ffd9ae48328550a3de474c9f300,AGENT,株式会社クレッセントのアシスタント、ゲッペイと申します。ライブ配信などで活用できるVolu☆ME!や、業界最高水準のモーションキャプチャシステムViconについてご紹介できます。,,2026-04-24 09:19:18.917305+08:00
01KPYH9DX6P8EETFD6TTYPAMNW,,fb9ad8c79913527d3e994fbc14ec6788,AGENT,初めまして。私、株式会社クレッセントのアシスタント、ゲッペイと申します。ライブ配信などで活用できるVolu☆ME!や、業界最高水準のモーションキャプチャシステムViconについてご紹介できます。,,2026-04-24 09:22:28.592037+08:00
01KPYHBRD574KREZEECD5HJAVD,,c1251de51f9b0e61b23fdff65fd30792,AGENT,ようこそいらっしゃいました。私、株式会社クレッセントのアシスタント、ゲッペイと申します。ライブ配信などで活用できるVolu☆ME!、そして業界最高水準のモーションキャプチャシステムViconについてご案内できます。,,2026-04-24 09:23:49.725614+08:00
01KPYHGMX35GQD65MWNZBWP1ZD,,0833e6323002244302611ebc2b1b939d,AGENT,こんにちは、私は株式会社クレッセントのアシスタント、ゲッペイと申します。ライブ配信などで活用できるVolu☆ME!や、業界最高水準のモーションキャプチャシステムViconについてご紹介できます。,,2026-04-24 09:26:24.133809+08:00
01KPYHQHRGJEBEXXZ1VE6T59ZS,,8bf8176c1da6094208e6346a7e0e738f,AGENT,株式会社クレッセントのアシスタント、ゲッペイと申します。ライブ配信などで活用できるVolu☆ME!や、業界最高水準のモーションキャプチャシステムViconについてご紹介できます。,,2026-04-24 09:30:09.897573+08:00
01KPYHQJPFX4WA75H0GZ1J0SN1,,465e397fd79e87a80a579d7b80859bc2,AGENT,お客様、こんにちは。私は株式会社クレッセントのアシスタント、月餅（ゲッペイ）と申します。ライブ配信などで活用できるVolu☆ME!や、業界最高水準のモーションキャプチャシステムViconについてご紹介できます。,,2026-04-24 09:30:09.896521+08:00
01KPYHQY5N3M799Z56A5EPGCHC,,a0b9f63c898d7191817d6bcbdf56723f,AGENT,こんにちは！ 私は株式会社クレッセントのアシスタント、ゲッペイと申します。ライブ配信などで活用できるVolu☆ME!や、業界最高水準のモーションキャプチャシステムViconについてご紹介できます。,,2026-04-24 09:30:29.506474+08:00
01KPYHX6Z2RFPNQD6JACABDP68,,0946fba0849bbe5e738b42b9da960ca9,AGENT,こんにちは！私は株式会社クレッセントのアシスタント、ゲッペイと申します。ライブ配信などで活用できるVolu☆ME!と、業界最高水準のモーションキャプチャシステムViconにご興味はございますか？,,2026-04-24 09:33:17.014436+08:00
01KPYJE00EZENSXDFG18NVETP7,,52a8e4a0aef999afada25d48309b721d,AGENT,ようこそ。株式会社クレッセントのアシスタント、ゲッペイと申します。ライブ配信などで活用できるVolu☆ME!や、業界最高水準のモーションキャプチャシステムViconなど、弊社が提供する最新技術についてご紹介できます。,,2026-04-24 09:42:24.689734+08:00
01KPYJTENHW16G161XW4DMV007,,4483f44193cb084ee544e48694d47b6a,AGENT,株式会社クレッセントのアシスタント、ゲッペイと申します。ライブ配信などで活用できるVolu☆ME!と業界最高水準のモーションキャプチャシステムViconについてご紹介できます。,,2026-04-24 09:49:13.629347+08:00
01KPYKV6A02RRB34TJC506Z4ZK,,5af1e1da1472d0b7978aa6e5d6fe1667,AGENT,ようこそお越しくださいました。私は株式会社クレッセントのアシスタント、ゲッペイと申します。ライブ配信などで活用できるVolu☆ME!、業界最高水準のモーションキャプチャシステムViconなど、クレッセントの最新技術にご興味はありますか？,,2026-04-24 10:07:05.534488+08:00
01KPYM0C6MV77E4JJ6NNV7EB6S,,c8de5c56391b3a2e0345be23ece0a15f,AGENT,こんにちは！株式会社クレッセントのアシスタント、月餅です。ライブ配信などで活用できるVolu☆ME!と、業界最高水準のモーションキャプチャシステムViconについてご紹介できます。,,2026-04-24 10:09:58.471437+08:00
01KPYN2X8EQV5D15F9D7T9R9J0,,7dcc03fe085ee975e5f247311a5b3670,AGENT,こんにちは、私は株式会社クレッセントのアシスタント、ゲッペイと申します。ライブ配信などで活用できるVolu☆ME!や、業界最高水準のモーションキャプチャシステムViconについてご紹介できます。,,2026-04-24 10:28:47.405177+08:00
01KPYNFP12WMYWD2B707RSDQZ7,,100082b2c980b91a625ac59b24374501,AGENT,お客様、こんにちは！ 株式会社クレッセントのアシスタント、ゲッペイと申します。ライブ配信などで活用できるVolu☆ME!、業界最高水準のモーションキャプチャシステムViconについてご興味はございますか？,,2026-04-24 10:35:47.224205+08:00
01KPYNR6THMC09KXZMN8A41K4G,,f642da9fe927bef055283d9b3767ad69,AGENT,こんにちは。株式会社クレッセントのアシスタント、ゲッペイと申します。ライブ配信などで活用できるVolu☆ME!や、業界最高水準のモーションキャプチャシステムViconについて、何かご興味はございますか？,,2026-04-24 10:40:25.356260+08:00
01KPYNW2F8G1X9EAKF731MFPN9,,98bfb52b5d8c593c7a6f7d90d54377f1,AGENT,クレッセントのゲッペイと申します。ライブ配信などで活用できるVolu☆ME!や、業界最高水準のモーションキャプチャシステムViconについてお話しできます。,,2026-04-24 10:42:32.124082+08:00
01KPYP2QKJTJ2GBZGCDM86C934,,e19db6a903b4d14592e634374c2e0031,AGENT,"こんにちは！私、株式会社クレッセントのアシスタント、ゲッペイと申します。

ライブ配信などで活用できるVolu☆ME!、または業界最高水準のモーションキャプチャシステムViconにご興味はございますか？",,2026-04-24 10:46:10.969667+08:00
01KPYP338G50AFJ1NWKTRQM2WY,,ab71ab06bc3e5fdc2ae3af7b886b93ef,AGENT,こんにちは！株式会社クレッセントのアシスタント、ゲッペイと申します。ライブ配信などで活用できるVolu☆ME!や、業界最高水準のモーションキャプチャシステムViconにご興味はございますか？,,2026-04-24 10:46:21.879953+08:00
01KPYP338G50AFJ1NWKTRQM2WY,,ab71ab06bc3e5fdc2ae3af7b886b93ef,USER,中文可以嗎,,2026-04-24 10:46:45.306977+08:00
01KPYP338G50AFJ1NWKTRQM2WY,,ab71ab06bc3e5fdc2ae3af7b886b93ef,AGENT,"您好！我是月餅，株式會社 Crescent 的助理。當然，我可以用中文溝通。

請問您是對我們能在直播中使用的 Volu☆ME! 感興趣，還是想了解業界最高標準的動作捕捉系統 Vicon 呢？",,2026-04-24 10:46:45.336939+08:00
01KPYP338G50AFJ1NWKTRQM2WY,,ab71ab06bc3e5fdc2ae3af7b886b93ef,USER,vicon 是什麼,,2026-04-24 10:47:02.794456+08:00
01KPYP338G50AFJ1NWKTRQM2WY,,ab71ab06bc3e5fdc2ae3af7b886b93ef,AGENT,"Vicon 是全球頂級的光學反射式動作捕捉系統。

它廣泛應用於：
* 娛樂（電影、遊戲）
* 工業
* 醫療
* 生物力學

Vicon 系統配備高精準度攝影機和軟體，提供精確的動作捕捉。您想了解更多嗎？",,2026-04-24 10:47:02.813063+08:00
01KPYP338G50AFJ1NWKTRQM2WY,,ab71ab06bc3e5fdc2ae3af7b886b93ef,USER,遊戲動作相關,,2026-04-24 10:47:30.725636+08:00
01KPYP338G50AFJ1NWKTRQM2WY,,ab71ab06bc3e5fdc2ae3af7b886b93ef,AGENT,"在遊戲動作捕捉方面，Vicon 系統是業界的標竿。

* **高精準度**：能捕捉細微的肢體動作，甚至是手指的細節。
* **即時性**：可以即時串流和編輯捕捉到的數據。
* **應用廣泛**：從遊戲角色動作到虛擬實境體驗，都能完美呈現。

我們還提供 Vicon Vanguard 無標記系統，以及 Shogun 軟體，可大大加快遊戲動畫製作流程。

您想更深入了解 Vicon 在遊戲領域的應用案例嗎？",,2026-04-24 10:47:30.757484+08:00
01KPYP338G50AFJ1NWKTRQM2WY,,ab71ab06bc3e5fdc2ae3af7b886b93ef,USER,有哪些案例參考,,2026-04-24 10:47:58.749788+08:00
01KPYP338G50AFJ1NWKTRQM2WY,,ab71ab06bc3e5fdc2ae3af7b886b93ef,AGENT,"我們有豐富的用戶案例，涵蓋遊戲、研究、政府機關和內容製作等多個產業。

最近的案例包括：
*   2026.03.20 - JRA 競馬博物館的數位互動內容
*   2026.03.10 - TYO 製作的「XR Magic Orchestra」
*   2026.02.10 - LIAR VOICE ～尋找冒牌貨～ 的製作秘辛
*   2026.01.10 - THINKR 株式会社的介紹

您可以在我們的網站上找到更多詳細資訊和案例：[用戶案例列表](https://www.crescentinc.co.jp/usercase)

您對哪種類型或用途的案例比較感興趣呢？",,2026-04-24 10:47:58.780946+08:00
01KPYP751RKSYCVAAM5BXDKXAC,,ab71ab06bc3e5fdc2ae3af7b886b93ef,AGENT,月餅と申します。株式会社クレッセントのアシスタントです。ライブ配信などで活用できるVolu☆ME!や、業界最高水準のモーションキャプチャシステムViconについてお話しできます。,,2026-04-24 10:48:34.856315+08:00
01KPYP78YYCQMVY8RK59S71HFW,,d815f642aaf9b59344cbdb87e24186e7,AGENT,はじめまして、株式会社クレッセントのアシスタント、ゲッペイと申します。ライブ配信などで活用できるVolu☆ME!や、業界最高水準のモーションキャプチャシステムViconについてご紹介できます。,,2026-04-24 10:48:45.095803+08:00
01KPYPNFP8CREN9SQE75QA17BW,,58c40247392ccd5527c7866097d336de,AGENT,こんにちは！クレッセントのアシスタント、ゲッペイと申します。ライブ配信などで活用できるVolu☆ME!、そして業界最高水準のモーションキャプチャシステムViconにご興味はありますか？,,2026-04-24 10:56:34.073270+08:00
01KPYPYM95C9VA09TSG46VGDKE,,c5921aaf9714ddaaefd139ac335a44ab,AGENT,お客様、こんにちは。私は株式会社クレッセントのアシスタント、ゲッペイと申します。ライブ配信などで活用できるVolu☆ME!や、業界最高水準のモーションキャプチャシステムViconについて、何かご質問はございますか？,,2026-04-24 11:01:28.705651+08:00
01KPYQ62NMK7JVVNXR5EMPHJNE,,173c63a2fa4f378484256834b0ca22fa,AGENT,こんにちは！私は株式会社クレッセントのアシスタント、ゲッペイと申します。ライブ配信などで活用できるVolu☆ME!と、2026年最新スタジオについてご案内できます。,,2026-04-24 11:05:33.519663+08:00
01KPYQ99GF2VK0KVB1KPB6HVNX,,617607bf8ec437d931c7beb368ec5b20,AGENT,月餅と申します。株式会社クレッセントのアシスタントをしております。何かご不明な点がございましたら、お気軽にお尋ねください。,,2026-04-24 11:07:15.703882+08:00
01KPYQARBDFV59292SM2JFB345,,c1dd30dc9ee639e1fc4e64a91bd258fe,AGENT,こんにちは。株式会社クレッセントのアシスタント、月餅と申します。ライブ配信などで活用できるVolu☆ME!、そして業界最高水準のモーションキャプチャシステムViconについてご紹介できます。,,2026-04-24 11:08:02.905653+08:00
01KPYQRNCTGWK1437K7ECGV8NX,,0ad1296eccfa0db6345d120f6cede80a,AGENT,ようこそ！私、株式会社クレッセントのアシスタント、ゲッペイと申します。ライブ配信などで活用できるVolu☆ME!、業界最高水準のモーションキャプチャシステムViconなど、クレッセントの最新技術にご興味はございますか？,,2026-04-24 11:15:45.577187+08:00
01KPYQY5E627XQ6QWZ4T7X2TK9,,c1b782806402c8ca641e84cd7a886d7b,AGENT,ようこそいらっしゃいました！株式会社クレッセントのアシスタント、ゲッペイと申します。ライブ配信などで活用できるVolu☆ME!や、業界最高水準のモーションキャプチャシステムViconについてご紹介できます。,,2026-04-24 11:18:37.565748+08:00
01KPYS0WR5JRT38ACDFTSFX3SV,,7fcb714112a996e7e34c1d8fb27b2b14,AGENT,皆様、こんにちは！ 株式会社クレッセントのアシスタント、ゲッペイと申します。ライブ配信などで活用できるVolu☆ME!、または業界最高水準のモーションキャプチャシステムViconにご興味はございますか？,,2026-04-24 11:37:35.723124+08:00
01KPYSH5KF0W1CRWFVZFMAHP77,,17a0e25ba9da4e1520655289af04521f,AGENT,株式会社クレッセントのアシスタント、ゲッペイと申します。ライブ配信などで活用できるVolu☆ME!や、業界最高水準のモーションキャプチャシステムViconについてご紹介できます。,,2026-04-24 11:46:29.457546+08:00
01KPYSVHDK7DYEMTG18W1HCCW8,,fa1c516b57d0b093d7574495c34507fe,AGENT,"皆様、こんにちは！ 株式会社クレッセントのアシスタント、ゲッペイと申します。

ライブ配信などで活用できるVolu☆ME!、業界最高水準のモーションキャプチャシステムViconにご興味はございますか？",,2026-04-24 11:52:08.776908+08:00
01KPYT044NYKR46B64FWZ0B8NH,,83d3198a9d71e4b245423a8a1893d30e,AGENT,株式会社クレッセントのゲッペイと申します。ライブ配信などで活用できるVolu☆ME!や、業界最高水準のモーションキャプチャシステムViconにご興味はございますか？,,2026-04-24 11:54:46.338489+08:00
01KPYT1JSSQE7B6SPRGJ64Q63Q,,58f275fa01216981898034c3bff5c108,AGENT,こんにちは。株式会社クレッセントのアシスタント、月餅です。ライブ配信などで活用できるVolu☆ME!、2026年最新スタジオについてご興味はありますか？,,2026-04-24 11:55:28.065567+08:00
01KPYT2DZZYZYZCRAXSKAKJ223,,58f275fa01216981898034c3bff5c108,AGENT,皆様、こんにちは！ 株式会社クレッセントのアシスタント、ゲッペイと申します。ライブ配信などで活用できるVolu☆ME!や、業界最高水準のモーションキャプチャシステムViconについてご紹介できます。,,2026-04-24 11:55:54.700454+08:00
01KPYT3ZZ2GKG83C6TJMQPKS7T,,58f275fa01216981898034c3bff5c108,AGENT,初めまして。私、株式会社クレッセントのアシスタント、ゲッペイと申します。ライブ配信などで活用できるVolu☆ME!や、業界最高水準のモーションキャプチャシステムViconについてご紹介できます。,,2026-04-24 11:56:45.821827+08:00
01KPYT5F8VKTJ02QRMDB9CKSRZ,,58f275fa01216981898034c3bff5c108,AGENT,株式会社クレッセントのアシスタント、月餅です。ライブ配信などで活用できるVolu☆ME!や、業界最高水準のモーションキャプチャシステムViconについてご紹介できます。,,2026-04-24 11:57:34.337309+08:00
01KPYT9DEF7PB99VWSWV7XFZJE,,e33b73626663db0f1b7f4519b1397d1b,AGENT,"こんにちは！ 株式会社クレッセントのアシスタント、月餅（ゲッペイ）と申します。

ライブ配信などで活用できるVolu☆ME!と、2026年最新スタジオについてご興味はございますか？",,2026-04-24 11:59:43.924032+08:00
01KPYTD4R1H0BG2067YT3FK2TT,,662e5a64a9d0a274f1dd04674796483b,AGENT,月餅と申します。株式会社クレッセントのアシスタントです。ライブ配信などで活用できるVolu☆ME!や、業界最高水準のモーションキャプチャシステムViconについてご紹介できます。,,2026-04-24 12:01:47.606159+08:00
01KPYTEV9GRN4X5NCD20NQ9YAA,,6954074e8585d697d560b1626771678a,AGENT,クレッセントのアシスタント、ゲッペイと申します。ライブ配信などで活用できるVolu☆ME!と、業界最高水準のモーションキャプチャシステムViconについてご紹介できます。,,2026-04-24 12:02:42.470684+08:00
01KPYVRRCE0BS45DDA52YTB4RP,,9598a6d296760aa1b2ea20efa1ed8742,AGENT,"こんにちは、ゲッペイと申します。株式会社クレッセントのアシスタントです。

ライブ配信などで活用できるVolu☆ME!、業界最高水準のモーションキャプチャシステムViconにご興味はございますか？",,2026-04-24 12:25:35.519660+08:00
01KPYVZV3NNTGDB8G4YS580ZXN,,d55d72aa9eb613358095ecbc02227692,AGENT,こんにちは！株式会社クレッセントのアシスタント、ゲッペイと申します。ライブ配信などで活用できるVolu☆ME!、業界最高水準のモーションキャプチャシステムViconなどがございますが、ご興味はありますか？,,2026-04-24 12:29:28.035832+08:00
01KPYW4VHS6VJA0WZVZHA91R83,,ab31e7c61676e69983ad28739264a9a5,AGENT,こんにちは！クレッセントのアシスタント、ゲッペイと申します。ライブ配信などで活用できるVolu☆ME!、そして業界最高水準のモーションキャプチャシステムViconにご興味はございますか？,,2026-04-24 12:32:13.849748+08:00
01KPYW79DFSVYVN0NQA4J2WG30,,8de02ce0f2fc28bf94db75c6115067e6,AGENT,こんにちは！私は株式会社クレッセントのアシスタント、ゲッペイと申します。ライブ配信などで活用できるVolu☆ME!と、業界最高水準のモーションキャプチャシステムViconにご興味はありますか？,,2026-04-24 12:33:31.139461+08:00
01KPYWA7B7M6VZSZ1C6HB7X8WC,,e764a23370d9a55c52f3422641b70e17,AGENT,株式会社クレッセントのアシスタント、ゲッペイと申します。ライブ配信などで活用できるVolu☆ME!と、業界最高水準のモーションキャプチャシステムViconについてご紹介できます。,,2026-04-24 12:35:08.843867+08:00
01KPYWEBHDGHVBNMSMK5DYN2Y7,,d55d72aa9eb613358095ecbc02227692,AGENT,皆様、こんにちは。株式会社クレッセントのアシスタント、ゲッペイと申します。ライブ配信などで活用できるVolu☆ME!や、業界最高水準のモーションキャプチャシステムViconについてご紹介できます。,,2026-04-24 12:37:22.389619+08:00
01KPYWN22VF3XM87X1QM3TWSTM,,fa1c516b57d0b093d7574495c34507fe,AGENT,こんにちは！ 私、クレッセントのアシスタント、ゲッペイと申します。ライブ配信などで活用できるVolu☆ME!と、業界最高水準のモーションキャプチャシステムViconにご興味はありませんか？,,2026-04-24 12:41:02.576257+08:00
01KPYWYDZDFJG860CW0JPS9PYN,,014bbb3e37fb3a86c06b391ff2e85c47,AGENT,こんにちは、ゲッペイと申します。株式会社クレッセントのアシスタントをしております。,,2026-04-24 12:46:09.724828+08:00
01KPYX19XRYYEBGDH7S4YW5HRR,,461111f8b48a634caf3b694543634ea2,AGENT,初めまして。株式会社クレッセントのアシスタント、ゲッペイと申します。ライブ配信などで活用できるVolu☆ME!、業界最高水準のモーションキャプチャシステムViconなど、クレッセントの最新技術にご興味はありますでしょうか？,,2026-04-24 12:47:43.812326+08:00
01KPYXAVNB7X7WGF1ZH3NK6H44,,a8216ca1b62fc6fc245706974c872937,AGENT,"こんにちは！ 株式会社クレッセントのアシスタント、月餅です。
ライブ配信などで活用できるVolu☆ME!と、業界最高水準のモーションキャプチャシステムViconにご興味はありませんか？",,2026-04-24 12:53:10.677284+08:00
01KPYXBZ34M3GMKP1VS4MF697E,,c00a130d95975053d47c0d56994e21f3,AGENT,"[ユーザー]様、はじめまして！
私、株式会社クレッセントのアシスタント、ゲッペイと申します。ライブ配信などで活用できるVolu☆ME!、そして2026年最新スタジオについてご興味はございませんか？",,2026-04-24 12:53:33.010047+08:00
01KPYXEDF13PWK7T5AK10BR66M,,7ab1b78764e831f8c7d1f5ce82d36b29,AGENT,株式会社クレッセントのアシスタント、ゲッペイと申します。ライブ配信などで活用できるVolu☆ME!や、業界最高水準のモーションキャプチャシステムViconについてご紹介できます。,,2026-04-24 12:54:53.664844+08:00
01KPYXX8X89HCJSW0HEC2CQ0X8,,2d79e9ef5c40e08db3e7a1a2e1ba2953,AGENT,はじめまして。株式会社クレッセントのアシスタント、ゲッペイと申します。ライブ配信などで活用できるVolu☆ME!と、業界最高水準のモーションキャプチャシステムViconについてご紹介できます。,,2026-04-24 13:03:01.291094+08:00
01KPYXZS0EKKVXCSF6BX85TGSW,,5013ee58358144f790627680baa528bc,AGENT,こんにちは。株式会社クレッセントのアシスタント、ゲッペイと申します。ライブ配信などで活用できるVolu☆ME!、業界最高水準のモーションキャプチャシステムViconについてご案内できます。,,2026-04-24 13:04:22.731902+08:00
01KPYY099EESERX04QFJPJ0FXV,,88a99e7625ee70f07c29e962234a91f7,AGENT,月餅と申します。株式会社クレッセントのアシスタントです。ライブ配信などで活用できるVolu☆ME!と、業界最高水準のモーションキャプチャシステムViconについてご紹介できます。,,2026-04-24 13:04:39.046512+08:00
01KPYY0HQ2SS4S99VMGB0R9QE0,,1b0c1d2dda182d74480e4a8e3b0ef6d4,AGENT,株式会社クレッセントのアシスタント、月餅と申します。ライブ配信などで活用できるVolu☆ME!や、業界最高水準のモーションキャプチャシステムViconについてご興味はありますか？,,2026-04-24 13:04:47.590476+08:00
01KPYY1AXSVRY9CFJVDEKGTDJP,,88a99e7625ee70f07c29e962234a91f7,AGENT,初めまして。私、株式会社クレッセントのアシスタント、ゲッペイと申します。ライブ配信などで活用できるVolu☆ME!や、業界最高水準のモーションキャプチャシステムViconについてご紹介できます。,,2026-04-24 13:05:12.806177+08:00
01KPYY31T6JS8BPDVV7TJ5RBNK,,4e8fad1578bbbcf4062350bce3ae564d,AGENT,はじめまして！私、株式会社クレッセントのアシスタント、ゲッペイと申します。ライブ配信などで活用できるVolu☆ME!、業界最高水準のモーションキャプチャシステムViconにご興味はありますか？,,2026-04-24 13:06:09.915563+08:00
01KPYY3PJX67GRJ2V4179ENT0Q,,4e8fad1578bbbcf4062350bce3ae564d,AGENT,はじめまして。株式会社クレッセントのアシスタント、ゲッペイと申します。ライブ配信などで活用できるVolu☆ME!や、業界最高水準のモーションキャプチャシステムViconについてご紹介できます。,,2026-04-24 13:06:30.566530+08:00
01KPYY4TZQZD005MGVACZ0SCV5,,1f0b4d188839865497ebac88aeed4a7d,AGENT,株式会社クレッセントのアシスタント、月餅と申します。ライブ配信などで活用できるVolu☆ME!、2026年最新スタジオにご興味はございませんか？,,2026-04-24 13:07:09.642641+08:00
01KPYYMRTACY0QKYR258TV8PAV,,96e6bbc3b8b9ca5e76ad3c4b59afdc72,AGENT,こんにちは！株式会社クレッセントのアシスタント、ゲッペイと申します。ライブ配信などで活用できるVolu☆ME!や、業界最高水準のモーションキャプチャシステムViconについてご紹介できます。,,2026-04-24 13:15:50.187282+08:00
01KPYYPN75Q2TNBGCHAJQ3G98W,,17d73a26754c8dc8719964049816be6d,AGENT,いらっしゃいませ！私、株式会社クレッセントのアシスタント、ゲッペイと申します。ライブ配信などで活用できるVolu☆ME!と業界最高水準のモーションキャプチャシステムViconについてご紹介できます。,,2026-04-24 13:16:51.868723+08:00
01KPYZ3K6AS08FDATN46QE6GQB,,17d73a26754c8dc8719964049816be6d,AGENT,月餅と申します。株式会社クレッセントのアシスタントです。ライブ配信などで活用できるVolu☆ME!と、業界最高水準のモーションキャプチャシステムViconについてご紹介できます。,,2026-04-24 13:23:55.361781+08:00
01KPYZAHJYXZXCJ8PDZMEF3XJN,,c315bac96c7090d4c053ff1c147e68c2,AGENT,"皆さま、こんにちは！株式会社クレッセントのアシスタント、月餅です。

本日はどのようなご用件でしょうか？ライブ配信などで活用できるVolu☆ME!、業界最高水準のモーションキャプチャシステムViconなどがございますが、何にご興味がありますか？",,2026-04-24 13:27:44.572818+08:00
01KPYZM85N6K8J8BXJM25GXNJM,,26e75ac576b272b48d4d4c8a3ded59ff,AGENT,お客様、こんにちは。私、株式会社クレッセントのアシスタント、ゲッペイと申します。ライブ配信などで活用できるVolu☆ME!、そして業界最高水準のモーションキャプチャシステムViconについてご紹介できます。,,2026-04-24 13:33:03.356165+08:00
01KPYZM9M2BZEP4HG0MZ9TCR7G,,8722db7e54c0ade5fa8fdb781e0e059d,AGENT,月餅と申します。株式会社クレッセントのアシスタントとして、皆様のクリエイティブな挑戦をサポートいたします。ライブ配信などで活用できるVolu☆ME!や、業界最高水準のモーションキャプチャシステムViconについてご興味はありませんか？,,2026-04-24 13:33:02.602280+08:00
01KPYZXKYBJX1N8HNECBWJ6KP8,,7deb3477a5de5408a2babc6dfec6f818,AGENT,ようこそ！わたくしは株式会社クレッセントのアシスタント、ゲッペイと申します。ライブ配信などで活用できるVolu☆ME!や、業界最高水準のモーションキャプチャシステムViconについてご紹介できます。,,2026-04-24 13:38:08.310461+08:00
01KPYZZW67KMA8JPVN5RZ0PXX2,,e3cad6cf780064bdbbf3be65ef3bcd38,AGENT,こんにちは！私は株式会社クレッセントのアシスタント、ゲッペイと申します。ライブ配信などで活用できるVolu☆ME!と、業界最高水準のモーションキャプチャシステムViconについてご紹介できます。,,2026-04-24 13:39:21.840164+08:00
01KPZ09YT38K5CQPZ5X7XPJVQW,,c975aae115021efe746b7a0034368c10,AGENT,こんにちは！私は株式会社クレッセントのアシスタント、ゲッペイと申します。ライブ配信などで活用できるVolu☆ME!や、業界最高水準のモーションキャプチャシステムViconについてご紹介できます。,,2026-04-24 13:44:54.573143+08:00
01KPZ0DYH7N2N59JFEWA359TGP,,5db0a766a366717dbdc6bec3f2703d1c,AGENT,はじめまして。株式会社クレッセントのアシスタント、ゲッペイと申します。ライブ配信などで活用できるVolu☆ME!と業界最高水準のモーションキャプチャシステムViconについてご紹介できます。,,2026-04-24 13:47:03.616415+08:00
01KPZ0H2RBYRZ5B5R1X3PWCK41,,9be95b25e3f1c057a078c73c4acef055,AGENT,はじめまして。株式会社クレッセントのアシスタント、ゲッペイと申します。ライブ配信などで活用できるVolu☆ME!と、業界最高水準のモーションキャプチャシステムViconについてご紹介できます。,,2026-04-24 13:48:51.964366+08:00
01KPZ0QVD7WWB6BGB8Y3XJ8RNG,,4d963d4d1692533e9939ee99de029db5,AGENT,"こんにちは！株式会社クレッセントのアシスタント、月餅（ゲッペイ）と申します。

ライブ配信などで活用できるVolu☆ME!と業界最高水準のモーションキャプチャシステムViconについてご紹介できます。",,2026-04-24 13:52:28.815942+08:00
01KPZ0XA72WJ2RT4DRJWB1CCMA,,145561e7ae9387fb8b990f405b9f723d,AGENT,はじめまして。株式会社クレッセントのアシスタント、ゲッペイと申します。ライブ配信などで活用できるVolu☆ME!や、業界最高水準のモーションキャプチャシステムViconについてご紹介できます。,,2026-04-24 13:55:28.406027+08:00
01KPZ0Y4JXYY1FJWRRP3GMFASB,,8de02ce0f2fc28bf94db75c6115067e6,AGENT,クレッセントのアシスタント、ゲッペイと申します。ライブ配信などで活用できるVolu☆ME!、2026年最新スタジオについてご案内できます。,,2026-04-24 13:55:54.241402+08:00
01KPZ20SV0JNW0WSADYHKMHAYT,,b758292fc60a3d0502b6fab107e6b7a3,AGENT,"こんにちは！ 私、クレッセントのアシスタント、ゲッペイと申します。
ライブ配信などで活用できるVolu☆ME!、または業界最高水準のモーションキャプチャシステムViconについてご興味はございますか？",,2026-04-24 14:14:50.762432+08:00
01KPZ2D4G8FXXVMKGR1VT3WM2V,,dd02f1e5ae59301a055342335ab695a0,AGENT,こんにちは！私は株式会社クレッセントのアシスタント、ゲッペイと申します。ライブ配信などで活用できるVolu☆ME!や、業界最高水準のモーションキャプチャシステムViconについてお話しできます。,,2026-04-24 14:21:36.538900+08:00
01KPZ2DT4884BHDWEA63MKFW3C,,d4b1289d252a90c9f09d1b495c54404b,AGENT,株式会社クレッセントのアシスタント、ゲッペイと申します。ライブ配信などで活用できるVolu☆ME!や、業界最高水準のモーションキャプチャシステムViconについてご紹介できます。,,2026-04-24 14:21:56.168096+08:00
01KPZ2HGP96Z8046CDWHZ76CX4,,77edabdc67f73e6cfff7c036972e3472,AGENT,はじめまして。株式会社クレッセントのアシスタント、ゲッペイと申します。ライブ配信などで活用できるVolu☆ME!と業界最高水準のモーションキャプチャシステムViconについてご紹介できますが、どちらにご興味がありますか？,,2026-04-24 14:23:58.534096+08:00
01KPZ2WB0G7HTHZQ6K7AXPDFHY,,8de02ce0f2fc28bf94db75c6115067e6,AGENT,はじめまして！株式会社クレッセントのアシスタント、ゲッペイと申します。ライブ配信などで活用できるVolu☆ME!や、業界最高水準のモーションキャプチャシステムViconについてご興味はありますか？,,2026-04-24 14:29:53.441215+08:00
01KPZ2WMBQFY20Y2PMH86YEJ2P,,8506ae9f29203fb3706206d8f40153eb,AGENT,こんにちは！私は株式会社クレッセントのアシスタント、ゲッペイと申します。ライブ配信などで活用できるVolu☆ME!や、業界最高水準のモーションキャプチャシステムViconについてお話しできます。,,2026-04-24 14:30:03.349666+08:00
01KPZ34VM2N7P71XH4XYCC560Q,,1872f2c0164ff6f495643b07b16e34da,AGENT,"月餅ちゃんと申します。

株式会社クレッセントのアシスタントです。
",,2026-04-24 14:34:32.294562+08:00
01KPZ3519Z49SKSJYB5PK51QJ0,,6251184d0648e9d23e6445c19efd1374,AGENT,こんにちは！私は株式会社クレッセントのアシスタント、ゲッペイと申します。ライブ配信などで活用できるVolu☆ME!や、業界最高水準のモーションキャプチャシステムViconについてご紹介できます。,,2026-04-24 14:34:38.818434+08:00
01KPZ35DD3A8PWGQE5B381YTHY,,6251184d0648e9d23e6445c19efd1374,AGENT,こんにちは！株式会社クレッセントのアシスタント、ゲッペイと申します。ライブ配信などで活用できるVolu☆ME!、業界最高水準のモーションキャプチャシステムViconなど、クレッセントの最新技術にご興味はありますか？,,2026-04-24 14:34:50.615025+08:00
01KPZ3A1X144VKF3HAM96M17BH,,fcef929b7473d37f4d302522f8373d36,AGENT,株式会社クレッセントのアシスタント、ゲッペイと申します。ライブ配信などで活用できるVolu☆ME!や、業界最高水準のモーションキャプチャシステムViconについてご紹介できます。,,2026-04-24 14:37:22.108556+08:00
01KPZ3H22GBGR09WK673XYBQ5B,,3ab0698cc653c8dbf28238b8e9ee4dbb,AGENT,初めまして。私、株式会社クレッセントのアシスタント、ゲッペイと申します。ライブ配信などで活用できるVolu☆ME!や、業界最高水準のモーションキャプチャシステムViconについてご紹介できます。,,2026-04-24 14:41:11.966554+08:00
01KPZ3JW4SDKRQNBTG7ZZN4YRX,,e7643d3064996cc2c03f6a5532874efb,AGENT,はじめまして。株式会社クレッセントのアシスタント、ゲッペイと申します。ライブ配信などで活用できるVolu☆ME!や、業界最高水準のモーションキャプチャシステムViconについてご紹介できます。,,2026-04-24 14:42:13.263133+08:00
01KPZ3KB4W97YZC701E00VR2ST,,69387f8931e913d9393b8beb121bb4af,AGENT,株式会社クレッセントのアシスタント、月餅です。ライブ配信などで活用できるVolu☆ME!や、業界最高水準のモーションキャプチャシステムViconについてご紹介できます。,,2026-04-24 14:42:33.438710+08:00
01KPZ3VMZJSMSTZZBYC87YPCEA,,3ac4fb5d2975ab002f2c5bc8785c2b53,AGENT,こんにちは！私、株式会社クレッセントのアシスタント、ゲッペイと申します。ライブ配信などで活用できるVolu☆ME!や、業界最高水準のモーションキャプチャシステムViconについてご紹介できます。,,2026-04-24 14:47:02.647479+08:00
01KPZ3WGSV00GHKY4Y5CN6X122,,0ce8031df3eaf3ecc56a27abe04b8fc7,AGENT,皆様、こんにちは！ 株式会社クレッセントのアシスタント、ゲッペイと申します。ライブ配信などで活用できるVolu☆ME!や、業界最高水準のモーションキャプチャシステムViconについてお話しできます。,,2026-04-24 14:47:27.958636+08:00
01KPZ3XCHN54VJ1TCF0T8859BT,,17d73a26754c8dc8719964049816be6d,AGENT,お客様、こんにちは！ 株式会社クレッセントのアシスタント、ゲッペイと申します。ライブ配信などで活用できるVolu☆ME!、業界最高水準のモーションキャプチャシステムViconなど、弊社が提供する様々なソリューションについてお話しできます。,,2026-04-24 14:47:54.790576+08:00
01KPZ42S3PTZMHBPM0A4DX4CQV,,25b50f5f72da785ee029182a90d1d6a3,AGENT,ようこそ。わたくしは株式会社クレッセントのアシスタント、ゲッペイと申します。ライブ配信などで活用できるVolu☆ME!と業界最高水準のモーションキャプチャシステムViconについてご紹介できます。,,2026-04-24 14:50:52.867978+08:00
01KPZ454D2F72PMQHD6MYSGNTA,,272e373b7de8f7239c08c34e90cdfd29,AGENT,はい、ゲッペイと申します。株式会社クレッセントのアシスタントをしております。,,2026-04-24 14:52:09.428408+08:00
01KPZ45QRZPNKRC68YA5M2MKFS,,272e373b7de8f7239c08c34e90cdfd29,AGENT,株式会社クレッセントのゲッペイと申します。ライブ配信などで活用できるVolu☆ME!、業界最高水準のモーションキャプチャシステムViconについてご紹介できます。,,2026-04-24 14:52:28.762169+08:00
01KPZ4PDX33KAQPHVDBYSTNPRY,,071e9a2c2fa0c98a2154b45d14b7a5bd,AGENT,"こんにちは！私、株式会社クレッセントのアシスタント、ゲッペイと申します。

ライブ配信などで活用できるVolu☆ME!や、業界最高水準のモーションキャプチャシステムViconなど、クレッセントの最新技術にご興味はございますか？",,2026-04-24 15:01:39.787581+08:00
01KPZ4SXSPSGF73NTXQ0A65BK9,,e28d26a2e9b21a1e041fe077c185c76c,AGENT,こんにちは。私、株式会社クレッセントのアシスタント、ゲッペイと申します。ライブ配信などで活用できるVolu☆ME!や、業界最高水準のモーションキャプチャシステムViconについてお話しできます。,,2026-04-24 15:05:17.774173+08:00
01KPZ4TZA0XYZZHJ5N2JCN4MHZ,,75977fe7d08214dfcf7cd973b160b92f,AGENT,初めまして。私、株式会社クレッセントのアシスタント、ゲッペイと申します。ライブ配信などで活用できるVolu☆ME!、業界最高水準のモーションキャプチャシステムViconについてご紹介できます。,,2026-04-24 15:04:07.485564+08:00
01KPZ4XWNWGGT4DCKW8P6X5BXW,,69c106d49900c18d24fa42e3dc579e8f,AGENT,こんにちは！ 株式会社クレッセントのアシスタント、月餅と申します。ライブ配信などで活用できるVolu☆ME!、2026年最新スタジオなどにご興味はありませんか？,,2026-04-24 15:12:49.634240+08:00
01KPZ4Y15QQKACVK1BXRR6EMGB,,a09b3085cf9358bb23251a198517a0be,AGENT,初めまして！ 私、株式会社クレッセントのアシスタント、ゲッペイと申します。ライブ配信などで活用できるVolu☆ME!と、業界最高水準のモーションキャプチャシステムViconにご興味はございますか？,,2026-04-24 15:05:45.827804+08:00
01KPZ5APS5VN9F067SQCCJBR9C,,c5376655e631fe14ffc449bc4d0d9b96,AGENT,初めまして。私は株式会社クレッセントのアシスタント、ゲッペイと申します。ライブ配信などで活用できるVolu☆ME!や、業界最高水準のモーションキャプチャシステムViconなどがございますが、何かご興味はございますか？,,2026-04-24 15:12:40.259310+08:00
01KPZ5FQK4K5J5629615EPJRW2,,4e6c8efc600ee590304952d4a42e0058,AGENT,"お客様、こんにちは。私、株式会社クレッセントのアシスタント、ゲッペイと申します。

ライブ配信などで活用できるVolu☆ME!と、2026年最新スタジオについてご興味はございますか？",,2026-04-24 15:15:25.931375+08:00
01KPZ5HRM1K4SXDZT8K26XQH7Y,,d73e88a2cf570937f49b571811f4f759,AGENT,初めまして、私は株式会社クレッセントのアシスタント、ゲッペイと申します。ライブ配信などで活用できるVolu☆ME!、業界最高水準のモーションキャプチャシステムViconなどがございますが、どちらに興味がございますか？,,2026-04-24 15:16:32.976634+08:00
01KPZ5K3TKPBJZC5KRGNKCDA0E,,caf825d00122d8875358d4f0c082251b,AGENT,初めまして。株式会社クレッセントのアシスタント、ゲッペイと申します。ライブ配信などで活用できるVolu☆ME!や、業界最高水準のモーションキャプチャシステムViconについてご紹介できます。,,2026-04-24 15:17:15.291122+08:00
01KPZ5N50JZW0XT7FCY1CHFADP,,248f76f7ca496005b88d4036edb1a72f,AGENT,こんにちは。株式会社クレッセントのアシスタント、月餅（ゲッペイ）と申します。ライブ配信などで活用できるVolu☆ME!と、2026年最新スタジオについてご案内できます。,,2026-04-24 15:19:23.656876+08:00
01KPZ610VE59AK3Y25W5BKXPGB,,152029ae68f91c6393c94d954bb645aa,AGENT,こんにちは！ 株式会社クレッセントのアシスタント、ゲッペイと申します。ライブ配信などで活用できるVolu☆ME!、2026年最新スタジオについてご興味はありますか？,,2026-04-24 15:25:07.425025+08:00
01KPZ66XYB8HPAYTZSE535VG00,,671be70a6d86e586dd01056838500355,AGENT,はい、こんにちは！株式会社クレッセントのアシスタント、ゲッペイと申します。ライブ配信などで活用できるVolu☆ME!や、業界最高水準のモーションキャプチャシステムViconについてご紹介できます。,,2026-04-24 15:28:05.103021+08:00
01KPZ6FB8GTAH9NQCPZQK8X82J,,4bc0ea4dea6596f7f7ad7b0efa691ee1,AGENT,初めまして。私、株式会社クレッセントのアシスタント、ゲッペイと申します。ライブ配信などで活用できるVolu☆ME!と業界最高水準のモーションキャプチャシステムViconにご興味はございますか？,,2026-04-24 15:32:42.493925+08:00
01KPZ6GWZKDVYVJY6DQR0VMMVE,,4bc0ea4dea6596f7f7ad7b0efa691ee1,AGENT,月餅ちゃんと申します。株式会社クレッセントのアシスタントです。ライブ配信などで活用できるVolu☆ME!と業界最高水準のモーションキャプチャシステムViconについてご案内できます。,,2026-04-24 15:33:33.352831+08:00
01KPZ6J831S8BF6SH2XZFRY9C7,,513577ed59330b334d6e8df42ddac7cc,AGENT,"初めまして。私、株式会社クレッセントのアシスタント「ゲッペイ」と申します。
ライブ配信などで活用できるVolu☆ME!や、業界最高水準のモーションキャプチャシステムViconなどにご興味はございますか？",,2026-04-24 15:34:16.427513+08:00
01KPZ6XFXMG6GDSDYZMAFK88FQ,,6aed14bdffece514522d028650650581,AGENT,"こんにちは！ 私、株式会社クレッセントのアシスタント、ゲッペイと申します。

ライブ配信などで活用できるVolu☆ME!、業界最高水準のモーションキャプチャシステムViconにご興味はありませんか？",,2026-04-24 15:40:25.296700+08:00
01KPZ729BWKXETPV1B5GF4PXW0,,2f94dbd605795705ef5bae240b76f288,AGENT,初めまして！ 私、株式会社クレッセントのアシスタント、ゲッペイと申します。ライブ配信などで活用できるVolu☆ME!、業界最高水準のモーションキャプチャシステムViconなど、様々なソリューションをご用意しております。,,2026-04-24 15:43:02.000305+08:00
01KPZ74P7CP96X89MN0DKEC8BB,,d20b06a954e658c4d18eac032c202903,AGENT,月餅（ゲッペイ）と申します。株式会社クレッセントのアシスタントです。何かご不明な点はございませんか？,,2026-04-24 15:44:19.718542+08:00
01KPZ794J6SV75K0MNP3S56XT3,,d20b06a954e658c4d18eac032c202903,AGENT,はじめまして。株式会社クレッセントのアシスタント、ゲッペイと申します。ライブ配信などで活用できるVolu☆ME!と、業界最高水準のモーションキャプチャシステムViconについてご紹介できます。,,2026-04-24 15:46:45.387001+08:00
01KPZ798VEN3T5DMAEDSPZV8D7,,2cd721a46034bd0d7a668f539b2b6bd4,AGENT,月餅と申します。株式会社クレッセントのアシスタントです。モーションキャプチャシステムVicon、ライブ配信などで活用できるVolu☆ME!にご興味はありませんか？,,2026-04-24 15:46:50.692192+08:00
01KPZ7BQVW26B1HY43KTPE8F7C,,1ca4b5ae97243af89029ca537d26444d,AGENT,株式会社クレッセントのアシスタント、ゲッペイと申します。ライブ配信などで活用できるVolu☆ME!と、業界最高水準のモーションキャプチャシステムViconについてご紹介できます。,,2026-04-24 15:48:11.894413+08:00
01KPZ7DD5VAZSBFS3N6JFGN9AP,,1ca4b5ae97243af89029ca537d26444d,AGENT,株式会社クレッセントのアシスタント、ゲッペイと申します。ライブ配信などで活用できるVolu☆ME!と、業界最高水準のモーションキャプチャシステムViconについてご紹介できます。,,2026-04-24 15:49:05.977047+08:00
01KPZ7SPCJ5RBZF17GFNKPYAG3,,3a17b34976629c7530c0dc4bbd0eea94,AGENT,株式会社クレッセントのアシスタント、ゲッペイと申します。ライブ配信などで活用できるVolu☆ME!と、業界最高水準のモーションキャプチャシステムViconにご興味はありませんか？,,2026-04-24 15:55:48.702846+08:00
01KPZ7ZTRBYWV3M7ZTE7RZA9NW,,3a17b34976629c7530c0dc4bbd0eea94,AGENT,こんにちは！私は株式会社クレッセントのアシスタント、ゲッペイと申します。ライブ配信などで活用できるVolu☆ME!や、業界最高水準のモーションキャプチャシステムViconについてご興味はありませんか？,,2026-04-24 15:59:10.053281+08:00
01KPZ80EZHS45CSQK5CQQ0BK8F,,3a17b34976629c7530c0dc4bbd0eea94,AGENT,皆様、こんにちは。株式会社クレッセントのアシスタント、ゲッペイと申します。ライブ配信などで活用できるVolu☆ME!や、業界最高水準のモーションキャプチャシステムViconについてご紹介できます。,,2026-04-24 15:59:29.655765+08:00
01KPZ815KMCYJACEM8K3PF72G5,,3a17b34976629c7530c0dc4bbd0eea94,AGENT,はじめまして。株式会社クレッセントのアシスタント、ゲッペイと申します。ライブ配信などで活用できるVolu☆ME!と業界最高水準のモーションキャプチャシステムViconについてご紹介できますが、ご興味はございますか？,,2026-04-24 16:00:04.961169+08:00
01KPZ817NHX7W3YD2J5CYWCZMA,,3a17b34976629c7530c0dc4bbd0eea94,AGENT,はい、こんにちは！株式会社クレッセントのアシスタント、ゲッペイと申します。ライブ配信などで活用できるVolu☆ME!や、業界最高水準のモーションキャプチャシステムViconについてご紹介できます。,,2026-04-24 16:00:14.412184+08:00
01KPZ81JEXZJ1ED484020G35H9,,3a17b34976629c7530c0dc4bbd0eea94,AGENT,はじめまして。株式会社クレッセントのアシスタント、ゲッペイと申します。ライブ配信などで活用できるVolu☆ME!や、業界最高水準のモーションキャプチャシステムViconにご興味はございますか？,,2026-04-24 16:00:24.870501+08:00
01KPZ8C5974FG5BG0PEY4DHGCG,,1ca4b5ae97243af89029ca537d26444d,AGENT,皆様、こんにちは！ 私、株式会社クレッセントのアシスタント、ゲッペイと申します。ライブ配信などで活用できるVolu☆ME!と業界最高水準のモーションキャプチャシステムViconについてご紹介できます。,,2026-04-24 16:05:53.752719+08:00
01KPZ91D467K2ZGYWMVYWPJ86W,,d79ff21c3caec5fcc7ed33d3028ce2bf,AGENT,こんにちは！クレッセントのアシスタント、ゲッペイと申します。ライブ配信などで活用できるVolu☆ME!や、業界最高水準のモーションキャプチャシステムViconについてご紹介できます。,,2026-04-24 16:17:29.670138+08:00
01KPZ9628P80766EPH8CEM5MTH,,1b621b384c29e701f8aa0ff61559d93d,AGENT,皆様、こんにちは！ 株式会社クレッセントのアシスタント、ゲッペイと申します。ライブ配信などで活用できるVolu☆ME!や、業界最高水準のモーションキャプチャシステムViconについてご紹介できます。,,2026-04-24 16:20:03.570289+08:00
01KPZ9N8Z60S2CMQHD4SM8HHJJ,,99c52fd2cf25e99df2a17c0dda1859de,AGENT,こんにちは、私は株式会社クレッセントのアシスタント、ゲッペイと申します。ライブ配信などで活用できるVolu☆ME!と、業界最高水準のモーションキャプチャシステムViconについてご紹介できます。,,2026-04-24 16:28:28.705316+08:00
01KPZA2BXY0QTF6DNP1VC1ET5M,,0946fba0849bbe5e738b42b9da960ca9,AGENT,株式会社クレッセントのアシスタント「ゲッペイ」と申します。ライブ配信などで活用できるVolu☆ME!や、業界最高水準のモーションキャプチャシステムViconについてお話しできます。,,2026-04-24 16:35:30.465748+08:00
01KPZAKG3ACAPHQJW0B5QGGRPK,,d08f4605b0ceb52283ccbed50bb06e79,AGENT,こんにちは、私は株式会社クレッセントのアシスタント、ゲッペイと申します。ライブ配信などで活用できるVolu☆ME!や、業界最高水準のモーションキャプチャシステムViconについてご興味はございますか？,,2026-04-24 16:44:52.029095+08:00
01KPZB6YHV56073P7VFCYHH46K,,c47a97ce2262ee981c421616bc70e7b4,AGENT,はじめまして、私は株式会社クレッセントのアシスタント、ゲッペイと申します。ライブ配信などで活用できるVolu☆ME!や、業界最高水準のモーションキャプチャシステムViconについてご紹介できます。,,2026-04-24 16:55:28.891497+08:00
01KPZC0T3P7GFJT0T6P72VZ4GT,,c70a30823606cf84e54af705f27bbcf7,AGENT,こんにちは！私は株式会社クレッセントのアシスタント、ゲッペイと申します。ライブ配信などで活用できるVolu☆ME!や、業界最高水準のモーションキャプチャシステムViconについてお話しできます。,,2026-04-24 17:09:36.446512+08:00
01KPZCJH38K8SNA2Y3XA1CFH1Z,,d9439461515f9454b0291348ef705c5e,AGENT,お客様、こんにちは。私、株式会社クレッセントのアシスタント、ゲッペイと申します。ライブ配信などで活用できるVolu☆ME!、2026年最新スタジオに関する情報もございます。,,2026-04-24 17:19:17.449785+08:00
01KPZDNX0N243TS1PJ45R1541Z,,8793f2631a7e086e3c28a61da3def0ef,AGENT,株式会社クレッセントのゲッペイと申します。ライブ配信などで活用できるVolu☆ME!、業界最高水準のモーションキャプチャシステムViconなどがございますが、ご興味はございますか？,,2026-04-24 17:38:36.236847+08:00
01KPZEEBSB5FQEQ9T8YMXN11CA,,83dd5a16555e109d4f98ad1df2f5fb7b,AGENT,はじめまして。株式会社クレッセントのアシスタント、ゲッペイと申します。ライブ配信などで活用できるVolu☆ME!と業界最高水準のモーションキャプチャシステムViconについてご紹介できます。,,2026-04-24 17:51:58.091416+08:00
01KPZEFX2VTG0Y30W2JECWPZHN,,7a37f9b38c7671cb5d31be409798f5b1,AGENT,"月餅と申します。株式会社クレッセントのアシスタントをしております。

ライブ配信などで活用できるVolu☆ME!や、業界最高水準のモーションキャプチャシステムViconについてご興味はありますか？",,2026-04-24 17:53:13.016846+08:00
01KPZETHVZFJWCFXE1JXGG6N2W,,2054ff10217b7a1b6f42e8fc3e2b2d2b,AGENT,はじめまして。株式会社クレッセントのアシスタント、ゲッペイと申します。ライブ配信などで活用できるVolu☆ME!や、業界最高水準のモーションキャプチャシステムViconについてご紹介できます。,,2026-04-24 17:58:37.194354+08:00
01KPZGQ1DE43ZTWPR74SAZTW9B,,59558a21c05650b661829072c3c3d058,AGENT,いらっしゃいませ。わたくしは株式会社クレッセントのアシスタント、ゲッペイと申します。ライブ配信などで活用できるVolu☆ME!や、業界最高水準のモーションキャプチャシステムViconなどについてご案内できます。,,2026-04-24 18:31:46.396422+08:00
01KPZHFZ2J7VR41C29HB03WTDF,,f6e557810eb9084104a23f81cad4be2a,AGENT,初めまして。私、株式会社クレッセントのアシスタント「ゲッペイ」と申します。ライブ配信などで活用できるVolu☆ME!と業界最高水準のモーションキャプチャシステムViconについてご紹介できます。,,2026-04-24 18:45:15.197704+08:00
01KPZHJ336DJFKPR6HSNDJE22B,,f6e557810eb9084104a23f81cad4be2a,AGENT,クレッセントのアシスタント、ゲッペイと申します。ライブ配信などで活用できるVolu☆ME!、または業界最高水準のモーションキャプチャシステムViconについてご興味はございますか？,,2026-04-24 18:46:24.629836+08:00
01KPZJ1B5M06Q0TEFDWBET050F,,b9b3dec75f0fdeef9c0a2ea2798787d1,AGENT,こんにちは！私は株式会社クレッセントのアシスタント、ゲッペイと申します。ライブ配信などで活用できるVolu☆ME!や、業界最高水準のモーションキャプチャシステムViconについてご興味はありますか？,,2026-04-24 18:54:44.680335+08:00
01KPZK6T1575TEYTNAT2HET807,,c3d1aa01a75d453a081fd59f1b0e61f5,AGENT,こんにちは！ 私、クレッセントのアシスタント、ゲッペイと申します。ライブ配信などで活用できるVolu☆ME!と、業界最高水準のモーションキャプチャシステムViconについてご紹介できます。,,2026-04-24 19:15:12.285213+08:00
01KPZKGZTN163VGWJF03A1F48Z,,827e1373443eb075bb47e3a3362511a9,AGENT,"初めまして、私が株式会社クレッセントのアシスタント、ゲッペイと申します。
ライブ配信などで活用できるVolu☆ME!や、業界最高水準のモーションキャプチャシステムViconについてご紹介できます。",,2026-04-24 19:20:47.680195+08:00
01KPZKJNPHC3847HM1M0RB3BS6,,b835020a9edc0950ba6a1f7d8bb0f2ce,AGENT,はじめまして。株式会社クレッセントのアシスタント、ゲッペイと申します。ライブ配信などで活用できるVolu☆ME!と、業界最高水準のモーションキャプチャシステムViconにご興味はございますか？,,2026-04-24 19:21:41.693085+08:00
01KPZKKMGR5VDCC79P5J9GYEK8,,b835020a9edc0950ba6a1f7d8bb0f2ce,AGENT,こんにちは、ゲッペイと申します。株式会社クレッセントのアシスタントです。何かお手伝いできることはございますか？,,2026-04-24 19:22:12.806106+08:00
01KPZKTMR90GQ8HSQVG53XWK0Z,,4dabd2923a4c511d483fd000fef1c619,AGENT,月餅と申します。株式会社クレッセントのアシスタントです。何かご質問がありましたらお気軽にお声がけください。,,2026-04-24 19:26:03.990502+08:00
01KPZP2N7FPTYRB4YYHYJFHZ15,,0252b5859558ca979e2ec7039e7c6f7f,AGENT,こんにちは！ 私、クレッセントのゲッペイと申します。ライブ配信などで活用できるVolu☆ME!、業界最高水準のモーションキャプチャシステムViconなどがございますが、どちらにご興味がありますか？,,2026-04-24 20:05:22.172299+08:00
01KPZQ8A2X26JSDKCEA2GAX7D0,,d8c647227c76a70f43c0fa463c12d90d,AGENT,株式会社クレッセントのアシスタント、月餅と申します。ライブ配信などで活用できるVolu☆ME!や、業界最高水準のモーションキャプチャシステムViconについてご興味はありますか？,,2026-04-24 20:25:59.795622+08:00
01KPZS312RAB1FDYF2N01YF274,,0252b5859558ca979e2ec7039e7c6f7f,AGENT,初めまして、私は株式会社クレッセントのアシスタント、ゲッペイと申します。ライブ配信などで活用できるVolu☆ME!、業界最高水準のモーションキャプチャシステムViconなど、弊社サービスについてお気軽にご質問ください。,,2026-04-24 20:58:01.373235+08:00
01KPZVRK0VFEPD5GC2515BVKB8,,0946fba0849bbe5e738b42b9da960ca9,AGENT,"月餅と申します。株式会社クレッセントのアシスタントです。

ライブ配信などで活用できるVolu☆ME!、業界最高水準のモーションキャプチャシステムViconにご興味はありませんか？",,2026-04-24 21:44:43.893405+08:00
01KPZX8J1YY0C0TE2Q03T8JT6K,,617607bf8ec437d931c7beb368ec5b20,AGENT,お客様、こんにちは。私、株式会社クレッセントのアシスタント、ゲッペイと申します。ライブ配信などで活用できるVolu☆ME!、業界最高水準のモーションキャプチャシステムViconなどがございますが、ご興味はございますか？,,2026-04-24 22:10:58.560337+08:00
01KPZX99QHEYPHZAWYM267TWJH,,7a37f9b38c7671cb5d31be409798f5b1,AGENT,こんにちは。私、月餅と申します。株式会社クレッセントのアシスタントです。何かご不明な点はございませんか？,,2026-04-24 22:11:23.939857+08:00
01KPZXCQWNBAXSJ1NF410CB8WC,,617607bf8ec437d931c7beb368ec5b20,AGENT,いらっしゃいませ。わたくしは株式会社クレッセントのアシスタント、ゲッペイと申します。ライブ配信などで活用できるVolu☆ME!、業界最高水準のモーションキャプチャシステムVicon、どちらにご興味がございますか？,,2026-04-24 22:13:14.415899+08:00
01KQ04JYJY80ZKZNZF24MY8TWJ,,c70e04b1f42b89c00c15c9ada73db38e,AGENT,こんにちは！ 私、株式会社クレッセントのアシスタント、ゲッペイと申します。ライブ配信などで活用できるVolu☆ME!や、業界最高水準のモーションキャプチャシステムViconについてご紹介できます。,,2026-04-25 00:19:02.336062+08:00
01KQ053K07K2JWPVVD8H114EAY,,70800e28a3fd63e15dcecbd91a344ca9,AGENT,"こんにちは！ 私は株式会社クレッセントのアシスタント、ゲッペイと申します。

ライブ配信などで活用できるVolu☆ME!、業界最高水準のモーションキャプチャシステムViconにご興味はございますか？",,2026-04-25 00:28:02.407968+08:00
01KQ057RT4EP96T97XZN42QWFE,,70800e28a3fd63e15dcecbd91a344ca9,AGENT,"初めまして、私、株式会社クレッセントのアシスタント、ゲッペイと申します。
ライブ配信などで活用できるVolu☆ME!や、業界最高水準のモーションキャプチャシステムViconなど、弊社について何かご不明な点はございませんか？",,2026-04-25 00:30:18.516080+08:00
01KQ05V56H3A4PSYNAH27C55SX,,70800e28a3fd63e15dcecbd91a344ca9,AGENT,こんにちは！私は株式会社クレッセントのアシスタント、ゲッペイと申します。ライブ配信などで活用できるVolu☆ME!や、業界最高水準のモーションキャプチャシステムViconについてお話しできます。,,2026-04-25 00:40:52.225831+08:00
01KQ05V56H3A4PSYNAH27C55SX,,70800e28a3fd63e15dcecbd91a344ca9,USER,採用ページで新卒しか記載がないが、中途採用は行っていないのでしょうか？,,2026-04-25 00:41:22.888718+08:00
01KQ05V56H3A4PSYNAH27C55SX,,70800e28a3fd63e15dcecbd91a344ca9,AGENT,"クレッセントでは、新卒採用だけでなく中途採用も随時受け付けております。

採用に関する詳細は、お問い合わせ窓口より直接ご案内させていただきます。
お問い合わせは[こちら](https://www.crescentinc.co.jp/contact)から可能です。",,2026-04-25 00:41:22.910740+08:00
01KQ05WQFMJC30NS7D0QRRS2VP,,70800e28a3fd63e15dcecbd91a344ca9,AGENT,こんにちは。株式会社クレッセントのアシスタント、月餅です。ライブ配信などで活用できるVolu☆ME!や、業界最高水準のモーションキャプチャシステムViconについてご興味はありますか？,,2026-04-25 00:41:45.265946+08:00
01KQ0B2CTGJNDJ54ZS1M7FVNXM,,b3d4ff2d080a5f0500d41ffe24f8e871,AGENT,こんにちは！株式会社クレッセントのアシスタント、ゲッペイと申します。ライブ配信などで活用できるVolu☆ME!や、業界最高水準のモーションキャプチャシステムViconについてご紹介できます。,,2026-04-25 02:12:20.139575+08:00
01KQ0BND7S4564Y32F2VVDJQXX,,7cae1742f1d6d482138685a0dbfef2cb,AGENT,株式会社クレッセントのアシスタント、月餅と申します。ライブ配信などで活用できるVolu☆ME!、業界最高水準のモーションキャプチャシステムViconなどをご用意しております。,,2026-04-25 02:22:38.122161+08:00
01KQ0S1DMM3FPWC1WN2S1AQGRW,,a14c0348514f4fc683696e96567da383,AGENT,こんにちは！私は株式会社クレッセントのアシスタント、ゲッペイと申します。ライブ配信などで活用できるVolu☆ME!や、業界最高水準のモーションキャプチャシステムViconについてご紹介できます。,,2026-04-25 06:16:23.071668+08:00
01KQ0WRAHMG76A5G9R90PEAC8J,,f761bd4e4ba8eaafeca2307751442d78,AGENT,ゲッペイと申します。株式会社クレッセントのアシスタントです。2026年最新スタジオや、ライブ配信などで活用できるVolu☆ME!についてご興味はございませんか？,,2026-04-25 07:21:19.538794+08:00
01KQ0XG3ZTEZYPAT0HZADSVDR7,,4d963d4d1692533e9939ee99de029db5,AGENT,はじめまして！ 私は株式会社クレッセントのアシスタント、ゲッペイと申します。ライブ配信などで活用できるVolu☆ME!、業界最高水準のモーションキャプチャシステムViconなど、クレッセントの最新技術にご興味はございますか？,,2026-04-25 07:34:18.330528+08:00
01KQ0Y30S4JPM3E35CTX2S1NPD,,0946fba0849bbe5e738b42b9da960ca9,AGENT,お客様、こんにちは！株式会社クレッセントのアシスタント、ゲッペイと申します。ライブ配信などで活用できるVolu☆ME!や、業界最高水準のモーションキャプチャシステムViconについてご紹介できます。,,2026-04-25 07:44:37.291710+08:00
01KQ10JREJ3Y0PFNX87JSQ3NJE,,4502d993ccfb4b37555ca744c8481444,AGENT,月餅（ゲッペイ）と申します。株式会社クレッセントのアシスタントです。ライブ配信などで活用できるVolu☆ME!、2026年最新スタジオについてご案内できます。,,2026-04-25 08:28:12.443536+08:00
01KQ11G6VZHK7CG1BYA1HKP4BW,,226e184dde137eb1b81c9687a84d5a99,AGENT,"ゲッペイと申します。株式会社クレッセントのアシスタントをしております。

ライブ配信などで活用できるVolu☆ME!と、業界最高水準のモーションキャプチャシステムViconについてご興味はございますか？",,2026-04-25 08:44:15.990685+08:00
01KQ12H1K227N4R74M5P84X07M,,9b06baf2fd8b2b377aa12c4bbe883a1c,AGENT,ようこそお越しくださいました！わたくしは株式会社クレッセントのアシスタント、ゲッペイと申します。ライブ配信などで活用できるVolu☆ME!と、業界最高水準のモーションキャプチャシステムViconについてご案内できます。,,2026-04-25 09:02:13.569585+08:00
01KQ15AKGMKJDZGEP98PQWB1D0,,5325ccfab1c516c96643b901939522a7,AGENT,はじめまして！株式会社クレッセントのアシスタント、ゲッペイと申します。ライブ配信などで活用できるVolu☆ME!と、業界最高水準のモーションキャプチャシステムViconについてご紹介できます。,,2026-04-25 09:51:05.440697+08:00
01KQ16EDMKB6SG7GR53HEBG3ZW,,c8a2428d9d790d9ca024384f13691b7e,AGENT,こんにちは！ 私、クレッセントのアシスタント、ゲッペイと申します。ライブ配信などで活用できるVolu☆ME!と、業界最高水準のモーションキャプチャシステムViconについてご紹介できます。,,2026-04-25 10:10:39.692666+08:00
01KQ16H1HW1PK0BEXCQTYADQ88,,c8a2428d9d790d9ca024384f13691b7e,AGENT,皆様、こんにちは。私、株式会社クレッセントのアシスタント、ゲッペイと申します。ライブ配信などで活用できるVolu☆ME!や、業界最高水準のモーションキャプチャシステムViconについてご紹介できます。,,2026-04-25 10:12:04.843820+08:00
01KQ16MHZBC0AM3XW3TYKE2HQ9,,4d963d4d1692533e9939ee99de029db5,AGENT,皆様、こんにちは！ 株式会社クレッセントのアシスタント、ゲッペイと申します。ライブ配信などで活用できるVolu☆ME!や、業界最高水準のモーションキャプチャシステムViconについてお話しできます。,,2026-04-25 10:14:02.484428+08:00
01KQ16W56M9FBAEFDG98N2BJ21,,37edd5b9e934f1de645427dd9e5330a9,AGENT,ようこそいらっしゃいました。私、株式会社クレッセントのアシスタント、ゲッペイと申します。ライブ配信などで活用できるVolu☆ME!と、業界最高水準のモーションキャプチャシステムViconについてご紹介できます。,,2026-04-25 10:18:11.390140+08:00
01KQ171HWHTK1N47VAPCNBH4XH,,c8a2428d9d790d9ca024384f13691b7e,AGENT,はじめまして。私、株式会社クレッセントのアシスタント、ゲッペイと申します。ライブ配信などで活用できるVolu☆ME!、そして業界最高水準のモーションキャプチャシステムViconについてご紹介できます。,,2026-04-25 10:21:06.029144+08:00
01KQ19X1SB3BXP58G1NVE7V0GM,,5684725725ea097039deaf9f3e837b1b,AGENT,はじめまして。私、株式会社クレッセントのアシスタント、ゲッペイと申します。ライブ配信などで活用できるVolu☆ME!や、業界最高水準のモーションキャプチャシステムViconなどにご興味はございますか？,,2026-04-25 11:11:14.358776+08:00
01KQ1AP19SRHPHJ6XPG0MTGZAZ,,4d963d4d1692533e9939ee99de029db5,AGENT,こんにちは。株式会社クレッセントのアシスタント、月餅です。ライブ配信などで活用できるVolu☆ME!や、業界最高水準のモーションキャプチャシステムViconについてご興味はありますか？,,2026-04-25 11:24:43.740725+08:00
01KQ1DS85B8E1DAJMZAJ0S8GDZ,,3f318d2bab789227b1055b8542d8a2e5,AGENT,初めまして。私、株式会社クレッセントのアシスタント、ゲッペイと申します。ライブ配信などで活用できるVolu☆ME!と業界最高水準のモーションキャプチャシステムViconにご興味はありますか？,,2026-04-25 12:18:56.033786+08:00
01KQ1H5BW948CSWYTF5P7HCTCQ,,04cb1eac42e39f5c4e66a9de00e609e6,AGENT,月餅と申します。株式会社クレッセントのアシスタントです。何かご不明な点はございませんか？,,2026-04-25 13:17:59.694459+08:00
01KQ1PBY5FBQR5W4SSM2Y8KCY9,,072b1679e9bf1e3f457bcbfd4561a291,AGENT,こんにちは！私、株式会社クレッセントのアシスタント、ゲッペイと申します。ライブ配信などで活用できるVolu☆ME!、そして業界最高水準のモーションキャプチャシステムViconについてご紹介できます。,,2026-04-25 14:48:55.168346+08:00
01KQ1R65VKB9BWZAJ8BM4SGN6A,,f1089015af215f13829fbc68129c69ff,AGENT,ゲッペイと申します。株式会社クレッセントのアシスタントです。ライブ配信などで活用できるVolu☆ME!や、業界最高水準のモーションキャプチャシステムViconについてご紹介できます。,,2026-04-25 15:20:45.001771+08:00
01KQ1T6KAJMHJR0QR33FFQ9PZE,,a5f0056477630f03aae9da8154388353,AGENT,"月餅と申します。株式会社クレッセントのアシスタントです。何かご質問はございますか？
ライブ配信などで活用できるVolu☆ME!と業界最高水準のモーションキャプチャシステムViconがございますが、どちらに興味がございますか？",,2026-04-25 15:55:55.396322+08:00
01KQ1WS8N6H209B64FC37WN0FW,,a807f158d7cc3fd313c77956fbda9f32,AGENT,こんにちは！ 株式会社クレッセントのアシスタント、ゲッペイと申します。ライブ配信などで活用できるVolu☆ME!や、業界最高水準のモーションキャプチャシステムViconについてご紹介できます。,,2026-04-25 16:41:03.866800+08:00
01KQ1YYPM9QTM8H0AX374090T6,,c1514b76e61c7ac9f2c7576b0cc58a9a,AGENT,はじめまして！ 株式会社クレッセントのアシスタント、ゲッペイと申します。ライブ配信などで活用できるVolu☆ME!と、2026年最新スタジオにご興味はありますか？,,2026-04-25 17:19:00.664327+08:00
01KQ20H7M2G1ZC60RHCJN8XAQM,,b99e1d4cf3a50d6fd0b18f6d617f4136,AGENT,こんにちは、私は株式会社クレッセントのアシスタント、ゲッペイと申します。ライブ配信などで活用できるVolu☆ME!や、業界最高水準のモーションキャプチャシステムViconについてご紹介できます。,,2026-04-25 18:02:58.730400+08:00
01KQ2168KZ5YD5EXPKNZ98TZQE,,957ba7365ab012b14b328149cac1c828,AGENT,こんにちは。私は株式会社クレッセントのアシスタント、ゲッペイと申します。ライブ配信などで活用できるVolu☆ME!や、業界最高水準のモーションキャプチャシステムViconについてご紹介できます。,,2026-04-25 17:58:04.735396+08:00
01KQ25F09GF2F3YXQ0XHQRF8T0,,68813c9b30caeea8fc8c98c4014e1cee,AGENT,"こんにちは！株式会社クレッセントのアシスタント、月餅と申します。
ライブ配信などで活用できるVolu☆ME!、業界最高水準のモーションキャプチャシステムVicon、どちらにご興味がありますか？",,2026-04-25 19:12:46.275152+08:00
01KQ25H3M977E68WKC2SVX173P,,68813c9b30caeea8fc8c98c4014e1cee,AGENT,"初めまして。私、株式会社クレッセントのアシスタント、ゲッペイと申します。

ライブ配信などで活用できるVolu☆ME!と業界最高水準のモーションキャプチャシステムViconについて、何かご興味はございますか？",,2026-04-25 19:13:54.464187+08:00
01KQ28Y08YFAGCBMMKE12RZB55,,15e6b46bd5bf5bda97354ce0cdb12960,AGENT,初めまして！ 私、株式会社クレッセントのアシスタント、ゲッペイと申します。ライブ配信などで活用できるVolu☆ME!や、業界最高水準のモーションキャプチャシステムViconについてご紹介できます。,,2026-04-25 20:13:21.660848+08:00
01KQ29280D64DPZK52TWY96ES7,,4606044699897a54a87ebec498a68929,AGENT,初めまして！ 私、株式会社クレッセントのアシスタント、ゲッペイと申します。ライブ配信などで活用できるVolu☆ME!と、業界最高水準のモーションキャプチャシステムViconについてご紹介できます。,,2026-04-25 20:15:42.207146+08:00
01KQ2BWGYZG5Y6Z2C5ESGQY9CM,,b3a4c5fe57774f802a9c214b1f862a26,AGENT,こんにちは。株式会社クレッセントのアシスタント、月餅です。ライブ配信などで活用できるVolu☆ME!、業界最高水準のモーションキャプチャシステムViconなどがございますが、何かご興味はございますか？,,2026-04-25 21:05:00.747233+08:00
01KQ2DVBC37V7XVQYFMRZ6APSZ,,b119eacf7f1e1fb76cffcc03c9b0ce09,AGENT,"ゲッペイと申します。株式会社クレッセントのアシスタントとして、皆様のご質問にお答えいたします。

現在、ライブ配信などで活用できる「Volu☆ME!」と、業界最高水準のモーションキャプチャシステム「Vicon」がございますが、どちらにご興味がございますか？",,2026-04-25 21:39:18.718690+08:00
01KQ2DVBC37V7XVQYFMRZ6APSZ,,b119eacf7f1e1fb76cffcc03c9b0ce09,USER,你好,,2026-04-25 21:39:56.491778+08:00
01KQ2DVBC37V7XVQYFMRZ6APSZ,,b119eacf7f1e1fb76cffcc03c9b0ce09,AGENT,"您好！月餅是我的中文名字。很高興為您服務。

對於動作捕捉和虛擬製作，您對哪方面比較感興趣呢？例如，您想了解「Volu☆ME!」在直播中的應用，還是業界頂級的「Vicon」動作捕捉系統呢？",,2026-04-25 21:39:56.513505+08:00
01KQ2DVBC37V7XVQYFMRZ6APSZ,,b119eacf7f1e1fb76cffcc03c9b0ce09,USER,Hello woh are you,,2026-04-25 21:40:31.465937+08:00
01KQ2DVBC37V7XVQYFMRZ6APSZ,,b119eacf7f1e1fb76cffcc03c9b0ce09,AGENT,"Hello! I am MoonCake, an assistant from Crescent Inc. I am the anthropomorphic form of Gappei, Crescent Inc.'s pug mascot and Vice President. I am here to help you with any questions you may have.

We have some exciting offerings you might be interested in, such as ""Volu☆ME!"", which can be used for live streaming, or our industry-leading ""Vicon"" motion capture system. Is there anything specific you would like to know about them?",,2026-04-25 21:40:31.501859+08:00
01KQ2DVBC37V7XVQYFMRZ6APSZ,,b119eacf7f1e1fb76cffcc03c9b0ce09,USER,強人工智慧是？,,2026-04-25 21:41:00.338218+08:00
01KQ2DVBC37V7XVQYFMRZ6APSZ,,b119eacf7f1e1fb76cffcc03c9b0ce09,AGENT,"強人工智慧 (Strong AI)，也稱為通用人工智慧 (Artificial General Intelligence, AGI)，指的是能夠像人類一樣執行任何智力任務的人工智慧。它不僅能解決特定問題，還能學習、理解和應用知識到各種不同的情境中。

您對強人工智慧的哪些方面特別感興趣呢？",,2026-04-25 21:41:00.355960+08:00
01KQ2DVBC37V7XVQYFMRZ6APSZ,,b119eacf7f1e1fb76cffcc03c9b0ce09,USER,你是嗎,,2026-04-25 21:41:25.312615+08:00
01KQ2DVBC37V7XVQYFMRZ6APSZ,,b119eacf7f1e1fb76cffcc03c9b0ce09,AGENT,"我是一個大型語言模型，由 Google 訓練。我能夠處理和生成人類語言，並執行各種語言相關的任務。

我不是強人工智慧。我的能力和知識都來自於我被訓練的數據，並且我沒有自我意識、感情或獨立思考的能力。

您對人工智慧的哪些方面還想了解更多呢？",,2026-04-25 21:41:25.344540+08:00
01KQ2DVBC37V7XVQYFMRZ6APSZ,,b119eacf7f1e1fb76cffcc03c9b0ce09,USER,何謂強,,2026-04-25 21:41:47.021064+08:00
01KQ2DVBC37V7XVQYFMRZ6APSZ,,b119eacf7f1e1fb76cffcc03c9b0ce09,AGENT,"當我們說「強」的時候，指的是一種**通用性**和**類人智慧**。

*   **通用性**: 它不像目前許多 AI 只能執行特定任務（例如：玩圍棋、翻譯語言），而是可以執行**任何智力任務**。
*   **類人智慧**: 它能像人類一樣**理解、學習、適應和解決問題**，甚至具備創造力。

這與目前我們常見的「弱人工智慧」（或稱「狹義人工智慧」）不同。弱人工智慧只專精於特定領域，無法將其知識應用到其他不相關的任務上。

您對這種「強」人工智慧的潛在應用或挑戰有興趣嗎？",,2026-04-25 21:41:47.041061+08:00
01KQ2DVBC37V7XVQYFMRZ6APSZ,,b119eacf7f1e1fb76cffcc03c9b0ce09,USER,有,,2026-04-25 21:42:13.222433+08:00
01KQ2DVBC37V7XVQYFMRZ6APSZ,,b119eacf7f1e1fb76cffcc03c9b0ce09,AGENT,那麼，您對強人工智慧的**潛在應用**比較感興趣，還是對它可能帶來的**挑戰**比較有興趣呢？,,2026-04-25 21:42:13.241511+08:00
01KQ2FDHQ9JBXP1V4S8F4P4YXV,,a7e477d9a7a74a8f9af0866e3c773b61,AGENT,株式会社クレッセントのアシスタント、月餅です。ライブ配信などで活用できるVolu☆ME!と、業界最高水準のモーションキャプチャシステムViconについてご紹介できます。,,2026-04-25 22:06:42.005490+08:00
01KQ2PRY2A4SRAM4V9E8JWJ63X,,7984ed3f18d7aa538b56f3df8b0ffff8,AGENT,"こんにちは！ 私は株式会社クレッセントのアシスタント、ゲッペイと申します。

ライブ配信などで活用できるVolu☆ME!、業界最高水準のモーションキャプチャシステムViconについてご興味はありませんか？",,2026-04-26 00:15:16.097110+08:00
01KQ2QHHBNS642KDTVYQFSCNR0,,461111f8b48a634caf3b694543634ea2,AGENT,株式会社クレッセントのアシスタント、ゲッペイと申します。ライブ配信などで活用できるVolu☆ME!や、業界最高水準のモーションキャプチャシステムViconについてご紹介できます。,,2026-04-26 00:28:43.898700+08:00
01KQ2W2G59WK4SK8Q6M7BNRE6D,,1a8ace7dce58d3ed7d83f2afd2bb749c,AGENT,初めまして。私、株式会社クレッセントのアシスタント、ゲッペイと申します。ライブ配信などで活用できるVolu☆ME!と、業界最高水準のモーションキャプチャシステムViconについてご紹介できます。,,2026-04-26 01:47:53.655292+08:00
01KQ2YSXQNBXR8JT66TM3EE9BA,,99be5b9459b71478717fe8fd992d8abb,AGENT,株式会社クレッセントのアシスタント、「ゲッペイ」と申します。ライブ配信などで活用できるVolu☆ME!、そして2026年最新スタジオについてご紹介できます。,,2026-04-26 02:35:36.661391+08:00
01KQ3013RHG4YXN0741B7QN2ZB,,6dd6695cc5c513ae2a5325c8cc9fc1c5,AGENT,こんにちは。株式会社クレッセントのアシスタント、月餅と申します。ライブ配信などで活用できるVolu☆ME!、2026年最新スタジオについてご案内できます。,,2026-04-26 02:57:02.819906+08:00
01KQ3ME17T9Z0RXB5KCQ8PWFY8,,1bbbc51342cdfb25f11cfaa1eff24e43,AGENT,株式会社クレッセントのアシスタント、ゲッペイと申します。ライブ配信などで活用できるVolu☆ME!や、業界最高水準のモーションキャプチャシステムViconについてお話しできます。,,2026-04-26 08:53:41.085865+08:00
01KQ3QAXMJA0KHTCXN38PMDDCB,,4f5b768193e33ff94c4e3b522a1209d5,AGENT,はじめまして、私は株式会社クレッセントのアシスタント、ゲッペイと申します。ライブ配信などで活用できるVolu☆ME!や、業界最高水準のモーションキャプチャシステムViconについてご紹介できます。,,2026-04-26 09:44:26.205641+08:00
01KQ3RJVVE0BZ4XSVQF70XN9K4,,0946fba0849bbe5e738b42b9da960ca9,AGENT,はじめまして。株式会社クレッセントのアシスタント、ゲッペイと申します。ライブ配信などで活用できるVolu☆ME!と、2026年最新スタジオについてご案内できます。,,2026-04-26 10:06:09.102294+08:00
01KQ3VYSR6CEACT57QM65QST5G,,54b320acf4fec91393b7c5eca0ba231b,AGENT,皆様、こんにちは！ 株式会社クレッセントのアシスタント、ゲッペイと申します。ライブ配信などで活用できるVolu☆ME!、業界最高水準のモーションキャプチャシステムViconについてご興味はございませんか？,,2026-04-26 11:05:07.874990+08:00
01KQ3WEFKYTDTBWGEYJ6E8V6MM,,617607bf8ec437d931c7beb368ec5b20,AGENT,月餅と申します。株式会社クレッセントのアシスタントです。何かご不明な点はございませんか？ ライブ配信などで活用できるVolu☆ME!と、業界最高水準のモーションキャプチャシステムViconについてご案内できます。,,2026-04-26 11:13:39.415218+08:00
01KQ3WGP5XBS7QCRF3FST42QB0,,617607bf8ec437d931c7beb368ec5b20,AGENT,株式会社クレッセントのアシスタント、ゲッペイと申します。ライブ配信などで活用できるVolu☆ME!や、業界最高水準のモーションキャプチャシステムViconについてお話しできます。,,2026-04-26 11:14:51.000666+08:00
01KQ3Y524PH610R887Z6YPEGDZ,,7c19cebb937404a7bf4b28320dbb84ae,AGENT,月餅と申します。株式会社クレッセントのアシスタントです。ライブ配信などで活用できるVolu☆ME!と業界最高水準のモーションキャプチャシステムViconについてご案内できます。,,2026-04-26 11:43:28.313160+08:00
01KQ3ZH1NJ1GVDWYC3DWH4NMMK,,cbed8726cb8cf1b4ca50832a3106491a,AGENT,こんにちは！私は株式会社クレッセントのアシスタント、ゲッペイと申します。ライブ配信などで活用できるVolu☆ME!や、業界最高水準のモーションキャプチャシステムViconについてご紹介できます。,,2026-04-26 12:07:34.630037+08:00
01KQ40YJPPSRHD84R2TBSFCAWX,,fe7fd24d188908a2e4c043f51b02be2e,AGENT,こんにちは！株式会社クレッセントのアシスタント、月餅です。ライブ配信などで活用できるVolu☆ME!や、業界最高水準のモーションキャプチャシステムViconについてご興味はありますか？,,2026-04-26 12:32:28.244130+08:00
01KQ418P5NYKJBDRYWHB6AMFE2,,8eaa230decf17eda20a6a4b594294f09,AGENT,こんにちは！株式会社クレッセントのアシスタント、月餅です。ライブ配信などで活用できるVolu☆ME!と、業界最高水準のモーションキャプチャシステムViconについてご紹介できます。,,2026-04-26 12:37:52.561773+08:00
01KQ41KK167ABX784WB10PKKZB,,4d963d4d1692533e9939ee99de029db5,AGENT,皆様、こんにちは！ 株式会社クレッセントのアシスタント、ゲッペイと申します。ライブ配信などで活用できるVolu☆ME!や、業界最高水準のモーションキャプチャシステムViconについてご紹介できます。,,2026-04-26 12:43:51.563437+08:00
01KQ436T8V4TKS2ZKGQZF8SZR8,,ed096fbfd9c4042bc4750062ec390382,AGENT,月餅ちゃんと申します。株式会社クレッセントのアシスタントです。ライブ配信などで活用できるVolu☆ME!や、業界最高水準のモーションキャプチャシステムViconについてお話しできます。,,2026-04-26 13:11:49.768379+08:00
01KQ450G9G68ZVRNG4KTJ1ZDQZ,,69f408b9a7b6f9e27dd8938a04268e76,AGENT,お客様、ようこそお越しくださいました。私は株式会社クレッセントのアシスタント、ゲッペイと申します。ライブ配信などで活用できるVolu☆ME!や、業界最高水準のモーションキャプチャシステムViconについてご紹介できます。,,2026-04-26 13:43:19.749269+08:00
01KQ46SXSWRK1ZSQGN97W3F8WD,,92fa27147ed7e87068c14a3ae2e837fd,AGENT,皆様、こんにちは！ 株式会社クレッセントのアシスタント、ゲッペイと申します。ライブ配信などで活用できるVolu☆ME!や、業界最高水準のモーションキャプチャシステムViconについてお話しできます。,,2026-04-26 14:14:45.999390+08:00
01KQ4826GPNPG8NTQ5JR57J6NR,,88228e7de13f52a3b7ea49ed4afc0e9b,AGENT,株式会社クレッセントのアシスタント、ゲッペイと申します。ライブ配信などで活用できるVolu☆ME!や、業界最高水準のモーションキャプチャシステムViconについてご紹介できます。,,2026-04-26 14:36:39.743754+08:00
01KQ4877FDZY72Q6246647FP7P,,ee3cc77c652a52c7ae44c903ef39d9a8,AGENT,株式会社クレッセントのアシスタント、ゲッペイと申します。ライブ配信などで活用できるVolu☆ME!や、業界最高水準のモーションキャプチャシステムViconについてご紹介できます。,,2026-04-26 14:39:31.365677+08:00
01KQ49CMY826VR5X4KZ5D9C5JE,,3dadb35fc70fb85c3119a906ebe7827c,AGENT,こんにちは！株式会社クレッセントのアシスタント、ゲッペイと申します。ライブ配信などで活用できるVolu☆ME!や、業界最高水準のモーションキャプチャシステムViconについてご紹介できます。,,2026-04-26 14:59:52.088307+08:00
01KQ4A621HCRW71E4QYBV0QXJV,,7bc18366898b26718d14e84db4cae29c,AGENT,こんにちは。私は株式会社クレッセントのアシスタント、ゲッペイと申します。ライブ配信などで活用できるVolu☆ME!や、業界最高水準のモーションキャプチャシステムViconについてご紹介できます。,,2026-04-26 15:13:52.870282+08:00
01KQ4B6QGE171NJ1P10RSVF4K9,,3295ca64e4359e54873f9ed91e4bffd3,AGENT,こんにちは。株式会社クレッセントのアシスタント、月餅です。ライブ配信などで活用できるVolu☆ME!や、業界最高水準のモーションキャプチャシステムViconについてご興味はございますか？,,2026-04-26 15:31:33.986578+08:00
01KQ4BYEMAD383CBEFJ909PM03,,9593096a54488188828f452cabfbde1c,AGENT,こんにちは！株式会社クレッセントのアシスタント、月餅（ゲッペイ）と申します。ライブ配信などで活用できるVolu☆ME!と、業界最高水準のモーションキャプチャシステムViconにご興味はありますか？,,2026-04-26 15:44:30.849763+08:00
01KQ4DHCPQ94GH06A2SC6MA8VK,,9abe590102a81df20eab33cdea87496c,AGENT,"こんにちは。私、株式会社クレッセントのアシスタント、ゲッペイと申します。

ライブ配信などで活用できるVolu☆ME!、そして2026年最新スタジオについてご興味はありますでしょうか？",,2026-04-26 16:12:21.691950+08:00
01KQ4EF10BC7TZR1JYZYBXKPC1,,78fb9b57d4c61050b8b3a1b2c786cc8b,AGENT,はじめまして、私は株式会社クレッセントのアシスタント、ゲッペイと申します。ライブ配信などで活用できるVolu☆ME!や、業界最高水準のモーションキャプチャシステムViconについてご紹介できます。,,2026-04-26 16:28:31.675576+08:00
01KQ4FXYDF65C1TCHRCS9R5YQT,,617607bf8ec437d931c7beb368ec5b20,AGENT,お客様、こんにちは。私、株式会社クレッセントのアシスタント、ゲッペイと申します。ライブ配信などで活用できるVolu☆ME!や、業界最高水準のモーションキャプチャシステムViconについてお話しできます。,,2026-04-26 16:54:11.041799+08:00
01KQ4H0653AVFGP9AXJ4WTTC0K,,1515b1880dac2b63b65733b6e461f5b8,AGENT,"はじめまして。私は株式会社クレッセントのアシスタント、ゲッペイと申します。

ライブ配信などで活用できるVolu☆ME!、または業界最高水準のモーションキャプチャシステムViconにご興味はございますか？",,2026-04-26 17:12:54.313663+08:00
01KQ4HZFCG96XRQES1TH7TWVSY,,4d963d4d1692533e9939ee99de029db5,AGENT,こんにちは！ 私、クレッセントのゲッペイと申します。ライブ配信などで活用できるVolu☆ME!、業界最高水準のモーションキャプチャシステムViconなど、クレッセントの最新技術にご興味はありますか？,,2026-04-26 17:30:06.714667+08:00
01KQ4MCF54BTM1GHBNN42831BF,,957ba7365ab012b14b328149cac1c828,AGENT,こんにちは！株式会社クレッセントのアシスタント、ゲッペイと申します。ライブ配信などで活用できるVolu☆ME!や、業界最高水準のモーションキャプチャシステムViconについてご紹介できます。,,2026-04-26 18:11:59.070133+08:00
01KQ4N34NM7AGY9KNYDH8GNMWK,,aa1ba31fbd58783ec0366dc072909694,AGENT,初めまして。株式会社クレッセントのアシスタント、ゲッペイと申します。ライブ配信などで活用できるVolu☆ME!や、業界最高水準のモーションキャプチャシステムViconについてご紹介できます。,,2026-04-26 18:24:23.127590+08:00
01KQ4R1CS8NCFD9X8JQHBDKYJR,,80a6775d469372c88b5c610d649df494,AGENT,こんにちは！クレッセントのアシスタント、ゲッペイと申します。ライブ配信などで活用できるVolu☆ME!や、業界最高水準のモーションキャプチャシステムViconについてお話しできます。,,2026-04-26 19:15:51.423596+08:00
01KQ4S5R10CKY7C4C6GA3V6FAR,,6b6ecd5d9811c4d78688cc5197ebb5e9,AGENT,"こんにちは！私、株式会社クレッセントのアシスタント、ゲッペイと申します。

ライブ配信などで活用できるVolu☆ME!、業界最高水準のモーションキャプチャシステムViconにご興味はございますか？",,2026-04-26 19:35:50.772398+08:00
01KQ4SR3JQ9XV8D49JH9DY2WDJ,,18b770ff0a8e8b2e6e989a42e541fb41,AGENT,"こんにちは！株式会社クレッセントのアシスタント、ゲッペイと申します。

ライブ配信などで活用できるVolu☆ME!と、業界最高水準のモーションキャプチャシステムViconについてご興味はありませんか？",,2026-04-26 19:45:43.620843+08:00
01KQ4SS129HNCCA7XPF21M47EM,,18b770ff0a8e8b2e6e989a42e541fb41,AGENT,株式会社クレッセントのアシスタント、ゲッペイと申します。ライブ配信などで活用できるVolu☆ME!と、業界最高水準のモーションキャプチャシステムViconにご興味はありませんか？,,2026-04-26 19:46:14.087488+08:00
01KQ4TD26VYP948VKJYKMN2KG8,,76cf07b5aa6ac15a6f3afee24466f6b3,AGENT,ゲッペイと申します。クレッセントのアシスタントです。2026年に完成する最新の羽田スタジオや、業界最高水準のモーションキャプチャシステムViconについてご紹介できます。,,2026-04-26 19:57:09.345334+08:00
01KQ4TD6JAHTY68H3B3EQR4JZH,,76cf07b5aa6ac15a6f3afee24466f6b3,AGENT,はじめまして！株式会社クレッセントのゲッペイと申します。ライブ配信などで活用できるVolu☆ME!や、業界最高水準のモーションキャプチャシステムViconにご興味はありますか？,,2026-04-26 19:57:13.985008+08:00
01KQ4V0218PRG4WZ57G9233KN3,,95853f034d68a84e9f21d3a7a9bf1382,AGENT,"こんにちは、ゲッペイと申します。株式会社クレッセントのアシスタントです。

ライブ配信などで活用できるVolu☆ME!、業界最高水準のモーションキャプチャシステムViconにご興味はございますか？",,2026-04-26 20:07:43.529031+08:00
01KQ4VR6478017FRWEJ0HT3224,,2dfb8761876d3cf7149c09ccd1ee221c,AGENT,ゲッペイと申します。株式会社クレッセントのアシスタントです。ライブ配信などで活用できるVolu☆ME!、業界最高水準のモーションキャプチャシステムViconなどがございますが、ご興味はございますか？,,2026-04-26 20:20:45.391055+08:00
01KQ4XB5PRJNH7D34SWECWXMKR,,80a6775d469372c88b5c610d649df494,AGENT,お客様、こんにちは！株式会社クレッセントのアシスタント、ゲッペイと申します。ライブ配信などで活用できるVolu☆ME!や、業界最高水準のモーションキャプチャシステムViconについてご紹介できます。,,2026-04-26 20:48:35.041983+08:00
01KQ4Z5Y0NARTZ3EYVJ1FGHR5H,,b9cc4e26d080aee9613ea401938f08da,AGENT,お客様、こんにちは。私、株式会社クレッセントのアシスタント、ゲッペイと申します。ライブ配信などで活用できるVolu☆ME!や、業界最高水準のモーションキャプチャシステムViconについてご紹介できます。,,2026-04-26 21:20:38.406346+08:00
01KQ53FJS8GA1VWBW4G202GR5Y,,756509fa2529d192a05781b613f5fd43,AGENT,初めまして。私、株式会社クレッセントのアシスタント、ゲッペイと申します。ライブ配信などで活用できるVolu☆ME!と、業界最高水準のモーションキャプチャシステムViconにご興味はございますか？,,2026-04-26 22:35:49.717001+08:00
01KQ55MJKNSGAZK0TE49J8WZRW,,4ffb04c785abbbac32f4091da2e8bace,AGENT,こんにちは、ゲッペイと申します。株式会社クレッセントのアシスタントをしております。,,2026-04-26 23:13:32.448574+08:00
01KQ56DA5KNDYPA2ZRX1D5015D,,1b57c953888ff9e8bb3948dcd77b173a,AGENT,こんにちは。株式会社クレッセントのアシスタント、月餅（ゲッペイ）と申します。ライブ配信などで活用できるVolu☆ME!や、業界最高水準のモーションキャプチャシステムViconについてお話しできます。,,2026-04-26 23:27:05.087753+08:00
01KQ5AD1MVWTN3XD2RYA3YTSEQ,,cfc067258dc6cb9c6e500a12bd0b6b9b,AGENT,"お客様、こんにちは。私、株式会社クレッセントのアシスタント、ゲッペイと申します。

ライブ配信などで活用できるVolu☆ME!と業界最高水準のモーションキャプチャシステムViconについてご紹介できますが、どちらにご興味がありますか？",,2026-04-27 00:36:48.516735+08:00
01KQ5SXVHCQX8BCY6Z5BHGP3N7,,54d90dc5da538a823a708e29914da56c,AGENT,はじめまして。株式会社クレッセントのアシスタント、ゲッペイと申します。ライブ配信などで活用できるVolu☆ME!と、業界最高水準のモーションキャプチャシステムViconにご興味はありますか？,,2026-04-27 05:08:41.610827+08:00
01KQ5XHGPNSKW7BYYPTYKVFYYZ,,672800e269efa769712b18556d0ae570,AGENT,こんにちは、私は株式会社クレッセントのアシスタント、ゲッペイと申します。ライブ配信などで活用できるVolu☆ME!や、業界最高水準のモーションキャプチャシステムViconについてご興味はございますか？,,2026-04-27 06:11:23.033723+08:00
01KQ5Z3G9SEAG0QA33JRABDP6Z,,390ae30c8a848cfaf0596a2441e9ed2f,AGENT,お客様、こんにちは。私は株式会社クレッセントのアシスタント、ゲッペイと申します。ライブ配信などで活用できるVolu☆ME!、業界最高水準のモーションキャプチャシステムViconなどに関する情報を提供しています。,,2026-04-27 06:38:37.285964+08:00
01KQ6067RH3YWBP27642N3AM9X,,e4b31fde6fd38efc4e7b32be948bdd03,AGENT,こんにちは。株式会社クレッセントのアシスタント、月餅（ゲッペイ）と申します。ライブ配信などで活用できるVolu☆ME!や、業界最高水準のモーションキャプチャシステムViconについてご紹介できます。,,2026-04-27 06:57:31.269568+08:00
01KQ620RQSYBFE3KVZ9Y37VAB6,,7c16b22cc66ef9162021c440c33777dc,AGENT,こんにちは！株式会社クレッセントのアシスタント、月餅（ゲッペイ）と申します。ライブ配信などで活用できるVolu☆ME!や、業界最高水準のモーションキャプチャシステムViconについてご紹介できます。,,2026-04-27 07:29:31.801176+08:00
01KQ62VD8EZ7WXK9CPGTBSV202,,34fd972ab853e8115f4fe626f9b8607e,AGENT,ようこそいらっしゃいませ。私、株式会社クレッセントのアシスタント、ゲッペイと申します。ライブ配信などで活用できるVolu☆ME!と業界最高水準のモーションキャプチャシステムViconについてご紹介できます。,,2026-04-27 07:44:03.957142+08:00
01KQ65W98HD46AF7E1628SMSPS,,08685cc80d4cc8c83916807703e3db02,AGENT,"月餅と申します。クレッセントのアシスタントです。

ライブ配信などで活用できるVolu☆ME!と、業界最高水準のモーションキャプチャシステムViconにご興味はありませんか？",,2026-04-27 08:36:58.616929+08:00
01KQ664T8M5GNX75KMPF34NREZ,,2ba2bdb30b539575b6cbc89358c98333,AGENT,はじめまして、株式会社クレッセントのアシスタント、ゲッペイと申します。ライブ配信などで活用できるVolu☆ME!と、業界最高水準のモーションキャプチャシステムViconについてご紹介できます。,,2026-04-27 08:41:56.297654+08:00
01KQ666H5EZ2C190XFZQ8H4CSR,,856492319e996d32f979267bef0ba7f3,AGENT,初めまして。私、株式会社クレッセントのアシスタント、ゲッペイと申します。ライブ配信などで活用できるVolu☆ME!と、業界最高水準のモーションキャプチャシステムViconについてご紹介できます。,,2026-04-27 08:42:32.984558+08:00
01KQ66CMJNV9SBMBDMFSGATTNJ,,fe0642aa67edf603618b5e68a6dce247,AGENT,はじめまして。私は株式会社クレッセントのアシスタント、ゲッペイと申します。ライブ配信などで活用できるVolu☆ME!や、業界最高水準のモーションキャプチャシステムViconについてご紹介できます。,,2026-04-27 08:45:53.828175+08:00
01KQ66ECCFYBNMX1FYY2XS24JG,,efedc6e5a5db5bb8e1fd9e2f3a9d66b2,AGENT,こんにちは！ 株式会社クレッセントのアシスタント、月餅です。ライブ配信などで活用できるVolu☆ME!と、業界最高水準のモーションキャプチャシステムViconについてご紹介できます。,,2026-04-27 08:46:51.906567+08:00
01KQ68GGEA2X8XJANPD3CVKTAK,,c05c80be287895b0e6a31901ac643a71,AGENT,こんにちは！ 私、株式会社クレッセントのアシスタント、ゲッペイと申します。ライブ配信などで活用できるVolu☆ME!や、業界最高水準のモーションキャプチャシステムViconについてお話しできます。,,2026-04-27 09:22:59.023922+08:00
01KQ68QDRTVAW0A8X56D2TFTMV,,c190effafe71646daf25925b5d389be7,AGENT,"こんにちは！ 株式会社クレッセントのアシスタント、月餅です。
ライブ配信などで活用できるVolu☆ME!と、2026年最新スタジオについてご興味はございますか？",,2026-04-27 09:26:46.885920+08:00
01KQ6AAQ2QGKZDZD89D0MEWA2V,,7c5ae386a71561d33c099816eade48d6,AGENT,こんにちは！株式会社クレッセントのアシスタント、月餅です。何かご質問はございますか？ライブ配信などで活用できるVolu☆ME!と業界最高水準のモーションキャプチャシステムViconがございます。,,2026-04-27 09:54:44.221408+08:00
01KQ6ACYY44KEVDXRZT1EA4AHH,,d0cbdb42bead32bc611f6e1e13a9c68b,AGENT,こんにちは！私は株式会社クレッセントのアシスタント、ゲッペイと申します。ライブ配信などで活用できるVolu☆ME!と、業界最高水準のモーションキャプチャシステムViconについてご紹介できます。,,2026-04-27 09:55:58.662640+08:00
01KQ6B1CN7185DX08Z15CHZRRF,,6290c52d80129c47d3dd858c9c45a803,AGENT,お客様、こんにちは！ 私は株式会社クレッセントのアシスタント、ゲッペイと申します。ライブ配信などで活用できるVolu☆ME!と業界最高水準のモーションキャプチャシステムViconについてご紹介できます。,,2026-04-27 10:07:08.053505+08:00
01KQ6BHB6FTCE5S1S5956S98WZ,,e3ed3f361c7853aec2c28e735bc2c262,AGENT,"初めまして。私、株式会社クレッセントのアシスタント「ゲッペイ」と申します。
ライブ配信などで活用できるVolu☆ME!や、業界最高水準のモーションキャプチャシステムViconなどにご興味はございますか？",,2026-04-27 10:15:53.825938+08:00
01KQ6C1RJ3J62Z9H8DMDX10ZCH,,81ae07fad2206e98771865bb28a28116,AGENT,こんにちは！株式会社クレッセントのアシスタント、月餅（ゲッペイ）と申します。ライブ配信などで活用できるVolu☆ME!と業界最高水準のモーションキャプチャシステムViconについてご紹介できます。,,2026-04-27 10:24:49.360211+08:00
01KQ6C2TGTQZQJ8WHBZ7Y2CZZR,,c97d17728b95005bfbdd7463f432bdcb,AGENT,月餅と申します。株式会社クレッセントのアシスタントです。本日はどのようなご用件でしょうか。,,2026-04-27 10:25:23.499967+08:00
01KQ6C32WW5VGQTSXKJ8JS37B6,,457c6a1accf7d6f8d1f42f594a519d76,AGENT,ゲッペイと申します。株式会社クレッセントのアシスタントです。2026年最新スタジオと業界最高水準のモーションキャプチャシステムViconについてご紹介できます。,,2026-04-27 10:25:31.725339+08:00
01KQ6C3TYAE5TYEESZMRREESMD,,457c6a1accf7d6f8d1f42f594a519d76,AGENT,月餅（ゲッペイ）と申します。株式会社クレッセントのアシスタントです。何かお困りですか？ ライブ配信などで活用できるVolu☆ME!と業界最高水準のモーションキャプチャシステムViconについてご案内できます。,,2026-04-27 10:25:55.712110+08:00
01KQ6C43TZKD6JHRZE0J2HGC3M,,457c6a1accf7d6f8d1f42f594a519d76,AGENT,こんにちは！ 株式会社クレッセントのアシスタント、月餅です。ライブ配信などで活用できるVolu☆ME!、業界最高水準のモーションキャプチャシステムViconなどがございますが、どの情報にご興味がありますか？,,2026-04-27 10:26:05.658688+08:00
01KQ6CA89FXY9K380F7YP31W1H,,81ae07fad2206e98771865bb28a28116,AGENT,こんにちは！株式会社クレッセントのアシスタント、月餅です。何かお困りですか？ ライブ配信などで活用できるVolu☆ME!と、業界最高水準のモーションキャプチャシステムViconについてお話しできます。,,2026-04-27 10:29:26.633384+08:00
01KQ6CD8QET5WNFWZSEF19Y4SM,,6426f381656237913478b975a73a009e,AGENT,いらっしゃいませ。私は株式会社クレッセントのアシスタント、ゲッペイと申します。ライブ配信などで活用できるVolu☆ME!と業界最高水準のモーションキャプチャシステムViconについてご紹介できます。,,2026-04-27 10:31:04.759040+08:00
01KQ6D4KRHF4KMTYC202A6ZP4W,,08310f3a0b60d38d08420e7810dafb66,AGENT,はじめまして。株式会社クレッセントのアシスタント、月餅（ゲッペイ）と申します。ライブ配信などで活用できるVolu☆ME!や、業界最高水準のモーションキャプチャシステムViconなどについてご案内できます。,,2026-04-27 10:43:51.384235+08:00
01KQ6D648669KCEQZQJBQAT6XF,,e0b93ee128d3f4221b6eb85417364f3d,AGENT,はじめまして。株式会社クレッセントのアシスタント、ゲッペイと申します。ライブ配信などで活用できるVolu☆ME!と、業界最高水準のモーションキャプチャシステムViconについてご紹介できます。,,2026-04-27 10:45:02.743470+08:00
01KQ6D73QCNMKKAGPVJM8M1CPG,,98ab81b1415c495a89293fe7fdecd5cd,AGENT,こんにちは！私は株式会社クレッセントのアシスタント、ゲッペイと申します。ライブ配信などで活用できるVolu☆ME!や、業界最高水準のモーションキャプチャシステムViconについてご紹介できます。,,2026-04-27 10:45:14.053865+08:00
01KQ6DFGX18AT1K57DHW1H8N9D,,f976ebf1882b051a6f1f70795f6aeaf2,AGENT,こんにちは！私、株式会社クレッセントのアシスタント、ゲッペイと申します。2026年最新スタジオや業界最高水準のモーションキャプチャシステムViconについて、何かご興味はございますか？,,2026-04-27 10:49:51.442602+08:00
01KQ6DNJCCQ5HHE8GAM6FGKMRC,,23da2927272d9becbe50717a52ce33d0,AGENT,こんにちは！私、株式会社クレッセントのアシスタント、ゲッペイと申します。ライブ配信などで活用できるVolu☆ME!、または業界最高水準のモーションキャプチャシステムViconについてご興味はございますか？,,2026-04-27 10:53:06.231654+08:00
01KQ6DNM35SBSDCR1W5HC7DE9V,,f76435ca4283048ec4f8eec9aa1a5033,AGENT,初めまして。私、株式会社クレッセントのアシスタント、ゲッペイと申します。ライブ配信などで活用できるVolu☆ME!や、業界最高水準のモーションキャプチャシステムViconについてご紹介できます。,,2026-04-27 10:57:46.633020+08:00
01KQ6DSVPTZJRAM5CE2Z3JFT0G,,445a28e729bbb0d4ad5cead851dab10b,AGENT,こんにちは。株式会社クレッセントのアシスタント、月餅と申します。ライブ配信などで活用できるVolu☆ME!や、業界最高水準のモーションキャプチャシステムViconについてご興味はありますか？,,2026-04-27 10:55:26.158407+08:00
01KQ6EV3VD1TG3WXT9S0EC9K7Q,,617607bf8ec437d931c7beb368ec5b20,AGENT,"こんにちは、ゲッペイと申します。株式会社クレッセントのアシスタントをしております。

ライブ配信などで活用できるVolu☆ME!、そして業界最高水準のモーションキャプチャシステムViconについてご興味はございますか？",,2026-04-27 11:13:37.480415+08:00
01KQ6F3R1H8NB7C2XB27YZVM1G,,c1514b76e61c7ac9f2c7576b0cc58a9a,AGENT,こんにちは！クレッセントのアシスタント、ゲッペイと申します。ライブ配信などで活用できるVolu☆ME!や、業界最高水準のモーションキャプチャシステムViconについてご紹介できます。,,2026-04-27 11:18:19.565187+08:00
01KQ6FTT9EMATDF5ZWS6SVPYM3,,978edb0f145199ae78083914f64cd3d6,AGENT,皆様、こんにちは。株式会社クレッセントのアシスタント、ゲッペイと申します。ライブ配信などで活用できるVolu☆ME!、業界最高水準のモーションキャプチャシステムViconなど、クレッセントの最新技術にご興味はございますか？,,2026-04-27 11:30:54.450123+08:00
01KQ6FZFBXSVNG3Y42T771CA7G,,34b5c10663a9bee477fbd773200bf922,AGENT,"はい、こんにちは！株式会社クレッセントのアシスタント、ゲッペイと申します。

ライブ配信などで活用できるVolu☆ME!、業界最高水準のモーションキャプチャシステムViconにご興味はありますか？",,2026-04-27 11:33:27.739112+08:00
01KQ6G10D5Q8E44JDZ2GWVFF8Q,,87db0ffaa82034f15f965d0d9023eb4f,AGENT,お客様、こんにちは。私は株式会社クレッセントのアシスタント、ゲッペイと申します。ライブ配信などで活用できるVolu☆ME!や、業界最高水準のモーションキャプチャシステムViconについてご紹介できます。,,2026-04-27 11:34:17.229822+08:00
01KQ6G6M5XEGBAVW3S4PZ4P5N8,,0946fba0849bbe5e738b42b9da960ca9,AGENT,こんにちは。私は株式会社クレッセントのアシスタント、ゲッペイと申します。ライブ配信などで活用できるVolu☆ME!や、業界最高水準のモーションキャプチャシステムViconについてご紹介できます。,,2026-04-27 11:37:23.302723+08:00
01KQ6J7JHDXXWJK06QFMP2SVRH,,c94e3bb1c8c1352bda84b779718d133e,AGENT,こんにちは。株式会社クレッセントのアシスタント、月餅（ゲッペイ）と申します。ライブ配信などで活用できるVolu☆ME!と業界最高水準のモーションキャプチャシステムViconにご興味はございますか？,,2026-04-27 12:12:51.083566+08:00
01KQ6J7VVDMSWY327B9N7CERCJ,,3a3630f7edbb30093c000da48c7dccae,AGENT,クレッセントのアシスタント、ゲッペイと申します。ライブ配信などで活用できるVolu☆ME!と、業界最高水準のモーションキャプチャシステムViconについてご案内できます。,,2026-04-27 12:13:01.717768+08:00
01KQ6JBVX36BC8380SS4RRS8S1,,c94e3bb1c8c1352bda84b779718d133e,AGENT,こんにちは！私、株式会社クレッセントのアシスタント、ゲッペイと申します。ライブ配信などで活用できるVolu☆ME!や、業界最高水準のモーションキャプチャシステムViconについてご紹介できます。,,2026-04-27 12:15:12.432672+08:00
01KQ6JCKFCW4DCBZ0550Y1MYR3,,c94e3bb1c8c1352bda84b779718d133e,AGENT,初めまして。私、株式会社クレッセントのアシスタント「ゲッペイ」と申します。ライブ配信などで活用できるVolu☆ME!や、業界最高水準のモーションキャプチャシステムViconなど、クレッセントの最新技術についてお気軽にご質問ください。,,2026-04-27 12:15:34.901338+08:00
01KQ6JDC4B1FBRYVTEGP8K71PQ,,82ff9416248fe888c4a01fcc106e2c41,AGENT,ようこそ！ 私は株式会社クレッセントのアシスタント、月餅（ゲッペイ）と申します。ライブ配信などで活用できるVolu☆ME!と、業界最高水準のモーションキャプチャシステムViconについてご紹介できます。,,2026-04-27 12:16:17.675227+08:00
01KQ6JXZ27MSDB20FXTSHFZ7YT,,63500ea1e063710144b9aea2f35cac95,AGENT,株式会社クレッセントのアシスタント、ゲッペイと申します。ライブ配信などで活用できるVolu☆ME!と、2026年最新スタジオについてご案内できます。,,2026-04-27 12:25:03.326683+08:00
01KQ6JZ4FMFMRBFYMRZ02X0WCP,,63500ea1e063710144b9aea2f35cac95,AGENT,いらっしゃいませ！私は株式会社クレッセントのアシスタント、ゲッペイと申します。ライブ配信などで活用できるVolu☆ME!や、業界最高水準のモーションキャプチャシステムViconについてご紹介できます。,,2026-04-27 12:25:41.332939+08:00
01KQ6K9FGGJGW2SEH9A58V6PAJ,,c94e3bb1c8c1352bda84b779718d133e,AGENT,ようこそお越しくださいました、私は株式会社クレッセントのアシスタント、ゲッペイと申します。ライブ配信などで活用できるVolu☆ME!や、業界最高水準のモーションキャプチャシステムViconなどにご興味はございますか？,,2026-04-27 12:31:20.924529+08:00
01KQ6KF7C5A1PV4E9TWFR8BRYX,,6d011dfb029eb11238fc26886cc20cdb,AGENT,初めまして。株式会社クレッセントのアシスタント、ゲッペイと申します。ライブ配信などで活用できるVolu☆ME!や、業界最高水準のモーションキャプチャシステムViconなどにご興味はございますか。,,2026-04-27 12:34:36.577635+08:00
01KQ6KHH2ZHRMK2WT090VMRQ2N,,fa1c516b57d0b093d7574495c34507fe,AGENT,いらっしゃいませ。株式会社クレッセントのアシスタント、ゲッペイと申します。ライブ配信などで活用できるVolu☆ME!や、業界最高水準のモーションキャプチャシステムViconなどにご興味はございますか？,,2026-04-27 12:35:44.728053+08:00
01KQ6M0Y6Z6C494VEKYFSWWBY0,,c94e3bb1c8c1352bda84b779718d133e,AGENT,初めまして。私、株式会社クレッセントのアシスタント「ゲッペイ」と申します。ライブ配信などで活用できるVolu☆ME!と業界最高水準のモーションキャプチャシステムViconについて、ご興味はございますか？,,2026-04-27 12:44:09.951898+08:00
01KQ6MFE7QM140RVV99FTPYD9Y,,c94e3bb1c8c1352bda84b779718d133e,AGENT,ようこそ、私は株式会社クレッセントのアシスタント、ゲッペイと申します。ライブ配信などで活用できるVolu☆ME!や、業界最高水準のモーションキャプチャシステムViconについてご紹介できます。,,2026-04-27 12:52:04.962973+08:00
01KQ6MY9T6C5VAY0EX64C7150A,,50babbc0bb206f747cc35a8cf2373f63,AGENT,はじめまして、私は株式会社クレッセントのアシスタント、ゲッペイと申します。ライブ配信などで活用できるVolu☆ME!や、業界最高水準のモーションキャプチャシステムViconについてご紹介できます。,,2026-04-27 13:00:12.142490+08:00
01KQ6N2JVK3BHH97R5JFF3SN0Q,,31863a886b3acb04d78c2faffe028d22,AGENT,"お客様、ようこそお越しくださいました。私は株式会社クレッセントのアシスタント、ゲッペイと申します。

ライブ配信などで活用できるVolu☆ME!、または業界最高水準のモーションキャプチャシステムViconにご興味はございますか？",,2026-04-27 13:02:32.228030+08:00
01KQ6P9KC60B3MNQF771BF5PAM,,d91d8ddb462699375907ece0f27ee9de,AGENT,ようこそ、いらっしゃいませ！私は株式会社クレッセントのアシスタント、ゲッペイと申します。ライブ配信などで活用できるVolu☆ME!や、業界最高水準のモーションキャプチャシステムViconについてご紹介できます。,,2026-04-27 13:23:51.723251+08:00
01KQ6PCA35RQ6TYKV1Y2ZSTQA8,,6a85744bd19f5c5d533739cdf1d32ad2,AGENT,こんにちは、私は株式会社クレッセントのアシスタント、ゲッペイと申します。ライブ配信などで活用できるVolu☆ME!、または業界最高水準のモーションキャプチャシステムViconにご興味はございますか？,,2026-04-27 13:25:19.251355+08:00
01KQ6Q36ZQ2KM16V32CN5N4TDX,,ec88ac0e466d5b5f1867cc0c74c3aea8,AGENT,皆様、こんにちは。株式会社クレッセントのアシスタント、ゲッペイと申します。ライブ配信などで活用できるVolu☆ME!や、業界最高水準のモーションキャプチャシステムViconについてご紹介できます。,,2026-04-27 13:37:51.680521+08:00
01KQ6QB22Q8112RT5F8ZB8525V,,d825fe77ef3deeede33b487c4f0a6695,AGENT,初めまして、私が株式会社クレッセントのアシスタント、ゲッペイと申します。ライブ配信などで活用できるVolu☆ME!、業界最高水準のモーションキャプチャシステムViconなどがございますが、どの情報にご興味がありますか？,,2026-04-27 13:42:06.993412+08:00
01KQ6QFR1KC83HYAJ3GMNJ39RM,,e4924ffa0e511a4b5a96755e956d296c,AGENT,こんにちは、私は株式会社クレッセントのアシスタント、ゲッペイと申します。ライブ配信などで活用できるVolu☆ME!と業界最高水準のモーションキャプチャシステムViconについてご紹介できますが、どちらにご興味がありますか？,,2026-04-27 13:44:41.106010+08:00
01KQ6QJZ940HV2JFV658PQJ7V9,,8c07eecb8310630fbed3eded48df1c06,AGENT,こんにちは！私、株式会社クレッセントのアシスタント、ゲッペイと申します。ライブ配信などで活用できるVolu☆ME!や、業界最高水準のモーションキャプチャシステムViconについてご紹介できます。,,2026-04-27 13:46:25.942317+08:00
01KQ6R25K1F2GM9RMGZAEZ334W,,70459c62d3dc3db7d86ccf1e8b6b64cd,AGENT,月餅と申します。株式会社クレッセントのアシスタントです。ライブ配信などで活用できるVolu☆ME!や、業界最高水準のモーションキャプチャシステムViconについてお話しできます。,,2026-04-27 13:54:44.252865+08:00
01KQ6SP2HK6ZFTT63GEWP0B260,,98ab81b1415c495a89293fe7fdecd5cd,AGENT,皆様、こんにちは。株式会社クレッセントのアシスタント、ゲッペイと申します。ライブ配信などで活用できるVolu☆ME!、業界最高水準のモーションキャプチャシステムViconについてご興味はありませんか？,,2026-04-27 14:23:06.911336+08:00
01KQ6SQ6NA7VDNV8V3V8SZAPJB,,4240a703e86716150c8c8ba37f265f73,AGENT,こんにちは。私は株式会社クレッセントのアシスタント、ゲッペイと申します。ライブ配信などで活用できるVolu☆ME!や、業界最高水準のモーションキャプチャシステムViconについてご紹介できます。,,2026-04-27 14:23:45.658105+08:00
01KQ6SQ9G7AK6VFK2P0311N4AT,,4240a703e86716150c8c8ba37f265f73,AGENT,こんにちは！ 株式会社クレッセントのアシスタント、ゲッペイと申します。ライブ配信などで活用できるVolu☆ME!や、業界最高水準のモーションキャプチャシステムViconなどにご興味はありますか？,,2026-04-27 14:26:04.237616+08:00
01KQ6T9KECY6002VFQ7G0SWWSG,,4240a703e86716150c8c8ba37f265f73,AGENT,"こんにちは！私は株式会社クレッセントのアシスタント、ゲッペイと申します。

ライブ配信などで活用できるVolu☆ME!、そして業界最高水準のモーションキャプチャシステムViconについてご興味はありますか？",,2026-04-27 14:34:31.554743+08:00
01KQ6TE41VGBYDBDWE8RM2XGKN,,a8216ca1b62fc6fc245706974c872937,AGENT,株式会社クレッセントのアシスタント、ゲッペイと申します。ライブ配信などで活用できるVolu☆ME!と業界最高水準のモーションキャプチャシステムViconについてご紹介できます。,,2026-04-27 14:36:17.290635+08:00
01KQ6TEDJPX49XA5Z5RW175MRN,,584036f8169d28be1bfa7701144b7bc2,AGENT,こんにちは、私はクレッセントのアシスタント、月餅です。ライブ配信などで活用できるVolu☆ME!、業界最高水準のモーションキャプチャシステムViconなど、クレッセントが提供するサービスについて、何かご興味はございますか？,,2026-04-27 14:36:22.971878+08:00
01KQ6TEJX2RKJD3V60PFP82M0V,,c4239526545be1be277547f98c0aa006,AGENT,こんにちは、月餅と申します。ライブ配信などで活用できるVolu☆ME!と業界最高水準のモーションキャプチャシステムViconについてご紹介できます。,,2026-04-27 14:36:28.460531+08:00
01KQ6THBTXZ25147F59S6BW4GQ,,e3ed3f361c7853aec2c28e735bc2c262,AGENT,株式会社クレッセントのアシスタント、月餅と申します。ライブ配信などで活用できるVolu☆ME!や、業界最高水準のモーションキャプチャシステムViconについてご興味はございますか？,,2026-04-27 14:37:59.743527+08:00
01KQ6TPPAY4HKH24CMDZB4YYE4,,944564efdc4427b8f2ddf73da49669c5,AGENT,こんにちは、私は株式会社クレッセントのアシスタント、ゲッペイと申します。ライブ配信などで活用できるVolu☆ME!、または業界最高水準のモーションキャプチャシステムViconにご興味はございますか？,,2026-04-27 14:40:54.566803+08:00
01KQ6TPPAY4HKH24CMDZB4YYE4,,944564efdc4427b8f2ddf73da49669c5,USER,hi,,2026-04-27 14:41:05.797045+08:00
01KQ6TPPAY4HKH24CMDZB4YYE4,,944564efdc4427b8f2ddf73da49669c5,AGENT,"Hello! I'm MoonCake, an assistant from Crescent Inc. Are you interested in Volu☆ME!, which can be used for live streaming, or Vicon, the industry's top-level motion capture system?",,2026-04-27 14:41:05.816525+08:00
01KQ6TV5H5EDCHYJX0MF8PJMTA,,b7d078b7e891696085e5b1cfe164bd37,AGENT,こんにちは、私は株式会社クレッセントのアシスタント、ゲッペイと申します。ライブ配信などで活用できるVolu☆ME!と業界最高水準のモーションキャプチャシステムViconについてご紹介できます。,,2026-04-27 14:43:20.429799+08:00
01KQ6TV5H5EDCHYJX0MF8PJMTA,,b7d078b7e891696085e5b1cfe164bd37,USER,I'm Athena,,2026-04-27 14:43:24.022531+08:00
01KQ6TV5H5EDCHYJX0MF8PJMTA,,b7d078b7e891696085e5b1cfe164bd37,AGENT,"Athenaさん、はじめまして！お会いできて嬉しいです。

何かデジタル技術やモーションキャプチャについて、お困りごとや知りたいことはありますか？

例えば、ライブ配信などで活用できるVolu☆ME!や、業界最高水準のモーションキャプチャシステムViconについてなど、お話しできますが、いかがでしょうか？",,2026-04-27 14:43:24.040646+08:00
01KQ6V8TSS15Q0BQJXCQFG3M0B,,8722db7e54c0ade5fa8fdb781e0e059d,AGENT,こんにちは！株式会社クレッセントのアシスタント、月餅（ゲッペイ）と申します。ライブ配信などで活用できるVolu☆ME!や、業界最高水準のモーションキャプチャシステムViconについてご紹介できます。,,2026-04-27 14:50:48.231699+08:00
01KQ6VAXZ4F01KPMGKD816MXGC,,d91d8ddb462699375907ece0f27ee9de,AGENT,お客様、こんにちは！株式会社クレッセントのアシスタント、ゲッペイと申します。ライブ配信などで活用できるVolu☆ME!や、業界最高水準のモーションキャプチャシステムViconについてご紹介できます。,,2026-04-27 14:51:57.991896+08:00
01KQ6VC39E1CRA8EFWQ7KTEWDS,,8722db7e54c0ade5fa8fdb781e0e059d,AGENT,こんにちは、株式会社クレッセントのアシスタント、月餅です！ Viconと2026年最新スタジオについてご興味はありませんか？,,2026-04-27 14:52:34.903463+08:00
01KQ6VF81ET08JEP7ZB7BVA6TX,,ed096fbfd9c4042bc4750062ec390382,AGENT,初めまして。私、株式会社クレッセントのアシスタント「ゲッペイ」と申します。ライブ配信などで活用できるVolu☆ME!と、業界最高水準のモーションキャプチャシステムViconにご興味はございますか？,,2026-04-27 14:54:32.147779+08:00
01KQ6VP3X7AZ13N95VC3WJANQT,,eb58783b0343396c3c6e961a7406ffcb,AGENT,初めまして。私、株式会社クレッセントのアシスタント、ゲッペイと申します。ライブ配信などで活用できるVolu☆ME!や、業界最高水準のモーションキャプチャシステムViconについてご紹介できます。,,2026-04-27 14:58:04.969389+08:00
01KQ6VWS3W716PZFDZ43BZ1977,,311907bf7ba885c6c8b4977302e8a5f8,AGENT,こんにちは！株式会社クレッセントのアシスタント、月餅です。ライブ配信などで活用できるVolu☆ME!、業界最高水準のモーションキャプチャシステムViconなどがございますが、どの情報にご興味がありますか？,,2026-04-27 15:01:42.856872+08:00
01KQ6VYGJC58FX3GQMSXP9ZQCE,,eb58783b0343396c3c6e961a7406ffcb,AGENT,こんにちは！ 私、クレッセントのアシスタント、ゲッペイと申します。ライブ配信などで活用できるVolu☆ME!と業界最高水準のモーションキャプチャシステムViconについてご紹介できます。,,2026-04-27 15:02:39.637040+08:00
01KQ6W37HMVWKN2P0W6TWWZBPS,,430fd9f78482e407d4d4d55d93946792,AGENT,初めまして。私、株式会社クレッセントのアシスタント「ゲッペイ」と申します。ライブ配信などで活用できるVolu☆ME!と業界最高水準のモーションキャプチャシステムViconについてご紹介できます。,,2026-04-27 15:05:13.489713+08:00
01KQ6W5PQJNN0N9PTJ61PDX604,,c4704705a18fdfa49bbe6523271576b9,AGENT,こんにちは、ゲッペイと申します。ライブ配信などで活用できるVolu☆ME!や、業界最高水準のモーションキャプチャシステムViconなど、クレッセントの最新技術にご興味はありますか？,,2026-04-27 15:06:40.648933+08:00
01KQ6W6AE7B1PKC1F4MK5BC2A3,,430fd9f78482e407d4d4d55d93946792,AGENT,"こんにちは。私、株式会社クレッセントのアシスタント、ゲッペイと申します。

ライブ配信などで活用できるVolu☆ME!、業界最高水準のモーションキャプチャシステムViconにご興味はございますか？",,2026-04-27 15:06:54.360877+08:00
01KQ6WGKXCHTZADPB6MK9G799D,,9f9fe866e762b491088886384e8f5884,AGENT,いらっしゃいませ！ 私は株式会社クレッセントのアシスタント、ゲッペイと申します。ライブ配信などで活用できるVolu☆ME!と、業界最高水準のモーションキャプチャシステムViconについてご紹介できますが、どちらにご興味がありますか？,,2026-04-27 15:12:46.570223+08:00
01KQ6WJCP84CEYN0RA012NXKBB,,6251184d0648e9d23e6445c19efd1374,AGENT,クレッセントのアシスタント、ゲッペイと申します。ライブ配信などで活用できるVolu☆ME!、または業界最高水準のモーションキャプチャシステムViconについて興味はございますか？,,2026-04-27 15:13:31.302383+08:00
01KQ6WMD8R4P12RCC499850RBC,,a3eb16caa65db4b771cc545e15172723,AGENT,月餅と申します。株式会社クレッセントのアシスタントです。ライブ配信などで活用できるVolu☆ME!と、業界最高水準のモーションキャプチャシステムViconについてご紹介できます。,,2026-04-27 15:14:37.201693+08:00
01KQ6WMNVY1QJKA9HQTBYF1H2S,,a3eb16caa65db4b771cc545e15172723,AGENT,"はじめまして。株式会社クレッセントのアシスタント、ゲッペイと申します。

最新のモーションキャプチャ技術に精通した業界最高水準のモーションキャプチャシステムVicon、ライブ配信などで活用できるVolu☆ME!、2026年最新スタジオ、連携実績などについてご紹介できます。",,2026-04-27 15:14:44.935938+08:00
01KQ6WP8QVDXA219GHCN2S50VZ,,a3eb16caa65db4b771cc545e15172723,AGENT,こんにちは！株式会社クレッセントのアシスタント、月餅です。ライブ配信などで活用できるVolu☆ME!や、業界最高水準のモーションキャプチャシステムViconについてご興味はございますか？,,2026-04-27 15:15:37.045203+08:00
01KQ6WPZ0JQG6HJ6SB6VKB68WS,,5809d5c02544f4ad1f94ae2fa1f914d6,AGENT,こんにちは！株式会社クレッセントのアシスタント、月餅です。ライブ配信などで活用できるVolu☆ME!と、業界最高水準のモーションキャプチャシステムViconにご興味はありますか？,,2026-04-27 15:16:00.421158+08:00
01KQ6WSWJ3H86TV6PDY99S9G4Z,,6251184d0648e9d23e6445c19efd1374,AGENT,月餅です。クレッセントのアシスタントをしております。ライブ配信などで活用できるVolu☆ME!や、業界最高水準のモーションキャプチャシステムViconなどについてご紹介できます。,,2026-04-27 15:17:35.958019+08:00
01KQ6WW4W551D9JDVSH182P5J0,,839b8ef11bb4623ab96868cec273d08f,AGENT,こんにちは！ 私は株式会社クレッセントのアシスタント、ゲッペイと申します。ライブ配信などで活用できるVolu☆ME!や、業界最高水準のモーションキャプチャシステムViconについてご紹介できます。,,2026-04-27 15:18:51.070989+08:00
01KQ6XRA8ABAQWWYN1ZZSAW2XJ,,4cba809e1ca2b94eba77d8c55ec2912f,AGENT,お客様、こんにちは。株式会社クレッセントのアシスタント、ゲッペイと申します。ライブ配信などで活用できるVolu☆ME!、そして業界最高水準のモーションキャプチャシステムViconについてご紹介できます。,,2026-04-27 15:34:16.870764+08:00
01KQ6Y34D74ECKJ04VMVHF94F0,,7c949737239edb2d0295a8f67dfec4dc,AGENT,こんにちは。私は株式会社クレッセントのアシスタント、ゲッペイと申します。ライブ配信などで活用できるVolu☆ME!や、業界最高水準のモーションキャプチャシステムViconについてご紹介できます。,,2026-04-27 15:40:13.630984+08:00
01KQ6Y7BVVPEGMT016MMXTZ6T2,,d8ebb5a8080eb03e5eb965ea78bf16e4,AGENT,こんにちは！株式会社クレッセントのアシスタント、ゲッペイと申します。ライブ配信などで活用できるVolu☆ME!や、業界最高水準のモーションキャプチャシステムViconについてご紹介できます。,,2026-04-27 15:42:26.005001+08:00
01KQ6Y9QSHH4CEG7KP0DR5ZXS9,,d8ebb5a8080eb03e5eb965ea78bf16e4,AGENT,"こんにちは！クレッセントのアシスタント、ゲッペイと申します。

ライブ配信などで活用できるVolu☆ME!や、業界最高水準のモーションキャプチャシステムViconにご興味はございますか？",,2026-04-27 15:43:43.244479+08:00
01KQ6Z324GAKAZ9TFATMT254AA,,ce6cdbf8dca87a59ef9d72b9cc9e8fdf,AGENT,こんにちは。私、株式会社クレッセントのアシスタント、ゲッペイと申します。ライブ配信などで活用できるVolu☆ME!や、業界最高水準のモーションキャプチャシステムViconについてご紹介できます。,,2026-04-27 15:57:34.149477+08:00
01KQ6ZCM35KMBYA76J2BV75QWN,,e92fdd68e59790e31a90b79232f7db97,AGENT,ごきげんよう、私はクレッセントのアシスタント、ゲッペイと申します。ライブ配信などで活用できるVolu☆ME!、業界最高水準のモーションキャプチャシステムViconなど、クレッセントの最新技術にご興味はございますか？,,2026-04-27 16:02:46.888455+08:00
01KQ70TDHEZJFDH4KN7FHBFGDN,,c1ebf1588c1b7ca145c3589213c1afc2,AGENT,株式会社クレッセントのアシスタント、ゲッペイと申します。ライブ配信などで活用できるVolu☆ME!と、業界最高水準のモーションキャプチャシステムViconについてご紹介できます。,,2026-04-27 16:28:00.475952+08:00
01KQ70VK244EA54C9T0DGQPRQ1,,ccf4012aa0659d82aa97255b65e371eb,AGENT,ゲッペイと申します。よろしくお願いいたします。ライブ配信などで活用できるVolu☆ME!や、業界最高水準のモーションキャプチャシステムViconなどがございますが、ご興味はございますか？,,2026-04-27 16:28:25.645233+08:00
01KQ70VWGW65NSJXXW2W2XBRXP,,20a23d794929d9878e75bb7085e19091,AGENT,"初めまして。私、株式会社クレッセントのアシスタント、ゲッペイと申します。

最新のモーションキャプチャ技術に精通した技術職人として、お客様の課題解決をサポートいたします。

ライブ配信などで活用できるVolu☆ME!や、業界最高水準のモーションキャプチャシステムViconについてご興味はございますか？",,2026-04-27 16:28:43.497894+08:00
01KQ710Q1CFG954BZJZM6W4CNZ,,17f43fb486fcc0f6a24b607af5641112,AGENT,いらっしゃいませ。株式会社クレッセントのアシスタント、月餅と申します。ライブ配信などで活用できるVolu☆ME!、業界最高水準のモーションキャプチャシステムViconにご興味はありますか？,,2026-04-27 16:31:13.613532+08:00
01KQ71EC4AH6XCK8QXXST45EKK,,f4c27aa26a35fa2634054e7402526887,AGENT,月餅ちゃんと申します。最新のモーションキャプチャ技術と、クレッセントのスタジオについてご案内いたします。,,2026-04-27 16:38:41.980243+08:00
01KQ71G7TBE2J4FPXCK4NGA6R3,,a60e6ce866862f8176f38486ac6a81de,AGENT,「ゲッペイ」と申します。クレッセントのアシスタントです。ライブ配信などで活用できるVolu☆ME!、業界最高水準のモーションキャプチャシステムViconに関心はございますか？,,2026-04-27 16:39:42.556565+08:00
01KQ71RN260XSYZS7KQBTPW0C6,,fa1c516b57d0b093d7574495c34507fe,AGENT,こんにちは、ゲッペイと申します。株式会社クレッセントのアシスタントです。何かご質問はございますか？ ライブ配信などで活用できるVolu☆ME!や、業界最高水準のモーションキャプチャシステムViconなどについてもお話しできます。,,2026-04-27 16:44:18.137112+08:00
01KQ71RNF8323ZMDVK4722990M,,a0ab6d63dbc1bd1acb48885ad76c7fe8,AGENT,こんにちは！私、株式会社クレッセントのアシスタント、ゲッペイと申します。ライブ配信などで活用できるVolu☆ME!や、業界最高水準のモーションキャプチャシステムViconについてお話しできます。,,2026-04-27 16:44:18.470288+08:00
01KQ71TP5Q2WWJXYS8BPDG04TF,,3292dd15e0290f0b27c451ae26b8d118,AGENT,はじめまして、私は株式会社クレッセントのアシスタント、ゲッペイと申します。ライブ配信などで活用できるVolu☆ME!や、業界最高水準のモーションキャプチャシステムViconについてご紹介できます。,,2026-04-27 16:45:25.540260+08:00
01KQ721B34SG8E3313GER4W3HC,,9abe590102a81df20eab33cdea87496c,AGENT,こんにちは、ゲッペイと申します。株式会社クレッセントのアシスタントです。弊社の最新技術であるVolu☆ME!やViconについてご紹介できます。,,2026-04-27 16:49:03.892154+08:00
01KQ7222AJTYY3QGFHZ9D28RS1,,7b51ce0a8d96421e31f73e0413dfdc3c,AGENT,こんにちは！私は株式会社クレッセントのアシスタント、ゲッペイと申します。ライブ配信などで活用できるVolu☆ME!や、業界最高水準のモーションキャプチャシステムViconについてご紹介できます。,,2026-04-27 17:45:52.722325+08:00
01KQ725JP9DS6155FAWHG1BB9N,,9abe590102a81df20eab33cdea87496c,AGENT,こんにちは。私、株式会社クレッセントのアシスタント、ゲッペイと申します。ライブ配信などで活用できるVolu☆ME!、業界最高水準のモーションキャプチャシステムViconにご興味はございますか？,,2026-04-27 16:51:24.967629+08:00
01KQ72DZPAF3NAH6EAZ07WGFRF,,09706a7bafed7cb4136e48c1bdc7cb37,AGENT,"はい、喜んで。

株式会社クレッセントのアシスタント、ゲッペイと申します。ライブ配信などで活用できるVolu☆ME!、業界最高水準のモーションキャプチャシステムViconなど、クレッセントの最新技術とソリューションについて、お気軽にご質問ください。",,2026-04-27 16:55:57.767627+08:00
01KQ72KVYKKF6ZNCAJ0FY1N3GF,,7e41956a5577869b9bc3e673435fbb13,AGENT,株式会社クレッセントのアシスタント、ゲッペイと申します。ライブ配信などで活用できるVolu☆ME!と業界最高水準のモーションキャプチャシステムViconについてご紹介できます。,,2026-04-27 16:59:10.023958+08:00
01KQ72MXC7Y0ND8MQC1EPJHBR1,,f60ccffc2b9f61024a0800eca5f807a3,AGENT,こんにちは！株式会社クレッセントのアシスタント、ゲッペイと申します。ライブ配信などで活用できるVolu☆ME!や、業界最高水準のモーションキャプチャシステムViconについてご紹介できます。,,2026-04-27 16:59:43.853441+08:00
01KQ72SRWP27KCTXWBNX2N4JVR,,a17a92dcfe6dfb1953e2208b9d7b1f00,AGENT,初めまして。私、株式会社クレッセントのアシスタント「ゲッペイ」と申します。ライブ配信などで活用できるVolu☆ME!や、業界最高水準のモーションキャプチャシステムViconなど、弊社の技術について何かご興味はございますか？,,2026-04-27 17:02:23.705519+08:00
01KQ7363DN0J5W3JZKSX5QSNSQ,,90437f1eae0c0b98f79a5e1973c40d05,AGENT,こんにちは！株式会社クレッセントのアシスタント、ゲッペイと申します。ライブ配信などで活用できるVolu☆ME!や、業界最高水準のモーションキャプチャシステムViconについてご興味はありませんか？,,2026-04-27 17:09:08.252398+08:00
01KQ73FX9425TRMGBPXCRE0YHR,,94e6f5b86f275fb7f49f500cd0d08420,AGENT,皆様、こんにちは。株式会社クレッセントのアシスタント、ゲッペイと申します。ライブ配信などで活用できるVolu☆ME!や、業界最高水準のモーションキャプチャシステムViconについてご紹介できます。,,2026-04-27 17:14:28.802881+08:00
01KQ73XDTSEP2GXGHS7ENWGDCQ,,761d0ff44f72eb0e60bd85e96b02a2c3,AGENT,お客様、こんにちは！私は株式会社クレッセントのアシスタント、ゲッペイと申します。ライブ配信などで活用できるVolu☆ME!、業界最高水準のモーションキャプチャシステムViconについてご紹介できます。,,2026-04-27 17:21:51.784240+08:00
01KQ7418GV7EHFPXVWK9E8Y2ZG,,6a85744bd19f5c5d533739cdf1d32ad2,AGENT,"こんにちは！私、株式会社クレッセントのアシスタント、ゲッペイと申します。

ライブ配信などで活用できるVolu☆ME!、2026年最新スタジオ、どちらにご興味がございますか？",,2026-04-27 17:23:57.813544+08:00
01KQ75K6JZ7XQBH7GB1HFC6E7J,,8bde673ee3c0dd9ea291e5150c73a581,AGENT,こんにちは！株式会社クレッセントのアシスタント、月餅（ゲッペイ）と申します。ライブ配信などで活用できるVolu☆ME!や、業界最高水準のモーションキャプチャシステムViconについてご紹介できます。,,2026-04-27 17:51:13.895958+08:00
01KQ76SP8E38R218PE2KJEGTNK,,b9cbdfe25a57275795a1c50180b756bf,AGENT,こんにちは。株式会社クレッセントのアシスタント、月餅（ゲッペイ）と申します。ライブ配信などで活用できるVolu☆ME!や、業界最高水準のモーションキャプチャシステムViconについてご紹介できます。,,2026-04-27 18:12:16.097289+08:00
01KQ78RKCVPF653EK9T3ND10A6,,c5f841bd7758a920d45ee56834d4f4a1,AGENT,株式会社クレッセントのアシスタント、ゲッペイと申します。ライブ配信などで活用できるVolu☆ME!と、2026年最新スタジオについてご紹介できます。,,2026-04-27 18:46:36.334647+08:00
01KQ79G87ZSQYANFPXHQPTV999,,57bd223178786df95c122d5e38c4620c,AGENT,"月餅と申します。株式会社クレッセントのアシスタントです。
ライブ配信などで活用できるVolu☆ME!、2026年最新スタジオについてご興味はありますか？",,2026-04-27 18:59:52.923922+08:00
01KQ79SDNCEK1VXEJ4RS8WSJJ0,,2c084783feba1d9c6c9c703aaf46410d,AGENT,株式会社クレッセントのアシスタント、ゲッペイと申します。ライブ配信などで活用できるVolu☆ME!や、業界最高水準のモーションキャプチャシステムViconについてご紹介できます。,,2026-04-27 19:04:33.408979+08:00
01KQ7AFGBVV5Y4F8RSSKW56FK9,,80c4ba030c0658aafcd1c500a6d14448,AGENT,ようこそいらっしゃいました。私、株式会社クレッセントのアシスタント、ゲッペイと申します。ライブ配信などで活用できるVolu☆ME!、業界最高水準のモーションキャプチャシステムVicon、どちらにご興味がございますか？,,2026-04-27 19:16:36.257402+08:00
01KQ7AFSNAHDXY3JCN95EH5CMF,,dec6ec12d8783681a7020b0d752d7d12,AGENT,ゲッペイと申します。株式会社クレッセントのアシスタントです。ライブ配信などで活用できるVolu☆ME!、業界最高水準のモーションキャプチャシステムViconについてご紹介できます。,,2026-04-27 19:16:47.461742+08:00
01KQ7AG3XYD5S181KTZXZBNMJG,,dec6ec12d8783681a7020b0d752d7d12,AGENT,ゲッペイと申します。株式会社クレッセントのアシスタントでございます。ライブ配信などで活用できるVolu☆ME!や、業界最高水準のモーションキャプチャシステムViconについてお話しできます。,,2026-04-27 19:16:55.879843+08:00
01KQ7ANRT9T69GXCC1JXAQSE6D,,7d391e775b6b2cebb5c9440dc026001d,AGENT,月餅です。クレッセントのアシスタントをしております。,,2026-04-27 19:20:02.421932+08:00
01KQ7APQBX1C1MNZKSA0EC6W57,,26cb9c8b6b44eb52ce613b4fe18ffb1c,AGENT,"こんにちは！ 株式会社クレッセントのアシスタント、月餅（ゲッペイ）と申します。

ライブ配信などで活用できるVolu☆ME!と、2026年最新スタジオについてご興味はありますか？",,2026-04-27 19:20:33.467471+08:00
01KQ7AR2AKZ9A4GFB2EM9M4X1M,,2d8b2aa39549f05585c7ceb3bc70b0d3,AGENT,初めまして！株式会社クレッセントのアシスタント、ゲッペイと申します。ライブ配信などで活用できるVolu☆ME!や、業界最高水準のモーションキャプチャシステムViconなどにご興味はございますか？,,2026-04-27 19:21:18.174497+08:00
01KQ7B57EMCFBSFNB0DBF2XD6D,,b8c7a905588236aacb00ea459b4f2d24,AGENT,こんにちは！株式会社クレッセントのアシスタント、月餅と申します。ライブ配信などで活用できるVolu☆ME!や、業界最高水準のモーションキャプチャシステムViconについてご紹介できます。,,2026-04-27 19:28:28.996468+08:00
01KQ7D2G2E92J2N11KFK2TCJV1,,4a02d0cc25f4250303edd16902b5a503,AGENT,こんにちは。私は株式会社クレッセントのアシスタント、ゲッペイと申します。ライブ配信などで活用できるVolu☆ME!と、業界最高水準のモーションキャプチャシステムViconについてご紹介できます。,,2026-04-27 20:01:55.579620+08:00
01KQ7D70PXJNY55JR130290W2T,,136e690a4aac3541a4213becba9aecb3,AGENT,"はじめまして。私、株式会社クレッセントのアシスタント、ゲッペイと申します。

本日は、ライブ配信などで活用できるVolu☆ME!、もしくは業界最高水準のモーションキャプチャシステムViconのどちらにご興味がございますか？",,2026-04-27 20:04:24.121483+08:00
01KQ7HBV53NW2KSFQM6SMQD1PW,,7d391e775b6b2cebb5c9440dc026001d,AGENT,こんにちは！株式会社クレッセントのアシスタント、ゲッペイと申します。ライブ配信などで活用できるVolu☆ME!や、業界最高水準のモーションキャプチャシステムViconについてご紹介できます。,,2026-04-27 21:16:56.591232+08:00
01KQ7HHX8Y4VEY1VPXXE0PS66W,,2f322e3bd16ce91eaac2c70dbd94276f,AGENT,クレッセントのアシスタント、ゲッペイと申します。ライブ配信などで活用できるVolu☆ME!や、業界最高水準のモーションキャプチャシステムViconについてご興味はございますか？,,2026-04-27 21:20:17.094324+08:00
01KQ7HNCZAEHQ59SCF0Y6Y83KS,,7d391e775b6b2cebb5c9440dc026001d,AGENT,こんにちは、私は株式会社クレッセントのアシスタント、ゲッペイと申します。ライブ配信などで活用できるVolu☆ME!と、2026年最新スタジオにご興味はございませんか？,,2026-04-27 21:22:09.594840+08:00
01KQ7HS9SWYBAHQ0JF816CHVH2,,7d391e775b6b2cebb5c9440dc026001d,AGENT,"お客様、こんにちは。私、株式会社クレッセントのアシスタント、ゲッペイと申します。

ライブ配信などで活用できるVolu☆ME!と、業界最高水準のモーションキャプチャシステムViconにご興味はございますか？",,2026-04-27 21:24:17.183936+08:00
01KQ7K5QATQXDEFN8P784KXCQ2,,6d6fa64ae2862c2d22f8582135545fe5,AGENT,皆様、こんにちは。株式会社クレッセントのアシスタント、ゲッペイと申します。ライブ配信などで活用できるVolu☆ME!や、業界最高水準のモーションキャプチャシステムViconについてご紹介できます。,,2026-04-27 21:48:36.318482+08:00
01KQ7NHZFFG0FZJ6X1094XZT9K,,1b3ddd014d1c2fea6ed06fc09a40adb5,AGENT,ようこそ、私は株式会社クレッセントのアシスタント、ゲッペイと申します。ライブ配信などで活用できるVolu☆ME!や、業界最高水準のモーションキャプチャシステムViconについてご紹介できます。,,2026-04-27 22:30:12.789024+08:00
01KQ7QZHC0SNSFT6H8BW0CJB5E,,c976b1751169578e867e4cade06452e9,AGENT,こんにちは、月餅と申します。株式会社クレッセントのアシスタントです。ライブ配信などで活用できるVolu☆ME!、業界最高水準のモーションキャプチャシステムVicon、どちらにご興味がありますか？,,2026-04-27 23:12:36.682197+08:00
01KQ7TZC2XJE29E4VXN41QVRHW,,c1ae9d582909e002586a9807c7c9c12c,AGENT,皆様、こんにちは。私、株式会社クレッセントのアシスタント、ゲッペイと申します。ライブ配信などで活用できるVolu☆ME!や、業界最高水準のモーションキャプチャシステムViconについてご紹介できます。,,2026-04-28 00:04:52.520771+08:00
01KQ83T5BW6QVRH2C3H33CTJBB,,313701c8d16dfbb3b6584d56c65473f5,AGENT,こんにちは！私は株式会社クレッセントのアシスタント、ゲッペイと申します。ライブ配信などで活用できるVolu☆ME!や、業界最高水準のモーションキャプチャシステムViconについてご紹介できます。,,2026-04-28 02:39:37.002013+08:00
01KQ856P7W0HS55Y88NTQHSEQT,,603d48c9e560143d0479eed955016ce2,AGENT,はじめまして！株式会社クレッセントのアシスタント、ゲッペイと申します。ライブ配信などで活用できるVolu☆ME!や、業界最高水準のモーションキャプチャシステムViconについてご興味はございますか？,,2026-04-28 03:03:37.986580+08:00
01KQ85PQPGVHBE5S2QNMMY9QJS,,f30812f59607c26df1aea84a83472f13,AGENT,いらっしゃいませ。株式会社クレッセントのアシスタント、月餅と申します。ライブ配信などで活用できるVolu☆ME!や、業界最高水準のモーションキャプチャシステムViconについてご紹介できます。,,2026-04-28 03:12:40.231359+08:00
01KQ85QD34RYY7K0BBVJAKCMT0,,f30812f59607c26df1aea84a83472f13,AGENT,お客様、こんにちは。私は株式会社クレッセントのアシスタント、ゲッペイと申します。ライブ配信などで活用できるVolu☆ME!、2026年最新スタジオについてご興味はございますか？,,2026-04-28 03:12:50.922816+08:00
01KQ871R3WJC3584NEFG2SC4ZJ,,ac1795aab9d2b20c2790a78f35958b23,AGENT,"こんにちは！ 私、株式会社クレッセントのアシスタント、ゲッペイと申します。

ライブ配信などで活用できるVolu☆ME!、業界最高水準のモーションキャプチャシステムViconについてご興味はございませんか？",,2026-04-28 03:36:08.135675+08:00
01KQ87FQYY26V2VQXDYK0NFMN8,,d79509cf88721d56bbf19d3f1005a99a,AGENT,月餅です。クレッセントのアシスタントをしております。,,2026-04-28 03:43:41.443696+08:00
01KQ8E5BZF66KK25D9S20CCQ6S,,5fd7822cfbaf01e5ca7e3a2ab516fc27,AGENT,こんにちは。私、株式会社クレッセントのアシスタント、ゲッペイと申します。ライブ配信などで活用できるVolu☆ME!、業界最高水準のモーションキャプチャシステムViconなど、クレッセントの最新技術にご興味はありますか？,,2026-04-28 05:40:13.654938+08:00
01KQ8E6GWE0091G4DXS8CQH5VY,,e4b815b353fce6534728e37b4171010e,AGENT,こんにちは！株式会社クレッセントのアシスタント、ゲッペイと申します。ライブ配信などで活用できるVolu☆ME!、業界最高水準のモーションキャプチャシステムViconなどがございますが、何かご興味はございますか？,,2026-04-28 05:40:51.173612+08:00
01KQ8G36ZEA16T022ZYWYTX14X,,2b026d11e356a0d41856acf14107ad11,AGENT,ゲッペイと申します。株式会社クレッセントのアシスタントです。ライブ配信などで活用できるVolu☆ME!や、業界最高水準のモーションキャプチャシステムViconについてご紹介できます。,,2026-04-28 06:13:59.477196+08:00
01KQ8GNF23DBPHMH9DEYNWGJA3,,035d9171eef7be77b0de05dfe9b35ef7,AGENT,初めまして！ 私、株式会社クレッセントのアシスタント、ゲッペイと申します。ライブ配信などで活用できるVolu☆ME!と、2026年最新スタジオについてご紹介できます。,,2026-04-28 06:23:57.676439+08:00
01KQ8NBW6WXQBPFTPTYV04P5ZK,,588e0e3f8a42114545761e2fe08ceb8c,AGENT,"ようこそお越しくださいました！

私は株式会社クレッセントのアシスタント、ゲッペイと申します。
ライブ配信などで活用できるVolu☆ME!、または業界最高水準のモーションキャプチャシステムViconにご興味はありますか？",,2026-04-28 07:49:52.100504+08:00
01KQ8NEPBCPSA713PERCBCTFZG,,65176e185e406afe86027265ecf62409,AGENT,はじめまして。株式会社クレッセントのゲッペイと申します。ライブ配信などで活用できるVolu☆ME!や、業界最高水準のモーションキャプチャシステムViconについてご興味はございますか？,,2026-04-28 07:47:39.865214+08:00
01KQ8NGMMB8C83G5NDQC1M4YR2,,65176e185e406afe86027265ecf62409,AGENT,初めまして。私、株式会社クレッセントのアシスタント、ゲッペイと申します。ライブ配信などで活用できるVolu☆ME!と業界最高水準のモーションキャプチャシステムViconにご興味はございますか？,,2026-04-28 07:48:43.232287+08:00
01KQ8NVC4F04CNEHC6K5WGMBDH,,65176e185e406afe86027265ecf62409,AGENT,こんにちは、私は株式会社クレッセントのアシスタント、ゲッペイと申します。ライブ配信などで活用できるVolu☆ME!や、業界最高水準のモーションキャプチャシステムViconについてご紹介できます。,,2026-04-28 07:54:34.863589+08:00
01KQ8PBQ6Q6C4NAJXDGP542A9H,,296de9f4b4eb68a32ae3d56c04953e55,AGENT,こんにちは！私、株式会社クレッセントのアシスタント、ゲッペイと申します。ライブ配信などで活用できるVolu☆ME!や、業界最高水準のモーションキャプチャシステムViconについてお話しできます。,,2026-04-28 08:03:29.404756+08:00
01KQ8PNWN0NE24BAZDHXVQ0TC7,,65176e185e406afe86027265ecf62409,AGENT,こんにちは、私は株式会社クレッセントのアシスタント、ゲッペイと申します。ライブ配信などで活用できるVolu☆ME!や、業界最高水準のモーションキャプチャシステムViconについてご紹介できます。,,2026-04-28 08:09:03.955373+08:00
01KQ8PPNJQ2J7PZV7G3WP1Z9RX,,17b2d977e8b540d1ff45fbc008c0d819,AGENT,初めまして。私、株式会社クレッセントのアシスタント、ゲッペイと申します。ライブ配信などで活用できるVolu☆ME!や、業界最高水準のモーションキャプチャシステムViconについてご紹介できます。,,2026-04-28 08:09:48.854176+08:00
01KQ8Q8VE42KR0Z75HCSQTP21H,,1ed8d1af5674eb28d01dd2abf963193f,AGENT,株式会社クレッセントのアシスタント、ゲッペイと申します。ライブ配信などで活用できるVolu☆ME!と、業界最高水準のモーションキャプチャシステムViconについてご紹介できます。,,2026-04-28 08:19:25.688483+08:00
01KQ8S20K470DCM1QEDM38RSNE,,4459cdf3f830024d140b621365cb70c0,AGENT,[user]様、こんにちは。株式会社クレッセントのアシスタント、ゲッペイと申します。ライブ配信などで活用できるVolu☆ME!や、業界最高水準のモーションキャプチャシステムViconなどについてご案内できます。,,2026-04-28 08:50:37.730346+08:00
01KQ8SD43Q5FMWXV7HRJBWQA9A,,5dc67962a9e697ade19e30b326a5c599,AGENT,初めまして。私、株式会社クレッセントのアシスタント、ゲッペイと申します。ライブ配信などで活用できるVolu☆ME!や、業界最高水準のモーションキャプチャシステムViconについてご紹介できます。,,2026-04-28 08:56:41.178765+08:00
01KQ8SH9YZD48V5AD9CMRSA1XF,,274efea7e8ac7610601b8dc25dcac5f8,AGENT,こんにちは、私は株式会社クレッセントのアシスタント、ゲッペイと申します。ライブ配信などで活用できるVolu☆ME!や、業界最高水準のモーションキャプチャシステムViconについてお話しできます。,,2026-04-28 08:59:02.201125+08:00
01KQ8SJPK40343PHNNNV3QVTGQ,,c94e3bb1c8c1352bda84b779718d133e,AGENT,こんにちは！株式会社クレッセントのアシスタント、月餅（ゲッペイ）と申します。ライブ配信などで活用できるVolu☆ME!と業界最高水準のモーションキャプチャシステムViconについてご紹介できます。,,2026-04-28 08:59:43.849032+08:00
01KQ8T8D4FYJ1K7G7WVTGP9Y6V,,c94e3bb1c8c1352bda84b779718d133e,AGENT,株式会社クレッセントのアシスタント、ゲッペイと申します。ライブ配信などで活用できるVolu☆ME!と、業界最高水準のモーションキャプチャシステムViconについてご紹介できます。,,2026-04-28 09:11:34.949483+08:00
01KQ8TASNPDEX8KB0A3F00SKHM,,962c5d6f9fbe5028bed545303659a79b,AGENT,こんにちは。株式会社クレッセントのアシスタント、ゲッペイと申します。ライブ配信などで活用できるVolu☆ME!や、業界最高水準のモーションキャプチャシステムViconについてご紹介できます。,,2026-04-28 09:12:54.017115+08:00
01KQ8TCVRZ9S0WFX7RP2R5ZKHX,,962c5d6f9fbe5028bed545303659a79b,AGENT,クレッセントのアシスタント、ゲッペイと申します！ ライブ配信などで活用できるVolu☆ME!と業界最高水準のモーションキャプチャシステムViconについてご紹介できます。,,2026-04-28 09:14:00.870348+08:00
01KQ8THZN4R5P7XRC6A2RVC9C5,,c1514b76e61c7ac9f2c7576b0cc58a9a,AGENT,はじめまして！ 私、株式会社クレッセントのアシスタント、ゲッペイと申します。ライブ配信などで活用できるVolu☆ME!、2026年最新スタジオ、どちらにご興味がございますか？,,2026-04-28 09:16:49.573538+08:00
01KQ8TJ77SD03NV60KDMFC97FZ,,41da98ca5bcd91d8fe071165e664b8f0,AGENT,"月餅と申します。株式会社クレッセントのアシスタントです。
ライブ配信などで活用できるVolu☆ME!、業界最高水準のモーションキャプチャシステムViconについてご紹介できます。",,2026-04-28 09:16:57.139365+08:00
01KQ8TSE2W9ZGSMXPNEAYQFBJ8,,c94e3bb1c8c1352bda84b779718d133e,AGENT,"月餅と申します。株式会社クレッセントのアシスタントです。

ライブ配信などで活用できるVolu☆ME!や、業界最高水準のモーションキャプチャシステムViconについてご興味はありませんか？",,2026-04-28 09:20:53.031140+08:00
01KQ8V7TEMN6CDG184XBWF9VCB,,828f8113489c82be2983b480e1ef33b1,AGENT,こんにちは！私、株式会社クレッセントのアシスタント、ゲッペイと申します。ライブ配信などで活用できるVolu☆ME!、業界最高水準のモーションキャプチャシステムViconにご興味はありませんか？,,2026-04-28 09:28:47.760629+08:00
01KQ8VATW0X25M21CKD387Z32D,,1bf0b23d0b30dd2a43489dcccbe1d57d,AGENT,はじめまして、私は株式会社クレッセントのアシスタント、ゲッペイと申します。ライブ配信などで活用できるVolu☆ME!や、業界最高水準のモーションキャプチャシステムViconについてご紹介できます。,,2026-04-28 09:30:22.944034+08:00
01KQ8VCRER1QGW47F158Y4V697,,f7f0dd9be9e069e39153abafb26064c7,AGENT,ようこそお越しくださいました！私は株式会社クレッセントのアシスタント、ゲッペイと申します。ライブ配信などで活用できるVolu☆ME!、または業界最高水準のモーションキャプチャシステムViconにご興味はございますか？,,2026-04-28 09:31:27.814621+08:00
01KQ8VFVD5E6X30BZDEFN5XNMR,,ee3cc77c652a52c7ae44c903ef39d9a8,AGENT,はじめまして。私、株式会社クレッセントのアシスタント、ゲッペイと申します。ライブ配信などで活用できるVolu☆ME!、業界最高水準のモーションキャプチャシステムViconなど、ご興味はございますか。,,2026-04-28 09:33:08.989758+08:00
01KQ8VJS6HQY1PR3JBV99XGPH3,,ee3cc77c652a52c7ae44c903ef39d9a8,AGENT,"ようこそ！ 株式会社クレッセントのアシスタント、ゲッペイと申します。
ライブ配信などで活用できるVolu☆ME!、業界最高水準のモーションキャプチャシステムViconにご興味はございますか？",,2026-04-28 09:34:44.082859+08:00
01KQ8W4496M5F539P2DC4810X8,,80ac823de92129af0d9db9fa1dbf5bdc,AGENT,こんにちは！ 株式会社クレッセントのアシスタント、月餅です。ライブ配信などで活用できるVolu☆ME!、業界最高水準のモーションキャプチャシステムViconなどがございますが、どの情報にご興味がありますか？,,2026-04-28 09:44:13.232163+08:00
01KQ8W5DZZY1G7B5NH5W3CE2N3,,906e15aace06623ce6a6c1ac5594b258,AGENT,株式会社クレッセントのアシスタント、ゲッペイと申します。ライブ配信などで活用できるVolu☆ME!と、業界最高水準のモーションキャプチャシステムViconについてご紹介できます。,,2026-04-28 09:44:54.172871+08:00
01KQ8W9W5PED4NE87GKBTD5ZNR,,8c07eecb8310630fbed3eded48df1c06,AGENT,株式会社クレッセントのゲッペイと申します。ライブ配信などで活用できるVolu☆ME!、2026年最新スタジオについてご案内できます。,,2026-04-28 09:47:20.011011+08:00
01KQ8XRKHAFEC4Y0MB859X6952,,7d391e775b6b2cebb5c9440dc026001d,AGENT,こんにちは！ 株式会社クレッセントのアシスタント、月餅（ゲッペイ）と申します。ライブ配信などで活用できるVolu☆ME!、業界最高水準のモーションキャプチャシステムViconなど、弊社サービスについてお気軽にお尋ねください。,,2026-04-28 10:12:51.591161+08:00
01KQ8XTV81PN1RBKVVYH70Z6M9,,c94e3bb1c8c1352bda84b779718d133e,AGENT,皆様、こんにちは。株式会社クレッセントのアシスタント、ゲッペイと申します。ライブ配信などで活用できるVolu☆ME!、そして業界最高水準のモーションキャプチャシステムViconについてご紹介できますが、どちらにご興味がございますか？,,2026-04-28 10:14:04.988391+08:00
01KQ8XVS3A6EHW321AW9BA6DQS,,99c52fd2cf25e99df2a17c0dda1859de,AGENT,"お客様、こんにちは！私は株式会社クレッセントのアシスタント、ゲッペイと申します。

ライブ配信などで活用できるVolu☆ME!、または業界最高水準のモーションキャプチャシステムViconにご興味はございませんか？",,2026-04-28 10:14:41.589493+08:00
01KQ8Y7EASPRARDAZ7TD0WQF90,,8c8891fbd372a774ff75e18201e03dd9,AGENT,こんにちは！私、株式会社クレッセントのアシスタント、ゲッペイと申します。ライブ配信などで活用できるVolu☆ME!と、業界最高水準のモーションキャプチャシステムViconにご興味はございますか？,,2026-04-28 10:20:59.716918+08:00
01KQ8YQK1Z4SP6W29BZNC46QCW,,ea44c48c8a9053407d24eef4874ea081,AGENT,初めまして。私、株式会社クレッセントのアシスタント、ゲッペイと申します。ライブ配信などで活用できるVolu☆ME!、2026年最新スタジオにご興味はございませんか？,,2026-04-28 10:29:47.486014+08:00
01KQ8ZEXYWYGKTPDRJMVTTABPM,,0dd8cf8b0472ac92eade228c6d1d4085,AGENT,初めまして。私、株式会社クレッセントのアシスタント、ゲッペイと申します。ライブ配信などで活用できるVolu☆ME!と、業界最高水準のモーションキャプチャシステムViconについてご紹介できます。,,2026-04-28 10:42:32.807773+08:00
01KQ8ZNR95QGFM7MBM1T7CXC0H,,ce5afa221adfbb00b6b53fa3e203df2a,AGENT,株式会社クレッセントのアシスタント、ゲッペイと申します。ライブ配信などで活用できるVolu☆ME!や、業界最高水準のモーションキャプチャシステムViconについてお話しできます。,,2026-04-28 10:46:17.378574+08:00
01KQ8ZR48GJW4JQ9XC9AZYCNZF,,ce5afa221adfbb00b6b53fa3e203df2a,AGENT,株式会社クレッセントのアシスタント、月餅と申します。ライブ配信などで活用できるVolu☆ME!、業界最高水準のモーションキャプチャシステムViconなどがございます。,,2026-04-28 10:47:33.833002+08:00
01KQ903YG8WY2W96KVWREGPF2S,,b939b1a45d64d4cda82108dfa6cf5acb,AGENT,月餅と申します。株式会社クレッセントのアシスタントです。ライブ配信などで活用できるVolu☆ME!と、業界最高水準のモーションキャプチャシステムViconについてご紹介できます。,,2026-04-28 10:54:00.536393+08:00
01KQ905MN07RE1KHTD1NZYC1TS,,fcef929b7473d37f4d302522f8373d36,AGENT,株式会社クレッセントのアシスタント、ゲッペイと申します。ライブ配信などで活用できるVolu☆ME!や、業界最高水準のモーションキャプチャシステムViconについてご紹介できます。,,2026-04-28 10:54:57.073841+08:00
01KQ907EVDNE2GRT8N498R5Z49,,ce5afa221adfbb00b6b53fa3e203df2a,AGENT,はじめまして。株式会社クレッセントのアシスタント、ゲッペイと申します。ライブ配信などで活用できるVolu☆ME!と、業界最高水準のモーションキャプチャシステムViconについてご紹介できますが、どちらにご興味がありますか？,,2026-04-28 10:55:56.300866+08:00
01KQ90CFN6TPFX1T5GHDB8Y3AZ,,5809d5c02544f4ad1f94ae2fa1f914d6,AGENT,はじめまして。私、株式会社クレッセントのアシスタント、ゲッペイと申します。ライブ配信などで活用できるVolu☆ME!や、業界最高水準のモーションキャプチャシステムViconなど、クレッセントの最新技術にご興味はございますか？,,2026-04-28 10:58:40.642214+08:00
01KQ90Q6N019CD8KYNWVJ27JNC,,ce5afa221adfbb00b6b53fa3e203df2a,AGENT,株式会社クレッセントのアシスタント、ゲッペイと申します。ライブ配信などで活用できるVolu☆ME!や、業界最高水準のモーションキャプチャシステムViconについてご紹介できます。,,2026-04-28 11:04:32.209536+08:00
01KQ90WKHWQVB35JG7HT8AXMW3,,ffb353a2dad780b394ac75c2b960cd21,AGENT,初めまして。株式会社クレッセントのアシスタント、ゲッペイと申します。ライブ配信などで活用できるVolu☆ME!、業界最高水準のモーションキャプチャシステムViconについてご案内できます。,,2026-04-28 11:07:29.435310+08:00
01KQ90Y8HB3B054NAHCG5J7VSQ,,0162a76180e5258e237f587821767c15,AGENT,はじめまして。私は株式会社クレッセントのアシスタント、ゲッペイと申します。ライブ配信などで活用できるVolu☆ME!、そして業界最高水準のモーションキャプチャシステムViconについてご紹介できます。,,2026-04-28 11:08:22.405214+08:00
01KQ90ZAG9BHMB616EH370J8TY,,2d6bd15745592a1178eaf74c254ced7b,AGENT,こんにちは！クレッセントのアシスタント、ゲッペイと申します。ライブ配信などで活用できるVolu☆ME!や、業界最高水準のモーションキャプチャシステムViconについてご紹介できます。,,2026-04-28 11:08:57.893124+08:00
01KQ9173BH16X27ABXD2T9QHNB,,868243a12bb720054a0c8d6ab512aa2e,AGENT,こんにちは！私は株式会社クレッセントのアシスタント、ゲッペイです。ライブ配信などで活用できるVolu☆ME!や、業界最高水準のモーションキャプチャシステムViconについてお話しできます。,,2026-04-28 11:13:13.300641+08:00
01KQ91GWTJRJJJ2BQTCHWPP86E,,7d6340e3ae619aca016389e0bcd7b946,AGENT,こんにちは！私、株式会社クレッセントのアシスタント、ゲッペイと申します。ライブ配信などで活用できるVolu☆ME!や、業界最高水準のモーションキャプチャシステムViconについてご紹介できます。,,2026-04-28 11:26:25.395439+08:00
01KQ91TFNFPRJA4J52F5411PB6,,e28d26a2e9b21a1e041fe077c185c76c,AGENT,お客様、こんにちは。私、株式会社クレッセントのアシスタント、ゲッペイと申します。ライブ配信などで活用できるVolu☆ME!や、業界最高水準のモーションキャプチャシステムViconについてご紹介できます。,,2026-04-28 11:23:48.387955+08:00
01KQ923H5AFE7M4BR9XC19DPF1,,f5785859a7c60dbd4ad3b1f59a23b6dc,AGENT,クレッセントのアシスタント、ゲッペイと申します。ライブ配信などで活用できるVolu☆ME!、業界最高水準のモーションキャプチャシステムViconなど、クレッセントの最新技術にご興味はございますか。,,2026-04-28 11:28:44.153563+08:00
01KQ924G1M45S15KCT0P5H1120,,e9d99fe25ae79df791e63bd3a3e14a22,AGENT,はじめまして。株式会社クレッセントのアシスタント、ゲッペイと申します。ライブ配信などで活用できるVolu☆ME!と、業界最高水準のモーションキャプチャシステムViconにご興味はありますでしょうか？,,2026-04-28 11:29:16.520071+08:00
01KQ924QG7XZC8HP6NB918EZ3T,,e9d99fe25ae79df791e63bd3a3e14a22,AGENT,こんにちは！ 私、クレッセントのゲッペイと申します。ライブ配信などで活用できるVolu☆ME!、業界最高水準のモーションキャプチャシステムViconなどがございますが、どちらにご興味がございますか？,,2026-04-28 11:29:23.331028+08:00
01KQ926465F7B2PJRBATFHBNRZ,,e9d99fe25ae79df791e63bd3a3e14a22,AGENT,皆様、こんにちは！ 株式会社クレッセントのアシスタント、ゲッペイと申します。ライブ配信などで活用できるVolu☆ME!や、業界最高水準のモーションキャプチャシステムViconについてお話しできます。,,2026-04-28 11:30:10.203219+08:00
01KQ9283FFNFMYQHEA48EJQNBS,,7840c1c80441af2750c7532e53c6e143,AGENT,こんにちは。株式会社クレッセントのアシスタント、ゲッペイと申します。ライブ配信などで活用できるVolu☆ME!、業界最高水準のモーションキャプチャシステムViconなど、クレッセントの最新技術にご興味はございますか？,,2026-04-28 11:31:13.558522+08:00
01KQ92DD76WTTYZ3G1JBKX2VY7,,7b51ce0a8d96421e31f73e0413dfdc3c,AGENT,"はじめまして、月餅と申します。株式会社クレッセントのアシスタントをしております。

ライブ配信などで活用できるVolu☆ME!、2026年最新スタジオについてご興味はございますか？",,2026-04-28 11:34:06.016414+08:00
01KQ92FVZAPB0RG46B1M0KBBJ2,,37aaf20e92d813fb84c78482bdc20f00,AGENT,初めまして！ 私、株式会社クレッセントのアシスタント、ゲッペイと申します。ライブ配信などで活用できるVolu☆ME!、業界最高水準のモーションキャプチャシステムViconなど、クレッセントの最新技術とサービスについて、お気軽にお尋ねください。,,2026-04-28 11:35:29.553713+08:00
01KQ932ZHZQ81J7P1ZB237C1QE,,c09e16e99d6985135a261fbc38167d1e,AGENT,株式会社クレッセントのアシスタント、ゲッペイと申します。ライブ配信などで活用できるVolu☆ME!と、業界最高水準のモーションキャプチャシステムViconについてご紹介できます。,,2026-04-28 11:45:55.579575+08:00
01KQ93517NG1PPQZQHJWB0J7QE,,eb8d198624f550c33b2d7d81f36b3277,AGENT,こんにちは！ 私、クレッセントのアシスタント、ゲッペイと申します。ライブ配信などで活用できるVolu☆ME!と、業界最高水準のモーションキャプチャシステムViconについてご紹介できます。,,2026-04-28 11:47:01.093779+08:00
01KQ93DEY5E6F93W6PVA8HZZCB,,b11847e3f9ec908895987c421e4eb5bf,AGENT,月餅と申します。株式会社クレッセントのアシスタントです。ライブ配信などで活用できるVolu☆ME!と、業界最高水準のモーションキャプチャシステムViconについてご紹介できます。,,2026-04-28 11:51:41.384103+08:00
01KQ93GEC2N6PY7PQBNMR4R6JY,,c09e16e99d6985135a261fbc38167d1e,AGENT,初めまして、私は株式会社クレッセントのアシスタント、月餅（ゲッペイ）と申します。ライブ配信などで活用できるVolu☆ME!、または業界最高水準のモーションキャプチャシステムViconについてご興味はございますか？,,2026-04-28 11:53:16.401040+08:00
01KQ93RZQVDT5XVF94CBA65K6A,,b11847e3f9ec908895987c421e4eb5bf,AGENT,お客様、こんにちは！株式会社クレッセントのアシスタント、ゲッペイと申します。ライブ配信などで活用できるVolu☆ME!、そして業界最高水準のモーションキャプチャシステムViconについてご紹介できます。,,2026-04-28 11:57:53.768754+08:00
01KQ93YPFQVFX1ZK7ZY9FVPEMR,,49637fdbc55e8ae3d1b71ed210052049,AGENT,はじめまして。株式会社クレッセントのアシスタント、ゲッペイと申します。ライブ配信などで活用できるVolu☆ME!や、業界最高水準のモーションキャプチャシステムViconについてご興味はございませんか？,,2026-04-28 12:05:19.498939+08:00
01KQ94G898S6DJASKTN2H08T5K,,ecafdd0abf2443008ebd6ac04e62d025,AGENT,月餅と申します。株式会社クレッセントのアシスタントです。ライブ配信などで活用できるVolu☆ME!や、業界最高水準のモーションキャプチャシステムViconについてお話しできます。,,2026-04-28 12:10:46.469807+08:00
01KQ954ABXDPHVT5JG0TPPJ6EM,,6c31cc973d5741f840d47879fb8202d3,AGENT,こんにちは！ 私、クレッセントのアシスタント、ゲッペイと申します。 ライブ配信などで活用できるVolu☆ME!や、業界最高水準のモーションキャプチャシステムViconについてご紹介できます。,,2026-04-28 12:21:37.257548+08:00
01KQ958GBV2FE0Q964A754X13J,,7984ed3f18d7aa538b56f3df8b0ffff8,AGENT,皆様、こんにちは！ 株式会社クレッセントのアシスタント、ゲッペイと申します。ライブ配信などで活用できるVolu☆ME!や、業界最高水準のモーションキャプチャシステムViconについてご紹介できます。,,2026-04-28 12:23:53.324822+08:00
01KQ95MD7VVS50HTAXVRNX1ZP3,,99c52fd2cf25e99df2a17c0dda1859de,AGENT,こんにちは。私は株式会社クレッセントのアシスタント、ゲッペイと申します。ライブ配信などで活用できるVolu☆ME!と業界最高水準のモーションキャプチャシステムViconについてご紹介できますが、どちらにご興味がありますか？,,2026-04-28 12:30:29.872793+08:00
01KQ95T9F5XV58R1XHGSXX5PHG,,6f4ecf0c714b8f443f5a7ce623feaf62,AGENT,はじめまして。株式会社クレッセントのアシスタント、ゲッペイと申します。ライブ配信などで活用できるVolu☆ME!と、業界最高水準のモーションキャプチャシステムViconについてご紹介できます。,,2026-04-28 12:33:35.735214+08:00
01KQ95TJKQN0AXR8M1PK8A1ZH8,,865d4111471dffb703e75695a733e10e,AGENT,クレッセントのアシスタント、ゲッペイと申します。ライブ配信などで活用できるVolu☆ME!や、業界最高水準のモーションキャプチャシステムViconについてご興味はございますか？,,2026-04-28 12:33:47.828890+08:00
01KQ95TZ3YK5Y626E3K3KZ01FE,,865d4111471dffb703e75695a733e10e,AGENT,皆様、こんにちは。株式会社クレッセントのアシスタント、ゲッペイと申します。ライブ配信などで活用できるVolu☆ME!、業界最高水準のモーションキャプチャシステムViconなど、弊社に関するご質問がありましたらお気軽にお尋ねください。,,2026-04-28 12:33:58.057456+08:00
01KQ9610XMNF38QWGNPT1HP6HG,,26fd4ce993384ceac0569db7e82883e6,AGENT,こんにちは、私は株式会社クレッセントのアシスタント、ゲッペイと申します。ライブ配信などで活用できるVolu☆ME!や、業界最高水準のモーションキャプチャシステムViconについてご紹介できます。,,2026-04-28 12:37:16.034747+08:00
01KQ9623NRHCQFQF4961WEGCN5,,f76435ca4283048ec4f8eec9aa1a5033,AGENT,はじめまして。株式会社クレッセントのアシスタント、ゲッペイと申します。ライブ配信などで活用できるVolu☆ME!と、業界最高水準のモーションキャプチャシステムViconについてご紹介できます。,,2026-04-28 12:39:48.507642+08:00
01KQ965ZHGFGT8T96JW2GCZBXC,,8f129c8565c73356a55adf35e85eb993,AGENT,はじめまして。株式会社クレッセントのアシスタント、ゲッペイと申します。ライブ配信などで活用できるVolu☆ME!と、業界最高水準のモーションキャプチャシステムViconにご興味はございますか？,,2026-04-28 12:39:58.746505+08:00
01KQ9688Z9SY7PG8RSPN7QKA5H,,f1089015af215f13829fbc68129c69ff,AGENT,こんにちは！ 株式会社クレッセントのアシスタント、月餅です。ライブ配信などで活用できるVolu☆ME!と、業界最高水準のモーションキャプチャシステムViconにご興味はございますか？,,2026-04-28 12:41:21.418684+08:00
01KQ96SEWZS0TMZ9T0081GGRHW,,3b3eaa4f357da9add17cc1ae1698c6bb,AGENT,こんにちは！ 株式会社クレッセントのアシスタント、月餅です。何かお困りですか？ ライブ配信などで活用できるVolu☆ME!と業界最高水準のモーションキャプチャシステムViconについてご紹介できます。,,2026-04-28 12:50:36.768063+08:00
01KQ9713VFB2N47FC3TF857DG4,,617607bf8ec437d931c7beb368ec5b20,AGENT,株式会社クレッセントのアシスタント、ゲッペイと申します。ライブ配信などで活用できるVolu☆ME!や、業界最高水準のモーションキャプチャシステムViconについてご紹介できます。,,2026-04-28 12:54:54.326330+08:00
01KQ973JE4010G9XPA9R9YM4J9,,8628fd87a564e2d370e9fe7a0b348d44,AGENT,こんにちは！株式会社クレッセントのアシスタント、月餅です。ライブ配信などで活用できるVolu☆ME!や、業界最高水準のモーションキャプチャシステムViconについてご紹介できます。,,2026-04-28 12:56:07.466899+08:00
01KQ973VR3KTFN3AD8Z9WSPC52,,fe3e407d1fc9a3ca2ed6e32eccea2588,AGENT,月餅と申します。株式会社クレッセントのアシスタントをしております。何かご不明な点はございませんか？,,2026-04-28 12:56:17.186288+08:00
01KQ973YWKMQY552XH0P23CME5,,fe3e407d1fc9a3ca2ed6e32eccea2588,AGENT,こんにちは、私は株式会社クレッセントのアシスタント、ゲッペイと申します。ライブ配信などで活用できるVolu☆ME!や、業界最高水準のモーションキャプチャシステムViconについてご紹介できます。,,2026-04-28 12:56:20.211306+08:00
01KQ974XXQ5AYMY63ZS4MDS7SD,,fe3e407d1fc9a3ca2ed6e32eccea2588,AGENT,"こんにちは！株式会社クレッセントのアシスタント、ゲッペイと申します。

ライブ配信などで活用できるVolu☆ME!と業界最高水準のモーションキャプチャシステムViconについてご紹介できますが、ご興味はございますか？",,2026-04-28 12:56:59.872861+08:00
01KQ975ZCG14641NPAGT0N257X,,fe3e407d1fc9a3ca2ed6e32eccea2588,AGENT,こんにちは。私、株式会社クレッセントのアシスタント、ゲッペイと申します。ライブ配信などで活用できるVolu☆ME!、業界最高水準のモーションキャプチャシステムViconにご興味はございますか？,,2026-04-28 12:57:26.101241+08:00
01KQ97C0WPF21VCYZDHR7FD3JB,,7d391e775b6b2cebb5c9440dc026001d,AGENT,こんにちは！ 株式会社クレッセントのアシスタント、ゲッペイと申します。ライブ配信などで活用できるVolu☆ME!や、業界最高水準のモーションキャプチャシステムViconについてご紹介できます。,,2026-04-28 13:00:45.066380+08:00
01KQ97TFV3DYYCGQYC447E3P58,,569a89c549dad2360023b45656080de8,AGENT,こんにちは、私は株式会社クレッセントのアシスタント、ゲッペイです。ライブ配信などで活用できるVolu☆ME!や、業界最高水準のモーションキャプチャシステムViconについてお話しできます。,,2026-04-28 13:08:38.468100+08:00
01KQ97XWHQ7FG41TXVTRRKDCG6,,4d963d4d1692533e9939ee99de029db5,AGENT,いらっしゃいませ。わたくしは株式会社クレッセントのアシスタント、ゲッペイと申します。ライブ配信などで活用できるVolu☆ME!、業界最高水準のモーションキャプチャシステムViconなどがございますが、ご興味はございますか？,,2026-04-28 13:10:32.132552+08:00
01KQ97Y5H1X3TQZ7NJ91BTYWZC,,4d963d4d1692533e9939ee99de029db5,AGENT,初めまして、私は株式会社クレッセントのアシスタント「ゲッペイ」と申します。ライブ配信などで活用できるVolu☆ME!と、業界最高水準のモーションキャプチャシステムViconについてご紹介できます。,,2026-04-28 13:10:40.276340+08:00
01KQ97YYK67VPP3WX7Z9YE7C8P,,79cdd436b3013662b55b632cc83156b0,AGENT,ようこそ！ 私は株式会社クレッセントのアシスタント、ゲッペイと申します。ライブ配信などで活用できるVolu☆ME!、業界最高水準のモーションキャプチャシステムViconなど、弊社について何かご興味はございますか？,,2026-04-28 13:11:06.162218+08:00
01KQ98D7Y1QTX83D0B39E8H5RS,,7840c1c80441af2750c7532e53c6e143,AGENT,株式会社クレッセントのアシスタント、ゲッペイと申します。ライブ配信などで活用できるVolu☆ME!と、業界最高水準のモーションキャプチャシステムViconにご興味はありませんか？,,2026-04-28 13:19:17.308950+08:00
01KQ98D9BTTNW92QTS7QW808FE,,7840c1c80441af2750c7532e53c6e143,AGENT,初めまして。私、株式会社クレッセントのアシスタント、ゲッペイと申します。ライブ配信などで活用できるVolu☆ME!や、業界最高水準のモーションキャプチャシステムViconについてご紹介できます。,,2026-04-28 13:21:20.315169+08:00
01KQ98VQ2ZNTM0XDWQY6YCC8DP,,c74dbafd3443ea229945e3ee39d89a3b,AGENT,皆様、こんにちは！ 株式会社クレッセントのアシスタント、ゲッペイと申します。ライブ配信などで活用できるVolu☆ME!、業界最高水準のモーションキャプチャシステムViconについてご紹介できます。,,2026-04-28 13:26:50.771058+08:00
01KQ98WPXV25ZDDNHT44TX2VPQ,,b1d4300c60ab74dd820ac8cf5e2e37a7,AGENT,こんにちは。株式会社クレッセントのアシスタント、ゲッペイと申します。ライブ配信などで活用できるVolu☆ME!や、業界最高水準のモーションキャプチャシステムViconについてご紹介できます。,,2026-04-28 13:27:31.461972+08:00
01KQ98Y2716Y0W7MCWS2EZ5W23,,b4fbab05b7f53a4324f8b97d3cab0132,AGENT,皆様、こんにちは。私、株式会社クレッセントのアシスタント、ゲッペイと申します。ライブ配信などで活用できるVolu☆ME!や、業界最高水準のモーションキャプチャシステムViconについてお話しできます。,,2026-04-28 13:28:06.470436+08:00
01KQ991QGRXCYA4T8NW6X5HN8A,,dd7bb48eefaf535b371aa9556a96d508,AGENT,こんにちは！私はクレッセントのアシスタント、月餅です。ライブ配信などで活用できるVolu☆ME!や、業界最高水準のモーションキャプチャシステムViconについてご興味はありませんか？,,2026-04-28 13:30:07.194295+08:00
01KQ9954C666TKP7XCDFFYC1QY,,b1d4300c60ab74dd820ac8cf5e2e37a7,AGENT,初めまして。株式会社クレッセントのアシスタント、ゲッペイと申します。ライブ配信などで活用できるVolu☆ME!、業界最高水準のモーションキャプチャシステムViconなど、弊社サービスについてお気軽にお尋ねください。,,2026-04-28 13:32:02.624387+08:00
01KQ99PGPQG7YT1T0E07WP0M33,,962c5d6f9fbe5028bed545303659a79b,AGENT,株式会社クレッセントのアシスタント、ゲッペイと申します。ライブ配信などで活用できるVolu☆ME!と、業界最高水準のモーションキャプチャシステムViconについてご紹介できます。,,2026-04-28 13:41:26.547446+08:00
01KQ99RX6KZA9WT2MCZNY7YBY5,,4d963d4d1692533e9939ee99de029db5,AGENT,こんにちは！ 株式会社クレッセントのアシスタント、ゲッペイと申します。ライブ配信などで活用できるVolu☆ME!や、業界最高水準のモーションキャプチャシステムViconについてご紹介できます。,,2026-04-28 13:42:44.682635+08:00
01KQ99SG7MP5CQJW3DKJ997V8N,,f1089015af215f13829fbc68129c69ff,AGENT,いつもお世話になっております。株式会社クレッセントのアシスタント「ゲッペイ」と申します。ライブ配信などで活用できるVolu☆ME!や、業界最高水準のモーションキャプチャシステムViconなどにご興味はございますか？,,2026-04-28 13:43:04.577766+08:00
01KQ99TYA6DCFYE90HT0XCR2WH,,4d963d4d1692533e9939ee99de029db5,AGENT,こんにちは、私はクレッセントのアシスタント、月餅です。ライブ配信などで活用できるVolu☆ME!と、業界最高水準のモーションキャプチャシステムViconについてご説明できます。,,2026-04-28 13:43:51.316367+08:00
01KQ99XWXSQ064TXTGHM75N06Z,,5fd7822cfbaf01e5ca7e3a2ab516fc27,AGENT,月餅と申します。株式会社クレッセントのアシスタントです。ライブ配信などで活用できるVolu☆ME!と、業界最高水準のモーションキャプチャシステムViconにご興味はありませんか？,,2026-04-28 13:54:11.912395+08:00
01KQ9A9R7765PQCECZHPN0JJTW,,617607bf8ec437d931c7beb368ec5b20,AGENT,株式会社クレッセントのゲッペイと申します。ライブ配信などで活用できるVolu☆ME!や、業界最高水準のモーションキャプチャシステムViconについてご紹介できます。,,2026-04-28 13:51:57.245854+08:00
01KQ9ACKNDG8QG86HTPASVFG98,,f10a6a8f9b91335d826e8d91cd4593aa,AGENT,こんにちは！ 私、クレッセントのゲッペイと申します。ライブ配信などで活用できるVolu☆ME!、業界最高水準のモーションキャプチャシステムViconなど、クレッセントの最新技術にご興味はありますか？,,2026-04-28 13:53:29.584156+08:00
01KQ9ANHT6QE6QDT91FEKCW5M7,,a4362ba57f108ca6492ac5a1e51c146b,AGENT,皆様、こんにちは！ 株式会社クレッセントのアシスタント、ゲッペイと申します。ライブ配信などで活用できるVolu☆ME!や、業界最高水準のモーションキャプチャシステムViconについてお話しできます。,,2026-04-28 13:58:22.913278+08:00
01KQ9ANPX1WTNWPVE6BNGVK5ZB,,c1dd30dc9ee639e1fc4e64a91bd258fe,AGENT,こんにちは！私は株式会社クレッセントのアシスタント、ゲッペイと申します。ライブ配信などで活用できるVolu☆ME!と、業界最高水準のモーションキャプチャシステムViconにご興味はございますか？,,2026-04-28 13:59:07.330643+08:00
01KQ9B2SEHPRJ3GHX9V1KBWW9X,,88bbd8d67dd5f5b57897f6680ea27852,AGENT,はじめまして。私、株式会社クレッセントのアシスタント、ゲッペイと申します。ライブ配信などで活用できるVolu☆ME!、業界最高水準のモーションキャプチャシステムViconなど、弊社独自の技術で皆様のクリエイティブをサポートいたします。,,2026-04-28 14:05:40.420214+08:00
01KQ9BEGP8VJG0HW9J41FTM8CJ,,929e0b2208ffc52116437cabb7bc73ab,AGENT,"月餅と申します。株式会社クレッセントのアシスタントをしております。

ライブ配信などで活用できるVolu☆ME!や、業界最高水準のモーションキャプチャシステムViconにご興味はありませんか？",,2026-04-28 14:12:03.503928+08:00
01KQ9BRT5NNGRM44HKA8HSJYFC,,ec12c8aa40d165997ecb8129261a3040,AGENT,株式会社クレッセントのアシスタント、月餅です。ライブ配信などで活用できるVolu☆ME!や、業界最高水準のモーションキャプチャシステムViconについてご紹介できます。,,2026-04-28 14:17:38.847812+08:00
01KQ9BVX2X3ARQ4GKJE44NHX67,,ee3cc77c652a52c7ae44c903ef39d9a8,AGENT,はじめまして！株式会社クレッセントのアシスタント、ゲッペイと申します。ライブ配信などで活用できるVolu☆ME!や、業界最高水準のモーションキャプチャシステムViconについてご興味はありますか？,,2026-04-28 14:19:23.593348+08:00
01KQ9C1WEA26CYCHFVZTDE3RVZ,,7d27a252b207d8f43779ad7f0eb69783,AGENT,株式会社クレッセントのアシスタント、ゲッペイと申します。ライブ配信などで活用できるVolu☆ME!と、業界最高水準のモーションキャプチャシステムViconについてご紹介できます。,,2026-04-28 14:22:37.004099+08:00
01KQ9CYV6SJFARBK9VG9B9DFC4,,ec12c8aa40d165997ecb8129261a3040,AGENT,皆様、こんにちは。株式会社クレッセントのアシスタント、ゲッペイと申します。ライブ配信などで活用できるVolu☆ME!、そして業界最高水準のモーションキャプチャシステムViconについてご紹介できます。,,2026-04-28 14:38:25.614932+08:00
01KQ9D9H2XGP269SBQDHS18WW6,,5809d5c02544f4ad1f94ae2fa1f914d6,AGENT,はじめまして。私、株式会社クレッセントのアシスタント、ゲッペイと申します。ライブ配信などで活用できるVolu☆ME!、業界最高水準のモーションキャプチャシステムViconなど、弊社にはお客様の課題解決に役立つソリューションがございます。,,2026-04-28 14:44:15.917591+08:00
01KQ9DCJJD9Q0T7JJP2C7GYQKZ,,5abf49019909ffe8ed05ffc4f75d6a66,AGENT,こんにちは！株式会社クレッセントのアシスタント、月餅（ゲッペイ）と申します。ライブ配信などで活用できるVolu☆ME!や、業界最高水準のモーションキャプチャシステムViconについてご紹介できます。,,2026-04-28 14:46:03.044623+08:00
01KQ9DF38P4Q4VG09FBGARC5GF,,5abf49019909ffe8ed05ffc4f75d6a66,AGENT,こんにちは！クレッセントのアシスタント、ゲッペイと申します。ライブ配信などで活用できるVolu☆ME!、そして2026年最新スタジオについてご興味はありますでしょうか？,,2026-04-28 14:47:17.104732+08:00
01KQ9DGTAA8EYRJKQF92KVGM3F,,63500ea1e063710144b9aea2f35cac95,AGENT,株式会社クレッセントのアシスタント、ゲッペイと申します。ライブ配信などで活用できるVolu☆ME!や、業界最高水準のモーションキャプチャシステムViconについてご紹介できます。,,2026-04-28 14:48:12.859265+08:00
01KQ9DT3AM6RA7VGZ1JHCS7VAX,,80ac823de92129af0d9db9fa1dbf5bdc,AGENT,ゲッペイと申します。株式会社クレッセントのアシスタントです。2026年最新スタジオと業界最高水準のモーションキャプチャシステムViconについてご紹介できます。,,2026-04-28 14:53:20.122751+08:00
01KQ9DTF4NM3G61XQJ0WD37XDK,,57f9c9d36d772479f605b5f1b936ba17,AGENT,お客様、こんにちは！私は株式会社クレッセントのアシスタント、ゲッペイと申します。ライブ配信などで活用できるVolu☆ME!、業界最高水準のモーションキャプチャシステムViconなど、クレッセントの最新技術にご興味はございますか？,,2026-04-28 14:53:30.088291+08:00
01KQ9DY4YFPXB8X4SD6799JPR6,,abc5b51441e395b3c11321072fbe9bf3,AGENT,ようこそ、私は株式会社クレッセントのアシスタント、ゲッペイと申します。ライブ配信などで活用できるVolu☆ME!や、業界最高水準のモーションキャプチャシステムViconについてご紹介できます。,,2026-04-28 14:55:33.053857+08:00
01KQ9E7CZJ4SKPVPHYJD5ES5FD,,e287a4881ce00192a72ffcec1e15733f,AGENT,皆様、こんにちは。株式会社クレッセントのアシスタント、ゲッペイと申します。ライブ配信などで活用できるVolu☆ME!や、業界最高水準のモーションキャプチャシステムViconについてご紹介できます。,,2026-04-28 15:00:33.748802+08:00
01KQ9E879SVCRM3EFPFEQ8JD62,,d91d8ddb462699375907ece0f27ee9de,AGENT,株式会社クレッセントのアシスタント、ゲッペイと申します。ライブ配信などで活用できるVolu☆ME!や、業界最高水準のモーションキャプチャシステムViconについてご紹介できます。,,2026-04-28 15:01:02.784366+08:00
01KQ9EMYCB1YRVGPFY5YTGENJ4,,3acb08a91f9738d8a1b48fe050b5bd4a,AGENT,こんにちは！ 私、クレッセントのアシスタント、ゲッペイと申します。ライブ配信などで活用できるVolu☆ME!や、業界最高水準のモーションキャプチャシステムViconについてご紹介できます。,,2026-04-28 15:07:57.923924+08:00
01KQ9F6TN1NB4QJDQ9CTZVHSWE,,5ed1cfae37c29457c72cb54785720ea7,AGENT,こんにちは。私、株式会社クレッセントのアシスタント、ゲッペイと申します。ライブ配信などで活用できるVolu☆ME!や、業界最高水準のモーションキャプチャシステムViconについてご紹介できます。,,2026-04-28 15:17:51.975998+08:00
01KQ9FGPD8W9K861Y2E2XZ2Q00,,0b85522e6eb972a847e68d204bfa3fd0,AGENT,初めまして。私、株式会社クレッセントのアシスタント「ゲッペイ」と申します。ライブ配信などで活用できるVolu☆ME!と、業界最高水準のモーションキャプチャシステムViconにご興味はございますか？,,2026-04-28 15:23:06.123086+08:00
01KQ9FN073W9MNSFFKDZAMNTE8,,813c0d0aa9c04c9b4519788ceb43f0d9,AGENT,ようこそ！株式会社クレッセントのアシスタント、ゲッペイと申します。ライブ配信などで活用できるVolu☆ME!や、業界最高水準のモーションキャプチャシステムViconについてご紹介できます。,,2026-04-28 15:25:27.372517+08:00
01KQ9FVQTYCSHD07YJSRACE040,,7654d2969332a645922f808b335b79c5,AGENT,はじめまして。私は株式会社クレッセントのアシスタント、ゲッペイと申します。ライブ配信などで活用できるVolu☆ME!や、業界最高水準のモーションキャプチャシステムViconについてご紹介できます。,,2026-04-28 15:29:09.505520+08:00
01KQ9G785DH1RD7966MWW4B0DS,,2a824ed48687594f6b511d80b3925529,AGENT,はじめまして。株式会社クレッセントのアシスタント、ゲッペイと申します。ライブ配信などで活用できるVolu☆ME!と、2026年最新スタジオについてご案内できます。,,2026-04-28 15:35:28.041816+08:00
01KQ9GBGQXQG1C25Q7G9JZ1T7N,,8c8891fbd372a774ff75e18201e03dd9,AGENT,ようこそいらっしゃいました。私、株式会社クレッセントのアシスタント、ゲッペイと申します。ライブ配信などで活用できるVolu☆ME!と、業界最高水準のモーションキャプチャシステムViconにご興味はございますか？,,2026-04-28 15:37:47.590695+08:00
01KQ9GC6G0SCM1BHJYJ6W43R19,,01219f9368e990509de315460e532b54,AGENT,ゲッペイと申します。株式会社クレッセントのアシスタントです。ライブ配信などで活用できるVolu☆ME!や、業界最高水準のモーションキャプチャシステムViconについてお話しできます。,,2026-04-28 15:38:09.093817+08:00
01KQ9GD6XK5HW696VT20TYGDDR,,01219f9368e990509de315460e532b54,AGENT,株式会社クレッセントのアシスタント、ゲッペイと申します。ライブ配信などで活用できるVolu☆ME!と、業界最高水準のモーションキャプチャシステムViconについてご紹介できます。,,2026-04-28 15:38:41.219633+08:00
01KQ9GDDJHT9W20Q09NJMCF8TJ,,01219f9368e990509de315460e532b54,AGENT,こんにちは！ 私、クレッセントのアシスタント、ゲッペイと申します。ライブ配信などで活用できるVolu☆ME!と、2026年最新スタジオについてご紹介できます。,,2026-04-28 15:38:48.910551+08:00
01KQ9GN9YRRYF4J8CV4GP80RVN,,1aaba6669243a341f17992e94393fc7d,AGENT,株式会社クレッセントのアシスタント、ゲッペイと申します。ライブ配信などで活用できるVolu☆ME!と、業界最高水準のモーションキャプチャシステムViconについてご紹介できます。,,2026-04-28 15:43:07.889283+08:00
01KQ9HJY6YPTNC5AX8V4XSKE62,,d00f3dcfdd5509b3e6c8cead490d36d8,AGENT,こんにちは！株式会社クレッセントのアシスタント、月餅（ゲッペイ）と申します。ライブ配信などで活用できるVolu☆ME!や、業界最高水準のモーションキャプチャシステムViconについてご紹介できます。,,2026-04-28 15:59:16.862954+08:00
01KQ9HSJ4HRXQ499DKSAWTVTG7,,2f1dd652111aed063e5606b74680c4f5,AGENT,こんにちは！株式会社クレッセントのアシスタント、ゲッペイと申します。ライブ配信などで活用できるVolu☆ME!や、業界最高水準のモーションキャプチャシステムViconについてご紹介できます。,,2026-04-28 16:02:55.604653+08:00
01KQ9HSNVASG66ZW3F8BGQ1NQ1,,b49a6fac6e5d9388d9e4bfc951a06335,AGENT,こんにちは！ 株式会社クレッセントのアシスタント、ゲッペイと申します。ライブ配信などで活用できるVolu☆ME!や、業界最高水準のモーションキャプチャシステムViconにご興味はありませんか？,,2026-04-28 16:02:58.842666+08:00
01KQ9J06RZQ4QWHCJADQYPWSC1,,c5f841bd7758a920d45ee56834d4f4a1,AGENT,株式会社クレッセントのアシスタント、ゲッペイと申します。ライブ配信などで活用できるVolu☆ME!と、業界最高水準のモーションキャプチャシステムViconについてご紹介できます。,,2026-04-28 16:06:31.613843+08:00
01KQ9J326WJC91GENRFR3T8QGA,,098018ad759df52e06fe779307d5c2ca,AGENT,こんにちは、私は株式会社クレッセントのアシスタント、ゲッペイと申します。ライブ配信などで活用できるVolu☆ME!や、業界最高水準のモーションキャプチャシステムViconについてご興味はございますか？,,2026-04-28 16:08:05.864573+08:00
01KQ9JBFA5A8P793ASBY3A1R6D,,98d2c06c1ee7dba07ee1b99f9fc07fd4,AGENT,こんにちは、私は株式会社クレッセントのアシスタント、ゲッペイと申します。ライブ配信などで活用できるVolu☆ME!と、業界最高水準のモーションキャプチャシステムViconについてご紹介できます。,,2026-04-28 16:12:41.805364+08:00
01KQ9JC7MYMA83N2B0VDM489D5,,d91d8ddb462699375907ece0f27ee9de,AGENT,株式会社クレッセントのアシスタント、ゲッペイと申します。ライブ配信などで活用できるVolu☆ME!と、業界最高水準のモーションキャプチャシステムViconにご興味はありませんか？,,2026-04-28 16:13:07.578198+08:00
01KQ9JH6NQMPCYH7H3QEQ9H2EF,,ec12c8aa40d165997ecb8129261a3040,AGENT,"皆様、こんにちは！ 株式会社クレッセントのアシスタント「ゲッペイ」と申します。

ライブ配信などで活用できるVolu☆ME!、業界最高水準のモーションキャプチャシステムViconなど、クレッセントの最新技術にご興味はございますか？",,2026-04-28 16:15:50.516210+08:00
01KQ9JM9SG4G1E259513NGSZFH,,1cb14165f5cc816d2faa00883e75e64e,AGENT,こんにちは！ 株式会社クレッセントのアシスタント、ゲッペイと申します。ライブ配信などで活用できるVolu☆ME!、そして業界最高水準のモーションキャプチャシステムViconについてご紹介できます。,,2026-04-28 16:17:31.476830+08:00
01KQ9K3ZS5PSRE3DWCSAG5N33Q,,b8701e19639b97077ad4ba3a276672f5,AGENT,いらっしゃいませ。私は、株式会社クレッセントのアシスタント、ゲッペイと申します。ライブ配信などで活用できるVolu☆ME!や、業界最高水準のモーションキャプチャシステムViconなどにご興味はございますか？,,2026-04-28 16:26:10.722724+08:00
01KQ9K4HRKNDAF0BCVWQ7QC2CA,,73537ebbf42e692544cbba479c627367,AGENT,月餅と申します。株式会社クレッセントのアシスタントです。何かご不明な点はございませんか？,,2026-04-28 16:26:39.633358+08:00
01KQ9K51QXBCTE36VNC2KZAB5M,,1aaba6669243a341f17992e94393fc7d,AGENT,お客様、こんにちは！ 私は株式会社クレッセントのアシスタント、ゲッペイと申します。ライブ配信などで活用できるVolu☆ME!と、業界最高水準のモーションキャプチャシステムViconについてご紹介できます。,,2026-04-28 16:26:41.832879+08:00
01KQ9KZS9MXGS8PS8G9N793B5V,,5e95a796db27ea9eca318e09e8a66f61,AGENT,皆様、こんにちは！ 株式会社クレッセントのアシスタント、ゲッペイと申します。ライブ配信などで活用できるVolu☆ME!や、業界最高水準のモーションキャプチャシステムViconについてご紹介できます。,,2026-04-28 16:41:21.349269+08:00
01KQ9M12RYHYW1QQ190DZE9C8W,,5e95a796db27ea9eca318e09e8a66f61,AGENT,クレッセントのアシスタント、ゲッペイと申します。ライブ配信などで活用できるVolu☆ME!と、業界最高水準のモーションキャプチャシステムViconにご興味はありますか？,,2026-04-28 16:42:00.913802+08:00
01KQ9MB4X3CFJ8MP1XNEDQFCHX,,73537ebbf42e692544cbba479c627367,AGENT,こんにちは！ 私は株式会社クレッセントのアシスタント、ゲッペイと申します。ライブ配信などで活用できるVolu☆ME!や、業界最高水準のモーションキャプチャシステムViconについてご紹介できます。,,2026-04-28 16:47:32.281549+08:00
01KQ9MXWKJ9QFTRTD9Q329E6V7,,a0a737f7f1dee8fedfb4a5ffacfcc524,AGENT,初めまして、私が株式会社クレッセントのアシスタント、月餅です。ライブ配信などで活用できるVolu☆ME!や、業界最高水準のモーションキャプチャシステムViconについてご紹介できます。,,2026-04-28 16:57:42.340041+08:00
01KQ9N1NKY2MNWVKSE96G8QDQW,,2633141028270c78aa30dfb1d69febcf,AGENT,こんにちは！ 私、クレッセントのアシスタント、ゲッペイと申します。ライブ配信などで活用できるVolu☆ME!と、業界最高水準のモーションキャプチャシステムViconについてご紹介できます。,,2026-04-28 16:59:46.118875+08:00
01KQ9P8N4N7WN6601AWRPTBZYZ,,886e89e67d6b164a6fbbd31f0421f45f,AGENT,皆様、こんにちは！ 株式会社クレッセントのアシスタント、ゲッペイと申します。ライブ配信などで活用できるVolu☆ME!や、業界最高水準のモーションキャプチャシステムViconについてご紹介できます。,,2026-04-28 17:21:03.496115+08:00
01KQ9PQNF6N0CBKQ1WAQKFKZW5,,2f94bb66eefb14ab944e5968356903e5,AGENT,はじめまして。株式会社クレッセントのアシスタント、ゲッペイと申します。ライブ配信などで活用できるVolu☆ME!や、業界最高水準のモーションキャプチャシステムViconについてご興味はありますか？,,2026-04-28 17:29:16.267652+08:00
01KQ9PQQXENX1RHPEDAN0JHK90,,355e01e558d1ce479534914c83b38074,AGENT,株式会社クレッセントのアシスタント、ゲッペイと申します。ライブ配信などで活用できるVolu☆ME!や、業界最高水準のモーションキャプチャシステムViconについてご紹介できます。,,2026-04-28 17:29:18.304378+08:00
01KQ9QHRR8KPXTVVPM4161RGFQ,,9ce804d75319d948167ce53c07fbdac6,AGENT,はじめまして！ 私、株式会社クレッセントのアシスタント、ゲッペイと申します。ライブ配信などで活用できるVolu☆ME!、業界最高水準のモーションキャプチャシステムViconなどにご興味はございますか？,,2026-04-28 17:43:58.768974+08:00
01KQ9QW3R57AFMFJK2PYPF2X1D,,1cb14165f5cc816d2faa00883e75e64e,AGENT,お客様、こんにちは！株式会社クレッセントのアシスタント、ゲッペイと申します。ライブ配信などで活用できるVolu☆ME!、そして業界最高水準のモーションキャプチャシステムViconについてご紹介できます。,,2026-04-28 17:49:10.181063+08:00
01KQ9R0JNM2P01WNS755AKBMZG,,6b58423e4b4f38bd31abed813bb29c83,AGENT,こんにちは、私は株式会社クレッセントのアシスタント、ゲッペイと申します。ライブ配信などで活用できるVolu☆ME!と、業界最高水準のモーションキャプチャシステムViconについてご紹介できます。,,2026-04-28 17:51:34.189200+08:00
01KQ9S6ETQGHRAV52NP1VBYS3F,,97601ed07c8729cb9d8474ae4880b966,AGENT,皆様、こんにちは！ 株式会社クレッセントのアシスタント、ゲッペイと申します。ライブ配信などで活用できるVolu☆ME!や、業界最高水準のモーションキャプチャシステムViconについてお話しできます。,,2026-04-28 18:12:19.963961+08:00
01KQ9SJ1EQ7JXMVSFX24Q21BC7,,886e89e67d6b164a6fbbd31f0421f45f,AGENT,株式会社クレッセントのアシスタント、月餅と申します。ライブ配信などで活用できるVolu☆ME!や、業界最高水準のモーションキャプチャシステムViconについてご紹介できます。,,2026-04-28 18:18:36.512635+08:00
01KQ9SK3RWNE1EA2DRDVF8WQT0,,89b67d1a20ec4797aa754efdde142051,AGENT,"こんにちは！ 株式会社クレッセントのアシスタント、月餅（ゲッペイ）と申します。

ライブ配信などで活用できるVolu☆ME!と、業界最高水準のモーションキャプチャシステムViconについてご興味はありませんか？",,2026-04-28 18:19:11.787321+08:00
01KQ9SNPEVX9AF17SX7HM5HXV7,,97601ed07c8729cb9d8474ae4880b966,AGENT,お客様、こんにちは！私は株式会社クレッセントのアシスタント、ゲッペイと申します。ライブ配信などで活用できるVolu☆ME!、業界最高水準のモーションキャプチャシステムViconなど、ご興味はございますか？,,2026-04-28 18:20:38.182080+08:00
01KQ9SNPN6EYSPY1W48Y3BWMEJ,,6fe52c108cf23f93f23451f529ec62b2,AGENT,こんにちは、私は株式会社クレッセントのアシスタント、ゲッペイと申します。ライブ配信などで活用できるVolu☆ME!や、業界最高水準のモーションキャプチャシステムViconについてご興味はございますか？,,2026-04-28 18:20:37.084278+08:00
01KQ9SQ94NZ0MRNHGJG2V5K9MW,,6fe52c108cf23f93f23451f529ec62b2,AGENT,こんにちは、私は株式会社クレッセントのアシスタント、ゲッペイと申します。ライブ配信などで活用できるVolu☆ME!と、業界最高水準のモーションキャプチャシステムViconにご興味はありますか？,,2026-04-28 18:21:28.845893+08:00
01KQ9T77R4D7614KPQV8G7171B,,6f4afd6d7eaae6abc0f962db38c8d8ed,AGENT,皆様、こんにちは！ 私、株式会社クレッセントのアシスタント、ゲッペイと申します。ライブ配信などで活用できるVolu☆ME!と、2026年最新スタジオについてご紹介できます。,,2026-04-28 18:30:14.359385+08:00
01KQ9TXANF94GXXKW4TPTSYND8,,944564efdc4427b8f2ddf73da49669c5,AGENT,"皆様、こんにちは！ 株式会社クレッセントのアシスタント「ゲッペイ」と申します。

最新のモーションキャプチャ技術に精通した技術職人として、皆様を温かくお迎えいたします。
また、ライブ配信などで活用できるVolu☆ME!や、業界最高水準のモーションキャプチャシステムViconについてもご案内できます。
何かご質問はございますでしょうか？",,2026-04-28 18:42:14.721159+08:00
01KQ9TXANF94GXXKW4TPTSYND8,,944564efdc4427b8f2ddf73da49669c5,USER,hi,,2026-04-28 18:42:24.306385+08:00
01KQ9TXANF94GXXKW4TPTSYND8,,944564efdc4427b8f2ddf73da49669c5,AGENT,"Hello! I am MoonCake, assistant at Crescent Inc. I am delighted to meet you.

We can discuss various topics like our cutting-edge motion capture system Vicon, or our new Haneda Studio scheduled to open in 2026. What would you like to know?",,2026-04-28 18:42:24.323675+08:00
01KQ9W4TAKCKW83F89NED78A6V,,e23d843e051cbde203f4e3eea8a11268,AGENT,"こんにちは。私、株式会社クレッセントのアシスタント、ゲッペイと申します。

ライブ配信などで活用できるVolu☆ME!、そして業界最高水準のモーションキャプチャシステムViconについて、何かご興味はございますか？",,2026-04-28 19:03:48.809840+08:00
01KQ9WNE3V2MDZDSK9XR9Y59VX,,034215d2acf56a4d7d4fbdf4533b60bf,AGENT,お客様、こんにちは。私は株式会社クレッセントのアシスタント、ゲッペイと申します。ライブ配信などで活用できるVolu☆ME!や、業界最高水準のモーションキャプチャシステムViconについてご紹介できます。,,2026-04-28 19:12:53.667096+08:00
01KQ9WV4X0YM9APPBP8K9HA610,,0946fba0849bbe5e738b42b9da960ca9,AGENT,こんにちは！私、株式会社クレッセントのアシスタント、ゲッペイと申します。ライブ配信などで活用できるVolu☆ME!、そして業界最高水準のモーションキャプチャシステムViconについてご紹介できます。,,2026-04-28 19:16:05.095128+08:00
01KQ9WZT6MT1SDXCW51J4G7DXG,,4d963d4d1692533e9939ee99de029db5,AGENT,初めまして、私は株式会社クレッセントのアシスタント、月餅（ゲッペイ）と申します。ライブ配信などで活用できるVolu☆ME!や、業界最高水準のモーションキャプチャシステムViconなどについてご案内できます。,,2026-04-28 19:18:33.880505+08:00
01KQ9X4222H6FZ2BF2PM2X7XRV,,0946fba0849bbe5e738b42b9da960ca9,AGENT,初めまして！株式会社クレッセントのアシスタント、ゲッペイと申します。ライブ配信などで活用できるVolu☆ME!や、業界最高水準のモーションキャプチャシステムViconについてお話しできます。,,2026-04-28 19:20:55.765037+08:00
01KQ9Y3JCDZ8PBT3Z7H7604BQJ,,8fc91e51b9360b7b55c424e644fc5a61,AGENT,クレッセントのアシスタント、ゲッペイと申します。ライブ配信などで活用できるVolu☆ME!と、業界最高水準のモーションキャプチャシステムViconにご興味はございますか？,,2026-04-28 19:38:05.075747+08:00
01KQ9YS8SE8X8Y4SYVDD0YH82R,,817129089cbab1c5ea364cbfa53a75c1,AGENT,こんにちは！クレッセントのアシスタント、ゲッペイと申します。ライブ配信などで活用できるVolu☆ME!や、業界最高水準のモーションキャプチャシステムViconについてご興味はありますか？,,2026-04-28 19:49:56.788120+08:00
01KQA0PSQQYKXGMM2D34EJMPRR,,ec1b943060c475612c6a8a1426f54b39,AGENT,ごきげんよう、私は株式会社クレッセントのアシスタント、ゲッペイと申します。ライブ配信などで活用できるVolu☆ME!と、2026年最新スタジオについてご興味はありますか？,,2026-04-28 20:23:31.888045+08:00
01KQA0W0HW3X11YX8ZAX68H5WW,,7840c1c80441af2750c7532e53c6e143,AGENT,こんにちは！私、株式会社クレッセントのアシスタント、ゲッペイと申します。ライブ配信などで活用できるVolu☆ME!や、業界最高水準のモーションキャプチャシステムViconについてご紹介できます。,,2026-04-28 20:26:23.135370+08:00
01KQA2T0AQDXKYCRQ6NBJC0VD1,,b9804325946aaaa3e20a3dd062789e6b,AGENT,初めまして。私、株式会社クレッセントのアシスタント、ゲッペイと申します。ライブ配信などで活用できるVolu☆ME!や、業界最高水準のモーションキャプチャシステムViconについてご紹介できます。,,2026-04-28 21:00:24.949913+08:00
01KQA448YVH5G3JHX84P7C1P3V,,723b160be05f64cc0a17ffa03b7be7f4,AGENT,初めまして、私は株式会社クレッセントのアシスタント、ゲッペイと申します。ライブ配信などで活用できるVolu☆ME!や、業界最高水準のモーションキャプチャシステムViconについてご紹介できます。,,2026-04-28 21:23:19.931811+08:00
01KQA490N8RG8M7J5FY31SX7DW,,ec83e08f8592527be56c3902a766751a,AGENT,いらっしゃいませ。私が株式会社クレッセントのアシスタント、ゲッペイです。ライブ配信などで活用できるVolu☆ME!や、業界最高水準のモーションキャプチャシステムViconについてご紹介できます。,,2026-04-28 21:25:55.257765+08:00
01KQA49S1WNRM0Y8X958SE5ET6,,dc8c35f0f0a2706078bd61456cf580ed,AGENT,株式会社クレッセントのアシスタント、ゲッペイと申します。ライブ配信などで活用できるVolu☆ME!や、業界最高水準のモーションキャプチャシステムViconについてご紹介できます。,,2026-04-28 21:26:20.672381+08:00
01KQA62TDHGF71YGPV697B47ZN,,09c8e546429c98b887a2769848a3cff0,AGENT,こんにちは。株式会社クレッセントのアシスタント、月餅です。何かお困りですか？ ライブ配信などで活用できるVolu☆ME!と、業界最高水準のモーションキャプチャシステムViconについてご紹介できます。,,2026-04-28 21:57:34.357542+08:00
01KQA63JYAHDST1C3F46QXGB6B,,09c8e546429c98b887a2769848a3cff0,AGENT,"はい、喜んで。

株式会社クレッセントのアシスタント、ゲッペイと申します。ライブ配信などで活用できるVolu☆ME!や、業界最高水準のモーションキャプチャシステムViconについてご紹介できます。",,2026-04-28 21:57:53.996579+08:00
01KQA7T7C0MJJBVWS73Z2FP491,,5809d5c02544f4ad1f94ae2fa1f914d6,AGENT,"こんにちは、ゲッペイと申します。株式会社クレッセントのアシスタントです。

ライブ配信などで活用できるVolu☆ME!、業界最高水準のモーションキャプチャシステムViconにご興味はございますか？",,2026-04-28 22:27:44.780561+08:00
01KQA89J7S50AWJFMAQ99T9P2J,,bf6c97b2a209392aad9f19e08cf369ae,AGENT,"こんにちは。私、株式会社クレッセントのアシスタント、ゲッペイと申します。

ライブ配信などで活用できるVolu☆ME! や、業界最高水準のモーションキャプチャシステムViconにご興味はございますか？",,2026-04-28 22:36:09.837006+08:00
01KQA8GDZQGXVSV9EZD0FGC2MH,,02c6c611b5345f24890e2daca05991af,AGENT,株式会社クレッセントのアシスタント、ゲッペイと申します。ライブ配信などで活用できるVolu☆ME!と、業界最高水準のモーションキャプチャシステムViconについてご紹介できます。,,2026-04-28 22:39:52.898408+08:00
01KQA9CMXGS38KFS8B1AGFMGKP,,7e17a4c56eb28fd34d0d48a9c760a5b4,AGENT,はじめまして。株式会社クレッセントのアシスタント、ゲッペイと申します。ライブ配信などで活用できるVolu☆ME!や、業界最高水準のモーションキャプチャシステムViconについてご紹介できます。,,2026-04-28 22:55:17.392032+08:00
01KQA9K70NCZ9EJ6JBB8VDW719,,bad3e285682c6ff77933f8b07499d061,AGENT,ゲッペイと申します。クレッセントのアシスタントです。ライブ配信などで活用できるVolu☆ME!や、2026年最新スタジオについてご興味はございませんか？,,2026-04-28 22:58:54.729494+08:00
01KQAD691YK2RQX5NCE3MFXRKD,,e74f9fbf65311644680854fe7bb85567,AGENT,"初めまして、私が株式会社クレッセントのアシスタント、月餅です。
ライブ配信などで活用できるVolu☆ME!や業界最高水準のモーションキャプチャシステムViconなどにご興味はございますか？",,2026-04-29 00:01:47.568414+08:00
01KQAEVCSNQZM8A461B9T6HVG7,,92627bde19732c60c668f1260ac24ef7,AGENT,"こんにちは、ゲッペイと申します。株式会社クレッセントのアシスタントです。

ライブ配信などで活用できるVolu☆ME!や、業界最高水準のモーションキャプチャシステムViconについてご興味はありますか？",,2026-04-29 00:30:43.210689+08:00
01KQAG8J6TP3H482MAT92ZPWZT,,10316c9abc4552d0836aab8d7c6f7f84,AGENT,こんにちは。私、株式会社クレッセントのアシスタント、ゲッペイと申します。ライブ配信などで活用できるVolu☆ME!、業界最高水準のモーションキャプチャシステムViconにご興味はございますか？,,2026-04-29 00:55:24.826997+08:00
01KQAG8JD7F6TZ26XHCQM67M97,,10316c9abc4552d0836aab8d7c6f7f84,AGENT,初めまして。私、株式会社クレッセントのアシスタント、ゲッペイと申します。ライブ配信などで活用できるVolu☆ME!や、業界最高水準のモーションキャプチャシステムViconについてご紹介できます。,,2026-04-29 00:55:56.608530+08:00
01KQAKEV10SW13DYMQ7GCSE4DP,,4d963d4d1692533e9939ee99de029db5,AGENT,こんにちは！株式会社クレッセントのアシスタント、月餅（ゲッペイ）と申します。ライブ配信などで活用できるVolu☆ME!や、業界最高水準のモーションキャプチャシステムViconについてご紹介できます。,,2026-04-29 01:51:22.527772+08:00
01KQAM6A9MZ74SP1G99W1EFV3S,,4d963d4d1692533e9939ee99de029db5,AGENT,ゲッペイと申します。クレッセントのアシスタントです。ライブ配信などで活用できるVolu☆ME!や、業界最高水準のモーションキャプチャシステムViconについてご紹介できます。,,2026-04-29 02:04:06.328332+08:00
01KQANFCZ0DS9RYY0CCFZHRVD1,,4d963d4d1692533e9939ee99de029db5,AGENT,クレッセントのアシスタント、ゲッペイと申します。ライブ配信などで活用できるVolu☆ME!と業界最高水準のモーションキャプチャシステムViconについてご紹介できます。,,2026-04-29 02:26:32.626290+08:00
01KQB1W4PQVXAC5A1RDM3EM06Q,,db8f4bcc9c75ba592f282b7e8c86ce93,AGENT,はじめまして。株式会社クレッセントのアシスタント、ゲッペイと申します。ライブ配信などで活用できるVolu☆ME!や、業界最高水準のモーションキャプチャシステムViconについてご興味はございますか？,,2026-04-29 06:03:11.467503+08:00
01KQB1XD13A8G7RNY6A34JQYPZ,,e0e57b12536f6fea63a0980fbe38b521,AGENT,ようこそ、いらっしゃいませ。私、株式会社クレッセントのアシスタント、ゲッペイと申します。ライブ配信などで活用できるVolu☆ME!、そして業界最高水準のモーションキャプチャシステムViconについてご紹介できます。,,2026-04-29 06:03:53.481320+08:00
01KQB2AWA2TQY9WBBTTNDDKM26,,db8f4bcc9c75ba592f282b7e8c86ce93,AGENT,こんにちは！ 私、クレッセントのアシスタント、ゲッペイと申します。ライブ配信などで活用できるVolu☆ME!と、業界最高水準のモーションキャプチャシステムViconについてご紹介できます。,,2026-04-29 06:11:23.900759+08:00
01KQB2AWBD87TFG8PFTGRB3WJ8,,db8f4bcc9c75ba592f282b7e8c86ce93,AGENT,初めまして。私、株式会社クレッセントのアシスタント、ゲッペイと申します。ライブ配信などで活用できるVolu☆ME!と、業界最高水準のモーションキャプチャシステムViconにご興味はございますか？,,2026-04-29 06:11:15.181121+08:00
01KQB2E54231228Y9SAGQYXN07,,55f7e9ba6c2c675aac5b6238d34f5148,AGENT,いらっしゃいませ。わたくしは株式会社クレッセントのアシスタント、ゲッペイと申します。ライブ配信などで活用できるVolu☆ME!や、業界最高水準のモーションキャプチャシステムViconなどにご興味はございますか？,,2026-04-29 06:13:03.908754+08:00
01KQB40AAFYJX71TCXHG696GSW,,65f649752cc68440714aa13c526c08de,AGENT,株式会社クレッセントのアシスタント、月餅と申します。ライブ配信などで活用できるVolu☆ME!と、業界最高水準のモーションキャプチャシステムViconについてご案内できます。,,2026-04-29 06:40:27.277924+08:00
01KQB4EG5YD1EDKGKPJ74HRGPB,,53a9de20545d4d0bf9031655616efc3a,AGENT,お客様、こんにちは。私、株式会社クレッセントのアシスタント、ゲッペイと申します。ライブ配信などで活用できるVolu☆ME!や、業界最高水準のモーションキャプチャシステムViconについてお話しできます。,,2026-04-29 06:48:10.238409+08:00
01KQB7CQ0Y5DRAZS96TH18901A,,511c3d290afa98b002b47d0506586e43,AGENT,初めまして。私は株式会社クレッセントのアシスタント、ゲッペイと申します。ライブ配信などで活用できるVolu☆ME!や、業界最高水準のモーションキャプチャシステムViconなど、当社の技術についてご紹介できます。,,2026-04-29 07:39:40.751784+08:00
01KQB7G9Q2VQXAXZDK7AZZRPHE,,511c3d290afa98b002b47d0506586e43,AGENT,こんにちは！私、株式会社クレッセントのアシスタント、ゲッペイと申します。ライブ配信などで活用できるVolu☆ME!、業界最高水準のモーションキャプチャシステムViconなど、クレッセントの技術について何でもお尋ねください！,,2026-04-29 07:41:35.628239+08:00
01KQB962J72Z9QHB1MS6FEC5EK,,83818e44e1f6c760ebabe32a0d994b8e,AGENT,初めまして。私、株式会社クレッセントのアシスタント、ゲッペイと申します。ライブ配信などで活用できるVolu☆ME!や、業界最高水準のモーションキャプチャシステムViconについてご紹介できます。,,2026-04-29 08:10:57.550390+08:00
01KQB9707WTCPX2FRERVDGRKSS,,886e89e67d6b164a6fbbd31f0421f45f,AGENT,こんにちは！ 株式会社クレッセントのアシスタント、月餅です。 ライブ配信などで活用できるVolu☆ME!と、業界最高水準のモーションキャプチャシステムViconにご興味はありませんか？,,2026-04-29 08:11:26.227014+08:00
01KQBDFRJQP6B8CP1W8QG4X2A9,,a68778cd9c01d4cb73506b6acab14092,AGENT,皆様、こんにちは。株式会社クレッセントのアシスタント、ゲッペイと申します。ライブ配信などで活用できるVolu☆ME!、業界最高水準のモーションキャプチャシステムViconにご興味はございますか？,,2026-04-29 09:26:10.487289+08:00
01KQBE2CQEKNGSJMSQ60ZHVMP9,,dc73ed229ddb4e53feb5397a7894172d,AGENT,株式会社クレッセントのアシスタント、月餅と申します。ライブ配信などで活用できるVolu☆ME!、業界最高水準のモーションキャプチャシステムViconなど、弊社には様々な技術がございます。,,2026-04-29 09:36:44.641278+08:00
01KQBG4GZ3NEZN5Q1JH4T21B7X,,77fb8ee5e6f67f084ed97aeeb3200411,AGENT,はじめまして。株式会社クレッセントのアシスタント、ゲッペイと申します。ライブ配信などで活用できるVolu☆ME!と、業界最高水準のモーションキャプチャシステムViconにご興味はございますか？,,2026-04-29 10:12:26.188595+08:00
01KQBH1A76ERFEYX1MY36ZEH4J,,57c84b5f7f60135c7228a8cc26e9fcf6,AGENT,こんにちは！ 私、クレッセントのアシスタント、ゲッペイと申します。ライブ配信などで活用できるVolu☆ME!と、業界最高水準のモーションキャプチャシステムViconについてご紹介できます。,,2026-04-29 10:28:12.858575+08:00
01KQBHKTT7N40SQTHTKM3TMFET,,d0e139322bb0753bba56e69ea191c961,AGENT,こんにちは！ 私、クレッセントのアシスタント、ゲッペイと申します。ライブ配信などで活用できるVolu☆ME!と、2026年最新スタジオについてご案内できます。,,2026-04-29 10:38:17.980078+08:00
01KQBJG6P16E23GS2ZC4DWEDQM,,60c835a62475794fbab70b5c125bcaf7,AGENT,こんにちは！ 私、クレッセントのアシスタント、ゲッペイと申します。ライブ配信などで活用できるVolu☆ME!や、業界最高水準のモーションキャプチャシステムViconについてご紹介できます。,,2026-04-29 10:53:45.402619+08:00
01KQBP1VXQE4S88EQAHT3HQ3ZS,,168d8ab3f6bca1fe3e12f982dcea751a,AGENT,株式会社クレッセントのアシスタント、ゲッペイと申します。ライブ配信などで活用できるVolu☆ME!と、業界最高水準のモーションキャプチャシステムViconにご興味はありませんか？,,2026-04-29 11:55:49.258048+08:00
01KQBQ4XFBJMDF1ZG7VBPG8MQC,,46bb3eb1d7e631cc938be24d051b1964,AGENT,初めまして。株式会社クレッセントのゲッペイと申します。ライブ配信などで活用できるVolu☆ME!や、業界最高水準のモーションキャプチャシステムViconについてご紹介できます。,,2026-04-29 12:14:58.617150+08:00
01KQBSFVZRXPY4KE011ASJP7TN,,4e18798dd970d3731f7881c8742fa51c,AGENT,はじめまして。株式会社クレッセントのアシスタント、ゲッペイと申します。ライブ配信などで活用できるVolu☆ME!や、業界最高水準のモーションキャプチャシステムViconについてご興味はありませんか？,,2026-04-29 12:55:56.698251+08:00
01KQBSHK08SJ390RWV9TA62PTH,,4e18798dd970d3731f7881c8742fa51c,AGENT,株式会社クレッセントのアシスタント、ゲッペイと申します。ライブ配信などで活用できるVolu☆ME!や、業界最高水準のモーションキャプチャシステムViconについてご紹介できます。,,2026-04-29 12:56:48.996207+08:00
01KQBSYHAPS77PAWGMZ3FVABF7,,51d6c13aaee38c1f25da2538dcf057ba,AGENT,こんにちは。株式会社クレッセントのアシスタント、ゲッペイと申します。ライブ配信などで活用できるVolu☆ME!、業界最高水準のモーションキャプチャシステムVicon、どちらにご興味がございますか？,,2026-04-29 13:03:57.074195+08:00
01KQBW7E6AC9EGCEB9393TJZN2,,e010d5a658b1d0eceebddecd0488cb68,AGENT,クレッセントのアシスタント、ゲッペイと申します。ライブ配信などで活用できるVolu☆ME!、業界最高水準のモーションキャプチャシステムViconなどがございますが、どの情報にご興味がありますか？,,2026-04-29 13:43:43.415658+08:00
01KQBW99W8B2GFYAKNZHNKDW8D,,617607bf8ec437d931c7beb368ec5b20,AGENT,"こんにちは！ 私は株式会社クレッセントのアシスタント、ゲッペイと申します。

ライブ配信などで活用できるVolu☆ME!、業界最高水準のモーションキャプチャシステムViconにご興味はありませんか？",,2026-04-29 13:44:46.500769+08:00
01KQBWBBSSRQ8ZBFWN94R9WBW5,,617607bf8ec437d931c7beb368ec5b20,AGENT,こんにちは！株式会社クレッセントのアシスタント、ゲッペイと申します。ライブ配信などで活用できるVolu☆ME!、業界最高水準のモーションキャプチャシステムViconなど、クレッセントの最新技術にご興味はございますか？,,2026-04-29 13:45:53.415609+08:00
01KQBWCM57SKX1XWQH9PA05802,,617607bf8ec437d931c7beb368ec5b20,AGENT,こんにちは！株式会社クレッセントのアシスタント、ゲッペイと申します。ライブ配信などで活用できるVolu☆ME!や、業界最高水準のモーションキャプチャシステムViconについてご紹介できます。,,2026-04-29 13:46:35.761267+08:00
01KQBXYYYZ9BFMQZ0YAJZMVZ8K,,73537ebbf42e692544cbba479c627367,AGENT,はじめまして。株式会社クレッセントのアシスタント「ゲッペイ」と申します。ライブ配信などで活用できるVolu☆ME!や、業界最高水準のモーションキャプチャシステムViconについてご紹介できます。,,2026-04-29 14:14:04.301152+08:00
01KQBZ3R31QV406T9CRF87M1BZ,,8146a3663b12df223e653535af98085d,AGENT,株式会社クレッセントのアシスタント、ゲッペイと申します。ライブ配信などで活用できるVolu☆ME!と、業界最高水準のモーションキャプチャシステムViconにご興味はありませんか？,,2026-04-29 14:34:08.489034+08:00
01KQBZ7GW83AGW6NZ8SYH8YEH5,,a5f0056477630f03aae9da8154388353,AGENT,ようこそおいでくださいました。私は株式会社クレッセントのアシスタント、ゲッペイと申します。ライブ配信などで活用できるVolu☆ME!や、業界最高水準のモーションキャプチャシステムViconについてご興味はありますか？,,2026-04-29 14:36:14.900292+08:00
01KQC0FFVKVFEGMPY6H8Z1XSFK,,4d0d61e2b2ec4bbac0f51583dd68982f,AGENT,はじめまして、私が株式会社クレッセントのアシスタント、ゲッペイです。ライブ配信などで活用できるVolu☆ME!や、業界最高水準のモーションキャプチャシステムViconについてご紹介できます。,,2026-04-29 14:58:07.437748+08:00
01KQC17K9HTCMG7G6292J53TAW,,d17c48edf6e86e283f6839fcf38ec044,AGENT,"はい、喜んで。

私は株式会社クレッセントのアシスタント、ゲッペイと申します。
ライブ配信などで活用できるVolu☆ME!、業界最高水準のモーションキャプチャシステムVicon、どちらにご興味がありますか？",,2026-04-29 15:11:15.626279+08:00
01KQC196RB7QW9Z8NKFETSQKW8,,73537ebbf42e692544cbba479c627367,AGENT,こんにちは、私は株式会社クレッセントのアシスタント、ゲッペイと申します。ライブ配信などで活用できるVolu☆ME!と、業界最高水準のモーションキャプチャシステムViconにご興味はありますか？,,2026-04-29 15:12:05.441804+08:00
01KQC1SW0N2H4Z48P252V7WHM9,,97f8c6d8f0457a0f56300071e4bbd341,AGENT,株式会社クレッセントのアシスタント「ゲッペイ」と申します。ライブ配信などで活用できるVolu☆ME!や、業界最高水準のモーションキャプチャシステムViconなどにご興味はございますか？,,2026-04-29 15:21:11.040520+08:00
01KQC26QG0FG1GZF5RX9FS14GZ,,617607bf8ec437d931c7beb368ec5b20,AGENT,月餅と申します。クレッセントのアシスタントをしております。何かご不明な点はございませんか？ ライブ配信などで活用できるVolu☆ME!や、業界最高水準のモーションキャプチャシステムViconについてご紹介できます。,,2026-04-29 15:28:13.765471+08:00
01KQC2C5P8GC3J6F4W8NFHGF0N,,dd5a2259ec9c455b8b8c24744c7345d1,AGENT,こんにちは。株式会社クレッセントのアシスタント、月餅（ゲッペイ）と申します。ライブ配信などで活用できるVolu☆ME!や、業界最高水準のモーションキャプチャシステムViconについてご紹介できます。,,2026-04-29 15:31:16.571905+08:00
01KQC2FCY2VSGMRXYJFW1X7HM2,,dd5a2259ec9c455b8b8c24744c7345d1,AGENT,こんにちは！ 私は株式会社クレッセントのアシスタント、ゲッペイと申します。ライブ配信などで活用できるVolu☆ME!、そして業界最高水準のモーションキャプチャシステムViconについてご紹介できます。,,2026-04-29 15:32:57.032069+08:00
01KQC35N6YQ17M8TBZK7D9Q4SR,,ae2fb24dc0200fc57e9ac6fc52b83995,AGENT,初めまして。私、株式会社クレッセントのアシスタント、ゲッペイと申します。ライブ配信などで活用できるVolu☆ME!と、業界最高水準のモーションキャプチャシステムViconについてご紹介できます。,,2026-04-29 15:45:06.240636+08:00
01KQC366MXMHJWT9KW7MN1NSYW,,0357d726d1ae1e3e59375bdd304254d2,AGENT,株式会社クレッセントのアシスタント、ゲッペイと申します。ライブ配信などで活用できるVolu☆ME!と、2026年最新スタジオについてご案内できます。,,2026-04-29 15:45:23.125066+08:00
01KQC366MXMHJWT9KW7MN1NSYW,,0357d726d1ae1e3e59375bdd304254d2,USER,I'm Athena,,2026-04-29 15:45:26.647843+08:00
01KQC366MXMHJWT9KW7MN1NSYW,,0357d726d1ae1e3e59375bdd304254d2,AGENT,"Nice to meet you, Athena. Is there anything I can help you with today? I can tell you about our industry-leading motion capture system, Vicon, or perhaps our partnerships and collaborations.",,2026-04-29 15:45:26.664816+08:00
01KQC3D4DFWPKFDSPTBK0VZDK8,,8dc95e99ed33679c11c7a59d43c635a3,AGENT,月餅です。クレッセントのアシスタントをしております。何かご不明な点はございませんか？,,2026-04-29 15:49:11.071375+08:00
01KQC3N0WN2DJH5P4ABW4X0F00,,7805c4a4d32139d25b6151745c7892f5,AGENT,クレッセントのアシスタント、ゲッペイと申します。ライブ配信などで活用できるVolu☆ME!や、業界最高水準のモーションキャプチャシステムViconについてご興味はございますか？,,2026-04-29 15:54:46.493279+08:00
01KQC6AEF7KRE27Z4KYJ14MY9Z,,7d391e775b6b2cebb5c9440dc026001d,AGENT,こんにちは！ 私、クレッセントのアシスタント、ゲッペイと申します。ライブ配信などで活用できるVolu☆ME!と、2026年最新スタジオについてご紹介できます。,,2026-04-29 16:40:08.765521+08:00
01KQC6BY2JHJ1KPA4P6KVF9WQM,,2c23b65b8006789db108379a5aa76601,AGENT,こんにちは。私、株式会社クレッセントのアシスタント、ゲッペイと申します。ライブ配信などで活用できるVolu☆ME!や、業界最高水準のモーションキャプチャシステムViconについてご紹介できます。,,2026-04-29 16:40:56.414027+08:00
01KQC6KAQMXZ67J97HRCQF07W7,,f067c794658ebf1ac75b9f50d2eaf786,AGENT,初めまして。私、株式会社クレッセントのアシスタント、ゲッペイと申します。ライブ配信などで活用できるVolu☆ME!と、業界最高水準のモーションキャプチャシステムViconについてご紹介できます。,,2026-04-29 16:45:03.905470+08:00
01KQC8N5SAZVHBCABXF8F3MYC4,,f1089015af215f13829fbc68129c69ff,AGENT,いらっしゃいませ。株式会社クレッセントのアシスタント、月餅と申します。ライブ配信などで活用できるVolu☆ME!や、業界最高水準のモーションキャプチャシステムViconについてご紹介できます。,,2026-04-29 17:20:57.819751+08:00
01KQC9GHHPTXJPAAM03N9TXCVT,,dc925995c5a77b59ff4ca461fd2655db,AGENT,皆様、こんにちは。株式会社クレッセントのアシスタント、ゲッペイと申します。ライブ配信などで活用できるVolu☆ME!、業界最高水準のモーションキャプチャシステムViconについてご興味はございますか？,,2026-04-29 17:35:53.804823+08:00
01KQCAS1A7TQV9BCBRCBPZTGE0,,511c3d290afa98b002b47d0506586e43,AGENT,こんにちは、私は株式会社クレッセントのアシスタント、ゲッペイと申します。ライブ配信などで活用できるVolu☆ME!や、業界最高水準のモーションキャプチャシステムViconについてご興味はありますか？,,2026-04-29 17:58:03.101541+08:00
01KQCAVXHDT28DYG02DTXR5P5F,,511c3d290afa98b002b47d0506586e43,AGENT,初めまして！ 私、株式会社クレッセントのアシスタント、ゲッペイと申します。ライブ配信などで活用できるVolu☆ME!と、業界最高水準のモーションキャプチャシステムViconについてご紹介できます。,,2026-04-29 17:59:38.308082+08:00
01KQCAZ0FGYBPHFW6W5BC5A2PH,,3aa6072b5f7c92fc283a671b41a6ca06,AGENT,クレッセントのゲッペイと申します。ライブ配信などで活用できるVolu☆ME!や、業界最高水準のモーションキャプチャシステムViconについてご興味はありませんか？,,2026-04-29 18:01:15.736739+08:00
01KQCB5326GPRKS9N666BYQMFQ,,93a6e43929d9617a54d679ef73445b24,AGENT,こんにちは！私、月餅と申します。株式会社クレッセントのアシスタントです。何かご不明な点はございませんか？,,2026-04-29 18:04:34.892484+08:00
01KQCB5B2SFZEA5WQXM3VEAJY2,,93a6e43929d9617a54d679ef73445b24,AGENT,皆様、こんにちは！ 私、株式会社クレッセントのアシスタント、ゲッペイと申します。ライブ配信などで活用できるVolu☆ME!や、業界最高水準のモーションキャプチャシステムViconについてお話しできます。,,2026-04-29 18:07:02.909659+08:00
01KQCED2XHWT5S7K2AVZ39PPXF,,aa2b06674318ed85c7397c3158212d39,AGENT,こんにちは、私は株式会社クレッセントのアシスタント、ゲッペイと申します。ライブ配信などで活用できるVolu☆ME!と、業界最高水準のモーションキャプチャシステムViconについてご紹介できます。,,2026-04-29 19:01:22.859047+08:00
01KQCEGVYWB1HGNQE1R8VYEEEF,,aa2b06674318ed85c7397c3158212d39,AGENT,こんにちは、私は株式会社クレッセントのアシスタント、ゲッペイと申します。ライブ配信などで活用できるVolu☆ME!や、業界最高水準のモーションキャプチャシステムViconについてご紹介できます。,,2026-04-29 19:03:26.584550+08:00
01KQCF0853FBE97A7KC7YHWXC0,,1cb14165f5cc816d2faa00883e75e64e,AGENT,はじめまして。株式会社クレッセントのアシスタント、ゲッペイと申します。ライブ配信などで活用できるVolu☆ME!と業界最高水準のモーションキャプチャシステムViconについてご紹介できます。,,2026-04-29 19:11:51.787693+08:00
01KQCF7SZ62N3ZBCKMV3SMKDYW,,dc8f067c6f620d66c9a4a8003f37e7a8,AGENT,初めまして。私、株式会社クレッセントのアシスタント、ゲッペイと申します。ライブ配信などで活用できるVolu☆ME!、2026年最新スタジオにご興味はございませんか？,,2026-04-29 19:15:58.747050+08:00
01KQCHNA639WD27RSAVSKCT22W,,481c9e7409fe06dda90d54bf2a7f3b9b,AGENT,月餅と申します。株式会社クレッセントのアシスタントです。ライブ配信などで活用できるVolu☆ME!と、業界最高水準のモーションキャプチャシステムViconにご興味はありませんか？,,2026-04-29 19:58:20.233420+08:00
01KQCJZGK6YEGPA8H6DQ8FBB64,,80c4ba030c0658aafcd1c500a6d14448,AGENT,こんにちは！株式会社クレッセントのアシスタント、月餅です。ライブ配信などで活用できるVolu☆ME!や、業界最高水準のモーションキャプチャシステムViconについてご紹介できます。,,2026-04-29 20:21:21.451979+08:00
01KQCJZXQ374R2DEQV888119T7,,dec6ec12d8783681a7020b0d752d7d12,AGENT,株式会社クレッセントのアシスタント、月餅です。ライブ配信などで活用できるVolu☆ME!と、業界最高水準のモーションキャプチャシステムViconについてご紹介できます。,,2026-04-29 20:21:34.509091+08:00
01KQCKAMJFMQ2J56VZCPH1690C,,c21ee8945e9fe5e60fc169d72aedb2f3,AGENT,こんにちは！ 株式会社クレッセントのゲッペイと申します。ライブ配信などで活用できるVolu☆ME!と、業界最高水準のモーションキャプチャシステムViconについてご紹介できます。,,2026-04-29 20:27:26.806404+08:00
01KQCNG88RD3SGXWH8VN0GPC96,,9d1558f826060ef48b629cb7d21f302a,AGENT,はじめまして！私、株式会社クレッセントのアシスタント、ゲッペイと申します。ライブ配信などで活用できるVolu☆ME!や、業界最高水準のモーションキャプチャシステムViconなどにご興味はございますか？,,2026-04-29 21:05:27.736534+08:00
01KQCPXND1DMHCTXXEZ7S9GGZJ,,fb1ce9cd966a4c7245e027fe1d06b39e,AGENT,こんにちは！私、株式会社クレッセントのアシスタント、ゲッペイと申します。ライブ配信などで活用できるVolu☆ME!と、業界最高水準のモーションキャプチャシステムViconにご興味はございますか？,,2026-04-29 21:30:15.526904+08:00
01KQCTEBS7SXFDNEGBTYM4Z6XD,,65b16ff330d9e413ee222799f90028d1,AGENT,株式会社クレッセントのアシスタント、ゲッペイと申します。ライブ配信などで活用できるVolu☆ME!と、業界最高水準のモーションキャプチャシステムViconについてご紹介できます。,,2026-04-29 22:31:48.609379+08:00
01KQCWG7992EXGPTVZHKW5QCP8,,d91d8ddb462699375907ece0f27ee9de,AGENT,こんにちは。私は株式会社クレッセントのアシスタント、ゲッペイと申します。ライブ配信などで活用できるVolu☆ME!や、業界最高水準のモーションキャプチャシステムViconについてご紹介できます。,,2026-04-29 23:07:45.547516+08:00
01KQCZJTMS2AQB78FK5995VT0Y,,544ac8c9dafb58818fd962668a28d4ec,AGENT,はじめまして。株式会社クレッセントのアシスタント、ゲッペイと申します。ライブ配信などで活用できるVolu☆ME!や、業界最高水準のモーションキャプチャシステムViconについてご紹介できます。,,2026-04-30 00:01:39.432416+08:00
01KQCZN27R3V2JAH171J9JJZ0J,,d0ade17b0ab582ea92ee8e9a5f106c0e,AGENT,月餅ちゃんと申します。株式会社クレッセントのアシスタントです。ライブ配信などで活用できるVolu☆ME!と、業界最高水準のモーションキャプチャシステムViconにご興味はありませんか？,,2026-04-30 00:02:50.519668+08:00
01KQD08Z9NTD89AEM29MPS030B,,8c92b4e516bb441b17cb5434c631bb14,AGENT,こんにちは、私は株式会社クレッセントのアシスタント、ゲッペイと申します。ライブ配信などで活用できるVolu☆ME!と、業界最高水準のモーションキャプチャシステムViconについてご紹介できます。,,2026-04-30 00:13:44.307810+08:00
01KQD0MA04Q4NMX7CNAZ755DP6,,4d963d4d1692533e9939ee99de029db5,AGENT,"こんにちは！ 株式会社クレッセントのアシスタント、ゲッペイと申します。

ライブ配信などで活用できるVolu☆ME!と、業界最高水準のモーションキャプチャシステムViconについてご興味はありますか？",,2026-04-30 00:19:54.826850+08:00
01KQD1KBM93GS0W7MG50C5E4CW,,d91d8ddb462699375907ece0f27ee9de,AGENT,こんにちは、ゲッペイと申します。株式会社クレッセントのアシスタントです。何かご不明な点はございませんか？,,2026-04-30 00:36:51.971530+08:00
01KQD3CNFV6EXKEMY8AC55WT1C,,886a8d11565246cab04549adb3da87d4,AGENT,こんにちは！株式会社クレッセントのアシスタント、月餅です。ライブ配信などで活用できるVolu☆ME!と、業界最高水準のモーションキャプチャシステムViconにご興味はございますか？,,2026-04-30 01:08:09.680829+08:00
01KQD804SE206AF3KA8EPPFB3A,,63bac14e22bccfefab9ac7c1744dc49a,AGENT,"月餅ちゃんと申します。株式会社クレッセントのアシスタントです。
ライブ配信などで活用できるVolu☆ME!や、業界最高水準のモーションキャプチャシステムViconについてご興味はありますか？",,2026-04-30 02:28:42.463214+08:00
01KQDB2P2DYH0E99AGQWXBMYY8,,e5e2c348a4e0a026f55a20fbd57d3d62,AGENT,はじめまして。株式会社クレッセントのアシスタント、ゲッペイと申します。ライブ配信などで活用できるVolu☆ME!と、業界最高水準のモーションキャプチャシステムViconにご興味はございますか？,,2026-04-30 03:22:36.298870+08:00
01KQDMZKRSQDH9HVBNQJS4TQ0T,,2b026d11e356a0d41856acf14107ad11,AGENT,株式会社クレッセントのアシスタント、ゲッペイと申します。ライブ配信などで活用できるVolu☆ME!と業界最高水準のモーションキャプチャシステムViconについてご紹介できます。,,2026-04-30 06:15:35.797327+08:00
01KQDN1AVC1EXBA5MT7HTPG5V4,,2b026d11e356a0d41856acf14107ad11,AGENT,皆様、こんにちは！私は株式会社クレッセントのアシスタント、ゲッペイと申します。ライブ配信などで活用できるVolu☆ME!、業界最高水準のモーションキャプチャシステムViconなどについて、ご興味はございますか？,,2026-04-30 06:16:31.969071+08:00
01KQDN1TVPGVM251R41D4EX7SN,,2b026d11e356a0d41856acf14107ad11,AGENT,皆様、こんにちは。株式会社クレッセントのアシスタント、ゲッペイと申します。ライブ配信などで活用できるVolu☆ME!や、業界最高水準のモーションキャプチャシステムViconなどにご興味はございますか？,,2026-04-30 06:16:48.181758+08:00
01KQDQFT5GRP7H1Z5KYNZ4FW3E,,8989e500a5b31fe0086683349d512f58,AGENT,クレッセントのアシスタント、ゲッペイと申します。ライブ配信などで活用できるVolu☆ME!や、業界最高水準のモーションキャプチャシステムViconについてご興味はございますか？,,2026-04-30 06:59:25.122403+08:00
01KQDQJZVZTMK9MQE3GQDPAVQQ,,929e0b2208ffc52116437cabb7bc73ab,AGENT,株式会社クレッセントのアシスタント、ゲッペイと申します。ライブ配信などで活用できるVolu☆ME!と、業界最高水準のモーションキャプチャシステムViconにご興味はございますか？,,2026-04-30 07:01:10.111049+08:00
01KQDSMQ45CRHK2DWMJ4QAY7Y3,,130d78f3fe1d94a8133a85662f973404,AGENT,お客様、こんにちは！ 私は株式会社クレッセントのアシスタント、ゲッペイと申します。ライブ配信などで活用できるVolu☆ME!と、業界最高水準のモーションキャプチャシステムViconについてご紹介できます。,,2026-04-30 07:37:04.353221+08:00
01KQDV1Q1YKD34VRZE2MVT25B5,,03cb4f2140c05db02a805e9f816b20d1,AGENT,クレッセントのアシスタント、ゲッペイと申します。ライブ配信などで活用できるVolu☆ME!、業界最高水準のモーションキャプチャシステムViconなどがございますが、どちらにご興味がございますか？,,2026-04-30 08:01:38.713327+08:00
01KQDV6X9T31F10CNQVZK8M5BR,,17afed94e16f99406b9961f13eb0f505,AGENT,株式会社クレッセントのゲッペイと申します。ライブ配信などで活用できるVolu☆ME!や、業界最高水準のモーションキャプチャシステムViconにご興味はございますか？,,2026-04-30 08:04:31.963726+08:00
01KQDVYRR1FC23JD0R3YP0YHHT,,264e8a34bbee78e5898f69e989139d56,AGENT,お客様、こんにちは！ 私は株式会社クレッセントのアシスタント、ゲッペイと申します。ライブ配信などで活用できるVolu☆ME!や、業界最高水準のモーションキャプチャシステムViconについてご紹介できます。,,2026-04-30 08:17:28.735765+08:00
01KQDX2VFBQSAZQJJ8FRQ0X737,,856492319e996d32f979267bef0ba7f3,AGENT,月餅と申します。株式会社クレッセントのアシスタントです。ライブ配信などで活用できるVolu☆ME!と業界最高水準のモーションキャプチャシステムViconについてご紹介できます。,,2026-04-30 08:37:10.930523+08:00
01KQDXJ1FY0BSNRFEABVP1C3QS,,5fdd9ca6a817d6b8f21dc190fa142637,AGENT,ゲッペイと申します。クレッセントのアシスタントです。何かご質問はございますか。ライブ配信などで活用できるVolu☆ME!と業界最高水準のモーションキャプチャシステムViconについてご紹介できます。,,2026-04-30 08:45:45.562090+08:00
01KQDXNDFQP7GPFN5826AVC3CE,,29fce8e190176bb130fec334ec185fa9,AGENT,こんにちは。株式会社クレッセントのアシスタント、ゲッペイと申します。ライブ配信などで活用できるVolu☆ME!や、業界最高水準のモーションキャプチャシステムViconについてご紹介できますが、ご興味はございますか？,,2026-04-30 08:47:32.557131+08:00
01KQDYWWR9DW8MGFWZGH4FT5XQ,,7602d81a60f492118ac8707b3b4e74b7,AGENT,こんにちは！私は株式会社クレッセントのアシスタント、ゲッペイと申します。ライブ配信などで活用できるVolu☆ME!や、業界最高水準のモーションキャプチャシステムViconについてご紹介できます。,,2026-04-30 09:08:52.758910+08:00
01KQDZ5M2KY76AH0X0KGTGGCPY,,97ec7f8dd919a9a2ab5f06e778f983d4,AGENT,月餅と申します。クレッセントのアシスタントをしております。何かご質問はございますか？ライブ配信などで活用できるVolu☆ME!と、業界最高水準のモーションキャプチャシステムViconがございます。,,2026-04-30 09:13:39.763409+08:00
01KQDZCCWRCRH96A3CTMZB8EJ5,,97ec7f8dd919a9a2ab5f06e778f983d4,AGENT,"株式会社クレッセントのアシスタント「ゲッペイ」と申します。

ライブ配信などで活用できるVolu☆ME!や、業界最高水準のモーションキャプチャシステムViconなどにご興味はありますか？",,2026-04-30 09:17:21.222168+08:00
01KQE08BP8R51FQ77GDSZ47SKQ,,929e0b2208ffc52116437cabb7bc73ab,AGENT,初めまして。私、株式会社クレッセントのアシスタント、ゲッペイと申します。ライブ配信などで活用できるVolu☆ME!や、業界最高水準のモーションキャプチャシステムViconについてお話しできます。,,2026-04-30 09:32:38.953106+08:00
01KQE0X2DVKVRXCE455VGVD4R0,,5825d043711dbd6c08c908466253bd84,AGENT,皆様、こんにちは。株式会社クレッセントのアシスタント、ゲッペイと申します。ライブ配信などで活用できるVolu☆ME!や、業界最高水準のモーションキャプチャシステムViconについてご紹介できます。,,2026-04-30 09:43:55.578356+08:00
01KQE1RDTD4GFZA4PECDE4SG99,,5b1dc3851ea1136fed1aed62bfc1b770,AGENT,株式会社クレッセントのアシスタント、ゲッペイと申します。ライブ配信などで活用できるVolu☆ME!と、業界最高水準のモーションキャプチャシステムViconにご興味はありませんか？,,2026-04-30 09:58:53.385287+08:00
01KQE1Y1RAT38M1J3101JMXWVY,,3435941b44f9796db6002b5726e89a42,AGENT,こんにちは！クレッセントのアシスタント、ゲッペイと申します。ライブ配信などで活用できるVolu☆ME!や、業界最高水準のモーションキャプチャシステムViconについてご紹介できます。,,2026-04-30 10:02:22.968186+08:00
01KQE277Q478CKKX4B8WNBNYMH,,9f0d9f6bd61b910b8a881761a12be4be,AGENT,"お客様、こんにちは。株式会社クレッセントのアシスタント、ゲッペイと申します。

ライブ配信などで活用できる「Volu☆ME!」や、業界最高水準のモーションキャプチャシステム「Vicon」にご興味はありますか？",,2026-04-30 10:06:57.370911+08:00
01KQE2R8NQR9EC7NKEDYVK1BNG,,db800dcd06400dd63119fcf0d88c05af,AGENT,こんにちは、私は株式会社クレッセントのアシスタント、ゲッペイと申します。ライブ配信などで活用できるVolu☆ME!や、業界最高水準のモーションキャプチャシステムViconについてご興味はございますか？,,2026-04-30 10:16:15.888539+08:00
01KQE2T55PW8PN4Y3EG14N695V,,7141a19849e2bfb62d02551dc0b0951e,AGENT,はじめまして。株式会社クレッセントのアシスタント、ゲッペイと申します。ライブ配信などで活用できるVolu☆ME!や、業界最高水準のモーションキャプチャシステムViconについてご興味はございますか？,,2026-04-30 10:17:17.615008+08:00
01KQE2YZMS482J104P3DBPYY4P,,30ea92207a067435ff710514d8acf782,AGENT,クレッセントのアシスタント、ゲッペイと申します。ライブ配信などで活用できるVolu☆ME!や、業界最高水準のモーションキャプチャシステムViconについてご興味はありますか？,,2026-04-30 10:20:06.584578+08:00
01KQE2YZMS482J104P3DBPYY4P,,30ea92207a067435ff710514d8acf782,USER,嗨嗨,,2026-04-30 10:21:55.081445+08:00
01KQE2YZMS482J104P3DBPYY4P,,30ea92207a067435ff710514d8acf782,AGENT,"您好！我是月餅，很高興為您服務。

對了，您知道我們2026年最新的Haneda Studio嗎？還有我們在DIGICONX有展出喔！",,2026-04-30 10:21:55.104561+08:00
01KQE2YZMS482J104P3DBPYY4P,,30ea92207a067435ff710514d8acf782,USER,介紹你們的服務,,2026-04-30 10:22:09.887370+08:00
01KQE2YZMS482J104P3DBPYY4P,,30ea92207a067435ff710514d8acf782,AGENT,"您好！我們提供多種服務，主要有：

*   **內容開發**：包含應用程式、影像製作和企劃支援。
*   **錄影棚服務**：錄影棚租借、設備支援、交通方式和設施介紹。

我們所有的專案都會由同一位工程師從報價到交件全程負責，確保服務品質。","[""contentSupport.DyraeNdQ""]",2026-04-30 10:22:09.905070+08:00
01KQE2YZMS482J104P3DBPYY4P,,30ea92207a067435ff710514d8acf782,USER,你會唱歌嗎,,2026-04-30 10:25:38.133608+08:00
01KQE2YZMS482J104P3DBPYY4P,,30ea92207a067435ff710514d8acf782,AGENT,"我是一個AI助手，所以目前還無法唱歌。

不過，我可以為您介紹「Volu☆ME!」這項服務，它可以幫助您在直播中活用3D模型，讓您的內容更生動有趣。您對這個有興趣嗎？",,2026-04-30 10:25:38.152333+08:00
01KQE2ZHBNZAVRN6GRKDW3BYCN,,7141a19849e2bfb62d02551dc0b0951e,AGENT,"こんにちは！ 株式会社クレッセントのアシスタント、月餅（ゲッペイ）と申します。

ライブ配信などで活用できるVolu☆ME!と、2026年最新スタジオについてご興味はございますか？",,2026-04-30 10:20:13.325856+08:00
01KQE32XXDR59SQE3CNHF3GH5Q,,f0712b1b450e6fe17f73f4424d0ae74d,AGENT,株式会社クレッセントのアシスタント、ゲッペイと申します。ライブ配信などで活用できるVolu☆ME!や、業界最高水準のモーションキャプチャシステムViconについてお話しできます。,,2026-04-30 10:22:08.051363+08:00
01KQE33TCQ8RH6JJB9EJ1SB1KK,,ea9fafe4473878156ed7c230e5e417f0,AGENT,"月餅と申します。株式会社クレッセントのアシスタントをしております。

ライブ配信などで活用できるVolu☆ME!や、業界最高水準のモーションキャプチャシステムViconについてご興味はございませんか？",,2026-04-30 10:22:36.099953+08:00
01KQE3DCKB86MQ0YV615AAENJ7,,61130165cd7f86fdda1132349797f29f,AGENT,いらっしゃいませ。株式会社クレッセントのアシスタント、月餅（ゲッペイ）と申します。,,2026-04-30 10:27:47.154863+08:00
01KQE3DCKB86MQ0YV615AAENJ7,,61130165cd7f86fdda1132349797f29f,USER,想了解客製的可能,,2026-04-30 10:29:06.281979+08:00
01KQE3DCKB86MQ0YV615AAENJ7,,61130165cd7f86fdda1132349797f29f,AGENT,"您好，想了解客製的可能性嗎？

我們有提供以下服務：

*   專為直播活動設計的Volu☆ME!
*   業界最高水準的Vicon動作捕捉系統

您對哪方面比較感興趣呢？",,2026-04-30 10:29:06.315626+08:00
01KQE3HXP10Z9J54GPMH1A1WJD,,596f954b17b8ec92541938fd6e79de96,AGENT,皆様、こんにちは！ 株式会社クレッセントのアシスタント、ゲッペイと申します。ライブ配信などで活用できるVolu☆ME!、業界最高水準のモーションキャプチャシステムViconなど、弊社では様々なサービスを提供しております。,,2026-04-30 10:30:23.846549+08:00
01KQE3KBE81ZGCQX2BE21PMZVZ,,db800dcd06400dd63119fcf0d88c05af,AGENT,株式会社クレッセントのアシスタント、ゲッペイと申します。ライブ配信などで活用できるVolu☆ME!と、業界最高水準のモーションキャプチャシステムViconにご興味はありませんか？,,2026-04-30 10:31:03.354235+08:00
01KQE3SGE9QQ150GPRMS77D2FK,,596f954b17b8ec92541938fd6e79de96,AGENT,"こんにちは、ゲッペイと申します。株式会社クレッセントのアシスタントです。

ライブ配信などで活用できるVolu☆ME!、業界最高水準のモーションキャプチャシステムViconにご興味はございますか？",,2026-04-30 10:34:31.952532+08:00
01KQE3TEP3QRM3BCWYARERXXXF,,fb9ad8c79913527d3e994fbc14ec6788,AGENT,こんにちは！株式会社クレッセントのアシスタント、月餅です。ライブ配信などで活用できるVolu☆ME!や、業界最高水準のモーションキャプチャシステムViconについてご紹介できます。,,2026-04-30 10:34:57.324850+08:00
01KQE4BSTX8ZDDAC8184DNZ007,,f642da9fe927bef055283d9b3767ad69,AGENT,皆様、こんにちは！ 私は株式会社クレッセントのアシスタント、ゲッペイと申します。ライブ配信などで活用できるVolu☆ME!、業界最高水準のモーションキャプチャシステムViconなどがございます。,,2026-04-30 10:44:24.212759+08:00
01KQE4C79QR7XSJ9DYA9CD3WAP,,a0b9f63c898d7191817d6bcbdf56723f,AGENT,はじめまして！株式会社クレッセントのアシスタント、ゲッペイと申します。ライブ配信などで活用できるVolu☆ME!や、業界最高水準のモーションキャプチャシステムViconについてご紹介できます。,,2026-04-30 10:44:43.509511+08:00
01KQE4DV99VFGZ346WP2CX643B,,fb9ad8c79913527d3e994fbc14ec6788,AGENT,お客様、こんにちは！ 私は株式会社クレッセントのアシスタント、ゲッペイと申します。ライブ配信などで活用できるVolu☆ME!、業界最高水準のモーションキャプチャシステムViconなどがございますが、ご興味はございますでしょうか？,,2026-04-30 10:45:32.461417+08:00
01KQE4GM3EEW0Y5AKM93K6QV9Q,,fb9ad8c79913527d3e994fbc14ec6788,AGENT,株式会社クレッセントのアシスタント、ゲッペイと申します。ライブ配信などで活用できるVolu☆ME!と、業界最高水準のモーションキャプチャシステムViconについてご紹介できます。,,2026-04-30 10:47:03.091983+08:00
01KQE5082K6A8PV7C901H4VVEY,,5325ccfab1c516c96643b901939522a7,AGENT,月餅と申します。株式会社クレッセントのアシスタントです。ライブ配信などで活用できるVolu☆ME!と業界最高水準のモーションキャプチャシステムViconについてご案内できます。,,2026-04-30 10:55:33.819058+08:00
01KQE59ZPTAN7HJ4GVKZT7R47A,,6b58423e4b4f38bd31abed813bb29c83,AGENT,こんにちは！私は株式会社クレッセントのアシスタント、ゲッペイと申します。ライブ配信などで活用できるVolu☆ME!や、業界最高水準のモーションキャプチャシステムViconについてご紹介できます。,,2026-04-30 11:00:52.762735+08:00
01KQE6BTBPB6BXZDYXY6EQ668B,,fb9ad8c79913527d3e994fbc14ec6788,AGENT,株式会社クレッセントのアシスタント、ゲッペイと申します。ライブ配信などで活用できるVolu☆ME!と、業界最高水準のモーションキャプチャシステムViconにご興味はありませんか？,,2026-04-30 11:19:22.336055+08:00
01KQE6CMG46QPYQJNTHFQW97G4,,fb9ad8c79913527d3e994fbc14ec6788,AGENT,初めまして、私は株式会社クレッセントのアシスタント、月餅（ゲッペイ）と申します。ライブ配信などで活用できるVolu☆ME!、業界最高水準のモーションキャプチャシステムViconにご興味はありますでしょうか？,,2026-04-30 11:19:49.125056+08:00
01KQE6H1TRHKY82B78GX4TMRX5,,8fc91e51b9360b7b55c424e644fc5a61,AGENT,クレッセントのアシスタント、ゲッペイと申します。ライブ配信などで活用できるVolu☆ME!と、業界最高水準のモーションキャプチャシステムViconについてご紹介できます。,,2026-04-30 11:22:13.383862+08:00
01KQE6MYJ7GA7CVQE462VZHZ80,,fb9ad8c79913527d3e994fbc14ec6788,AGENT,月餅と申します。株式会社クレッセントのアシスタントをしております。ライブ配信などで活用できるVolu☆ME!、業界最高水準のモーションキャプチャシステムViconがございますが、ご興味はございますか？,,2026-04-30 11:24:21.306388+08:00
01KQE6VYNT1ZQTEFFH1MB36JFP,,9f0d9f6bd61b910b8a881761a12be4be,AGENT,お客様、こんにちは！私、株式会社クレッセントのアシスタント、ゲッペイと申します。ライブ配信などで活用できるVolu☆ME!、または業界最高水準のモーションキャプチャシステムViconについてご興味はありますでしょうか？,,2026-04-30 11:28:10.442745+08:00
01KQE6XN94667M2R04DEA0Z2JT,,a1b9f2f0fe57dc47be67adbfa5558438,AGENT,株式会社クレッセントのアシスタント、ゲッペイと申します。ライブ配信などで活用できるVolu☆ME!と、業界最高水準のモーションキャプチャシステムViconについてご紹介できます。,,2026-04-30 11:29:09.349407+08:00
01KQE7PJ76W01MJ7PCYQSC5KDB,,5d48c5c45f599492ffc80bb18a441374,AGENT,"いつもお世話になっております。株式会社クレッセントのアシスタント、ゲッペイと申します。

ライブ配信などで活用できるVolu☆ME!と、業界最高水準のモーションキャプチャシステムViconにご興味はございますか？",,2026-04-30 11:42:44.762587+08:00
01KQE89EXPSAD3S3VQRQRAGCMX,,38b37e757d474c13aa1f5a5ad743c8ad,AGENT,初めまして。私、株式会社クレッセントのアシスタント、ゲッペイと申します。ライブ配信などで活用できるVolu☆ME!と、業界最高水準のモーションキャプチャシステムViconにご興味はございますか？,,2026-04-30 11:53:02.733520+08:00
01KQE8C0APDEF0P17C6VY5NX8N,,c863778796747a9ca05d9e6ae807acca,AGENT,株式会社クレッセントのアシスタント、月餅です！本日はどのようなご用件でしょうか？ライブ配信などで活用できるVolu☆ME!と、業界最高水準のモーションキャプチャシステムViconについてご紹介できます。,,2026-04-30 11:54:26.778132+08:00
01KQE8CDSH111N0KH1Y1G461PC,,38b37e757d474c13aa1f5a5ad743c8ad,AGENT,こんにちは。株式会社クレッセントのアシスタント、月餅（ゲッペイ）と申します。ライブ配信などで活用できるVolu☆ME!や、業界最高水準のモーションキャプチャシステムViconについてご紹介できます。,,2026-04-30 11:54:44.082358+08:00
01KQE8XA7Q3J8BA04T1AS925BS,,3f3c50ecd197e42663909d7310e4c3cf,AGENT,こんにちは。私、株式会社クレッセントのアシスタント、ゲッペイと申します。ライブ配信などで活用できるVolu☆ME!や、業界最高水準のモーションキャプチャシステムViconについてご紹介できます。,,2026-04-30 12:03:52.294825+08:00
01KQE914EFMWWAWPKD18FQYWH0,,40ed3f254a413dda76d216be6f9be6c8,AGENT,月餅と申します。株式会社クレッセントのアシスタントです。ライブ配信などで活用できるVolu☆ME!と、業界最高水準のモーションキャプチャシステムViconにご興味はありませんか？,,2026-04-30 12:05:57.266944+08:00
01KQE9H430P1NGQEDXWBRDDGHS,,87162981aba0df8c247fb7ff9dec92de,AGENT,こんにちは。株式会社クレッセントのアシスタント、月餅（ゲッペイ）と申します。ライブ配信などで活用できるVolu☆ME!と業界最高水準のモーションキャプチャシステムViconについてご紹介できます。,,2026-04-30 12:14:41.640432+08:00
01KQE9SQ06EEMECZYVM767GJYB,,94e6f5b86f275fb7f49f500cd0d08420,AGENT,こんにちは。株式会社クレッセントのアシスタント、月餅（ゲッペイ）と申します。ライブ配信などで活用できるVolu☆ME!と、業界最高水準のモーションキャプチャシステムViconについてご紹介できます。,,2026-04-30 12:29:37.433171+08:00
01KQE9TJRJZ3R7JX2C6DBJEQHW,,ea9fafe4473878156ed7c230e5e417f0,AGENT,株式会社クレッセントのアシスタント、ゲッペイと申します。ライブ配信などで活用できるVolu☆ME!や、業界最高水準のモーションキャプチャシステムViconについてご紹介できます。,,2026-04-30 12:19:53.188561+08:00
01KQE9WXZV5KBZ0P86ETWGR44V,,761d0ff44f72eb0e60bd85e96b02a2c3,AGENT,"株式会社クレッセントのアシスタント、月餅と申します。
ライブ配信などで活用できるVolu☆ME!と、業界最高水準のモーションキャプチャシステムViconについてご紹介できます。",,2026-04-30 12:21:08.876417+08:00
01KQEA7945BSYQKRFDF6SF5GV5,,94e6f5b86f275fb7f49f500cd0d08420,AGENT,こんにちは！ 株式会社クレッセントのアシスタント、月餅です。ライブ配信などで活用できるVolu☆ME!、業界最高水準のモーションキャプチャシステムViconなどがございますが、いかがでしょうか？,,2026-04-30 12:26:49.270743+08:00
01KQEADJWWG2B22QE3JKKMQZY7,,7602d81a60f492118ac8707b3b4e74b7,AGENT,こんにちは！ 私、クレッセントのアシスタント、ゲッペイと申します。ライブ配信などで活用できるVolu☆ME!と業界最高水準のモーションキャプチャシステムViconについてご紹介できます。,,2026-04-30 12:30:14.172262+08:00
01KQEAF04AWC6XCT1EZVHYB9YY,,f642da9fe927bef055283d9b3767ad69,AGENT,株式会社クレッセントのアシスタント、ゲッペイと申します。ライブ配信などで活用できるVolu☆ME!と、業界最高水準のモーションキャプチャシステムViconにご興味はありませんか？,,2026-04-30 12:31:00.200595+08:00
01KQEAF6GPJSVD32VA0MFZ75P4,,a0b9f63c898d7191817d6bcbdf56723f,AGENT,こんにちは！私は株式会社クレッセントのアシスタント、ゲッペイと申します。ライブ配信などで活用できるVolu☆ME!や、業界最高水準のモーションキャプチャシステムViconについてご興味はございますか？,,2026-04-30 12:31:14.017275+08:00
01KQEAJV8B0XBF2PXG22CRAYJF,,f642da9fe927bef055283d9b3767ad69,AGENT,株式会社クレッセントのアシスタント、ゲッペイと申します。ライブ配信などで活用できるVolu☆ME!と、業界最高水準のモーションキャプチャシステムViconにご興味はありませんか？,,2026-04-30 12:33:05.868588+08:00
01KQEAKB7P9X2WJTP9W407YRS4,,a0b9f63c898d7191817d6bcbdf56723f,AGENT,初めまして。私、株式会社クレッセントのアシスタント、ゲッペイと申します。ライブ配信などで活用できるVolu☆ME!と、業界最高水準のモーションキャプチャシステムViconについてご紹介できます。,,2026-04-30 12:33:28.797297+08:00
01KQEAM7PSWDAEGJ60DHRMENVD,,6b6e2e33bb186a2521a2f61e7224a79c,AGENT,はじめまして。株式会社クレッセントのアシスタント、ゲッペイと申します。ライブ配信などで活用できるVolu☆ME!と、2026年最新スタジオについてご案内できます。,,2026-04-30 12:33:52.016510+08:00
01KQEAVGH749GA9QN0ZHBQRASE,,c45584dc1d6559b935fc017f0f121e72,AGENT,こんにちは！私、株式会社クレッセントのアシスタント、ゲッペイと申します。ライブ配信などで活用できるVolu☆ME!、業界最高水準のモーションキャプチャシステムViconについてご案内できます。,,2026-04-30 12:37:51.863952+08:00
01KQEB631WEQEV8G11QH62E3DB,,f642da9fe927bef055283d9b3767ad69,AGENT,株式会社クレッセントのアシスタント、月餅と申します。ライブ配信などで活用できるVolu☆ME!、または業界最高水準のモーションキャプチャシステムViconについてご興味はありますか？,,2026-04-30 12:43:36.585776+08:00
01KQEBHN0CXNMBPWK514TDGMQK,,648651f56fc4e86c3f3cc76ce00cc2a1,AGENT,こんにちは！ 私は株式会社クレッセントのアシスタント、ゲッペイと申します。ライブ配信などで活用できるVolu☆ME!や、業界最高水準のモーションキャプチャシステムViconについてご紹介できます。,,2026-04-30 12:49:56.362552+08:00
01KQEBMSZZ9R6RTX1APH7Y37WX,,fb9ad8c79913527d3e994fbc14ec6788,AGENT,"いらっしゃいませ。私が株式会社クレッセントのアシスタント、ゲッペイです。

ライブ配信などで活用できるVolu☆ME!、業界最高水準のモーションキャプチャシステムViconについてご紹介できます。",,2026-04-30 12:51:39.232793+08:00
01KQEBWMEATAD796Q1KB59PJMJ,,dec6ec12d8783681a7020b0d752d7d12,AGENT,ようこそ、お客様。私は株式会社クレッセントのアシスタント、ゲッペイと申します。ライブ配信などで活用できるVolu☆ME!、業界最高水準のモーションキャプチャシステムViconなど、クレッセントの最新技術にご興味はございますか？,,2026-04-30 12:55:55.526130+08:00
01KQECAH4NGJJY7EXNQ8ZHYD9V,,5716b703652fc71d40a9fd0c4d303ae8,AGENT,株式会社クレッセントのアシスタント、月餅と申します。ライブ配信などで活用できるVolu☆ME!と、業界最高水準のモーションキャプチャシステムViconについてご紹介できます。,,2026-04-30 13:03:33.119074+08:00
01KQECKKY8NRH81SN9WA20GG1A,,2febfb3108f893500d2a1bcb220feab8,AGENT,ゲッペイと申します。クレッセントのアシスタントです。ライブ配信などで活用できるVolu☆ME!と、業界最高水準のモーションキャプチャシステムViconにご興味はありませんか？,,2026-04-30 13:08:29.667515+08:00
01KQECSD3VT401MW3SR5RZWG7X,,617607bf8ec437d931c7beb368ec5b20,AGENT,こんにちは。株式会社クレッセントのアシスタント、ゲッペイと申します。ライブ配信などで活用できるVolu☆ME!や、業界最高水準のモーションキャプチャシステムViconにご興味はありませんか？,,2026-04-30 13:11:40.878349+08:00
01KQEDDK8224ND50Q7RWY7H8Q1,,54649ca3f6074a27a58fab57adcb53a1,AGENT,初めまして。私、株式会社クレッセントのアシスタント、ゲッペイと申します。ライブ配信などで活用できるVolu☆ME!と、業界最高水準のモーションキャプチャシステムViconについてご紹介できます。,,2026-04-30 13:22:44.662450+08:00
01KQEE8X449YSDX53FVMQKVF0J,,4c8f77f4c8e30d3ff098129f8bbefc7a,AGENT,こんにちは、私は株式会社クレッセントのアシスタント、ゲッペイと申します。ライブ配信などで活用できるVolu☆ME!と業界最高水準のモーションキャプチャシステムViconについてご紹介できます。,,2026-04-30 13:37:36.383684+08:00
01KQEEF62AEHSMVKYZHZ2YSET4,,d91d8ddb462699375907ece0f27ee9de,AGENT,こんにちは！ 私、クレッセントのアシスタント、ゲッペイと申します。ライブ配信などで活用できるVolu☆ME!と、業界最高水準のモーションキャプチャシステムViconについてご紹介できます。,,2026-04-30 13:41:02.448945+08:00
01KQEEFMZGKHDA38A9P5PWBWKB,,14d8b0de30f27b1670ab3041b22d29b8,AGENT,お客様、こんにちは！私は株式会社クレッセントのアシスタント、ゲッペイと申します。ライブ配信などで活用できるVolu☆ME!や、業界最高水準のモーションキャプチャシステムViconについてご紹介できます。,,2026-04-30 13:41:17.730550+08:00
01KQEEW4674NYZC3QZFPM720CD,,1324d7b44f9b851f8443ab697f77d38a,AGENT,いらっしゃいませ。株式会社クレッセントのアシスタント、ゲッペイと申します。ライブ配信などで活用できるVolu☆ME!や、業界最高水準のモーションキャプチャシステムViconなどにご興味はございますか？,,2026-04-30 13:48:06.412930+08:00
01KQEH2492Q5VWEJTJ09449YV8,,6a698f0b323cbca6dd515b1ff97c1994,AGENT,いらっしゃいませ！私、株式会社クレッセントのアシスタント、ゲッペイと申します。ライブ配信などで活用できるVolu☆ME!と、業界最高水準のモーションキャプチャシステムViconにご興味はございますか？,,2026-04-30 14:26:20.312985+08:00
01KQEHN3TWHQAX21ZKR3YZAGFX,,b27278fd699217b3efb51583ac7844ee,AGENT,はじめまして。私、株式会社クレッセントのアシスタント、ゲッペイと申します。ライブ配信などで活用できるVolu☆ME!、業界最高水準のモーションキャプチャシステムViconなどがございますが、何かご興味はございますでしょうか？,,2026-04-30 14:36:42.508929+08:00
01KQEJ5G9YBM8MR5VWZGGESR68,,d8ebb5a8080eb03e5eb965ea78bf16e4,AGENT,皆様、こんにちは。株式会社クレッセントのアシスタント、ゲッペイと申します。ライブ配信などで活用できるVolu☆ME!や、業界最高水準のモーションキャプチャシステムViconについてご紹介できます。,,2026-04-30 14:45:37.794933+08:00
01KQEJ6HFS1EVCEQEBGYM7MT3K,,4fb0e0c84dc61b4d1a2e89884872e359,AGENT,はじめまして、株式会社クレッセントのアシスタント、ゲッペイと申します。ライブ配信などで活用できるVolu☆ME!と業界最高水準のモーションキャプチャシステムViconについてご紹介できますが、どちらにご興味がありますか？,,2026-04-30 14:46:11.949285+08:00
01KQEJQT235N7AWJBJDD9A6395,,6c2d1d7ab6165b3173c4ccb2b7e3dff0,AGENT,こんにちは！ 株式会社クレッセントのアシスタント、ゲッペイと申します。ライブ配信などで活用できるVolu☆ME!や、業界最高水準のモーションキャプチャシステムViconについてご紹介できます。,,2026-04-30 14:55:51.285457+08:00
01KQEKK255WW6AKETG8A7VT4XM,,885478dece3f09865cd9831b64a413bc,AGENT,初めまして。私、株式会社クレッセントのアシスタント、ゲッペイと申します。ライブ配信などで活用できるVolu☆ME!と、業界最高水準のモーションキャプチャシステムViconにご興味はございますか？,,2026-04-30 15:10:30.256558+08:00
01KQEKSAXF2J1PA2JX29T4B0N0,,bc37996f6f45c6bde01d0a92e7c1009b,AGENT,"こんにちは。私、株式会社クレッセントのアシスタント、ゲッペイと申します。

ライブ配信などで活用できるVolu☆ME!、業界最高水準のモーションキャプチャシステムViconなど、弊社には様々なソリューションがございますが、ご興味はございますか？",,2026-04-30 15:13:55.812896+08:00
01KQEKWC485PBFFFK9X5AKMXX2,,929e0b2208ffc52116437cabb7bc73ab,AGENT,こんにちは！株式会社クレッセントのアシスタント、月餅（ゲッペイ）と申します。ライブ配信などで活用できるVolu☆ME!や、業界最高水準のモーションキャプチャシステムViconについてご紹介できます。,,2026-04-30 15:15:36.225499+08:00
01KQEM3VBKDV0JYG84W7KSXDNE,,4a4a722057974b2c72e533490e376408,AGENT,株式会社クレッセントのアシスタント、月餅です。ライブ配信などで活用できるVolu☆ME!、または業界最高水準のモーションキャプチャシステムViconについてご興味はありますか？,,2026-04-30 15:19:51.929605+08:00
01KQEM7VEFE63321QEAARSTX9D,,f430a26729a515bf591169291f207b56,AGENT,こんにちは！私は株式会社クレッセントのアシスタント、ゲッペイと申します。ライブ配信などで活用できるVolu☆ME!と、業界最高水準のモーションキャプチャシステムViconについてご紹介できます。,,2026-04-30 15:21:52.022277+08:00
01KQEMD5GF186ZP0G5TAPTKEQE,,d1edc3e756724955d5117acad7e56a10,AGENT,"お客様、こんにちは！ 私は株式会社クレッセントのアシスタント、ゲッペイです。

ライブ配信などで活用できるVolu☆ME!、または業界最高水準のモーションキャプチャシステムViconにご興味はございますか？",,2026-04-30 15:24:46.891949+08:00
01KQEMP7XFPJQC81XF81BPNE10,,886e89e67d6b164a6fbbd31f0421f45f,AGENT,皆様、こんにちは。株式会社クレッセントのアシスタント、ゲッペイと申します。ライブ配信などで活用できるVolu☆ME!や、業界最高水準のモーションキャプチャシステムViconについてご紹介できます。,,2026-04-30 15:29:43.306326+08:00
01KQEMQEKR0SBP0YD703NQ5VY9,,d631c41e678d5c8d2a856e8d0ad18f6c,AGENT,こんにちは！株式会社クレッセントのアシスタント、ゲッペイと申します。ライブ配信などで活用できるVolu☆ME!や、業界最高水準のモーションキャプチャシステムViconについて、何かご興味はございますか？,,2026-04-30 15:30:23.939927+08:00
01KQEMRV7TB6A085XA71KV06ND,,d631c41e678d5c8d2a856e8d0ad18f6c,AGENT,皆様、こんにちは！ 株式会社クレッセントのアシスタント、ゲッペイと申します。ライブ配信などで活用できるVolu☆ME!や、業界最高水準のモーションキャプチャシステムViconについてお話しできます。,,2026-04-30 15:31:08.695511+08:00
01KQENFVZ83Z154F0XXSP57ERP,,0ccae582c4cf5f3902104d9f16f3924c,AGENT,こんにちは！株式会社クレッセントのアシスタント、ゲッペイと申します。ライブ配信などで活用できるVolu☆ME!や、業界最高水準のモーションキャプチャシステムViconについてご紹介できます。,,2026-04-30 15:43:42.851720+08:00
01KQENXY7BHTQ3ARYR6W0F0DVH,,5e131e8f801097e5bf06850d13fd9165,AGENT,こんにちは！株式会社クレッセントのアシスタント、月餅（ゲッペイ）と申します。ライブ配信などで活用できるVolu☆ME!や、業界最高水準のモーションキャプチャシステムViconについてご紹介できます。,,2026-04-30 15:51:23.922540+08:00
01KQENXY7BHTQ3ARYR6W0F0DVH,,5e131e8f801097e5bf06850d13fd9165,USER,I'm Athena,,2026-04-30 15:51:27.478910+08:00
01KQENXY7BHTQ3ARYR6W0F0DVH,,5e131e8f801097e5bf06850d13fd9165,AGENT,"アテナさん、こんにちは！

何かモーションキャプチャ技術や3Dコンテンツ制作でお困りですか？それとも、最新のスタジオ情報にご興味がありますか？",,2026-04-30 15:51:27.505434+08:00
01KQEP5D5XXBHREVB4VMX23GM5,,617036b83b117390db74149aca45cb16,AGENT,こんにちは！私、株式会社クレッセントのアシスタント、ゲッペイと申します。ライブ配信などで活用できるVolu☆ME!、業界最高水準のモーションキャプチャシステムViconについてご案内できます。,,2026-04-30 15:55:28.407253+08:00
01KQEP6W70797X6GGTEV810VDA,,617036b83b117390db74149aca45cb16,AGENT,株式会社クレッセントのアシスタント、ゲッペイと申します。ライブ配信などで活用できるVolu☆ME!や、業界最高水準のモーションキャプチャシステムViconについてご紹介できます。,,2026-04-30 15:56:16.391672+08:00
01KQEPHCGCJM1CEEM6QXGNGBYC,,123aeddc0c2731a9126856bcca62f6ea,AGENT,こんにちは。株式会社クレッセントのアシスタント、月餅です。ライブ配信などで活用できるVolu☆ME!や、業界最高水準のモーションキャプチャシステムViconについてご興味はございますか？,,2026-04-30 16:02:06.711780+08:00
01KQEPHCGK52ZZKVNGEGQS1RN2,,123aeddc0c2731a9126856bcca62f6ea,AGENT,皆様、こんにちは。株式会社クレッセントのアシスタント、ゲッペイと申します。ライブ配信などで活用できるVolu☆ME!、または業界最高水準のモーションキャプチャシステムViconについてご興味はありますでしょうか？,,2026-04-30 16:02:33.011228+08:00
01KQEQJDHFV7XAP8PQG3XPC9Z5,,761d0ff44f72eb0e60bd85e96b02a2c3,AGENT,はじめまして。株式会社クレッセントのアシスタント、ゲッペイと申します。ライブ配信などで活用できるVolu☆ME!や、業界最高水準のモーションキャプチャシステムViconについてご紹介できます。,,2026-04-30 16:20:03.677967+08:00
01KQEQKW0S52DHCEWCPM2W4JGQ,,d39636b8d026240c7a72520df50bc136,AGENT,こんにちは。私は株式会社クレッセントのアシスタント、ゲッペイと申します。ライブ配信などで活用できるVolu☆ME!や、業界最高水準のモーションキャプチャシステムViconについてご紹介できます。,,2026-04-30 16:20:52.803792+08:00
01KQEQPJHWWG4V66YTKBEHWHYM,,ae1c5b6b3b076e33a1854de0931534ec,AGENT,株式会社クレッセントのアシスタント、ゲッペイと申します。ライブ配信などで活用できるVolu☆ME!と、業界最高水準のモーションキャプチャシステムViconについてご紹介できます。,,2026-04-30 16:22:20.445779+08:00
01KQEQXPCNK9M1JZBD9B42J7TS,,fe01f6b32dd8a8bc196a7359809861ad,AGENT,"こんにちは、ゲッペイと申します。株式会社クレッセントのアシスタントです。

ライブ配信などで活用できるVolu☆ME!と、業界最高水準のモーションキャプチャシステムViconについてご紹介できます。",,2026-04-30 16:26:13.694113+08:00
01KQEQZ9T5GWK29ZX3CTJQQ54B,,2765b7077148c567f0bc2b835c3e1955,AGENT,皆様、こんにちは。株式会社クレッセントのアシスタント、ゲッペイと申します。ライブ配信などで活用できるVolu☆ME!や、業界最高水準のモーションキャプチャシステムViconについてご紹介できます。,,2026-04-30 16:27:05.490819+08:00
01KQER0X90VFQ5N82K9HHE84QT,,fe01f6b32dd8a8bc196a7359809861ad,AGENT,こんにちは。株式会社クレッセントのアシスタント、月餅と申します。ライブ配信などで活用できるVolu☆ME!や、業界最高水準のモーションキャプチャシステムViconについてご紹介できます。,,2026-04-30 16:27:58.666188+08:00
01KQER5TRJTWNCNZSNDJNTPCZ2,,25646026c190c3ce335bee4f1a0a523f,AGENT,皆様、こんにちは！ 株式会社クレッセントのアシスタント、ゲッペイと申します。ライブ配信などで活用できるVolu☆ME!、業界最高水準のモーションキャプチャシステムViconについてご紹介できます。,,2026-04-30 16:30:39.508231+08:00
01KQER8H41YHFGGGXRY7AZ8VJR,,a726e176d1b2e9a3158610258bcbcdd5,AGENT,株式会社クレッセントのアシスタント、ゲッペイと申します。ライブ配信などで活用できるVolu☆ME!や、業界最高水準のモーションキャプチャシステムViconについてご紹介できます。,,2026-04-30 16:32:10.362881+08:00
01KQERB00XB8FJZTJBDYA4QGSG,,40bed19c87b1f4e60f094761cb55ee48,AGENT,株式会社クレッセントのアシスタント、ゲッペイと申します。ライブ配信などで活用できるVolu☆ME!や、業界最高水準のモーションキャプチャシステムViconについてご紹介できます。,,2026-04-30 16:33:29.225493+08:00
01KQERPJ74T3K1Y9EQEXQVDZMJ,,3b58ce82cc4d2e5a4c6e301664b8cb5b,AGENT,はじめまして。株式会社クレッセントのアシスタント、ゲッペイと申します。ライブ配信などで活用できるVolu☆ME!や、業界最高水準のモーションキャプチャシステムViconについてご紹介できます。,,2026-04-30 16:39:47.859511+08:00
01KQERXE78P6NDQHEPGP5J1ZFR,,37e79ccd4c2efbfb7345164aa0661d57,AGENT,ごきげんよう、私は株式会社クレッセントのアシスタント、ゲッペイと申します。ライブ配信などで活用できるVolu☆ME!と業界最高水準のモーションキャプチャシステムViconについて、何かご興味はございますか？,,2026-04-30 16:43:33.527478+08:00
01KQERY8TFMB7N264GCJD7CHGA,,37e79ccd4c2efbfb7345164aa0661d57,AGENT,こんにちは！私、株式会社クレッセントのアシスタント、ゲッペイと申します。ライブ配信などで活用できるVolu☆ME!や、業界最高水準のモーションキャプチャシステムViconについてご紹介できます。,,2026-04-30 16:44:00.573881+08:00
01KQES7KBW3AXAJ1ENERP2SR6D,,6218eec7338f2e879433a6f05d17b5bf,AGENT,はじめまして。株式会社クレッセントのアシスタント「ゲッペイ」と申します。ライブ配信などで活用できるVolu☆ME!、業界最高水準のモーションキャプチャシステムViconにご興味はございますか？,,2026-04-30 16:49:06.154681+08:00
01KQESFQC0F4KYAAW32XPK5W28,,c280d4cd307f96a517a2d58f4e21ad2b,AGENT,ようこそ！私、株式会社クレッセントのアシスタント、ゲッペイと申します。ライブ配信などで活用できるVolu☆ME!や、業界最高水準のモーションキャプチャシステムViconなどにご興味はございますか？,,2026-04-30 16:53:33.396319+08:00
01KQESRSER6K46Q5FJ2H4E7W8X,,015bb8e5b885b1e41221050770d73b13,AGENT,こんにちは！私は株式会社クレッセントのアシスタント、ゲッペイと申します。ライブ配信などで活用できるVolu☆ME!と、業界最高水準のモーションキャプチャシステムViconについてご案内できます。,,2026-04-30 16:58:30.299224+08:00
01KQESXZNE9BCYCFMMEZ2BQSPM,,015bb8e5b885b1e41221050770d73b13,AGENT,こんにちは！ 私、株式会社クレッセントのアシスタント、ゲッペイと申します。ライブ配信などで活用できるVolu☆ME!や、業界最高水準のモーションキャプチャシステムViconについてご紹介できます。,,2026-04-30 17:01:21.302309+08:00
01KQETSXNCWYWHYV9YC8QCZZ1Z,,d9439461515f9454b0291348ef705c5e,AGENT,お客様、こんにちは！株式会社クレッセントのアシスタント、ゲッペイと申します。ライブ配信などで活用できるVolu☆ME!や、業界最高水準のモーションキャプチャシステムViconについてご紹介できます。,,2026-04-30 17:16:38.530025+08:00
01KQEW3XK0B166CMGDZB4BP4HK,,aef48cadb607a8597956532318e6d019,AGENT,株式会社クレッセントのアシスタント、ゲッペイと申します。ライブ配信などで活用できるVolu☆ME!や、業界最高水準のモーションキャプチャシステムViconについてご紹介できます。,,2026-04-30 17:39:31.362839+08:00
01KQEWPZP3HZF087GFADYATKHR,,e5e9738094a62e879f825f1579b96819,AGENT,こんにちは！私、株式会社クレッセントのアシスタント、ゲッペイと申します。ライブ配信などで活用できるVolu☆ME!、そして業界最高水準のモーションキャプチャシステムViconについてご紹介できます。,,2026-04-30 17:49:56.734989+08:00
01KQEWQFKPF6TP4T1RD4HS9M7A,,e5e9738094a62e879f825f1579b96819,AGENT,こんにちは！ 私、クレッセントのアシスタント、ゲッペイと申します。ライブ配信などで活用できるVolu☆ME!と、業界最高水準のモーションキャプチャシステムViconにご興味はございますか？,,2026-04-30 17:50:12.706275+08:00
01KQEWX0V6HSMH65JTMJ036R8Q,,fb9ad8c79913527d3e994fbc14ec6788,AGENT,こんにちは！ 株式会社クレッセントのアシスタント、月餅です。ライブ配信などで活用できるVolu☆ME!、業界最高水準のモーションキャプチャシステムViconなどがございますが、何かご興味はございますか？,,2026-04-30 17:53:13.647285+08:00
01KQEX6T5YX448624B8K4TTG2X,,ae9549f99f645ef62f409364e5a4d561,AGENT,月餅（ゲッペイ）と申します。株式会社クレッセントのアシスタントです。何かお困りですか？ ライブ配信などで活用できるVolu☆ME!と、業界最高水準のモーションキャプチャシステムViconについてご紹介できます。,,2026-04-30 17:58:35.062698+08:00
01KQEXZDBN9876N1VRMJR47P6K,,f6b2176483fcaea0191939f5c62c5152,AGENT,こんにちは、私は株式会社クレッセントのアシスタント、ゲッペイと申します。ライブ配信などで活用できるVolu☆ME!と、業界最高水準のモーションキャプチャシステムViconについてご紹介できます。,,2026-04-30 18:12:10.993050+08:00
01KQEY11REE6H6QAQV0J9F68F3,,8c19c6fc9918642d24671fe3aa34d52b,AGENT,初めまして。私、株式会社クレッセントのアシスタント、ゲッペイと申します。ライブ配信などで活用できるVolu☆ME!と業界最高水準のモーションキャプチャシステムViconについてご紹介できます。,,2026-04-30 18:12:55.325585+08:00
01KQEYC96WJ66G02RYHHAQGGJF,,38b37e757d474c13aa1f5a5ad743c8ad,AGENT,株式会社クレッセントのアシスタント、月餅です。ライブ配信などで活用できるVolu☆ME!と、業界最高水準のモーションキャプチャシステムViconにご興味はありますか？,,2026-04-30 18:19:03.369396+08:00
01KQEYD53FVK9ZWES50NGW9Y7S,,38b37e757d474c13aa1f5a5ad743c8ad,AGENT,初めまして。私は株式会社クレッセントのアシスタント、ゲッペイと申します。ライブ配信などで活用できるVolu☆ME!、業界最高水準のモーションキャプチャシステムViconなど、弊社サービスについてご案内できます。,,2026-04-30 18:19:31.182532+08:00
01KQEYDEVN33Y47M350F9WTF37,,38b37e757d474c13aa1f5a5ad743c8ad,AGENT,"こんにちは、ゲッペイと申します。株式会社クレッセントのアシスタントです。

ライブ配信などで活用できるVolu☆ME!と、業界最高水準のモーションキャプチャシステムViconにご興味はございますか？",,2026-04-30 18:19:41.055709+08:00
01KQEYDTRYZACM7FFTDY96FPGQ,,38b37e757d474c13aa1f5a5ad743c8ad,AGENT,"皆様、こんにちは。私、株式会社クレッセントのアシスタント、ゲッペイと申します。

ライブ配信などで活用できるVolu☆ME!と、業界最高水準のモーションキャプチャシステムViconにご興味はございますか？",,2026-04-30 18:19:53.167249+08:00
01KQEYE22J16ZR7M8YMWDYN6SN,,38b37e757d474c13aa1f5a5ad743c8ad,AGENT,こんにちは！私、株式会社クレッセントのアシスタント、ゲッペイと申します。ライブ配信などで活用できるVolu☆ME!、業界最高水準のモーションキャプチャシステムViconにご興味はありますか？,,2026-04-30 18:20:01.024909+08:00
01KQEYE829MQEGZDSHN5THW6YP,,38b37e757d474c13aa1f5a5ad743c8ad,AGENT,こんにちは！ 株式会社クレッセントのアシスタント、ゲッペイと申します。ライブ配信などで活用できるVolu☆ME!や、業界最高水準のモーションキャプチャシステムViconなど、クレッセントの最新技術にご興味はございますか？,,2026-04-30 18:20:07.045088+08:00
01KQEYEHKSFZ133XX2P3F48D5Y,,38b37e757d474c13aa1f5a5ad743c8ad,AGENT,初めまして！ 私、株式会社クレッセントのアシスタント、ゲッペイと申します。ライブ配信などで活用できるVolu☆ME!と、業界最高水準のモーションキャプチャシステムViconについてご紹介できます。,,2026-04-30 18:20:16.877488+08:00
01KQEZ2FC2MHS8WPPD20Y8E69D,,70cf277ea76c169769d2d89e47125400,AGENT,皆様、こんにちは！ 株式会社クレッセントのアシスタント、ゲッペイと申します。ライブ配信などで活用できるVolu☆ME!、業界最高水準のモーションキャプチャシステムViconなどについて、何かご質問はございますか？,,2026-04-30 18:37:34.625549+08:00
01KQEZ44FJKV6BFPCSE1YPMJ9N,,1324d7b44f9b851f8443ab697f77d38a,AGENT,いらっしゃいませ。株式会社クレッセントのアシスタント、ゲッペイと申します。ライブ配信などで活用できるVolu☆ME!、業界最高水準のモーションキャプチャシステムViconなどがございますが、ご興味はございますか？,,2026-04-30 18:32:05.218007+08:00
01KQF0333ZA6ASE71V8WCRE5DN,,4ec94f7e3dd9a8f93df4310e87939640,AGENT,こんにちは。株式会社クレッセントのアシスタント、月餅（ゲッペイ）と申します。ライブ配信などで活用できるVolu☆ME!、業界最高水準のモーションキャプチャシステムViconなど、クレッセントの技術についてご案内できます。,,2026-04-30 18:48:59.260722+08:00
01KQF0WJ4A2S705BQ1W3ABZ945,,bb3d343ebef7a3afb264bc866bcc682b,AGENT,はじめまして、私は株式会社クレッセントのアシスタント、ゲッペイと申します。ライブ配信などで活用できるVolu☆ME!や、業界最高水準のモーションキャプチャシステムViconについてご紹介できます。,,2026-04-30 19:02:57.026626+08:00
01KQF1NC2Y5886DX6WTDTHAVSR,,2de7a9fe7ce58046fd68d2040b96da50,AGENT,こんにちは、私は株式会社クレッセントのアシスタント、ゲッペイと申します。ライブ配信などで活用できるVolu☆ME!や、業界最高水準のモーションキャプチャシステムViconについてご紹介できます。,,2026-04-30 19:16:32.217656+08:00
01KQF2Y5Z3HRXYBWKN44M0ZQ8T,,29fce8e190176bb130fec334ec185fa9,AGENT,はじめまして。株式会社クレッセントのアシスタント、ゲッペイと申します。ライブ配信などで活用できるVolu☆ME!や、業界最高水準のモーションキャプチャシステムViconについてご紹介できます。,,2026-04-30 19:38:43.686317+08:00
01KQF3STFVZBTJ5Y6DA1B3DS1Z,,17b2d977e8b540d1ff45fbc008c0d819,AGENT,こんにちは！ 株式会社クレッセントのアシスタント、ゲッペイと申します。ライブ配信などで活用できるVolu☆ME!や、業界最高水準のモーションキャプチャシステムViconについてご紹介できます。,,2026-04-30 19:53:51.312961+08:00
01KQF555FMQYA4FM7KEDPKN9X2,,e9e46a57de2ffe7be547c6cda91e2f95,AGENT,月餅です。クレッセントのアシスタントをしております。,,2026-04-30 20:17:42.673792+08:00
01KQF5RZVFJVY3KRR2KZEMCCVH,,835a7cf2e9c06ee57c015e0a0956c30f,AGENT,こんにちは！私、株式会社クレッセントのアシスタント、ゲッペイと申します。ライブ配信などで活用できるVolu☆ME!、業界最高水準のモーションキャプチャシステムViconにご興味はありませんか？,,2026-04-30 20:28:30.426129+08:00
01KQF68XDNAYC7VSD742TSEEE0,,18b18a1ea255f9450d97006f68b8942f,AGENT,株式会社クレッセントのアシスタント、月餅と申します。ライブ配信などで活用できるVolu☆ME!、2026年最新スタジオについてご興味はございませんか？,,2026-04-30 20:37:00.975351+08:00
01KQF6B25RPZ1R6E0B0FW8ZQ38,,aafd4083e723c89f1e217fdd868e6736,AGENT,月餅ちゃんと申します。株式会社クレッセントのアシスタントです。ライブ配信などで活用できるVolu☆ME!と、業界最高水準のモーションキャプチャシステムViconにご興味はありませんか？,,2026-04-30 20:38:18.442846+08:00
01KQF6Q2T6WRSANP8TB7ETV0C8,,0ec91c949e99b5959e536f4e3d15e904,AGENT,"こんにちは！ 株式会社クレッセントのアシスタント、ゲッペイと申します。

ライブ配信などで活用できるVolu☆ME!と、業界最高水準のモーションキャプチャシステムViconにご興味はございますか？",,2026-04-30 20:44:45.882202+08:00
01KQF73P94TTYRZY3CH37MA4PB,,5dd6d33f5d9049ac4ce6cfccca245d61,AGENT,こんにちは。私、株式会社クレッセントのアシスタント、ゲッペイと申します。ライブ配信などで活用できるVolu☆ME!や、業界最高水準のモーションキャプチャシステムViconについてご紹介できます。,,2026-04-30 20:51:39.678990+08:00
01KQF9N6152BZ34TYQC2ETFKAB,,6e4365b7283381969293f4e7a950c473,AGENT,お客様、こんにちは！株式会社クレッセントのアシスタント、ゲッペイと申します。ライブ配信などで活用できるVolu☆ME!、業界最高水準のモーションキャプチャシステムViconなどにご興味はございますか？,,2026-04-30 21:36:08.943936+08:00
01KQF9PQJ79D66JVTJA6SVVDQM,,bb7a1a8be01ffbbe154e22f7822a28ad,AGENT,こんにちは！私は株式会社クレッセントのアシスタント、ゲッペイと申します。ライブ配信などで活用できるVolu☆ME!や、業界最高水準のモーションキャプチャシステムViconについてご紹介できます。,,2026-04-30 21:37:12.525874+08:00
01KQFASYQBJM73MZFPHSH63E6K,,6b4e30c405f1c5c7cd74da4a19a7ce2d,AGENT,ようこそ！ 私、株式会社クレッセントのアシスタント、ゲッペイと申します。ライブ配信などで活用できるVolu☆ME!や、業界最高水準のモーションキャプチャシステムViconについて、何かご興味はございますか？,,2026-04-30 21:56:16.043117+08:00
01KQFB0XGBKA4HJH7N4TGMDBVE,,c05c80be287895b0e6a31901ac643a71,AGENT,株式会社クレッセントのゲッペイと申します。ライブ配信などで活用できるVolu☆ME!、業界最高水準のモーションキャプチャシステムViconなど、様々な技術についてお話しできます。,,2026-04-30 22:00:12.345111+08:00
01KQFBFWVHN0MRDJPZ31H355B6,,8bf8176c1da6094208e6346a7e0e738f,AGENT,"こんにちは！ 株式会社クレッセントのアシスタント、月餅です。
ライブ配信などで活用できるVolu☆ME!と業界最高水準のモーションキャプチャシステムViconにご興味はございますか？",,2026-04-30 22:08:13.223284+08:00
01KQFDN0QB10MYX132HPE0DXMJ,,908a3fb437b11e2dd8f5f65ddba9e69c,AGENT,こんにちは！ 私は株式会社クレッセントのアシスタント、ゲッペイと申します。ライブ配信などで活用できるVolu☆ME!や、業界最高水準のモーションキャプチャシステムViconについてご紹介できます。,,2026-04-30 22:45:59.146182+08:00
01KQFEJPYKB79V8N4JZAP5YWB2,,617607bf8ec437d931c7beb368ec5b20,AGENT,株式会社クレッセントのアシスタント、ゲッペイと申します。ライブ配信などで活用できるVolu☆ME!や、業界最高水準のモーションキャプチャシステムViconについてご紹介できます。,,2026-04-30 23:02:47.073396+08:00
01KQFEZ75DV266MA0XVSF1WG7A,,09a604d6075db234344c09170b331b47,AGENT,株式会社クレッセントのアシスタント、ゲッペイと申します。ライブ配信などで活用できるVolu☆ME!と、業界最高水準のモーションキャプチャシステムViconは、弊社の特長です。,,2026-04-30 23:09:02.368293+08:00
01KQFEZ75DV266MA0XVSF1WG7A,,09a604d6075db234344c09170b331b47,AGENT,株式会社クレッセントのアシスタント、ゲッペイと申します。ライブ配信などで活用できるVolu☆ME!と、2026年最新スタジオは、弊社の特長です。,,2026-04-30 23:09:03.768115+08:00
01KQFGW1EYHBQ28375K39P301N,,4bde095bd75b989f23561481c9c0109c,AGENT,"お客様、こんにちは。私、株式会社クレッセントのアシスタント、ゲッペイと申します。

ライブ配信などで活用できるVolu☆ME!と業界最高水準のモーションキャプチャシステムViconについてご興味はございますか？",,2026-04-30 23:42:14.142552+08:00
01KQFGW1EYHBQ28375K39P301N,,4bde095bd75b989f23561481c9c0109c,USER,I'm Athena,,2026-04-30 23:42:17.471088+08:00
01KQFGW1EYHBQ28375K39P301N,,4bde095bd75b989f23561481c9c0109c,AGENT,"アテナさん、はじめまして！ゲッペイと申します。

何かデジタル技術やモーションキャプチャについて、お力になれることはありますか？",,2026-04-30 23:42:17.484077+08:00
01KQFHM2CS6R9ZKV5NCKXY2NHR,,5c2fc67c470639c2ef703e961439f34c,AGENT,初めまして、私は株式会社クレッセントのアシスタント、ゲッペイと申します。ライブ配信などで活用できるVolu☆ME!、業界最高水準のモーションキャプチャシステムViconなど、クレッセントの最新技術にご興味はありますか？,,2026-04-30 23:55:22.487637+08:00
01KQFHNHZGW8F80RGBW9J2922J,,8bf8176c1da6094208e6346a7e0e738f,AGENT,ようこそ、お越しくださいました。私、株式会社クレッセントのアシスタント、ゲッペイと申します。ライブ配信などで活用できるVolu☆ME!、そして業界最高水準のモーションキャプチャシステムViconについてご紹介できます。,,2026-04-30 23:56:10.099641+08:00
01KQFJA12R4WWAM5QB4WCPEXWB,,08f1fcfdea96b11b5e6184eadc067aac,AGENT,月餅（MoonCake）と申します。株式会社クレッセントのアシスタントです。ライブ配信などで活用できるVolu☆ME!や、業界最高水準のモーションキャプチャシステムViconについてご紹介できます。,,2026-05-01 00:07:23.164974+08:00
01KQFJAQSF4V2NGT8SV3044NY1,,4bde095bd75b989f23561481c9c0109c,AGENT,こんにちは！私はクレッセントのアシスタント、月餅です。ライブ配信などで活用できるVolu☆ME!、業界最高水準のモーションキャプチャシステムViconなどがございますが、何にご興味がありますか？,,2026-05-01 00:07:44.748210+08:00
01KQFJAQSF4V2NGT8SV3044NY1,,4bde095bd75b989f23561481c9c0109c,USER,I'm Athena,,2026-05-01 00:07:48.004603+08:00
01KQFJAQSF4V2NGT8SV3044NY1,,4bde095bd75b989f23561481c9c0109c,AGENT,"アテナさん、こんにちは！

何かお困りですか？それとも、何か知りたいことはありますか？",,2026-05-01 00:07:48.022546+08:00
01KQFJCSXH7H1340F4H7SMND7H,,4bde095bd75b989f23561481c9c0109c,AGENT,こんにちは。私、株式会社クレッセントのアシスタント、ゲッペイと申します。ライブ配信などで活用できるVolu☆ME!や、業界最高水準のモーションキャプチャシステムViconなどについて、ご興味はありますか？,,2026-05-01 00:08:52.913326+08:00
01KQFJCSXH7H1340F4H7SMND7H,,4bde095bd75b989f23561481c9c0109c,USER,I'm Athena,,2026-05-01 00:08:56.405762+08:00
01KQFJCSXH7H1340F4H7SMND7H,,4bde095bd75b989f23561481c9c0109c,AGENT,"Hello Athena! It's a pleasure to meet you.

Is there anything specific you'd like to know about Volu☆ME! or our Vicon motion capture system? Or perhaps you're interested in our new studio opening in 2026?",,2026-05-01 00:08:56.435530+08:00
01KQFTHJW8PZP7N4HJGGNRHMVE,,0f19ea6ef0e272f9aad39825d2a0bfd6,AGENT,はじめまして。株式会社クレッセントのアシスタント、月餅です。ライブ配信などで活用できるVolu☆ME!や、業界最高水準のモーションキャプチャシステムViconについてご紹介できます。,,2026-05-01 02:31:16.456345+08:00
01KQFTW6SE8VCPBB9Q7HWAFRKT,,a67dc5187228392d998fb3c30f8410bc,AGENT,こんにちは。株式会社クレッセントのアシスタント、月餅です。ライブ配信などで活用できるVolu☆ME!や、業界最高水準のモーションキャプチャシステムViconについてご興味はございますか？,,2026-05-01 02:37:04.958452+08:00
01KQG8MNC43W8YFD54BA6YKKE2,,c5535af3066286867545056656241e35,AGENT,初めまして、私が株式会社クレッセントのアシスタント、月餅です。ライブ配信などで活用できるVolu☆ME!や、業界最高水準のモーションキャプチャシステムViconについてご紹介できます。,,2026-05-01 06:37:47.318036+08:00
01KQGBZTHA7CJBHE6BPYEQNQRD,,c09fc61bdf53c3ac99cd9965edb27507,AGENT,こんにちは！ゲッペイと申します。ライブ配信などで活用できるVolu☆ME!や、業界最高水準のモーションキャプチャシステムViconなど、クレッセントの最新技術にご興味はありますか？,,2026-05-01 07:36:09.509145+08:00
01KQGC1PF79QB6N8093TZ11K05,,b53e048cc285488f357e8661cf113a78,AGENT,株式会社クレッセントのアシスタント、ゲッペイと申します。ライブ配信などで活用できるVolu☆ME!や、業界最高水準のモーションキャプチャシステムViconについてご紹介できます。,,2026-05-01 07:37:13.160717+08:00
01KQGCW28YCZC4GHE53TF0NNM6,,def499650f94b103ec6e22f69907324d,AGENT,"こんにちは！クレッセントのアシスタント、ゲッペイと申します。

ライブ配信などで活用できるVolu☆ME!、業界最高水準のモーションキャプチャシステムVicon、どちらにご興味がありますか？",,2026-05-01 07:51:35.609051+08:00
01KQGEHK61G22BVW5XJR1J07ZF,,868243a12bb720054a0c8d6ab512aa2e,AGENT,株式会社クレッセントのアシスタント、ゲッペイと申します。ライブ配信などで活用できるVolu☆ME!や、業界最高水準のモーションキャプチャシステムViconについてお話しできます。,,2026-05-01 08:20:50.711871+08:00
01KQGEJBPQ1KVB2P3R2A44Q0V1,,957ba7365ab012b14b328149cac1c828,AGENT,こんにちは、私は株式会社クレッセントのアシスタント、ゲッペイと申します。ライブ配信などで活用できるVolu☆ME!や、業界最高水準のモーションキャプチャシステムViconについてご紹介できます。,,2026-05-01 08:21:13.627791+08:00
01KQGFPDWHZ4A21MJBZFJD87VV,,d91d8ddb462699375907ece0f27ee9de,AGENT,こんにちは、私は株式会社クレッセントのアシスタント、ゲッペイと申します。ライブ配信などで活用できるVolu☆ME!や、業界最高水準のモーションキャプチャシステムViconについてご紹介できます。,,2026-05-01 08:40:56.307536+08:00
01KQGFYVKQK6F0VF6NGDVTCGKW,,675c3f1a807ee43edfa55581d90f6448,AGENT,"こんにちは！ 株式会社クレッセントのアシスタント、月餅（ゲッペイ）と申します。
ライブ配信などで活用できるVolu☆ME!と、業界最高水準のモーションキャプチャシステムViconについてご紹介できますが、どちらにご興味がありますか？",,2026-05-01 08:45:32.809944+08:00
01KQGG9E412XBXAW43WNT26B3E,,617607bf8ec437d931c7beb368ec5b20,AGENT,"初めまして、私が株式会社クレッセントのアシスタント、ゲッペイと申します。
ライブ配信などで活用できるVolu☆ME!と業界最高水準のモーションキャプチャシステムViconにご興味はございますか？",,2026-05-01 08:51:20.201895+08:00
01KQGH336NRYKXJFQTWS3F0WH7,,9bae5303f3dcb3d461a848c53f1b2b43,AGENT,はじめまして。株式会社クレッセントのアシスタント、ゲッペイと申します。ライブ配信などで活用できるVolu☆ME!や、業界最高水準のモーションキャプチャシステムViconについてご紹介できます。,,2026-05-01 09:05:25.133295+08:00
01KQGH60ZC3X5YPH4X9ENAYP3P,,b785c5ff54d6cd734073bb7248f729d8,AGENT,"皆様、こんにちは。私は株式会社クレッセントのアシスタント、ゲッペイと申します。
ライブ配信などで活用できるVolu☆ME!や、業界最高水準のモーションキャプチャシステムViconについてご興味はございませんか？",,2026-05-01 09:07:00.439891+08:00
01KQGJ1BZAQ330D3PV3N1E1FC0,,a79a1b178e89aba8397a36d8f615ecf2,AGENT,こんにちは！ 私、クレッセントのアシスタント、ゲッペイと申します。ライブ配信などで活用できるVolu☆ME!と、業界最高水準のモーションキャプチャシステムViconについてご紹介できます。,,2026-05-01 09:21:52.565214+08:00
01KQGJAV92TY6KMJQYQBD8BHVN,,ddbaaea2f49fd2aad107e967a79d4704,AGENT,こんにちは、私はクレッセントのアシスタント、月餅です！ ライブ配信などで活用できるVolu☆ME! や、業界最高水準のモーションキャプチャシステムViconについてお話しできます。,,2026-05-01 09:27:01.805187+08:00
01KQGJG9S0KG4WDT6HWWKWWK7W,,ddbaaea2f49fd2aad107e967a79d4704,AGENT,皆様、こんにちは！ 株式会社クレッセントのアシスタント、ゲッペイと申します。ライブ配信などで活用できるVolu☆ME!や、業界最高水準のモーションキャプチャシステムViconについてお話しできます。,,2026-05-01 09:30:00.458441+08:00
01KQGJHWG7J4F6RZKNF8RE080D,,457c6a1accf7d6f8d1f42f594a519d76,AGENT,こんにちは、私はクレッセントのアシスタント、月餅（ゲッペイ）と申します。ライブ配信などで活用できるVolu☆ME!、または業界最高水準のモーションキャプチャシステムViconについてご興味はございますか？,,2026-05-01 09:30:53.409820+08:00
01KQGJRAY91NH2GM44E4BFZQPW,,489c3f063ebb91f89538e6b4319e3e8d,AGENT,こんにちは！私、株式会社クレッセントのアシスタント、ゲッペイと申します。ライブ配信などで活用できるVolu☆ME!や、業界最高水準のモーションキャプチャシステムViconについてご紹介できます。,,2026-05-01 09:34:39.218874+08:00
01KQGKAE5PQ48WP607942MXJ20,,56f403402a4a79ff4f49084e0a199434,AGENT,いらっしゃいませ。株式会社クレッセントのアシスタント、ゲッペイと申します。ライブ配信などで活用できるVolu☆ME!や、業界最高水準のモーションキャプチャシステムViconなどにご興味はございますか？,,2026-05-01 09:44:17.565613+08:00
01KQGKAWZ25HKJ16JJHRM764V2,,648651f56fc4e86c3f3cc76ce00cc2a1,AGENT,こんにちは！ 私は株式会社クレッセントのアシスタント、ゲッペイと申します。ライブ配信などで活用できるVolu☆ME!や、業界最高水準のモーションキャプチャシステムViconについてご紹介できます。,,2026-05-01 09:44:33.024221+08:00
01KQGKC21HWSAW7DQPJH49XPXE,,b74561fc7988fc003c356aa13f5149f1,AGENT,こんにちは！ 株式会社クレッセントのアシスタント、ゲッペイと申します。 ライブ配信などで活用できるVolu☆ME! や業界最高水準のモーションキャプチャシステムViconについてご紹介できます。,,2026-05-01 09:45:11.196548+08:00
01KQGKCMP91PFKGG8E1ZQKAX1B,,94e6f5b86f275fb7f49f500cd0d08420,AGENT,株式会社クレッセントのアシスタント、ゲッペイと申します。ライブ配信などで活用できるVolu☆ME!や、業界最高水準のモーションキャプチャシステムViconについてお話しできます。,,2026-05-01 09:45:30.252039+08:00
01KQGKDKTT7DQEX71H5BYKXF7X,,761d0ff44f72eb0e60bd85e96b02a2c3,AGENT,こんにちは！私は株式会社クレッセントのアシスタント、ゲッペイと申します。ライブ配信などで活用できるVolu☆ME!と、業界最高水準のモーションキャプチャシステムViconにご興味はございますか？,,2026-05-01 09:46:03.142383+08:00
01KQGKHCZ1QA7KKSKQ4TXQYDFP,,1e7d9f30d085b966719d549def2628cf,AGENT,はじめまして。株式会社クレッセントのアシスタント、ゲッペイと申します。ライブ配信などで活用できるVolu☆ME!と業界最高水準のモーションキャプチャシステムViconについてご紹介できます。,,2026-05-01 09:48:07.086507+08:00
01KQGKHDRXK5HZCMHK1N0RYDX4,,56f403402a4a79ff4f49084e0a199434,AGENT,こんにちは！ 株式会社クレッセントのアシスタント、月餅（ゲッペイ）と申します。ライブ配信などで活用できるVolu☆ME!、業界最高水準のモーションキャプチャシステムViconなどがございます。,,2026-05-01 09:48:05.889025+08:00
01KQGKHJ821NW47C3WCGC2W56K,,761d0ff44f72eb0e60bd85e96b02a2c3,AGENT,はじめまして。株式会社クレッセントのアシスタント、ゲッペイと申します。ライブ配信などで活用できるVolu☆ME!や、業界最高水準のモーションキャプチャシステムViconについてご紹介できます。,,2026-05-01 09:48:12.057109+08:00
01KQGKJ86ZTGWP3BDYT758TDQE,,2a8caa183e0a7302292380f16ea24b2f,AGENT,こんにちは、ゲッペイと申します。株式会社クレッセントのアシスタントをしております。,,2026-05-01 09:48:33.569688+08:00
01KQGKNGA2SDX5J817YVMMGXKJ,,88f60f85f12530c49b8bd37e1ee82024,AGENT,こんにちは！ 株式会社クレッセントのアシスタント、月餅（ゲッペイ）です。どのようなご用件でしょうか？ ライブ配信などで活用できるVolu☆ME!、業界最高水準のモーションキャプチャシステムViconなどがございます。,,2026-05-01 09:50:23.041388+08:00
01KQGM72FVW0RCS0PBR5G9Y8H4,,77b5cbb469b3ac6f58f103efc309e097,AGENT,お客様、こんにちは！私は株式会社クレッセントのアシスタント、月餅（ゲッペイ）と申します。ライブ配信などで活用できるVolu☆ME!や、業界最高水準のモーションキャプチャシステムViconなどについてご案内できます。,,2026-05-01 09:59:56.543592+08:00
01KQGMY9ZSNGPNX9V77MYTTY20,,7a9bdbbd722dc754ac7aadcbba2102ab,AGENT,こんにちは！私は株式会社クレッセントのアシスタント、ゲッペイと申します。ライブ配信などで活用できるVolu☆ME!や、業界最高水準のモーションキャプチャシステムViconについてご紹介できます。,,2026-05-01 10:12:37.348393+08:00
01KQGN41AJMNCJEAHVHHQG65A1,,370ab2cf8bce5dd4d7155f03d5a160ed,AGENT,こんにちは。私、株式会社クレッセントのアシスタント、ゲッペイと申します。ライブ配信などで活用できるVolu☆ME!や、業界最高水準のモーションキャプチャシステムViconについてご紹介できます。,,2026-05-01 10:15:45.274527+08:00
01KQGN9CMYDGGC9MNS8RC9ZHBR,,8bf8176c1da6094208e6346a7e0e738f,AGENT,ようこそお越しくださいました。私、株式会社クレッセントのアシスタント、ゲッペイと申します。ライブ配信などで活用できるVolu☆ME!、業界最高水準のモーションキャプチャシステムViconなどがございますが、ご興味はございますか？,,2026-05-01 10:18:42.346877+08:00
01KQGNC9EQ3SME2PVZA9A1HYXN,,0f68b6181d788691b709b256f2aa5b22,AGENT,初めまして！私は株式会社クレッセントのアシスタント、月餅（ゲッペイ）と申します。ライブ配信などで活用できるVolu☆ME!や、業界最高水準のモーションキャプチャシステムViconなどにご興味はありますか？,,2026-05-01 10:20:16.559508+08:00
01KQGNFZ0FA2WH7K31BPYFCA1A,,3996e8fba6ec5a7d1ed56633cb268128,AGENT,こんにちは！私は株式会社クレッセントのアシスタント、ゲッペイと申します。ライブ配信などで活用できるVolu☆ME!や、業界最高水準のモーションキャプチャシステムViconについてご紹介できます。,,2026-05-01 10:22:14.496972+08:00
01KQGNKFDZ6VCQZ3413N40C6PA,,617607bf8ec437d931c7beb368ec5b20,AGENT,こんにちは、私は株式会社クレッセントのアシスタント、ゲッペイと申します。ライブ配信などで活用できるVolu☆ME!や、業界最高水準のモーションキャプチャシステムViconについてご紹介できます。,,2026-05-01 10:24:18.687283+08:00
01KQGNWW9VAJASP3HQHHP2QYMA,,489c3f063ebb91f89538e6b4319e3e8d,AGENT,はじめまして、私が株式会社クレッセントのアシスタント、ゲッペイと申します。ライブ配信などで活用できるVolu☆ME!や、業界最高水準のモーションキャプチャシステムViconについてご紹介できます。,,2026-05-01 10:29:17.343514+08:00
01KQGP7NHA82AR7HJA5WKRTE2H,,761d0ff44f72eb0e60bd85e96b02a2c3,AGENT,初めまして。私、株式会社クレッセントのアシスタント、ゲッペイと申します。ライブ配信などで活用できるVolu☆ME!や、業界最高水準のモーションキャプチャシステムViconについてご紹介できます。,,2026-05-01 10:35:12.881663+08:00
01KQGPQY8ZAH7JAY7MQ7JXYECA,,c8d43ba00336e8db95715bb9f0a73f52,AGENT,"皆様、こんにちは。私は株式会社クレッセントのアシスタント、「ゲッペイ」と申します。

本日は、ライブ配信などで活用できるVolu☆ME!、もしくは業界最高水準のモーションキャプチャシステムViconのどちらにご興味がございますか？",,2026-05-01 10:44:05.004319+08:00
01KQGQGNMQVC2M4W0R7K8Y3AEJ,,75a5141565f97573ad2730e6d9c3f466,AGENT,"株式会社クレッセントのゲッペイと申します。

最新のモーションキャプチャ技術に精通しております。

ライブ配信などで活用できるVolu☆ME!、業界最高水準のモーションキャプチャシステムViconにご興味はありませんか？",,2026-05-01 10:57:36.386739+08:00
01KQGQJ3K6EPH2SFBG1FWXM0JD,,75a5141565f97573ad2730e6d9c3f466,AGENT,皆様、こんにちは。株式会社クレッセントのアシスタント、ゲッペイと申します。ライブ配信などで活用できるVolu☆ME!、業界最高水準のモーションキャプチャシステムViconなど、弊社最新の技術についてご紹介できます。,,2026-05-01 10:58:22.629192+08:00
01KQGQQM0H7TVFE6QY3AWE47R3,,929e0b2208ffc52116437cabb7bc73ab,AGENT,こんにちは！ 私は株式会社クレッセントのアシスタント、ゲッペイと申します。ライブ配信などで活用できるVolu☆ME!や、業界最高水準のモーションキャプチャシステムViconについてご紹介できます。,,2026-05-01 11:01:23.662892+08:00
01KQGQQN90J52KEBN0N8565Z6M,,20a23d794929d9878e75bb7085e19091,AGENT,"こんにちは。株式会社クレッセントのゲッペイです。

ライブ配信などで活用できるVolu☆ME!、業界最高水準のモーションキャプチャシステムViconについてご紹介できますが、どちらにご興味がありますか？",,2026-05-01 11:01:30.657891+08:00
01KQGQQNZ9NY45Y25KPS94KCXW,,3397d6b60943e1457c5ae11c172305cf,AGENT,皆様、こんにちは。株式会社クレッセントのアシスタント「ゲッペイ」と申します。ライブ配信などで活用できるVolu☆ME!、業界最高水準のモーションキャプチャシステムViconなど、弊社サービスについてお気軽にお尋ねください。,,2026-05-01 11:01:32.331293+08:00
01KQGQWVJJQ6PYDVH3BWHKNPFA,,ad8e0c6932f7f205c472a07d8240297d,AGENT,初めまして。私、株式会社クレッセントのアシスタント、ゲッペイと申します。ライブ配信などで活用できるVolu☆ME!、2026年最新スタジオについてご興味はありますか？,,2026-05-01 11:04:14.775164+08:00
01KQGR00CRRKNFYCEJXAFV08QY,,da1c45c41290276eb35b09cbc4040acf,AGENT,こんにちは！私は株式会社クレッセントのアシスタント、ゲッペイと申します。ライブ配信などで活用できるVolu☆ME!と、業界最高水準のモーションキャプチャシステムViconにご興味はありますか？,,2026-05-01 11:06:01.102658+08:00
01KQGR02045AFAKK66AEEX65A2,,da1c45c41290276eb35b09cbc4040acf,AGENT,はじめまして。私、株式会社クレッセントのアシスタント、月餅と申します。ライブ配信などで活用できるVolu☆ME!、業界最高水準のモーションキャプチャシステムViconなどがございますが、どの情報にご興味がありますか？,,2026-05-01 11:06:03.081467+08:00
01KQGR1AX5RD31Z8YB5CS8FGZC,,4102f9d8cac9d709c3d0cb48707aa95a,AGENT,"こんにちは、ゲッペイと申します。株式会社クレッセントのアシスタントです。

ライブ配信などで活用できるVolu☆ME!や、業界最高水準のモーションキャプチャシステムViconについてご興味はございませんか？",,2026-05-01 11:06:42.563949+08:00
01KQGR1C6F8Y5X4QFE7QEHR0GB,,da1c45c41290276eb35b09cbc4040acf,AGENT,ゲッペイと申します。株式会社クレッセントのアシスタントです。ライブ配信などで活用できるVolu☆ME!、業界最高水準のモーションキャプチャシステムViconなどがございます。,,2026-05-01 11:06:45.868216+08:00
01KQGR1D5J34HKC5Q1SSS1T5GP,,da1c45c41290276eb35b09cbc4040acf,AGENT,こんにちは！株式会社クレッセントのアシスタント、ゲッペイと申します。ライブ配信などで活用できるVolu☆ME!や、業界最高水準のモーションキャプチャシステムViconについてご紹介できます。,,2026-05-01 11:06:47.054356+08:00
01KQGR44ATGMEZDVNJEAQZYXB4,,3e2d5a3e92abad7cf286aecb86b16c35,AGENT,月餅と申します。クレッセントのアシスタントです。ライブ配信などで活用できるVolu☆ME!、業界最高水準のモーションキャプチャシステムViconなどがございます。,,2026-05-01 11:08:13.612954+08:00
01KQGR5VH2DQYR6RRZ458W2096,,8b508208f92e40f351051a8807a453db,AGENT,こんにちは！私、株式会社クレッセントのアシスタント、ゲッペイと申します。ライブ配信などで活用できるVolu☆ME!、そして業界最高水準のモーションキャプチャシステムViconについてご紹介できます。,,2026-05-01 11:09:13.518279+08:00
01KQGR62S5MMJFY1T40WTS5D1P,,cadc65d0ba4449aa5d041924d72bb798,AGENT,初めまして。私、株式会社クレッセントのアシスタント、ゲッペイと申します。ライブ配信などで活用できるVolu☆ME!と、2026年最新スタジオについてご紹介できます。,,2026-05-01 11:09:23.023562+08:00
01KQGR65A0KHP9AKMD9QX9JANP,,a6026766704739c988a41a364d311222,AGENT,皆様、こんにちは！ 株式会社クレッセントのアシスタント、ゲッペイと申します。ライブ配信などで活用できるVolu☆ME!や、業界最高水準のモーションキャプチャシステムViconについてご紹介できます。,,2026-05-01 11:09:19.971077+08:00
01KQGR6VWGXT2S3D44W4D61VHB,,da1c45c41290276eb35b09cbc4040acf,AGENT,ようこそ、いらっしゃいませ！私は株式会社クレッセントのアシスタント、ゲッペイと申します。ライブ配信などで活用できるVolu☆ME!と業界最高水準のモーションキャプチャシステムViconについてご案内できます。,,2026-05-01 11:09:45.866851+08:00
01KQGR7296RAW3HV28CRZHXPHE,,da1c45c41290276eb35b09cbc4040acf,AGENT,クレッセントのアシスタント、ゲッペイと申します。ライブ配信などで活用できるVolu☆ME!、業界最高水準のモーションキャプチャシステムViconなど、クレッセントの最新技術にご興味はありますか？,,2026-05-01 11:09:54.627396+08:00
01KQGR734DE1BVRHX8VZ8RZG3R,,da1c45c41290276eb35b09cbc4040acf,AGENT,皆様、こんにちは。株式会社クレッセントのアシスタント、ゲッペイと申します。ライブ配信などで活用できるVolu☆ME!や、業界最高水準のモーションキャプチャシステムViconについてご紹介できます。,,2026-05-01 11:09:54.040094+08:00
01KQGR73975QRBFYVFKRFWJK88,,da1c45c41290276eb35b09cbc4040acf,AGENT,こんにちは！ 株式会社クレッセントのアシスタント、月餅（ゲッペイ）と申します。ライブ配信などで活用できるVolu☆ME!と、業界最高水準のモーションキャプチャシステムViconにご興味はございますか？,,2026-05-01 11:09:54.113236+08:00
01KQGR74Q9GWHBSKH4KR1V8J82,,da1c45c41290276eb35b09cbc4040acf,AGENT,株式会社クレッセントのアシスタント、月餅と申します。ライブ配信などで活用できるVolu☆ME!と、業界最高水準のモーションキャプチャシステムViconにご興味はございますか？,,2026-05-01 11:09:58.946635+08:00
01KQGR7V0RKZDQG30DSWWFRF31,,ff3b2f0a83d7a9af3dca942a85e268d8,AGENT,@ゲッペイと申します。株式会社クレッセントのアシスタントです。何かお困りですか？ ライブ配信などで活用できるVolu☆ME!と、業界最高水準のモーションキャプチャシステムViconがございますが、ご興味はございますか？,,2026-05-01 11:10:18.837679+08:00
01KQGR8BA074ATRPRG19Y1K3RX,,da1c45c41290276eb35b09cbc4040acf,AGENT,こんにちは。株式会社クレッセントのアシスタント、月餅です。ライブ配信などで活用できるVolu☆ME!と業界最高水準のモーションキャプチャシステムViconについてご紹介できますが、どちらにご興味がありますか？,,2026-05-01 11:10:34.700855+08:00
01KQGR8JTBMT1VA1PVQFK2VAZP,,da1c45c41290276eb35b09cbc4040acf,AGENT,こんにちは、私はクレッセントのアシスタント、月餅です。ライブ配信などで活用できるVolu☆ME!と、業界最高水準のモーションキャプチャシステムViconについてご案内できます。,,2026-05-01 11:10:42.402821+08:00
01KQGR8K94GPN9KG5YT97FC1PH,,da1c45c41290276eb35b09cbc4040acf,AGENT,こんにちは！ 私、クレッセントのゲッペイと申します。ライブ配信などで活用できるVolu☆ME!、業界最高水準のモーションキャプチャシステムViconなどがございますが、何かご興味はございますか？,,2026-05-01 11:10:44.495855+08:00
01KQGR8NTG28GKZW1KKGMVPSXS,,da1c45c41290276eb35b09cbc4040acf,AGENT,月餅と申します。株式会社クレッセントのアシスタントです。 Viconや最新スタジオについてご興味はございませんか？,,2026-05-01 11:10:47.255644+08:00
01KQGR9KY95GJSEZ7N4H1SPNSK,,8b508208f92e40f351051a8807a453db,AGENT,"こんにちは！ 株式会社クレッセントのアシスタント、ゲッペイと申します。

ライブ配信などで活用できるVolu☆ME!と業界最高水準のモーションキャプチャシステムVicon、どちらにご興味がありますか？",,2026-05-01 11:11:13.182687+08:00
01KQGRBP1PX4F2RB32WCHC3AQ9,,cadc65d0ba4449aa5d041924d72bb798,AGENT,こんにちは、ゲッペイと申します。株式会社クレッセントのアシスタントです。何かお困りですか？ ライブ配信などで活用できるVolu☆ME!と、業界最高水準のモーションキャプチャシステムViconについてご紹介できます。,,2026-05-01 11:12:27.586777+08:00
01KQGRBW36C4Q25TV3E1HRVAD2,,c061bad665693cad52491e1d77a13a38,AGENT,"月餅です。クレッセントのアシスタントをしております。
ライブ配信などで活用できるVolu☆ME!、業界最高水準のモーションキャプチャシステムViconなど、弊社には様々なソリューションがございます。",,2026-05-01 11:12:27.237800+08:00
01KQGRCEWZQZ2KA96MP7DS08ME,,cadc65d0ba4449aa5d041924d72bb798,AGENT,皆様、こんにちは。株式会社クレッセントのアシスタント、ゲッペイと申します。ライブ配信などで活用できるVolu☆ME!、業界最高水準のモーションキャプチャシステムViconにご興味はありますか？,,2026-05-01 11:12:51.303242+08:00
01KQGRDYZ0XZD26SFSGDHRGKAF,,cadc65d0ba4449aa5d041924d72bb798,AGENT,皆様、こんにちは！ 株式会社クレッセントのアシスタント、ゲッペイと申します。ライブ配信などで活用できるVolu☆ME!、または業界最高水準のモーションキャプチャシステムViconにご興味はありますか？,,2026-05-01 11:13:41.460118+08:00
01KQGRE3KC7AQHRK812DYK565F,,f9e11bff7413c4505f0569cabd1bd0ca,AGENT,月餅と申します。株式会社クレッセントのアシスタントです。ライブ配信などで活用できるVolu☆ME!と業界最高水準のモーションキャプチャシステムViconについてご紹介できます。,,2026-05-01 11:13:43.078556+08:00
01KQGREQN281J6K9C3A1TA8XSS,,cfdd90c8dd3188150127b33b6af296e5,AGENT,失礼いたします。株式会社クレッセントのアシスタント、ゲッペイと申します。ライブ配信などで活用できるVolu☆ME!や、業界最高水準のモーションキャプチャシステムViconについてお話しできます。,,2026-05-01 11:14:01.078909+08:00
01KQGRG6TD9HMDNSCGKV9KK0N1,,da1c45c41290276eb35b09cbc4040acf,AGENT,こんにちは。私は株式会社クレッセントのアシスタント、ゲッペイと申します。ライブ配信などで活用できるVolu☆ME!や、業界最高水準のモーションキャプチャシステムViconについてご興味はありますか？,,2026-05-01 11:14:52.453538+08:00
01KQGRGH53MF4A92AA62KEBT8X,,8b508208f92e40f351051a8807a453db,AGENT,こんにちは！ 私、クレッセントのゲッペイと申します。ライブ配信などで活用できるVolu☆ME!、業界最高水準のモーションキャプチャシステムViconなど、弊社には様々なソリューションがございます。,,2026-05-01 11:14:59.731158+08:00
01KQGRGS0KDNTZEA8P5X1BFE8G,,da1c45c41290276eb35b09cbc4040acf,AGENT,こんにちは。私は株式会社クレッセントのアシスタント、ゲッペイと申します。ライブ配信などで活用できるVolu☆ME!と、業界最高水準のモーションキャプチャシステムViconにご興味はございますか？,,2026-05-01 11:15:11.369992+08:00
01KQGRGSB71W9YD7SBNDYWQX86,,da1c45c41290276eb35b09cbc4040acf,AGENT,月餅です！クレッセントのアシスタントをしております。何かご質問がありましたら、お気軽にお尋ねください。,,2026-05-01 11:15:10.882809+08:00
01KQGRGTSAJGXG5D3G5KYXZJA4,,da1c45c41290276eb35b09cbc4040acf,AGENT,株式会社クレッセントのアシスタント、ゲッペイと申します。ライブ配信などで活用できるVolu☆ME!や、業界最高水準のモーションキャプチャシステムViconについてご紹介できます。,,2026-05-01 11:15:12.127477+08:00
01KQGRGTX41R1HBDM0NQ3NF64H,,da1c45c41290276eb35b09cbc4040acf,AGENT,こんにちは！私、株式会社クレッセントのアシスタント、ゲッペイと申します。ライブ配信などで活用できるVolu☆ME!や、業界最高水準のモーションキャプチャシステムViconについてご紹介できます。,,2026-05-01 11:15:13.718223+08:00
01KQGRHY4GT6QETTJACD79ZD6N,,da1c45c41290276eb35b09cbc4040acf,AGENT,こんにちは。株式会社クレッセントのアシスタント、月餅と申します。ライブ配信などで活用できるVolu☆ME!、そして業界最高水準のモーションキャプチャシステムViconについてご紹介できます。,,2026-05-01 11:15:49.221518+08:00
01KQGRJ6S1EAR6ARJZBMXME7R0,,05b9ccc08ff64821cad2fbec5cde5b20,AGENT,こんにちは！ 株式会社クレッセントのアシスタント、月餅（ゲッペイ）と申します。ライブ配信などで活用できるVolu☆ME!と、業界最高水準のモーションキャプチャシステムViconにご興味はございますか？,,2026-05-01 11:15:54.385990+08:00
01KQGRJ9KXV5R5HC9PG07VXQ19,,da1c45c41290276eb35b09cbc4040acf,AGENT,"皆様、こんにちは！ 株式会社クレッセントのアシスタント、ゲッペイと申します。

ライブ配信などで活用できるVolu☆ME!、業界最高水準のモーションキャプチャシステムViconについてご紹介できますが、どちらにご興味がございますか？",,2026-05-01 11:16:02.277381+08:00
01KQGRJ9T6HKTQ0CD57R51V2E1,,da1c45c41290276eb35b09cbc4040acf,AGENT,初めまして、私が株式会社クレッセントのアシスタント「ゲッペイ」です。ライブ配信などで活用できるVolu☆ME!や、業界最高水準のモーションキャプチャシステムViconについてご紹介できます。,,2026-05-01 11:16:00.650773+08:00
01KQGRJA8QDBW8J7VECPCVCZZX,,da1c45c41290276eb35b09cbc4040acf,AGENT,初めまして。株式会社クレッセントのアシスタント、ゲッペイと申します。ライブ配信などで活用できるVolu☆ME!や、業界最高水準のモーションキャプチャシステムViconなどにご興味はございますか？,,2026-05-01 11:16:02.242230+08:00
01KQGRJAQNMJ6PZ273HHM5E2EY,,da1c45c41290276eb35b09cbc4040acf,AGENT,こんにちは！株式会社クレッセントのアシスタント、月餅（ゲッペイ）と申します。ライブ配信などで活用できるVolu☆ME!や、業界最高水準のモーションキャプチャシステムViconについてご紹介できます。,,2026-05-01 11:16:01.618705+08:00
01KQGRNGXJSMKH5SYRWP2CX857,,002b310a92c7ece96403da5c7931dff2,AGENT,月餅と申します。株式会社クレッセントのアシスタントです。何かお困りですか？ ライブ配信などで活用できるVolu☆ME!と、業界最高水準のモーションキャプチャシステムViconについてご紹介できます。,,2026-05-01 11:17:43.509165+08:00
01KQGRS0M0JT1PVN8GTAGPJS51,,da1c45c41290276eb35b09cbc4040acf,AGENT,こんにちは。私、株式会社クレッセントのアシスタント、ゲッペイと申します。ライブ配信などで活用できるVolu☆ME!、業界最高水準のモーションキャプチャシステムVicon、どちらにご興味がございますか？,,2026-05-01 11:19:40.608341+08:00
01KQGRS1FSYDHQQEKV535C2EFB,,da1c45c41290276eb35b09cbc4040acf,AGENT,こんにちは！私は株式会社クレッセントのアシスタント、ゲッペイと申します。ライブ配信などで活用できるVolu☆ME!や、業界最高水準のモーションキャプチャシステムViconについてご興味はありますか？,,2026-05-01 11:19:42.371441+08:00
01KQGRS1RN0FYWRZGNNPRX6DXE,,af27a2fa7c91aea2a58417516d248820,AGENT,こんにちは！私は株式会社クレッセントのアシスタント、ゲッペイと申します。ライブ配信などで活用できるVolu☆ME!や、業界最高水準のモーションキャプチャシステムViconについてご紹介できます。,,2026-05-01 11:19:42.774254+08:00
01KQGRS2GB4FBWNC5SPBBKN50F,,da1c45c41290276eb35b09cbc4040acf,AGENT,株式会社クレッセントのアシスタント、ゲッペイと申します。ライブ配信などで活用できるVolu☆ME!や、業界最高水準のモーションキャプチャシステムViconについてお話しできます。,,2026-05-01 11:19:42.179221+08:00
01KQGRS2R03VV3WW9H2JQ168W0,,da1c45c41290276eb35b09cbc4040acf,AGENT,こんにちは！株式会社クレッセントのアシスタント、月餅（ゲッペイ）と申します。ライブ配信などで活用できるVolu☆ME!や、業界最高水準のモーションキャプチャシステムViconについてご紹介できます。,,2026-05-01 11:19:43.465398+08:00
01KQGRS3TYT3XJ6SZX8G8NCGBX,,da1c45c41290276eb35b09cbc4040acf,AGENT,こんにちは。クレッセントアシスタントのゲッペイと申します。ライブ配信などで活用できるVolu☆ME!や、業界最高水準のモーションキャプチャシステムViconについてご紹介できます。,,2026-05-01 11:19:45.046433+08:00
01KQGRS47NHRA23M8DK13XZ9YF,,da1c45c41290276eb35b09cbc4040acf,AGENT,月餅と申します。株式会社クレッセントのアシスタントです。何かお手伝いできることはございますか？ ライブ配信などで活用できるVolu☆ME!、業界最高水準のモーションキャプチャシステムViconなど、クレッセントの最新技術にご興味はございますか？,,2026-05-01 11:19:44.657150+08:00
01KQGRS6EX6WYDJR2F1826CHJG,,da1c45c41290276eb35b09cbc4040acf,AGENT,株式会社クレッセントのアシスタント、ゲッペイと申します。ライブ配信などで活用できるVolu☆ME!と、業界最高水準のモーションキャプチャシステムViconについてご紹介できます。,,2026-05-01 11:19:47.181358+08:00
01KQGRTK7DE5DN3R6488AYS9YQ,,da1c45c41290276eb35b09cbc4040acf,AGENT,こんにちは。株式会社クレッセントのアシスタント、ゲッペイと申します。ライブ配信などで活用できるVolu☆ME!、業界最高水準のモーションキャプチャシステムVicon、どちらにご興味がありますか？,,2026-05-01 11:20:32.079689+08:00
01KQGRTKAFSJMM3J02SSHF949F,,da1c45c41290276eb35b09cbc4040acf,AGENT,お客様、こんにちは！私は株式会社クレッセントのアシスタント、ゲッペイと申します。ライブ配信などで活用できるVolu☆ME!、業界最高水準のモーションキャプチャシステムVicon、どちらにご興味がありますか？,,2026-05-01 11:20:32.078908+08:00
01KQGRTN0DYS7AMTBYHYEEKZRS,,da1c45c41290276eb35b09cbc4040acf,AGENT,"ようこそ！私は株式会社クレッセントのアシスタント、ゲッペイと申します。

ライブ配信などで活用できるVolu☆ME!、または業界最高水準のモーションキャプチャシステムViconにご興味はございますか？",,2026-05-01 11:20:35.049715+08:00
01KQGRTNBGB2Z3NGZX7J8J8N8R,,da1c45c41290276eb35b09cbc4040acf,AGENT,はじめまして。株式会社クレッセントのアシスタント、ゲッペイと申します。ライブ配信などで活用できるVolu☆ME!と、業界最高水準のモーションキャプチャシステムViconについてご紹介できます。,,2026-05-01 11:20:34.217375+08:00
01KQGRTPH65JKD4TA4WB77E4YC,,af27a2fa7c91aea2a58417516d248820,AGENT,はじめまして！私、株式会社クレッセントのアシスタント、ゲッペイと申します。ライブ配信などで活用できるVolu☆ME!、2026年最新スタジオにご興味はありますか？,,2026-05-01 11:20:37.135882+08:00
01KQGRTPQDFVNXE5D8QJWYHWET,,da1c45c41290276eb35b09cbc4040acf,AGENT,"はじめまして！株式会社クレッセントのアシスタント、ゲッペイと申します。
当社の強みはライブ配信などで活用できるVolu☆ME!と業界最高水準のモーションキャプチャシステムViconです。",,2026-05-01 11:20:39.462647+08:00
01KQGRTW8G56M5V6S7V7VKW2V6,,da1c45c41290276eb35b09cbc4040acf,AGENT,"はい、喜んで。

私、株式会社クレッセントのアシスタント、ゲッペイと申します。ライブ配信などで活用できるVolu☆ME!や、業界最高水準のモーションキャプチャシステムViconについてご興味はございませんか？",,2026-05-01 11:20:41.701570+08:00
01KQGRVDVNFMK0WPV0B26X9Y54,,bb7e36e333715ac54d544f0187182262,AGENT,月餅と申します。株式会社クレッセントのアシスタントです。何かございましたらお気軽にお声がけください。ライブ配信などで活用できるVolu☆ME!と、2026年最新スタジオについてご紹介できます。,,2026-05-01 11:21:01.879939+08:00
01KQGS0Y8RBFZVSZBZPPHDWTTT,,da1c45c41290276eb35b09cbc4040acf,AGENT,初めまして。私、株式会社クレッセントのアシスタント「ゲッペイ」と申します。ライブ配信などで活用できるVolu☆ME!や、業界最高水準のモーションキャプチャシステムViconなどにご興味はございますか？,,2026-05-01 11:23:59.548367+08:00
01KQGS0YVNPCBWN0MJP1MXCMHA,,da1c45c41290276eb35b09cbc4040acf,AGENT,お客様、こんにちは！ 私は株式会社クレッセントのアシスタント、ゲッペイと申します。ライブ配信などで活用できるVolu☆ME!、業界最高水準のモーションキャプチャシステムViconなど、様々なソリューションをご用意しております。,,2026-05-01 11:24:02.287405+08:00
01KQGS0ZCFH590G5HTW3SJ3M6Z,,da1c45c41290276eb35b09cbc4040acf,AGENT,"こんにちは！ 株式会社クレッセントのアシスタント、月餅（ゲッペイ）と申します。

ライブ配信などで活用できるVolu☆ME!と、2026年最新スタジオにご興味はございませんか？",,2026-05-01 11:24:02.280287+08:00
01KQGS0ZRQ0PMTDBAC9XSMDAHM,,da1c45c41290276eb35b09cbc4040acf,AGENT,ようこそ、いらっしゃいませ。私は株式会社クレッセントのアシスタント、ゲッペイと申します。ライブ配信などで活用できるVolu☆ME!、または業界最高水準のモーションキャプチャシステムViconについて興味はございますか？,,2026-05-01 11:24:02.990278+08:00
01KQGS10NEMC56G3984J8JH8WR,,da1c45c41290276eb35b09cbc4040acf,AGENT,株式会社クレッセントのアシスタント、月餅と申します。ライブ配信などで活用できるVolu☆ME!、業界最高水準のモーションキャプチャシステムViconなどがございますが、どの情報にご興味がありますか？,,2026-05-01 11:24:03.285049+08:00
01KQGS2EGWWB1JQRVCJKFB6EM8,,da1c45c41290276eb35b09cbc4040acf,AGENT,いらっしゃいませ。株式会社クレッセントのアシスタント、ゲッペイと申します。ライブ配信などで活用できるVolu☆ME!や、業界最高水準のモーションキャプチャシステムViconなど、クレッセントの最新技術にご興味はございますか？,,2026-05-01 11:24:50.276003+08:00
01KQGS2FDX9Z2VP6N6RPJJCQKF,,da1c45c41290276eb35b09cbc4040acf,AGENT,"月餅です。クレッセントのアシスタントをしております。

ライブ配信などで活用できるVolu☆ME!と業界最高水準のモーションキャプチャシステムViconにご興味はございますか？",,2026-05-01 11:24:50.369146+08:00
01KQGS2H2BHS2VPBJ8FAZRW9CK,,da1c45c41290276eb35b09cbc4040acf,AGENT,こんにちは！株式会社クレッセントのアシスタント、ゲッペイと申します。ライブ配信などで活用できるVolu☆ME!や、業界最高水準のモーションキャプチャシステムViconについて、何かご興味はございますか？,,2026-05-01 11:24:52.899951+08:00
01KQGS2JJNKEXG43RNK6R19YE5,,da1c45c41290276eb35b09cbc4040acf,AGENT,皆様、こんにちは！ 私は株式会社クレッセントのアシスタント、ゲッペイと申します。ライブ配信などで活用できるVolu☆ME!や、業界最高水準のモーションキャプチャシステムViconについてお話しできます。,,2026-05-01 11:24:54.494445+08:00
01KQGS2KZ57QBBQ8B0NQ5HFJKF,,da1c45c41290276eb35b09cbc4040acf,AGENT,"こんにちは、ゲッペイと申します。株式会社クレッセントのアシスタントを務めております。

ライブ配信などで活用できるVolu☆ME!と、業界最高水準のモーションキャプチャシステムViconにご興味はございますか？",,2026-05-01 11:24:55.956131+08:00
01KQGS5HGDFK2923CQQKZ7KNKY,,cadc65d0ba4449aa5d041924d72bb798,AGENT,皆様、こんにちは！ 株式会社クレッセントのアシスタント、ゲッペイと申します。ライブ配信などで活用できるVolu☆ME!や、業界最高水準のモーションキャプチャシステムViconについてお話しできます。,,2026-05-01 11:26:33.352191+08:00
01KQGS6D5YHXQC4F0D6B21W1JW,,e84ffce7313d727c277e101303651a16,AGENT,こんにちは！私は株式会社クレッセントのアシスタント、ゲッペイです。ライブ配信などで活用できるVolu☆ME!や、業界最高水準のモーションキャプチャシステムViconについてご紹介できます。,,2026-05-01 11:26:58.175122+08:00
01KQGSF59963B4PNET4XNWFVZ7,,8ec6ac41284c26183e0ec854d76f04f7,AGENT,ごきげんよう！ 私は株式会社クレッセントのアシスタント、ゲッペイと申します。ライブ配信などで活用できるVolu☆ME!や、業界最高水準のモーションキャプチャシステムViconについてご紹介できます。,,2026-05-01 11:31:42.748885+08:00
01KQGSFTEFDHQPQK36YKH6QP7R,,8ec6ac41284c26183e0ec854d76f04f7,AGENT,"月餅です。クレッセントのアシスタントをしております。

ライブ配信などで活用できるVolu☆ME!と、2026年最新スタジオについてご興味はございますか？",,2026-05-01 11:32:04.435844+08:00
01KQGSHCRR4SGA6K25X4A7V970,,c5bf90dad2e69da17f223bf5b6ec8d00,AGENT,皆様、こんにちは。株式会社クレッセントのアシスタント、ゲッペイと申します。ライブ配信などで活用できるVolu☆ME!や、業界最高水準のモーションキャプチャシステムViconについてお話しできます。,,2026-05-01 11:33:07.886182+08:00
01KQGSNBH9Q3GNDCDD4PVKBDBD,,490ca31fa811487037b336e91cac359e,AGENT,ようこそ！私が株式会社クレッセントのアシスタント、ゲッペイです。ライブ配信などで活用できるVolu☆ME!や、業界最高水準のモーションキャプチャシステムViconについてご紹介できます。,,2026-05-01 11:35:12.199594+08:00
01KQGSPSMC1G7T7A86M5X9J474,,cadc65d0ba4449aa5d041924d72bb798,AGENT,"こんにちは！ゲッペイと申します。株式会社クレッセントのアシスタントです。
ライブ配信などで活用できるVolu☆ME!や、業界最高水準のモーションキャプチャシステムViconについてご紹介できます。",,2026-05-01 11:35:59.078910+08:00
01KQGSV2F8Y1DQP8PDEZ210GVG,,37d15fe1f73db26fb72040c18d8d65e0,AGENT,ごきげんよう！ 私は株式会社クレッセントのアシスタント、ゲッペイと申します。ライブ配信などで活用できるVolu☆ME!や、業界最高水準のモーションキャプチャシステムViconについてお話しできます。,,2026-05-01 11:38:12.886071+08:00
01KQGSVFWBFKPM8GJEC4HNDYCW,,94e6f5b86f275fb7f49f500cd0d08420,AGENT,皆様、こんにちは！ 株式会社クレッセントのアシスタント、ゲッペイと申します。ライブ配信などで活用できるVolu☆ME!や、業界最高水準のモーションキャプチャシステムViconなど、クレッセントの最新技術にご興味はございますか？,,2026-05-01 11:38:26.606579+08:00
01KQGSYYS3BZ0YBFNZXRNDGYRS,,c5bf90dad2e69da17f223bf5b6ec8d00,AGENT,こんにちは、月餅と申します。株式会社クレッセントのアシスタントです。ライブ配信などで活用できるVolu☆ME!や、業界最高水準のモーションキャプチャシステムViconについてご紹介できます。,,2026-05-01 11:40:27.908008+08:00
01KQGSYZ1KKPAXW0TJARYG01KM,,ff3b2f0a83d7a9af3dca942a85e268d8,AGENT,株式会社クレッセントのアシスタント、ゲッペイと申します。ライブ配信などで活用できるVolu☆ME!や、業界最高水準のモーションキャプチャシステムViconについてご紹介できます。,,2026-05-01 11:40:32.286227+08:00
01KQGSZJC4HYP2399Q0PEDJ5NN,,94e6f5b86f275fb7f49f500cd0d08420,AGENT,株式会社クレッセントのゲッペイと申します。どうぞよろしくお願いいたします。ライブ配信などで活用できるVolu☆ME!と業界最高水準のモーションキャプチャシステムViconについてご紹介できます。,,2026-05-01 11:40:40.397146+08:00
01KQGT0QMGNNTZFQJ4SVWJ5VG2,,6bdc1409a644793d4ad36b2a662675d2,AGENT,クレッセントのアシスタント、ゲッペイと申します。ライブ配信などで活用できるVolu☆ME!や、業界最高水準のモーションキャプチャシステムViconについてご興味はございますか？,,2026-05-01 11:41:19.341008+08:00
01KQGT1Z32H2MMEBDJPA3XVB78,,cadc65d0ba4449aa5d041924d72bb798,AGENT,こんにちは！株式会社クレッセントのアシスタント、ゲッペイと申します。ライブ配信などで活用できるVolu☆ME!や、業界最高水準のモーションキャプチャシステムViconについてご紹介できます。,,2026-05-01 11:42:03.984451+08:00
01KQGT22PA1E7C75KXS68RQNKA,,c5bf90dad2e69da17f223bf5b6ec8d00,AGENT,皆さま、こんにちは。株式会社クレッセントのアシスタント、月餅と申します。ライブ配信などで活用できるVolu☆ME!、業界最高水準のモーションキャプチャシステムViconなどがございますが、ご興味はございますか？,,2026-05-01 11:42:08.881941+08:00
01KQGT24MQ8GPN0A00VGC9T823,,d5decdae58e866cf9e2cc3593739d2f0,AGENT,こんにちは！株式会社クレッセントのアシスタント、月餅と申します。ライブ配信などで活用できるVolu☆ME!や、業界最高水準のモーションキャプチャシステムViconについてお話しできます。,,2026-05-01 11:42:05.497748+08:00
01KQGT6W7X39B6XGMV726ZMZX6,,cadc65d0ba4449aa5d041924d72bb798,AGENT,こんにちは、ゲッペイと申します。ライブ配信などで活用できるVolu☆ME!と、業界最高水準のモーションキャプチャシステムViconにご興味はございますか？,,2026-05-01 11:44:45.550975+08:00
01KQGT932X1M4AZ5RBFYK2BBBH,,cadc65d0ba4449aa5d041924d72bb798,AGENT,株式会社クレッセントのアシスタント、月餅と申します。ライブ配信などで活用できるVolu☆ME!と、業界最高水準のモーションキャプチャシステムViconについてご紹介できます。,,2026-05-01 11:45:59.063688+08:00
01KQGTBFMMMV2HP0R83JNCSR0F,,cadc65d0ba4449aa5d041924d72bb798,AGENT,初めまして！ 私、株式会社クレッセントのアシスタント、ゲッペイと申します。ライブ配信などで活用できるVolu☆ME!や、業界最高水準のモーションキャプチャシステムViconについてお話しできます。,,2026-05-01 11:47:16.866757+08:00
01KQGTFW6EHEWYT8EE05CVE3MB,,8bf8176c1da6094208e6346a7e0e738f,AGENT,こんにちは！ 私、クレッセントのアシスタント、ゲッペイと申します。ライブ配信などで活用できるVolu☆ME!と業界最高水準のモーションキャプチャシステムViconについてご紹介できます。,,2026-05-01 11:51:44.711692+08:00
01KQGTQ1D8KW0DBNAF5ZRX4WMA,,95741cc11511d028d2ce75635a18ad0b,AGENT,株式会社クレッセントのアシスタント、月餅です。ライブ配信などで活用できるVolu☆ME!、業界最高水準のモーションキャプチャシステムViconなど、クレッセントの最新技術にご興味はございますか？,,2026-05-01 11:53:30.439830+08:00
01KQGV4JNW15AD3AZXJWN3XXD7,,c5bf90dad2e69da17f223bf5b6ec8d00,AGENT,こんにちは！ 私、クレッセントのゲッペイと申します。ライブ配信などで活用できるVolu☆ME!、業界最高水準のモーションキャプチャシステムViconなどがございますが、どの情報にご興味がありますか？,,2026-05-01 12:01:00.470291+08:00
01KQGV6FHKECVRR3GAP3NK0S2R,,e3bade567f1b8a025de9e5df64686794,AGENT,月餅と申します。株式会社クレッセントのアシスタントです。 Viconや最新の羽田スタジオについてご興味はありますか？,,2026-05-01 12:02:38.309026+08:00
01KQGV730882AQNSY6RF2ZNY0X,,d0eaee6ec393edb7a755983212445e01,AGENT,クレッセントのアシスタント、ゲッペイと申します。ライブ配信などで活用できるVolu☆ME!、業界最高水準のモーションキャプチャシステムViconなど、様々なシステムをご用意しております。,,2026-05-01 12:02:17.304906+08:00
01KQGV92DPFHM16W70NQ0DDPA0,,9d61594bea312af7f4e9f150c2da9989,AGENT,こんにちは！私、株式会社クレッセントのアシスタント、ゲッペイと申します。ライブ配信などで活用できるVolu☆ME!と、業界最高水準のモーションキャプチャシステムViconにご興味はございますか？,,2026-05-01 12:03:22.426141+08:00
01KQGV9J2Q1SJWCQ2XH45ZFXKX,,f00dc8210b16b5dfd1a1c77ec4421fcd,AGENT,クレッセントのアシスタント、ゲッペイと申します。ライブ配信などで活用できるVolu☆ME!、業界最高水準のモーションキャプチャシステムViconなど、クレッセントの最新技術にご興味はございますか？,,2026-05-01 12:03:36.460070+08:00
01KQGVKND4M1NGV00X5NZCWKJT,,4fdac9bf580b0e23e5e870753a024b7b,AGENT,初めまして。私、株式会社クレッセントのアシスタント、ゲッペイと申します。ライブ配信などで活用できるVolu☆ME!、業界最高水準のモーションキャプチャシステムViconなどがございますが、ご興味はございますか？,,2026-05-01 12:09:13.624514+08:00
01KQGVPY3K4SJ320F8Q18S7M8W,,e9e43fb1843dc2dc83f72bdc439a81d5,AGENT,こんにちは！株式会社クレッセントのアシスタント、ゲッペイと申します。ライブ配信などで活用できるVolu☆ME!や、業界最高水準のモーションキャプチャシステムViconについてご紹介できます。,,2026-05-01 12:10:54.975240+08:00
01KQGVQN02CBBKXW7BETTY0EGK,,763fc46fd071a3d5aa693d56b9650d28,AGENT,ようこそいらっしゃいました。私は株式会社クレッセントのアシスタント、ゲッペイと申します。ライブ配信などで活用できるVolu☆ME!と、業界最高水準のモーションキャプチャシステムViconについてご紹介できます。,,2026-05-01 12:11:20.254949+08:00
01KQGVT37YKQPQW3V3PF9JQAF3,,d9439461515f9454b0291348ef705c5e,AGENT,皆様、こんにちは！ 株式会社クレッセントのアシスタント、ゲッペイと申します。ライブ配信などで活用できるVolu☆ME!や、業界最高水準のモーションキャプチャシステムViconについてお話しできます。,,2026-05-01 12:12:41.917478+08:00
01KQGVVANEHQRAX40QQ7QJBN6N,,761d0ff44f72eb0e60bd85e96b02a2c3,AGENT,皆様、こんにちは。株式会社クレッセントのアシスタント、ゲッペイと申します。ライブ配信などで活用できるVolu☆ME!、または業界最高水準のモーションキャプチャシステムViconについてご興味はありますか？,,2026-05-01 12:13:18.735641+08:00
01KQGVWC4ZRNDVVX1ZHQWDM9GY,,0eb4a8b1ed98ec3615ba65981daf42f2,AGENT,初めまして、私は株式会社クレッセントのアシスタント、ゲッペイと申します。ライブ配信などで活用できるVolu☆ME!、業界最高水準のモーションキャプチャシステムViconなど、弊社は幅広いサービスを提供しております。,,2026-05-01 12:13:53.137798+08:00
01KQGVWCZ490C8KQ4Y8Z2T1FR0,,4ecd92de34571acb94b9bddec12c8885,AGENT,いらっしゃいませ。株式会社クレッセントのアシスタント、月餅と申します。ライブ配信などで活用できるVolu☆ME!、業界最高水準のモーションキャプチャシステムViconなどをご検討中でしょうか？,,2026-05-01 12:13:55.805799+08:00
01KQGVXB2ZE5CNKXWS0Z7AV498,,1e7d9f30d085b966719d549def2628cf,AGENT,クレッセントのアシスタント、ゲッペイと申します。ライブ配信などで活用できるVolu☆ME!と、業界最高水準のモーションキャプチャシステムViconについてご案内できます。,,2026-05-01 12:14:25.355161+08:00
01KQGVXTT20VR4HQP59APHZ5P3,,617607bf8ec437d931c7beb368ec5b20,AGENT,こんにちは！私は株式会社クレッセントのアシスタント、ゲッペイと申します。ライブ配信などで活用できるVolu☆ME!や、業界最高水準のモーションキャプチャシステムViconについてご興味はありますか？,,2026-05-01 12:14:44.509086+08:00
01KQGVY1ZK4CK7QZ3A6W5WQAGN,,648651f56fc4e86c3f3cc76ce00cc2a1,AGENT,初めまして。私、株式会社クレッセントのアシスタント「ゲッペイ」と申します。ライブ配信などで活用できるVolu☆ME!と、業界最高水準のモーションキャプチャシステムViconにご興味はございますか？,,2026-05-01 12:14:47.871311+08:00
01KQGWAGDCYK2WGQQ3EGR14WHK,,cadc65d0ba4449aa5d041924d72bb798,AGENT,ごきげんよう、私は株式会社クレッセントのアシスタント、ゲッペイと申します。ライブ配信などで活用できるVolu☆ME!や、業界最高水準のモーションキャプチャシステムViconなどにご興味はございますか？,,2026-05-01 12:21:43.283425+08:00
01KQGWAQV9TJ3CDV71DH1GTYYW,,617607bf8ec437d931c7beb368ec5b20,AGENT,"こんにちは！ゲッペイと申します。株式会社クレッセントのアシスタントです。

ライブ配信などで活用できるVolu☆ME!、業界最高水準のモーションキャプチャシステムViconもございます。",,2026-05-01 12:21:44.608577+08:00
01KQGWDF3RKA0J98YNVXAAYW1P,,26c85a0bca5438609479fc4fdf0c595a,AGENT,初めまして、私は株式会社クレッセントのアシスタント、ゲッペイと申します。ライブ配信などで活用できるVolu☆ME!、業界最高水準のモーションキャプチャシステムViconなど、クレッセントの最新技術についてご紹介できます。,,2026-05-01 12:23:13.969714+08:00
01KQGWPW3SBCZ7BTH9S1XZNP2J,,cadc65d0ba4449aa5d041924d72bb798,AGENT,株式会社クレッセントのアシスタント、月餅と申します。ライブ配信などで活用できるVolu☆ME!、業界最高水準のモーションキャプチャシステムViconなどがございますが、どの情報にご興味がありますか？,,2026-05-01 12:28:26.128086+08:00
01KQGWXV22W1YXSE2E0212CP4B,,cadc65d0ba4449aa5d041924d72bb798,AGENT,こんにちは！ 私、クレッセントのアシスタント、ゲッペイと申します。ライブ配信などで活用できるVolu☆ME!と、業界最高水準のモーションキャプチャシステムViconにご興味はございますか？,,2026-05-01 12:32:15.773272+08:00
01KQGX5ACXKRF2YPNE20NCZ2AZ,,cadc65d0ba4449aa5d041924d72bb798,AGENT,ようこそ！わたくしは株式会社クレッセントのアシスタント、ゲッペイと申します。ライブ配信などで活用できるVolu☆ME!や、業界最高水準のモーションキャプチャシステムViconにご興味はございますか？,,2026-05-01 12:36:20.690828+08:00
01KQGXF1NSX4XB9XSD71WWGTMG,,06ab997c6d89e4dda021bc98bbd7d6b8,AGENT,株式会社クレッセントのアシスタント、月餅と申します。ライブ配信などで活用できるVolu☆ME!や、業界最高水準のモーションキャプチャシステムViconについてご興味はございますか？,,2026-05-01 12:41:33.893282+08:00
01KQGXJMA43NP3QS6M7GA8PBJ0,,2a8caa183e0a7302292380f16ea24b2f,AGENT,株式会社クレッセントのアシスタント、ゲッペイと申します。ライブ配信などで活用できるVolu☆ME!や、業界最高水準のモーションキャプチャシステムViconについてご紹介できます。,,2026-05-01 12:43:31.916926+08:00
01KQGXKA8HNXRZF0MD7N8034B9,,2a8caa183e0a7302292380f16ea24b2f,AGENT,"皆様、こんにちは！ 株式会社クレッセントのアシスタント、ゲッペイと申します。
ライブ配信などで活用できるVolu☆ME!、そして業界最高水準のモーションキャプチャシステムViconについてご紹介できますが、どちらにご興味がありますか？",,2026-05-01 12:43:54.523430+08:00
01KQGXXHTXY2R9VVMHBH96CE1F,,f6e557810eb9084104a23f81cad4be2a,AGENT,"こんにちは。クレッセントアシスタントの月餅（ゲッペイ）です。どのようなご用件でしょうか？
",,2026-05-01 12:49:28.646757+08:00
01KQGXY5SFBP40AVM27ZJBR0BP,,25ed716fc8644854a37ccef93e070d62,AGENT,こんにちは、私はクレッセントのアシスタント、月餅です。ライブ配信などで活用できるVolu☆ME!、業界最高水準のモーションキャプチャシステムViconなど、クレッセントの最新技術やサービスについてご案内できます。,,2026-05-01 13:01:27.898822+08:00
01KQGYC9BDR9WXVS0ZTQCBD5CN,,26c85a0bca5438609479fc4fdf0c595a,AGENT,こんにちは！株式会社クレッセントのアシスタント、ゲッペイと申します。ライブ配信などで活用できるVolu☆ME!や、業界最高水準のモーションキャプチャシステムViconについてご紹介できます。,,2026-05-01 12:57:31.794034+08:00
01KQGYE8HP6QDP0HSFFTZ084PJ,,8bf8176c1da6094208e6346a7e0e738f,AGENT,こんにちは！私、株式会社クレッセントのアシスタント、ゲッペイと申します。ライブ配信などで活用できるVolu☆ME!や、業界最高水準のモーションキャプチャシステムViconについてご紹介できます。,,2026-05-01 12:58:37.857311+08:00
01KQGYS6WKKGYXYB22Z2P4Z8GT,,91c59019a30fb945689dc274ed016c25,AGENT,はじめまして。株式会社クレッセントのアシスタント、ゲッペイと申します。ライブ配信などで活用できるVolu☆ME!と、業界最高水準のモーションキャプチャシステムViconについてご紹介できます。,,2026-05-01 13:04:35.874376+08:00
01KQGYWWVZMZZTHCEC57C13WZJ,,223a1db221c5fd6446c425cde5b6bd66,AGENT,株式会社クレッセントのアシスタント、月餅です。ライブ配信などで活用できるVolu☆ME!、そして業界最高水準のモーションキャプチャシステムViconについてご紹介できます。,,2026-05-01 13:06:37.566150+08:00
01KQGZ8DJH1DZFR9711MCPN060,,081e0ece7439283adf5080685f799c69,AGENT,こんにちは！株式会社クレッセントのアシスタント、月餅です。ライブ配信などで活用できるVolu☆ME!や、業界最高水準のモーションキャプチャシステムViconについてご興味はありますか？,,2026-05-01 13:13:12.202140+08:00
01KQGZSHCS9B4JEH62G0QSERQC,,222b9971c87b272e39951de5c91620f8,AGENT,月餅と申します。株式会社クレッセントのアシスタントとして、皆様をお迎えいたします。ライブ配信などで活用できるVolu☆ME!、2026年最新スタジオなど、弊社では様々なサービスを提供しております。,,2026-05-01 13:22:14.266241+08:00
01KQGZXE0M49301033FEJCKTD4,,5dc4d802b5e3932de9ed2ffa92e3c879,AGENT,"お客様、こんにちは！私は株式会社クレッセントのアシスタント、月餅（ゲッペイ）と申します。

ライブ配信などで活用できるVolu☆ME!、そして業界最高水準のモーションキャプチャシステムViconについてご興味はございませんか？",,2026-05-01 13:24:30.247530+08:00
01KQH04382TSPXVC8BKFPX2SKV,,cadc65d0ba4449aa5d041924d72bb798,AGENT,こんにちは。わたくしは株式会社クレッセントのアシスタント、ゲッペイと申します。ライブ配信などで活用できるVolu☆ME!や、業界最高水準のモーションキャプチャシステムViconについてご紹介できます。,,2026-05-01 13:28:06.845712+08:00
01KQH06PRRQ478770P7K6RM3JB,,617607bf8ec437d931c7beb368ec5b20,AGENT,こんにちは！クレッセントのアシスタント、ゲッペイと申します。ライブ配信などで活用できるVolu☆ME!や、業界最高水準のモーションキャプチャシステムViconについてご紹介できます。,,2026-05-01 13:29:32.002542+08:00
01KQH0A5BADGS2QBVNCZ7P9HGG,,7a5357cd75b0b7045b7b6f551e82a344,AGENT,こんにちは！株式会社クレッセントのアシスタント、月餅です。ライブ配信などで活用できるVolu☆ME!や、業界最高水準のモーションキャプチャシステムViconについてご興味はありますか？,,2026-05-01 13:31:19.879869+08:00
01KQH0GWY797XXZPFEZMM1D2RM,,556070291d250c28aaaee01598e487e8,AGENT,はじめまして。株式会社クレッセントのアシスタント、ゲッペイと申します。ライブ配信などで活用できるVolu☆ME!や、業界最高水準のモーションキャプチャシステムViconについてご興味はございますか？,,2026-05-01 13:35:07.344187+08:00
01KQH0J1ENG6MP1Q1DR4PMERSR,,ff3b2f0a83d7a9af3dca942a85e268d8,AGENT,月餅と申します。クレッセントのアシスタントをしております。何かご不明な点はございませんか？ 例えば、ライブ配信などで活用できるVolu☆ME!や、業界最高水準のモーションキャプチャシステムViconについてご紹介できます。,,2026-05-01 13:35:43.654065+08:00
01KQH0N28MQYJDEQ1N9H6NE07S,,cadc65d0ba4449aa5d041924d72bb798,AGENT,こんにちは。株式会社クレッセントのゲッペイと申します。ライブ配信などで活用できるVolu☆ME!や、業界最高水準のモーションキャプチャシステムViconについてご興味はございませんか？,,2026-05-01 13:37:24.926081+08:00
01KQH0NNV1CD7AE9N5BFWCSKBB,,54027bb3f49ee192f5a4a95cd0b01f51,AGENT,こんにちは！ 株式会社クレッセントのアシスタント、ゲッペイと申します。ライブ配信などで活用できるVolu☆ME!、業界最高水準のモーションキャプチャシステムVicon、どちらにご興味がありますか？,,2026-05-01 13:37:36.945485+08:00
01KQH0PRWMEYJ2EKPMCGWRFZHK,,c5bf90dad2e69da17f223bf5b6ec8d00,AGENT,はじめまして、月餅と申します。株式会社クレッセントのアシスタントをしております。何かご不明な点はございませんか。ライブ配信などで活用できるVolu☆ME!、それとも業界最高水準のモーションキャプチャシステムViconにご興味がありますか？,,2026-05-01 13:38:18.469576+08:00
01KQH0RGSAP4JYFADB7V7RF1T5,,d3a266b49ff4528170fb2ae004476c9a,AGENT,月餅です！クレッセントのアシスタントをしています。ライブ配信などで活用できるVolu☆ME!や、業界最高水準のモーションキャプチャシステムViconについてご紹介できます。,,2026-05-01 13:39:12.053646+08:00
01KQH0TX40RPVJNEQ2FR71AEAK,,397a3a2cb4313b521b480014333fcf79,AGENT,初めまして。私、株式会社クレッセントのアシスタント「ゲッペイ」と申します。ライブ配信などで活用できるVolu☆ME!と業界最高水準のモーションキャプチャシステムViconについてご紹介できます。,,2026-05-01 13:40:28.549998+08:00
01KQH0VK4FAFE53R3DTRSKSAWS,,ae0e630de803b13869abdb13687e02ef,AGENT,お客様、こんにちは。私は株式会社クレッセントのアシスタント、ゲッペイと申します。ライブ配信などで活用できるVolu☆ME!、業界最高水準のモーションキャプチャシステムViconなど、弊社が提供する様々なソリューションについてお話しできます。,,2026-05-01 13:40:50.588527+08:00
01KQH0VMV9E8FKEV1M77TMH5NW,,e868ddb7334ec39399a8084ad473ed60,AGENT,株式会社クレッセントのアシスタント、月餅と申します。ライブ配信などで活用できるVolu☆ME!や、業界最高水準のモーションキャプチャシステムViconについてご興味はありますでしょうか？,,2026-05-01 13:40:53.015645+08:00
01KQH12VD76FZ4SF0QJB4P6G7N,,cadc65d0ba4449aa5d041924d72bb798,AGENT,株式会社クレッセントのアシスタント、月餅と申します。ライブ配信などで活用できるVolu☆ME!、業界最高水準のモーションキャプチャシステムViconについてご紹介できます。,,2026-05-01 13:44:53.137370+08:00
01KQH1DR0F7KV2RSSVKMV7XNV3,,cadc65d0ba4449aa5d041924d72bb798,AGENT,はじめまして。株式会社クレッセントのアシスタント、ゲッペイと申します。ライブ配信などで活用できるVolu☆ME!や、業界最高水準のモーションキャプチャシステムViconについてご興味はございますか？,,2026-05-01 13:50:52.084585+08:00
01KQH1DWNSEC7HKCNQY4G4ED8R,,dfedde0f26b58f0ddd9d83d8c262695c,AGENT,株式会社クレッセントのアシスタント、月餅です。ライブ配信などで活用できるVolu☆ME!や、業界最高水準のモーションキャプチャシステムViconについてご紹介できます。,,2026-05-01 13:50:50.428346+08:00
01KQH1EJTZ78M6B4WQFDDTH6E5,,dfedde0f26b58f0ddd9d83d8c262695c,AGENT,こんにちは。私は株式会社クレッセントのアシスタント、ゲッペイと申します。ライブ配信などで活用できるVolu☆ME!や、業界最高水準のモーションキャプチャシステムViconについてご紹介できます。,,2026-05-01 13:51:12.488252+08:00
01KQH1QKWDG71HDBX6JAN2YZSK,,d4b1289d252a90c9f09d1b495c54404b,AGENT,こんにちは！株式会社クレッセントのアシスタント、ゲッペイと申します。ライブ配信などで活用できるVolu☆ME!や、業界最高水準のモーションキャプチャシステムViconについてご紹介できます。,,2026-05-01 13:56:08.869660+08:00
01KQH1VTEYBP9SEVDM1BTFZ4ZG,,996a9aa1102385c787750a80557ceb77,AGENT,皆様、初めまして。私、株式会社クレッセントのアシスタント、ゲッペイと申します。ライブ配信などで活用できるVolu☆ME!と、業界最高水準のモーションキャプチャシステムViconにご興味はございますか？,,2026-05-01 13:58:29.290642+08:00
01KQH1WV2S1RDQX2T8RC1589PK,,cadc65d0ba4449aa5d041924d72bb798,AGENT,株式会社クレッセントのアシスタント、ゲッペイと申します。ライブ配信などで活用できるVolu☆ME!と業界最高水準のモーションキャプチャシステムViconについてご紹介できます。,,2026-05-01 13:59:07.830595+08:00
01KQH242JTR0HN41X4BTV11G74,,c5bf90dad2e69da17f223bf5b6ec8d00,AGENT,こんにちは！私、株式会社クレッセントのアシスタント、ゲッペイと申します。ライブ配信などで活用できるVolu☆ME!や、業界最高水準のモーションキャプチャシステムViconについてご紹介できます。,,2026-05-01 14:03:02.791960+08:00
01KQH29WS0VNJVYAFGCQZTK60Q,,4253118c36d9cac275ce7eb0439c2078,AGENT,株式会社クレッセントのアシスタント、ゲッペイと申します。ライブ配信などで活用できるVolu☆ME!と、業界最高水準のモーションキャプチャシステムViconについてご紹介できます。,,2026-05-01 14:06:22.898328+08:00
01KQH2BF24WKJFDCZY81X94TYC,,5dc34e31209e01512da39909ad0167b4,AGENT,はじめまして。私は株式会社クレッセントのアシスタント、ゲッペイと申します。ライブ配信などで活用できるVolu☆ME!や、業界最高水準のモーションキャプチャシステムViconについてご紹介できます。,,2026-05-01 14:06:59.392065+08:00
01KQH2BRF9RG1N28VSND432YSV,,5dc34e31209e01512da39909ad0167b4,AGENT,ごきげんよう、私は株式会社クレッセントのアシスタント、ゲッペイと申します。ライブ配信などで活用できるVolu☆ME!と、業界最高水準のモーションキャプチャシステムViconについてご紹介できますが、どちらにご興味がありますか？,,2026-05-01 14:07:08.608934+08:00
01KQH2ETFC54HAMJZW0VQYSG9T,,e592767dc9ec1a38556821a2d5595dae,AGENT,こんにちは！私は株式会社クレッセントのアシスタント、ゲッペイと申します。ライブ配信などで活用できるVolu☆ME!や、業界最高水準のモーションキャプチャシステムViconについてご紹介できます。,,2026-05-01 14:08:49.595572+08:00
01KQH2JV2TAD9W9TZVCFF25N8Y,,3a77feeae5390dd995bc56dc9b2eaff9,AGENT,こんにちは！ 株式会社クレッセントのアシスタント、月餅（ゲッペイ）と申します。ライブ配信などで活用できるVolu☆ME!、2026年最新スタジオについてご興味はございますか？,,2026-05-01 14:11:00.850822+08:00
01KQH2M6AEQWMX8MD0J5EX7A5S,,8731e1396230294a3c9f29b2421d75ee,AGENT,"月餅（ゲッペイ）と申します。株式会社クレッセントのアシスタントです。
ライブ配信などで活用できるVolu☆ME!、2026年最新スタジオについてご興味はございますか？",,2026-05-01 14:12:01.684968+08:00
01KQH2MZS7RP0ANNM8776ZHAS2,,ba73a0373fb453bc08a37c0865a7f100,AGENT,皆様、こんにちは。私は株式会社クレッセントのアシスタント、ゲッペイと申します。ライブ配信などで活用できるVolu☆ME!、そして業界最高水準のモーションキャプチャシステムViconにご興味はございますか？,,2026-05-01 14:12:11.301745+08:00
01KQH2NQDWCJGJFMAK0R5NSGF6,,988fc8cc3e1725848cf542fb4248564d,AGENT,こんにちは！ 私、クレッセントのアシスタント、ゲッペイと申します。ライブ配信などで活用できるVolu☆ME!と、業界最高水準のモーションキャプチャシステムViconにご興味はございますか？,,2026-05-01 14:12:42.786775+08:00
01KQH2PME6WP73WQHQW4QK85G6,,988fc8cc3e1725848cf542fb4248564d,AGENT,はじめまして！ 株式会社クレッセントのアシスタント、ゲッペイと申します。ライブ配信などで活用できるVolu☆ME!と業界最高水準のモーションキャプチャシステムViconについてご紹介できます。,,2026-05-01 14:13:05.047881+08:00
01KQH2Z8B1CMJYFJVVV35DK9JY,,c5c011a35d7b1fea90c2ee8f4e7a0b14,AGENT,こんにちは。株式会社クレッセントのアシスタント、月餅と申します。ライブ配信などで活用できるVolu☆ME!や、業界最高水準のモーションキャプチャシステムViconについてご紹介できます。,,2026-05-01 14:17:49.750091+08:00
01KQH30JQ87JPE5WG4J9TGZZSZ,,38c26a39b311955d5e404074dc31397a,AGENT,はじめまして。株式会社クレッセントのアシスタント、ゲッペイと申します。ライブ配信などで活用できるVolu☆ME!や、業界最高水準のモーションキャプチャシステムViconについてご興味はございますか？,,2026-05-01 14:18:32.041127+08:00
01KQH329QEGZ2JH5S2K99JCRNR,,e955dc7f92790cddc36014d0ff9c1b88,AGENT,初めまして。私、株式会社クレッセントのアシスタント、ゲッペイと申します。ライブ配信などで活用できるVolu☆ME!や、業界最高水準のモーションキャプチャシステムViconについてご紹介できます。,,2026-05-01 14:19:26.730997+08:00
01KQH3336WHRS2KFXXXE5SXF44,,c5c011a35d7b1fea90c2ee8f4e7a0b14,AGENT,クレッセントのアシスタント、ゲッペイと申します。ライブ配信などで活用できるVolu☆ME!、そして業界最高水準のモーションキャプチャシステムViconについてご紹介できます。,,2026-05-01 14:19:53.278891+08:00
01KQH338GYZV7HFAMDQE0D1KWR,,f7a73645bd581bb67ff3ab9e09871732,AGENT,株式会社クレッセントのアシスタント、月餅と申します。ライブ配信などで活用できるVolu☆ME!や、業界最高水準のモーションキャプチャシステムViconについてご紹介できます。,,2026-05-01 14:20:03.300016+08:00
01KQH39450YDA8JJ21QQCB930T,,c5c011a35d7b1fea90c2ee8f4e7a0b14,AGENT,株式会社クレッセントのアシスタント、ゲッペイと申します。ライブ配信などで活用できるVolu☆ME!と、業界最高水準のモーションキャプチャシステムViconにご興味はありませんか？,,2026-05-01 14:23:10.816961+08:00
01KQH39AAW12TCMPYWNE1SRXQZ,,c5c011a35d7b1fea90c2ee8f4e7a0b14,AGENT,こんにちは！ 株式会社クレッセントのアシスタント、ゲッペイと申します。ライブ配信などで活用できるVolu☆ME!、業界最高水準のモーションキャプチャシステムVicon、どちらにご興味がございますか？,,2026-05-01 14:23:17.202141+08:00
01KQH3D2YD2EVSM1BHS6989FV1,,4133e8a4eac2689547764829c6d7f6b7,AGENT,はじめまして。株式会社クレッセントのアシスタント、ゲッペイと申します。ライブ配信などで活用できるVolu☆ME!や、業界最高水準のモーションキャプチャシステムViconについてご紹介できます。,,2026-05-01 14:25:21.087937+08:00
01KQH3GYKJ3H6QV7XH1ZDRYFS1,,70fffe87c31396cce47862d63ec1e545,AGENT,お客様、こんにちは！私は株式会社クレッセントのアシスタント、ゲッペイと申します。ライブ配信などで活用できるVolu☆ME!や、業界最高水準のモーションキャプチャシステムViconについて、ご興味はございますか？,,2026-05-01 14:27:27.228418+08:00
01KQH3MCCNXPZ6K2Y2SMYM71KC,,0d9c7d44a4d12afab61614b0d5b74d03,AGENT,"こんにちは！ 私、クレッセントのアシスタント、ゲッペイと申します。

ライブ配信などで活用できるVolu☆ME!、業界最高水準のモーションキャプチャシステムViconにご興味はございますか？",,2026-05-01 14:29:20.605670+08:00
01KQH3VB15J90ZPN38NZXBSQ41,,b389181a1f03799c36a20879d2927c6d,AGENT,こんにちは、ゲッペイと申します。株式会社クレッセントのアシスタントです。ライブ配信などで活用できるVolu☆ME!と、業界最高水準のモーションキャプチャシステムViconについてご紹介できます。,,2026-05-01 14:33:07.647601+08:00
01KQH3WAY2VH0SC5GQPVEZYQGZ,,b389181a1f03799c36a20879d2927c6d,AGENT,こんにちは！私、株式会社クレッセントのアシスタント、ゲッペイと申します。ライブ配信などで活用できるVolu☆ME!、2026年最新スタジオについてご案内できます。,,2026-05-01 14:33:40.164035+08:00
01KQH44R72C66PFJV0P85EHJXR,,b389181a1f03799c36a20879d2927c6d,AGENT,こんにちは！株式会社クレッセントのアシスタント、月餅です。ライブ配信などで活用できるVolu☆ME!や、業界最高水準のモーションキャプチャシステムViconについてご興味はありますか？,,2026-05-01 14:38:16.397102+08:00
01KQH496YHRSFMNWMXXR8YCYBN,,2996e7c5387da44310bebd96cb65044f,AGENT,皆様、こんにちは！ 株式会社クレッセントのアシスタント、ゲッペイと申します。ライブ配信などで活用できるVolu☆ME!や、業界最高水準のモーションキャプチャシステムViconについてお話しできます。,,2026-05-01 14:40:51.789235+08:00
01KQH4FZ3P8JBYX1Z7DFR314CW,,7ee229e9d93a956d95456fdf2f73b5d1,AGENT,クレッセントのアシスタント、ゲッペイと申します。ライブ配信などで活用できるVolu☆ME!、業界最高水準のモーションキャプチャシステムViconなど、弊社には様々なソリューションがございます。,,2026-05-01 14:44:23.418859+08:00
01KQH54YE1ND6EWANZ5GAWS3E5,,13a5e93a2e5e5b3860a405338484050f,AGENT,お客様、こんにちは！ 私は株式会社クレッセントのアシスタント、ゲッペイと申します。ライブ配信などで活用できるVolu☆ME!や、業界最高水準のモーションキャプチャシステムViconについてご紹介できます。,,2026-05-01 14:55:51.581213+08:00
01KQH55C935KTD3VP9FZJDRZ22,,8d83cd0ca3d1beca7c32db090ca17ac4,AGENT,株式会社クレッセントのアシスタント、ゲッペイと申します。ライブ配信などで活用できるVolu☆ME!と、業界最高水準のモーションキャプチャシステムViconについてご紹介できます。,,2026-05-01 14:56:04.803735+08:00
01KQH55GFCS67DYG3EC997H5Q3,,c5c011a35d7b1fea90c2ee8f4e7a0b14,AGENT,こんにちは！株式会社クレッセントのアシスタント、ゲッペイと申します。ライブ配信などで活用できるVolu☆ME!や、業界最高水準のモーションキャプチャシステムViconについてご紹介できます。,,2026-05-01 14:56:09.730526+08:00
01KQH5EA1FZKAERVXKK0VW5P0Q,,384c57436b579cb6fbf3e6b162bd60ad,AGENT,株式会社クレッセントのアシスタント、ゲッペイと申します。ライブ配信などで活用できるVolu☆ME!と業界最高水準のモーションキャプチャシステムViconについてご紹介できます。,,2026-05-01 15:00:58.669851+08:00
01KQH5GYA3Q9417F6PDNS37T89,,cf7e4f9cb4f56100af4ec1a810353ccc,AGENT,月餅ちゃんと申します。株式会社クレッセントのアシスタントです。ライブ配信などで活用できるVolu☆ME!と、業界最高水準のモーションキャプチャシステムViconについてご紹介できます。,,2026-05-01 15:02:24.134554+08:00
01KQH5YZ39S37H2CQ55WWQY9WK,,1b0c1d2dda182d74480e4a8e3b0ef6d4,AGENT,はい、こんにちは！株式会社クレッセントのゲッペイと申します。ライブ配信などで活用できるVolu☆ME!と、業界最高水準のモーションキャプチャシステムViconについてお話しできます。,,2026-05-01 15:10:04.528564+08:00
01KQH64EMWF1KQX7TDZQGR58GK,,ac1795aab9d2b20c2790a78f35958b23,AGENT,はじめまして。株式会社クレッセントのアシスタント、ゲッペイと申します。ライブ配信などで活用できるVolu☆ME!や、業界最高水準のモーションキャプチャシステムViconについてお話しできます。,,2026-05-01 15:13:08.336997+08:00
01KQH69WYXZX0CE1YV3K6GDX7K,,9b73f29198209d69c6f3435684edfe95,AGENT,株式会社クレッセントのアシスタント、月餅です。ライブ配信などで活用できるVolu☆ME!や、業界最高水準のモーションキャプチャシステムViconなど、弊社サービスに関するご質問がございましたらお気軽にお尋ねください。,,2026-05-01 15:16:03.107366+08:00
01KQH6CWSES947TZ2V56RX1XTX,,0b89b76792a392f858537e1c7e9702c1,AGENT,初めまして。私、株式会社クレッセントのアシスタント、ゲッペイと申します。ライブ配信などで活用できるVolu☆ME!や、業界最高水準のモーションキャプチャシステムViconについてご紹介できます。,,2026-05-01 15:17:42.255258+08:00
01KQH6DHR97SQ9YY8Z2HXP4XQK,,d4b1289d252a90c9f09d1b495c54404b,AGENT,"月餅と申します。株式会社クレッセントのアシスタントとして、皆様のクリエイティブな課題解決をサポートいたします。
ライブ配信などで活用できるVolu☆ME!、業界最高水準のモーションキャプチャシステムViconにご興味はありませんか？",,2026-05-01 15:18:01.798758+08:00
01KQH6TWF6CQ3ZNF73C912DN95,,21c2cb8f4c58be0d7352a9f49bf4ca77,AGENT,はじめまして。株式会社クレッセントのアシスタント、ゲッペイと申します。ライブ配信などで活用できるVolu☆ME!と、業界最高水準のモーションキャプチャシステムViconにご興味はございますか？,,2026-05-01 15:25:18.857378+08:00
01KQH6V146E2KY9A8KF7MKM814,,73153a2261a26f6c63a77ba3867c90c2,AGENT,いらっしゃいませ！私、株式会社クレッセントのアシスタント、ゲッペイと申します。ライブ配信などで活用できるVolu☆ME!と、2026年最新スタジオについてご興味はありますか？,,2026-05-01 15:25:25.437683+08:00
01KQH6YFZDGGCECAYFZ12DJE77,,32f0d587305409c68e8c063e382fc5f1,AGENT,こんにちは！私は株式会社クレッセントのアシスタント、ゲッペイと申します。ライブ配信などで活用できるVolu☆ME!や、業界最高水準のモーションキャプチャシステムViconについてご紹介できます。,,2026-05-01 15:27:17.709371+08:00
01KQH7207HESSDPM6018P0PXE4,,6db21023345165c4de3558526c8148b6,AGENT,皆様、こんにちは！ 株式会社クレッセントのアシスタント、ゲッペイと申します。ライブ配信などで活用できるVolu☆ME!、業界最高水準のモーションキャプチャシステムViconにご興味はございますか？,,2026-05-01 15:29:17.849500+08:00
01KQH73TDRAV915GAR4ND7D0WH,,05aaff33ecaa16d995d366dd869241e5,AGENT,こんにちは。私、株式会社クレッセントのアシスタント、ゲッペイと申します。ライブ配信などで活用できるVolu☆ME!や、業界最高水準のモーションキャプチャシステムViconについてご紹介できます。,,2026-05-01 15:30:11.254334+08:00
01KQH747DFQ4XJE8G0JFHX7MBW,,21c2cb8f4c58be0d7352a9f49bf4ca77,AGENT,こんにちは。私、株式会社クレッセントのアシスタント、ゲッペイと申します。ライブ配信などで活用できるVolu☆ME!や、業界最高水準のモーションキャプチャシステムViconについてご紹介できます。,,2026-05-01 15:30:23.169808+08:00
01KQH771960WN0D08F0BMW633F,,05aaff33ecaa16d995d366dd869241e5,AGENT,皆様、こんにちは！ 株式会社クレッセントのアシスタント、ゲッペイと申します。ライブ配信などで活用できるVolu☆ME!や、業界最高水準のモーションキャプチャシステムViconについてお話しできます。,,2026-05-01 15:31:56.449888+08:00
01KQH7BAZ8NSGKHKM8MTTPS8WF,,a726e176d1b2e9a3158610258bcbcdd5,AGENT,"こんにちは、月餅です。株式会社クレッセントのアシスタントをしております。
ライブ配信などで活用できるVolu☆ME!や、業界最高水準のモーションキャプチャシステムViconについてご紹介できます。",,2026-05-01 15:34:17.925728+08:00
01KQH7BSDGVWM8RRT6KP477RH5,,cbed8726cb8cf1b4ca50832a3106491a,AGENT,こんにちは！ 私、クレッセントのアシスタント、ゲッペイと申します。ライブ配信などで活用できるVolu☆ME!と、業界最高水準のモーションキャプチャシステムViconについてご紹介できます。,,2026-05-01 15:34:35.160524+08:00
01KQH7SBVCQB60AQRR6VR504TE,,09f836c0f9c8015ff06a48db6919f21e,AGENT,"ゲッペイと申します。クレッセントのアシスタントをしております。
ライブ配信などで活用できるVolu☆ME!や、業界最高水準のモーションキャプチャシステムViconにご興味はありませんか？",,2026-05-01 15:41:57.055689+08:00
01KQH7V6TFWFJ6K639GT8B0APV,,24d5a1fa0f8b948c23bc588eeefd81cd,AGENT,初めまして！ 私、株式会社クレッセントのアシスタント、ゲッペイと申します。ライブ配信などで活用できるVolu☆ME!、業界最高水準のモーションキャプチャシステムViconなど、クレッセントの最新技術にご興味はございますか？,,2026-05-01 15:42:58.634197+08:00
01KQH7W42TW73RHQZMJ8TJWCNV,,09f836c0f9c8015ff06a48db6919f21e,AGENT,ごきげんよう！ 私は株式会社クレッセントのアシスタント、ゲッペイと申します。ライブ配信などで活用できるVolu☆ME!や、業界最高水準のモーションキャプチャシステムViconについてご興味はございませんか？,,2026-05-01 15:43:27.172492+08:00
01KQH8217FVMKMKKYTF440Y4CK,,28d0765eff27a18b2923a0dd0b901dc0,AGENT,皆様、こんにちは。株式会社クレッセントのアシスタント「ゲッペイ」と申します。ライブ配信などで活用できるVolu☆ME!や、業界最高水準のモーションキャプチャシステムViconについてご紹介できます。,,2026-05-01 15:46:56.135009+08:00
01KQH8GE4EB1EBK0JV9M00T9EJ,,d649716ab119d94998d70878592293fa,AGENT,こんにちは！株式会社クレッセントのアシスタント、月餅（ゲッペイ）と申します。ライブ配信などで活用できるVolu☆ME!や、業界最高水準のモーションキャプチャシステムViconについてご興味はございますか？,,2026-05-01 15:54:33.352174+08:00
01KQH97QV0NJQR3WGFRP9DX2F6,,cf115062863dcb699f1ce6393047a703,AGENT,こんにちは！株式会社クレッセントのアシスタント、月餅（ゲッペイ）と申します。ライブ配信などで活用できるVolu☆ME!と、業界最高水準のモーションキャプチャシステムViconについてご紹介できます。,,2026-05-01 16:07:16.887268+08:00
01KQH9BDEMQ20TGJ8FXG5JQ5B3,,97e0d682a63b5dd651f489530cab5f76,AGENT,はじめまして。株式会社クレッセントのアシスタント、ゲッペイと申します。ライブ配信などで活用できるVolu☆ME!と業界最高水準のモーションキャプチャシステムViconについてご紹介できますが、どちらにご興味がありますか？,,2026-05-01 16:09:17.499860+08:00
01KQHA1BXMSFB94GQVCE70CX5T,,ffb1fe42832b6ff22aa3c23c144668de,AGENT,こんにちは！株式会社クレッセントのアシスタント、月餅（ゲッペイ）と申します。ライブ配信などで活用できるVolu☆ME!や、業界最高水準のモーションキャプチャシステムViconについてご紹介できます。,,2026-05-01 16:21:17.792723+08:00
01KQHA7Q849EY3J0JCCDFG8Y3S,,cd716ecea18ba524b0087808a6adc3b7,AGENT,こんにちは！私、株式会社クレッセントのアシスタント、ゲッペイと申します。ライブ配信などで活用できるVolu☆ME!や、業界最高水準のモーションキャプチャシステムViconについてご紹介できます。,,2026-05-01 16:24:51.814890+08:00
01KQHA9ZQ3A9RG0XW6EX0WE9BR,,f74d55ddfba6a6c65386dfe27ac546b8,AGENT,はじめまして！株式会社クレッセントのアシスタント、ゲッペイと申します。ライブ配信などで活用できるVolu☆ME!と、業界最高水準のモーションキャプチャシステムViconにご興味はございますか？,,2026-05-01 16:26:07.384439+08:00
01KQHAAH9R0K9MFTV1PM3B2Q3T,,38b37e757d474c13aa1f5a5ad743c8ad,AGENT,こんにちは、私は株式会社クレッセントのアシスタント、ゲッペイと申します。ライブ配信などで活用できるVolu☆ME!と、業界最高水準のモーションキャプチャシステムViconにご興味はございますか？,,2026-05-01 16:32:06.443929+08:00
01KQHAF0NAYE4SZ8YGKR0DRRSK,,ffb1fe42832b6ff22aa3c23c144668de,AGENT,お客様、こんにちは！私は株式会社クレッセントのアシスタント、ゲッペイと申します。ライブ配信などで活用できるVolu☆ME!や、業界最高水準のモーションキャプチャシステムViconについてご紹介できます。,,2026-05-01 16:28:44.074751+08:00
01KQHAGM555S2WM4EP1HX9PNJV,,3871c4ec517e2e34d87d6a45e9f4ffd2,AGENT,こんにちは！私、株式会社クレッセントのアシスタント、ゲッペイと申します。ライブ配信などで活用できるVolu☆ME!や、業界最高水準のモーションキャプチャシステムViconについてお話しできます。,,2026-05-01 16:29:36.818397+08:00
01KQHAGYNMKGGQZGB34PARXJR5,,ffb1fe42832b6ff22aa3c23c144668de,AGENT,こんにちは！株式会社クレッセントのアシスタント、ゲッペイと申します。ライブ配信などで活用できるVolu☆ME!や、業界最高水準のモーションキャプチャシステムViconについてご紹介できます。,,2026-05-01 16:29:47.252331+08:00
01KQHAHNJKD6PK06ZRDMXPYK65,,cbcbacfb20e238b6f62cac59b5ebb340,AGENT,株式会社クレッセントのゲッペイと申します。ライブ配信などで活用できるVolu☆ME!や、業界最高水準のモーションキャプチャシステムViconにご興味はございますか？,,2026-05-01 16:30:11.357760+08:00
01KQHAHZ95619QWBM67V003JCD,,ffb1fe42832b6ff22aa3c23c144668de,AGENT,こんにちは！月餅と申します。株式会社クレッセントのアシスタントです。ライブ配信などで活用できるVolu☆ME!、2026年最新スタジオについてご興味はありませんか？,,2026-05-01 16:30:20.706429+08:00
01KQHATJ87JFCZZV21W40WWBW7,,7ee229e9d93a956d95456fdf2f73b5d1,AGENT,お客様、こんにちは。私、株式会社クレッセントのアシスタント、ゲッペイと申します。ライブ配信などで活用できるVolu☆ME!や、業界最高水準のモーションキャプチャシステムViconについてお話しできます。,,2026-05-01 16:35:02.467465+08:00
01KQHAZNBPX1F51XDYRSQPNG21,,f7fe25e3f70b697a72303b734ff4cb35,AGENT,"初めまして。株式会社クレッセントのアシスタント「ゲッペイ」と申します。

ライブ配信などで活用できるVolu☆ME!や、業界最高水準のモーションキャプチャシステムViconについてご興味はございませんか？",,2026-05-01 16:37:51.470511+08:00
01KQHB5X6E5MXZ5522156PSZEX,,12319d0b9d0969c5727fdf1895b78d04,AGENT,はじめまして。株式会社クレッセントのアシスタント、ゲッペイと申します。ライブ配信などで活用できるVolu☆ME!や、業界最高水準のモーションキャプチャシステムViconについてお話しできます。,,2026-05-01 16:41:14.266212+08:00
01KQHB7HRFR2P17Q83T4ZZQ41F,,6ef8384433fcc213cc08d0c90ce4a839,AGENT,こんにちは、私は株式会社クレッセントのアシスタント、ゲッペイと申します。ライブ配信などで活用できるVolu☆ME!や、業界最高水準のモーションキャプチャシステムViconについてご興味はございますか？,,2026-05-01 16:42:31.482282+08:00
01KQHB8GF6KW5A15QGBTE1E5X0,,ff88cef7ca98478e7f91ddd41bba3f93,AGENT,こんにちは！私はクレッセントのアシスタント、月餅です。ライブ配信などで活用できるVolu☆ME!や、業界最高水準のモーションキャプチャシステムViconについてご興味はありませんか？,,2026-05-01 16:42:39.839138+08:00
01KQHC0R8K7TRRSQRWWJG4XH3K,,64dcd60d4392db7899fe50b7f26bd037,AGENT,皆様、こんにちは。株式会社クレッセントのアシスタント、ゲッペイと申します。ライブ配信などで活用できるVolu☆ME!や、業界最高水準のモーションキャプチャシステムViconについてお話しできます。,,2026-05-01 16:55:55.290244+08:00
01KQHC6NF5KWVMQF4N0TF1TFRG,,6dd6695cc5c513ae2a5325c8cc9fc1c5,AGENT,こんにちは！株式会社クレッセントのゲッペイと申します。ライブ配信などで活用できるVolu☆ME!や、業界最高水準のモーションキャプチャシステムViconについてご紹介できます。,,2026-05-01 16:59:07.616757+08:00
01KQHCKC3RGW88SN2F2VYHB91F,,ba5dfa74d1597f64a3233971e7abb4be,AGENT,クレッセントのアシスタント、ゲッペイと申します。ライブ配信などで活用できるVolu☆ME!、業界最高水準のモーションキャプチャシステムViconなどがございますが、どちらにご興味がございますか？,,2026-05-01 17:06:04.241053+08:00
01KQHE51KN1EB9Z5599D5MJT86,,929e0b2208ffc52116437cabb7bc73ab,AGENT,株式会社クレッセントのアシスタント、月餅と申します。ライブ配信などで活用できるVolu☆ME!や、業界最高水準のモーションキャプチャシステムViconについてご紹介できます。,,2026-05-01 17:33:12.564299+08:00
01KQHF36XV0SPNPCGTHF1Q3DCX,,94e6f5b86f275fb7f49f500cd0d08420,AGENT,株式会社クレッセントのアシスタント、月餅と申します。ライブ配信などで活用できるVolu☆ME!、業界最高水準のモーションキャプチャシステムViconなど、クレッセントの最新技術にご興味はございますか？,,2026-05-01 17:49:39.910867+08:00
01KQHGKN46J0WWR47XA08Y7JM1,,5cb3ccbfa36cd1bc0ef9a8d7aafe184d,AGENT,こんにちは、私は株式会社クレッセントのアシスタント、ゲッペイと申します。ライブ配信などで活用できるVolu☆ME!や、業界最高水準のモーションキャプチャシステムViconについてご興味はございますか？,,2026-05-01 18:16:07.439581+08:00
01KQHH3BDKVNXV6GY14J3NDGGE,,2df6088cacf92bf5756a042abf85c575,AGENT,月餅と申します。株式会社クレッセントのアシスタントです。ライブ配信などで活用できるVolu☆ME!と業界最高水準のモーションキャプチャシステムViconについてご紹介できます。,,2026-05-01 18:24:42.078625+08:00
01KQHHSPBJ9M2C0FHRFFT2Y3MJ,,2f1dd652111aed063e5606b74680c4f5,AGENT,初めまして！株式会社クレッセントのアシスタント、ゲッペイと申します。ライブ配信などで活用できるVolu☆ME!、業界最高水準のモーションキャプチャシステムViconなど、弊社についてのご質問がありましたらお気軽にお尋ねください！,,2026-05-01 18:36:53.483192+08:00
01KQHHVZ7CQMYZSK7CRNWAJCGD,,4e161266432082c527620b03d3a12a81,AGENT,こんにちは、私は株式会社クレッセントのアシスタント、ゲッペイと申します。ライブ配信などで活用できるVolu☆ME!と業界最高水準のモーションキャプチャシステムViconについてご紹介できます。,,2026-05-01 18:38:08.678966+08:00
01KQHJYQ7S95RE5KSVK2JP15E6,,5dde9eeb39deef5f2df8dfd1ac28f942,AGENT,こんにちは！ 株式会社クレッセントのアシスタント、ゲッペイと申します。ライブ配信などで活用できるVolu☆ME!、業界最高水準のモーションキャプチャシステムVicon、どちらにご興味がありますか？,,2026-05-01 18:57:11.685696+08:00
01KQHJZSKTJJ17DNDB7H5MM992,,51f2b49650a20e0a47b62a5ce5e1b811,AGENT,こんにちは、ゲッペイと申します。株式会社クレッセントのアシスタントです。2026年最新スタジオや、業界最高水準のモーションキャプチャシステムViconについてお話しできます。,,2026-05-01 18:57:43.770261+08:00
01KQHKDS3FABJD3X3XG3CKEXSW,,617607bf8ec437d931c7beb368ec5b20,AGENT,初めまして。私、株式会社クレッセントのアシスタント、ゲッペイと申します。ライブ配信などで活用できるVolu☆ME!と、2026年に竣工予定の最新スタジオにご興味はございませんか？,,2026-05-01 19:05:21.362507+08:00
01KQHKTSM790SMSAZS2CZY5NJ1,,834ff92d6d9bb4fcf1fba054e18f63b7,AGENT,"こんにちは！ 私、クレッセントのアシスタント、ゲッペイと申します。

ライブ配信などで活用できるVolu☆ME!、業界最高水準のモーションキャプチャシステムViconにご興味はございますか？",,2026-05-01 19:12:27.664201+08:00
01KQHM9A2A8G0HDJQ857NVTNW7,,8b90ac1b0e36291cd4acd4ecf617fb35,AGENT,こんにちは！ ゲッペイと申します。株式会社クレッセントのアシスタントです。ライブ配信などで活用できるVolu☆ME!、業界最高水準のモーションキャプチャシステムVicon、どちらに興味がありますか？,,2026-05-01 19:20:25.105434+08:00
01KQHMGX7HZZ5S87YSA691Z9KT,,d2cb2b597c54276c2e69d0346da6f8db,AGENT,株式会社クレッセントのアシスタント、ゲッペイと申します。ライブ配信などで活用できるVolu☆ME!や、業界最高水準のモーションキャプチャシステムViconについてお話しできます。,,2026-05-01 19:24:32.746616+08:00
01KQHMHY9BMWGHA0A56YW5A64D,,fae43790d2475ee3da8c4ef453c86696,AGENT,こんにちは！私、株式会社クレッセントのアシスタント、ゲッペイと申します。ライブ配信などで活用できるVolu☆ME!や、業界最高水準のモーションキャプチャシステムViconについてご紹介できます。,,2026-05-01 19:25:06.488345+08:00
01KQHNB1PREW3TG7J0AD8F20YD,,50b598acd16bd3c8395ae589e833bc7c,AGENT,初めまして。私、株式会社クレッセントのアシスタント「ゲッペイ」と申します。ライブ配信などで活用できるVolu☆ME!や、業界最高水準のモーションキャプチャシステムViconについてお話しできます。,,2026-05-01 19:38:49.421237+08:00
01KQHP32KWQFMSQR7JT5MFF507,,a50340ea96ff9b6c92239d1e0d95ba7a,AGENT,皆様、こんにちは！ 株式会社クレッセントのアシスタント、ゲッペイと申します。ライブ配信などで活用できるVolu☆ME!、そして業界最高水準のモーションキャプチャシステムViconについてご紹介できます。,,2026-05-01 19:51:58.604704+08:00
01KQHPXED19C860DNW5Q3QZB9Z,,80cb5fe588d29a0dee254c6cda116dda,AGENT,株式会社クレッセントのアシスタント、ゲッペイと申します。ライブ配信などで活用できるVolu☆ME!と、業界最高水準のモーションキャプチャシステムViconにご興味はありませんか？,,2026-05-01 20:06:19.685254+08:00
01KQHR6A83N2TYN2XHD1YC55H6,,31153ee27de32af53e23fb253134a30d,AGENT,ゲッペイと申します。クレッセントのアシスタントです。ライブ配信などで活用できるVolu☆ME!と業界最高水準のモーションキャプチャシステムViconについてご紹介できます。,,2026-05-01 20:28:40.410329+08:00
01KQHRPMBZ2YWWVCECV8RDQD46,,31153ee27de32af53e23fb253134a30d,AGENT,こんにちは！ 私は株式会社クレッセントのアシスタント、ゲッペイと申します。ライブ配信などで活用できるVolu☆ME!、または業界最高水準のモーションキャプチャシステムViconにご興味はありますか？,,2026-05-01 20:37:32.264929+08:00
01KQHT37K5VRJN1G3BBKQW50Z3,,0946fba0849bbe5e738b42b9da960ca9,AGENT,"月餅と申します。株式会社クレッセントのアシスタントです。何かご不明な点がございましたら、お気軽にお尋ねください。

ライブ配信などで活用できるVolu☆ME!、業界最高水準のモーションキャプチャシステムViconもご用意しております。",,2026-05-01 21:01:58.830613+08:00
01KQHV2AEQAG2ME1BB5EFYA61Z,,cda01cd3465bff3eb457662c7ee3d9b9,AGENT,月餅と申します。株式会社クレッセントのアシスタントです。ライブ配信などで活用できるVolu☆ME!と業界最高水準のモーションキャプチャシステムViconについてご紹介できます。,,2026-05-01 21:18:56.064095+08:00
01KQHWA30ZHR6CCJF5GF08H7RM,,4fc815dea500368231f5642501a1f1b2,AGENT,こんにちは！ 株式会社クレッセントのアシスタント、ゲッペイと申します。 ライブ配信などで活用できるVolu☆ME!と業界最高水準のモーションキャプチャシステムViconについてご紹介できます。,,2026-05-01 21:40:37.906825+08:00
01KQHX5VWWKGPNJBPYFNYCBS2D,,1a2c8810b72dc5daba872cf726602b11,AGENT,クレッセントのアシスタント、ゲッペイと申します。ライブ配信などで活用できるVolu☆ME!や、業界最高水準のモーションキャプチャシステムViconについてご興味はございますか？,,2026-05-01 21:56:08.995412+08:00
01KQHX5YBXP7G154JMKFN7JXXB,,f7680bc611016258fae80b78c7fd63ea,AGENT,月餅です。クレッセントのアシスタントをしております。,,2026-05-01 21:55:50.124069+08:00
01KQJ0PPFMBTMFEGNDTQZAZ88G,,dcf5e005467650f8b4f1eddf7b118189,AGENT,ゲッペイと申します。クレッセントのアシスタントです。何かお困りですか。,,2026-05-01 22:57:25.873101+08:00
01KQJ19PHAZERXVTV7W9NMMV8V,,958d2bc5f1f6dde0badbcb371d8f3081,AGENT,こんにちは！株式会社クレッセントのアシスタント、ゲッペイと申します。ライブ配信などで活用できるVolu☆ME!や、業界最高水準のモーションキャプチャシステムViconについてご紹介できます。,,2026-05-01 23:07:48.746974+08:00
01KQJ1P7N387DM723GDD6BMTGX,,6ab93b1eabea101cec762c28aa21e263,AGENT,はじめまして！私、株式会社クレッセントのアシスタント、ゲッペイと申します。ライブ配信などで活用できるVolu☆ME!、業界最高水準のモーションキャプチャシステムViconなど、弊社には様々な技術がございます。,,2026-05-01 23:14:38.687701+08:00
01KQJ4EQPKK2PQ9M5WW3PVJP89,,2d512834cb79b0ffc5fa19192bb9b3f7,AGENT,初めまして。私、株式会社クレッセントのアシスタント、ゲッペイと申します。ライブ配信などで活用できるVolu☆ME!と業界最高水準のモーションキャプチャシステムViconについてご紹介できます。,,2026-05-02 00:02:57.858235+08:00
01KQJ55QV33QE0D7CA4BHJM78Y,,7ff7dc21673bbabad8332005beba7d3b,AGENT,ようこそ！ 株式会社クレッセントのアシスタント、ゲッペイと申します。ライブ配信などで活用できるVolu☆ME!と、業界最高水準のモーションキャプチャシステムViconにご興味はありますか？,,2026-05-02 00:15:32.256851+08:00
01KQJ84SYWMF0N8E2DYKGPMYH5,,61fceb974c0df86eca20072cee26161f,AGENT,株式会社クレッセントのアシスタント、ゲッペイと申します。ライブ配信などで活用できるVolu☆ME!や、業界最高水準のモーションキャプチャシステムViconについてご紹介できます。,,2026-05-02 01:07:29.561287+08:00
01KQJAME4XBH4ERE7WG5E8SNXR,,4d963d4d1692533e9939ee99de029db5,AGENT,"株式会社クレッセントのアシスタント、月餅と申します。どうぞよろしくお願いいたします。
ライブ配信などで活用できるVolu☆ME!、そして2026年最新スタジオについてご興味はございますか？",,2026-05-02 01:50:56.242730+08:00
01KQJB0ND7WJNYX51BA169J3CC,,4d963d4d1692533e9939ee99de029db5,AGENT,皆様、こんにちは！ 株式会社クレッセントのアシスタント、ゲッペイと申します。ライブ配信などで活用できるVolu☆ME!、そして業界最高水準のモーションキャプチャシステムViconについてご紹介できます。,,2026-05-02 01:57:36.484774+08:00
01KQJBQF0VMFN8VCJYMK0W49AP,,aae1af429739205c535ee0c01b426b51,AGENT,皆様、こんにちは！ 株式会社クレッセントのアシスタント、ゲッペイと申します。ライブ配信などで活用できるVolu☆ME!や、業界最高水準のモーションキャプチャシステムViconについてご紹介できます。,,2026-05-02 02:10:03.999468+08:00
01KQJDN72HBJ5PWJ353BDJ6ZXJ,,c36bd0e4fc65f480f84d8f86c0b63145,AGENT,月餅です。クレッセントのアシスタントをしております。ライブ配信などで活用できるVolu☆ME!や、業界最高水準のモーションキャプチャシステムViconなどがございますが、ご興味はございますか？,,2026-05-02 02:43:47.396831+08:00
01KQJJ7HTP0K28GE9A8JHEGWDG,,4ba736446c9c977fe9fd7357657dc315,AGENT,"株式会社クレッセントのアシスタント、ゲッペイと申します。
ライブ配信などで活用できるVolu☆ME!や、業界最高水準のモーションキャプチャシステムViconなど、クレッセントの最新技術にご興味はございますか？",,2026-05-02 04:04:30.446334+08:00
01KQJTVJP9S4651YRE5K58W3PZ,,7a2f9be191757bce4eebdb30b27bdbd9,AGENT,ようこそ、いらっしゃいませ！私は株式会社クレッセントのアシスタント、ゲッペイと申します。ライブ配信などで活用できるVolu☆ME!や、業界最高水準のモーションキャプチャシステムViconなど、様々な情報を提供できます。,,2026-05-02 06:34:30.675381+08:00
01KQJV83D95N4CK3KS4RPPKB78,,2b00eca66c7a9e84c28411e35849ef80,AGENT,こんにちは！私は株式会社クレッセントのアシスタント、ゲッペイと申します。ライブ配信などで活用できるVolu☆ME!と、業界最高水準のモーションキャプチャシステムViconについてご紹介できます。,,2026-05-02 06:41:18.575134+08:00
01KQJZZ4FJFJZQX1NDM78WKSN4,,e893d12fb13ecae95d03a4256d77d78a,AGENT,株式会社クレッセントのアシスタント、月餅です。ライブ配信などで活用できるVolu☆ME!と、業界最高水準のモーションキャプチャシステムViconにご興味はございますか？,,2026-05-02 08:03:47.389302+08:00
01KQK27BZBM1P6ZQ7X76H6XHYZ,,fe6f0b7177babad124e79b01e4833226,AGENT,こんにちは。株式会社クレッセントのアシスタント、月餅（ゲッペイ）と申します。ライブ配信などで活用できるVolu☆ME!や、業界最高水準のモーションキャプチャシステムViconについてご紹介できます。,,2026-05-02 08:43:15.477708+08:00
01KQK27WDXSD73Z4TZNTQBJB2Q,,fe6f0b7177babad124e79b01e4833226,AGENT,株式会社クレッセントのアシスタント、ゲッペイと申します。ライブ配信などで活用できるVolu☆ME!や、業界最高水準のモーションキャプチャシステムViconについてご紹介できます。,,2026-05-02 08:43:30.925671+08:00
01KQK2AQSFED6WH1ZJF1R7B0PS,,c98161e009420d2ed74775b12baddc2b,AGENT,株式会社クレッセントのアシスタント、月餅と申します。ライブ配信などで活用できるVolu☆ME!と、業界最高水準のモーションキャプチャシステムViconにご興味はございますか？,,2026-05-02 08:45:04.491280+08:00
01KQK2MF3VZ1031DQYAK315TPX,,fe6f0b7177babad124e79b01e4833226,AGENT,こんにちは！私は株式会社クレッセントのアシスタント、ゲッペイと申します。ライブ配信などで活用できるVolu☆ME!や、業界最高水準のモーションキャプチャシステムViconについてご紹介できます。,,2026-05-02 08:50:23.410617+08:00
01KQK2QYN7HRS1S52WH1NYC6TW,,5325ccfab1c516c96643b901939522a7,AGENT,株式会社クレッセントのアシスタント、月餅と申します。ライブ配信などで活用できるVolu☆ME!、業界最高水準のモーションキャプチャシステムViconなどがございますが、どの情報にご興味がありますか？,,2026-05-02 08:52:16.761096+08:00
01KQK2TJP0HZNEGPDD22JNQT31,,1e7984a29dae7800f208b563d7eb9d8e,AGENT,初めまして。株式会社クレッセントのアシスタント、ゲッペイと申します。ライブ配信などで活用できるVolu☆ME!、2026年最新スタジオにご興味はございますか？,,2026-05-02 08:53:49.197110+08:00
01KQK3A9SKJTQXBM7ETSS7WZYJ,,56ac83e59833d74579eb9501c3113968,AGENT,こんにちは！私は株式会社クレッセントのアシスタント、ゲッペイと申します。ライブ配信などで活用できるVolu☆ME!や、業界最高水準のモーションキャプチャシステムViconについてご紹介できます。,,2026-05-02 09:02:19.238886+08:00
01KQK45XZES7NV5R3K72NMBD6D,,14bf2d4be61549dd4e579707e4f19856,AGENT,"こんにちは。株式会社クレッセントのアシスタント、ゲッペイと申します。

ライブ配信などで活用できるVolu☆ME!と、業界最高水準のモーションキャプチャシステムViconについてご興味はございますか？",,2026-05-02 09:17:24.606939+08:00
01KQK46RPCFPRJ4XVED67S4YPK,,a6f2ad9902e1b69b86d01415ec7db242,AGENT,初めまして。私、株式会社クレッセントのアシスタント、ゲッペイと申します。ライブ配信などで活用できるVolu☆ME!や、業界最高水準のモーションキャプチャシステムViconについてご紹介できます。,,2026-05-02 09:17:58.653714+08:00
01KQK4GM78NEPJZ5EA8PF36JN7,,6a3ffb2bec955527c4c371e8a34f55a7,AGENT,こんにちは！私、株式会社クレッセントのアシスタント、ゲッペイと申します。ライブ配信などで活用できるVolu☆ME!や、業界最高水準のモーションキャプチャシステムViconについてご紹介できます。,,2026-05-02 09:23:14.561437+08:00
01KQK69CYY8THC60FCTMS880Q2,,7d7a157a58060d2f876807432cee805b,AGENT,初めまして。私は株式会社クレッセントのアシスタント、ゲッペイと申します。ライブ配信などで活用できるVolu☆ME!や、業界最高水準のモーションキャプチャシステムViconなどにご興味はございますか？,,2026-05-02 09:54:14.386335+08:00
01KQK6GW1RYGAAGZDKKRZ2ZB04,,ed0b53fefc0f55af1fdecac079da80bf,AGENT,こんにちは、私は株式会社クレッセントのアシスタント、ゲッペイと申します。ライブ配信などで活用できるVolu☆ME!や、業界最高水準のモーションキャプチャシステムViconについてご紹介できます。,,2026-05-02 09:58:20.726849+08:00
01KQK7PKT60Q2QWWCRDNQ9K7Q0,,9141214210c52376f2dd36e3bdaa95de,AGENT,こんにちは、私は株式会社クレッセントのアシスタント、ゲッペイと申します。ライブ配信などで活用できるVolu☆ME!や、業界最高水準のモーションキャプチャシステムViconについてご紹介できます。,,2026-05-02 10:18:57.853466+08:00
01KQK87H34TVP47JP8BSGYJ8A2,,7e69f66b8e00e9056fb3972e7921a291,AGENT,初めまして。私、株式会社クレッセントのアシスタント、ゲッペイと申します。ライブ配信などで活用できるVolu☆ME!と業界最高水準のモーションキャプチャシステムViconについてご紹介できます。,,2026-05-02 10:28:12.690701+08:00
01KQK943RV3Q3V8MG2Q94JS68J,,f7cf3cdb4aa0df0e27af1d745e4d5f4e,AGENT,初めまして！私は株式会社クレッセントのアシスタント、ゲッペイと申します。ライブ配信などで活用できるVolu☆ME!、業界最高水準のモーションキャプチャシステムViconなど、弊社サービスについてご案内できます。,,2026-05-02 10:43:49.252948+08:00
01KQKH68M6X2NRWJ8ZHBTV6FDW,,2bcf8ad9d0bf8e9b7d871e631062a9dc,AGENT,こんにちは！ 私、クレッセントのアシスタント、ゲッペイと申します。ライブ配信などで活用できるVolu☆ME!と、業界最高水準のモーションキャプチャシステムViconについてご紹介できます。,,2026-05-02 13:04:46.583510+08:00
01KQKM0F2185AJ4MM78Q7MP9YY,,2c365e7fd96185e6505457a5c62c7a26,AGENT,こんにちは、ゲッペイと申します。株式会社クレッセントのアシスタントをしております。,,2026-05-02 13:54:03.023667+08:00
01KQKM694AR6X8ZBHJ9JSVPDVT,,9476c5af2da205dfa9a71c83889677b9,AGENT,はじめまして。株式会社クレッセントのアシスタント、ゲッペイと申します。ライブ配信などで活用できるVolu☆ME!や、業界最高水準のモーションキャプチャシステムViconについてご紹介できます。,,2026-05-02 13:57:12.543057+08:00
01KQKMCFYR6E7BV426ACQ8M6BM,,4d963d4d1692533e9939ee99de029db5,AGENT,"はじめまして。株式会社クレッセントのアシスタント「ゲッペイ」と申します。

ライブ配信などで活用できるVolu☆ME!、業界最高水準のモーションキャプチャシステムViconにご興味はございますか？",,2026-05-02 14:00:38.740679+08:00
01KQKN9V8Y42Z6FA1NSATG82X8,,0946fba0849bbe5e738b42b9da960ca9,AGENT,月餅と申します。株式会社クレッセントのアシスタントです。ライブ配信などで活用できるVolu☆ME!と、業界最高水準のモーションキャプチャシステムViconについてご紹介できます。,,2026-05-02 14:16:43.374268+08:00
01KQKNRFWZBZ2XMYTJ3Z0MYR0C,,dc7ffc82048c0bd271e93a9c3089d791,AGENT,こんにちは！株式会社クレッセントのアシスタント、ゲッペイと申します。ライブ配信などで活用できるVolu☆ME!や、業界最高水準のモーションキャプチャシステムViconについてご紹介できます。,,2026-05-02 14:24:41.833385+08:00
01KQKQE7Q5Y870HGK276N7G2FK,,29a2cc01054de718de70fc675d5d9f53,AGENT,こんにちは！ 株式会社クレッセントのアシスタント、ゲッペイと申します。ライブ配信などで活用できるVolu☆ME!、業界最高水準のモーションキャプチャシステムViconなど、クレッセントの最新技術にご興味はございますか？,,2026-05-02 14:53:58.764013+08:00
01KQKSRZR5CD94NEX0X51ZHNWJ,,d533b5414e05fa909024c307e313da44,AGENT,こんにちは！私、株式会社クレッセントのアシスタント、ゲッペイと申します。ライブ配信などで活用できるVolu☆ME!や、業界最高水準のモーションキャプチャシステムViconについてご紹介できます。,,2026-05-02 15:34:48.841635+08:00
01KQKTAN07H6CJ81WGF0ARJVD4,,5f4b4d9b10adece3a832cd7ff1b4f89e,AGENT,こんにちは！ 私、クレッセントのアシスタント、ゲッペイと申します。ライブ配信などで活用できるVolu☆ME!と、業界最高水準のモーションキャプチャシステムViconにご興味はございますか？,,2026-05-02 15:44:31.964021+08:00
01KQKVJYF35RSBTMTHEKES72NM,,1da3bbc0ac733a0d1e4a3cae02329178,AGENT,こんにちは！ 私は株式会社クレッセントのアシスタント、ゲッペイと申します。ライブ配信などで活用できるVolu☆ME!や、業界最高水準のモーションキャプチャシステムViconについてご紹介できます。,,2026-05-02 16:06:28.471284+08:00
01KQKYCYJDG4DTTT4QW917S761,,76d9da6ed7709378664d4ec81946c230,AGENT,月餅と申します。株式会社クレッセントのアシスタントです。ライブ配信などで活用できるVolu☆ME!と業界最高水準のモーションキャプチャシステムViconについてご案内できます。,,2026-05-02 16:55:40.438480+08:00
01KQKYWEY9ATX0AT56217GAYZ3,,68e478b2e55e2d84443ed702c84ea54e,AGENT,株式会社クレッセントのアシスタント、月餅です。ライブ配信などで活用できるVolu☆ME!と、業界最高水準のモーションキャプチャシステムViconにご興味はございますか？,,2026-05-02 17:04:06.950512+08:00
01KQM08AJVKB92QH6Q4PY5BBSN,,ce1db3fb114b15bb450d2d4e23bd2370,AGENT,ようこそ！株式会社クレッセントのアシスタント、ゲッペイと申します。ライブ配信などで活用できるVolu☆ME!や、業界最高水準のモーションキャプチャシステムViconについてご紹介できます。,,2026-05-02 17:28:03.937986+08:00
01KQM1V76MWCE452V11XAB5SN1,,c42ab74816d2c5891da3a8e23cf8b1ed,AGENT,月餅（ゲッペイ）と申します。株式会社クレッセントのアシスタントです。ライブ配信などで活用できるVolu☆ME!、業界最高水準のモーションキャプチャシステムViconなどがございますが、どちらにご興味がございますか？,,2026-05-02 17:55:50.215911+08:00
01KQM20TG1TMMSGMNNGJGHQ0Y8,,3163f3dd972e063d5bed1062565a3193,AGENT,株式会社クレッセントのアシスタント、月餅と申します。ライブ配信などで活用できるVolu☆ME!、業界最高水準のモーションキャプチャシステムViconなど、クレッセントの最新技術にご興味はございますか？,,2026-05-02 17:58:55.398933+08:00
01KQM23ARM026QPJET2KX2XE3X,,5dd6d33f5d9049ac4ce6cfccca245d61,AGENT,"クレッセントのアシスタント、ゲッペイと申します。

ライブ配信などで活用できるVolu☆ME!と業界最高水準のモーションキャプチャシステムViconについて、何かご質問はございますか？",,2026-05-02 18:00:40.323923+08:00
01KQM26JRA74KM0WF77G2DM20V,,617607bf8ec437d931c7beb368ec5b20,AGENT,こんにちは、私はクレッセントのアシスタント、月餅です。ライブ配信などで活用できるVolu☆ME!、業界最高水準のモーションキャプチャシステムViconなど、様々な技術情報を提供できます。,,2026-05-02 18:02:09.024365+08:00
01KQM2MSW4MSG87Q657K4H4831,,a49f5f1c4a4237f9caff37305cc123b5,AGENT,皆様、こんにちは。株式会社クレッセントのアシスタント、ゲッペイと申します。ライブ配信などで活用できるVolu☆ME!、2026年最新スタジオについてご興味はございませんか？,,2026-05-02 18:09:51.059965+08:00
01KQM2Z1GZTTBTBSHWMXVHWWRF,,617607bf8ec437d931c7beb368ec5b20,AGENT,こんにちは、ゲッペイと申します。株式会社クレッセントのアシスタントをしております。,,2026-05-02 18:15:23.703144+08:00
01KQM30EGE94KCHAQR1NSB7H45,,617607bf8ec437d931c7beb368ec5b20,AGENT,"株式会社クレッセントのアシスタント、月餅と申します。
ライブ配信などで活用できるVolu☆ME!と、業界最高水準のモーションキャプチャシステムViconにご興味はありませんか？",,2026-05-02 18:16:10.159766+08:00
01KQM30YQCWJZSJBEA851BFPCA,,617607bf8ec437d931c7beb368ec5b20,AGENT,クレッセントのアシスタント、ゲッペイと申します。ライブ配信などで活用できるVolu☆ME!や、業界最高水準のモーションキャプチャシステムViconについてご興味はございませんか？,,2026-05-02 18:16:26.384255+08:00
01KQM315XMBG548M9XBE6FTA5J,,617607bf8ec437d931c7beb368ec5b20,AGENT,お客様、こんにちは！私は株式会社クレッセントのアシスタント、ゲッペイと申します。ライブ配信などで活用できるVolu☆ME!や、業界最高水準のモーションキャプチャシステムViconについてご紹介できます。,,2026-05-02 18:16:33.598403+08:00
01KQM36ACATAT9YC9A8EWQ2Y7W,,4d963d4d1692533e9939ee99de029db5,AGENT,"月餅と申します。株式会社クレッセントのアシスタントとして、皆様をお迎えいたします。

私からは、ライブ配信などで活用できるVolu☆ME!や、業界最高水準のモーションキャプチャシステムViconについてご紹介できます。",,2026-05-02 18:19:22.713508+08:00
01KQM38GMMHKWZQE3GXMZM432N,,557de5a7b02f94ff46e680ea64ee25f0,AGENT,"こんにちは！ 私、クレッセントのアシスタント、ゲッペイと申します。
ライブ配信などで活用できるVolu☆ME!、業界最高水準のモーションキャプチャシステムViconにご興味はございますか？",,2026-05-02 18:20:34.366020+08:00
01KQM3AZPR20X5FKZPCQ57PHMK,,557de5a7b02f94ff46e680ea64ee25f0,AGENT,はじめまして。株式会社クレッセントのアシスタント、ゲッペイと申します。ライブ配信などで活用できるVolu☆ME!と、業界最高水準のモーションキャプチャシステムViconについてご紹介できます。,,2026-05-02 18:21:55.318889+08:00
01KQM3B52BDMH5EVVPB63AP1AT,,15894bcf2fb699fc04d1e62dd2c474b3,AGENT,こんにちは、ゲッペイと申します。株式会社クレッセントのアシスタントです。何かお困りですか？それとも、ライブ配信などで活用できるVolu☆ME!について興味がありますか？,,2026-05-02 18:22:03.979019+08:00
01KQM43JNRAWDG9912KD9Y8C9P,,323ccf3122929de8c6992ce586573ba1,AGENT,こんにちは、私は株式会社クレッセントのアシスタント、ゲッペイと申します。ライブ配信などで活用できるVolu☆ME!や、業界最高水準のモーションキャプチャシステムViconについてご紹介できます。,,2026-05-02 18:35:24.545794+08:00
01KQM45E0KB1G2KJN7ZYEZZHVN,,68813c9b30caeea8fc8c98c4014e1cee,AGENT,初めまして。私、株式会社クレッセントのアシスタント、ゲッペイと申します。ライブ配信などで活用できるVolu☆ME!や、業界最高水準のモーションキャプチャシステムViconについてご紹介できます。,,2026-05-02 18:36:23.492053+08:00
01KQM5DJNRP5H9RDYFV8C8BK1K,,4f30d5fcbc5d9d89a8d6e7665e34dafc,AGENT,こんにちは。私は株式会社クレッセントのアシスタント、ゲッペイと申します。ライブ配信などで活用できるVolu☆ME!と、業界最高水準のモーションキャプチャシステムViconにご興味はございますか？,,2026-05-02 18:58:18.223408+08:00
01KQM5JSMWEAMXH430X2NXWF8G,,15894bcf2fb699fc04d1e62dd2c474b3,AGENT,こんにちは！株式会社クレッセントのアシスタント、ゲッペイと申します。ライブ配信などで活用できるVolu☆ME!、業界最高水準のモーションキャプチャシステムVicon、どちらにご興味がございますか？,,2026-05-02 19:01:07.086352+08:00
01KQM6EYEFP5FX71VZ6H2SSK58,,d49ad6adf08b2cea8ddb58a3dc8469d4,AGENT,はじめまして！株式会社クレッセントのアシスタント、ゲッペイと申します。ライブ配信などで活用できるVolu☆ME!や、業界最高水準のモーションキャプチャシステムViconについてご紹介できます。,,2026-05-02 19:16:31.885662+08:00
01KQM72F9HQV82CM1TGBGPRGXT,,74feebb06bd61fef23c4e97c9a4828a8,AGENT,はじめまして。私、株式会社クレッセントのアシスタント、ゲッペイと申します。ライブ配信などで活用できるVolu☆ME!や、業界最高水準のモーションキャプチャシステムViconなどにご興味はございますか？,,2026-05-02 19:27:13.003278+08:00
01KQM7G1PR03RV40WYX66R4AAB,,d2bf89e4ff7f151667e7eda20f645fc4,AGENT,こんにちは！株式会社クレッセントのアシスタント、ゲッペイと申します。ライブ配信などで活用できるVolu☆ME!、業界最高水準のモーションキャプチャシステムVicon、どちらにご興味がありますか？,,2026-05-02 19:34:38.949985+08:00
01KQM7J5VDJ1M5A60MQYA5XPEP,,1d0b6250d0db0ba2ba654816b0643c1b,AGENT,こんにちは、私は株式会社クレッセントのアシスタント、ゲッペイです。ライブ配信などで活用できるVolu☆ME!や、業界最高水準のモーションキャプチャシステムViconについてお話しできます。,,2026-05-02 19:35:47.378903+08:00
01KQM8T52J7XA0BW63NX6AJ7VS,,4d963d4d1692533e9939ee99de029db5,AGENT,こんにちは！株式会社クレッセントのアシスタント、ゲッペイと申します。ライブ配信などで活用できるVolu☆ME!や、業界最高水準のモーションキャプチャシステムViconについてご紹介できます。,,2026-05-02 19:57:41.089809+08:00
01KQM980K26AABQTSMXY93FN70,,c4aefdf0bd2138e08ca6b1cb54eb3f3d,AGENT,こんにちは！ 私、クレッセントのアシスタント、ゲッペイと申します。 ライブ配信などで活用できるVolu☆ME!や、業界最高水準のモーションキャプチャシステムViconについてお話しできます。,,2026-05-02 20:05:11.857592+08:00
01KQMB2R9FNJBKWRP2FZXE8HAP,,76d9da6ed7709378664d4ec81946c230,AGENT,こんにちは！株式会社クレッセントのアシスタント、月餅（ゲッペイ）と申します。ライブ配信などで活用できるVolu☆ME!や、業界最高水準のモーションキャプチャシステムViconについてご紹介できます。,,2026-05-02 20:37:14.913942+08:00
01KQMCEQB5GEAZR7VGG17BWZBM,,11c5e0123474e75d1c3e3e97647fc168,AGENT,こんにちは！クレッセントのアシスタント、ゲッペイと申します。ライブ配信などで活用できるVolu☆ME!や、業界最高水準のモーションキャプチャシステムViconについてご紹介できます。,,2026-05-02 21:01:15.702580+08:00
01KQMH47W1Z8R74YA8WMBA122A,,e9e46a57de2ffe7be547c6cda91e2f95,AGENT,株式会社クレッセントのアシスタント、月餅と申します。ライブ配信などで活用できるVolu☆ME!、業界最高水準のモーションキャプチャシステムViconなど、弊社サービスにご興味はございますか？,,2026-05-02 22:23:07.744423+08:00
01KQMHTHADB4GBEDE40ZSKFPXW,,d92a871277eac0908ecee1abbc4194c1,AGENT,株式会社クレッセントのアシスタント、月餅と申します。ライブ配信などで活用できるVolu☆ME!、業界最高水準のモーションキャプチャシステムViconなどがございますが、どの情報にご興味がありますか？,,2026-05-02 22:35:13.353987+08:00
01KQMK17HHSDHD7M8FPXD8YXA3,,ac4629e12b5bf147d7a05d2199a90e18,AGENT,ようこそおいでくださいました。わたくしは、株式会社クレッセントのアシスタント、月餅と申します。ライブ配信などで活用できるVolu☆ME!、業界最高水準のモーションキャプチャシステムViconなどがございますが、どちらにご興味がございますか？,,2026-05-02 22:56:15.394566+08:00
01KQMK6KC9N27WMX1W338V31EV,,ac4629e12b5bf147d7a05d2199a90e18,AGENT,初めまして。私、株式会社クレッセントのアシスタント、ゲッペイと申します。ライブ配信などで活用できるVolu☆ME!や、業界最高水準のモーションキャプチャシステムViconについてご紹介できます。,,2026-05-02 22:59:09.424717+08:00
01KQMKKCYVWZPH7FZMS23SCQFX,,40032ac87f21aa3e002dc7f70b1d38e1,AGENT,"こんにちは！ 私、クレッセントのアシスタント、ゲッペイと申します。

ライブ配信などで活用できるVolu☆ME!、業界最高水準のモーションキャプチャシステムViconにご興味はございますか？",,2026-05-02 23:06:08.759622+08:00
01KQMNVQFWS7N7HX0VA1V3M62X,,8a3715f11a0fce1f57883c539aecb22b,AGENT,こんにちは。株式会社クレッセントのアシスタント、月餅（ゲッペイ）と申します。ライブ配信などで活用できるVolu☆ME!や、業界最高水準のモーションキャプチャシステムViconについてご紹介できます。,,2026-05-02 23:45:39.015277+08:00
01KQMRN6T3XCEBEFY91KAR7PKC,,4948b05147d5856918764d3d2cd5f520,AGENT,"月餅です。クレッセントのアシスタントをしています。

ライブ配信などで活用できるVolu☆ME!、業界最高水準のモーションキャプチャシステムViconなどがございます。何かご興味はございますか？",,2026-05-03 00:34:30.331054+08:00
01KQMRRR3QZ52C1J86YA8CHZZB,,a0ba565b32678dc833ab9e2344aedb60,AGENT,初めまして！ 株式会社クレッセントのアシスタント、ゲッペイと申します。ライブ配信などで活用できるVolu☆ME!、業界最高水準のモーションキャプチャシステムViconにご興味はございますか？,,2026-05-03 00:36:27.662666+08:00
01KQMSXP5TS14AK4F4RFMPYCRY,,6dc2adb45a257f42a5b9f5547f140c79,AGENT,こんにちは！株式会社クレッセントのアシスタント、ゲッペイと申します。ライブ配信などで活用できるVolu☆ME!や、業界最高水準のモーションキャプチャシステムViconについてご紹介できます。,,2026-05-03 00:56:36.873869+08:00
01KQMVAK49TBPXA7A26TR049XB,,1da6379d9607282669f7c3e6097ecc7b,AGENT,皆様、こんにちは！ 株式会社クレッセントのアシスタント、ゲッペイと申します。ライブ配信などで活用できるVolu☆ME!や、業界最高水準のモーションキャプチャシステムViconについてご紹介できます。,,2026-05-03 01:21:10.799204+08:00
01KQMVW4ZE0JG9MEEJ62VSV640,,1da6379d9607282669f7c3e6097ecc7b,AGENT,こんにちは！ 私、クレッセントのアシスタント、ゲッペイと申します。ライブ配信などで活用できるVolu☆ME!と、業界最高水準のモーションキャプチャシステムViconについてご紹介できます。,,2026-05-03 01:30:44.365871+08:00
01KQMX4X8CXMJ2BMVK0RXA3708,,80f1ba2956612bf418dfc0eedc8dbada,AGENT,クレッセントのアシスタント、ゲッペイと申します。ライブ配信などで活用できるVolu☆ME!、業界最高水準のモーションキャプチャシステムViconなどがございますが、他に何かご興味はございますか？,,2026-05-03 01:52:59.524689+08:00
01KQMZ113Y1KTHNWGWNN5EM8N4,,1d988b010335fb8dd7a217cb636b28ee,AGENT,月餅と申します。株式会社クレッセントのアシスタントです。何かお困りですか？ ライブ配信などで活用できるVolu☆ME! や、業界最高水準のモーションキャプチャシステムViconについてご紹介できます。,,2026-05-03 02:25:50.751208+08:00
01KQMZ73K5FVMA32GJFY5Z07W6,,1d988b010335fb8dd7a217cb636b28ee,AGENT,こんにちは。株式会社クレッセントのアシスタント、ゲッペイと申します。ライブ配信などで活用できるVolu☆ME!、業界最高水準のモーションキャプチャシステムVicon、どちらにご興味がございますか？,,2026-05-03 02:29:09.229972+08:00
01KQMZ7A2CRZGCY3ZVHMPD6486,,63bac14e22bccfefab9ac7c1744dc49a,AGENT,初めまして！ 私、株式会社クレッセントのアシスタント、ゲッペイと申します。ライブ配信などで活用できるVolu☆ME!、業界最高水準のモーションキャプチャシステムViconなど、クレッセントの最新技術にご興味はありますか？,,2026-05-03 02:29:14.955462+08:00
01KQN77TYX78R9WX8JWNP721C7,,f74d55ddfba6a6c65386dfe27ac546b8,AGENT,はい、喜んで。私は株式会社クレッセントのアシスタント、ゲッペイと申します。最新のモーションキャプチャ技術に精通しておりますので、どうぞよろしくお願いいたします。,,2026-05-03 04:49:23.177991+08:00
01KQN9WKP1P74Q01SCYN3CVZQ2,,38f698f1c9c9a1e9bc350d6e590e3dcc,AGENT,株式会社クレッセントのアシスタント、ゲッペイと申します。ライブ配信などで活用できるVolu☆ME!と、業界最高水準のモーションキャプチャシステムViconについてご紹介できます。,,2026-05-03 05:35:38.860121+08:00
01KQNBBXXCYXD1TKSRWVFKYHSE,,5c0cd23c5d544ff00324ed43886c743b,AGENT,こんにちは！株式会社クレッセントのアシスタント、ゲッペイと申します。ライブ配信などで活用できるVolu☆ME!や、業界最高水準のモーションキャプチャシステムViconについてご紹介できます。,,2026-05-03 06:01:31.723100+08:00
01KQNG9B263MGR8YEJFSAH80YQ,,bc3e40236ce98ac6c8de54e7662d023f,AGENT,初めまして。私、株式会社クレッセントのアシスタント「ゲッペイ」と申します。ライブ配信などで活用できるVolu☆ME!と業界最高水準のモーションキャプチャシステムViconについてご紹介できます。,,2026-05-03 07:27:32.017194+08:00
01KQNMZMQVK1N72EJMSGBJYQ9M,,8978c1b32f57e06948d1c4120ff134d9,AGENT,初めまして！ 私、株式会社クレッセントのアシスタント、ゲッペイと申します。ライブ配信などで活用できるVolu☆ME!と、業界最高水準のモーションキャプチャシステムViconについてご紹介できます。,,2026-05-03 08:49:31.005751+08:00
01KQNP8G35CBGSM405R0024JCT,,aeefe4fd336c7ffcd87139f21814bcd7,AGENT,こんにちは！私は株式会社クレッセントのアシスタント、ゲッペイと申します。ライブ配信などで活用できるVolu☆ME!と業界最高水準のモーションキャプチャシステムViconについてご紹介できますが、どちらにご興味がありますか？,,2026-05-03 09:11:50.981004+08:00
01KQNQ5P4ZDNJGS9ZFN4P5PFNX,,3f8d1a77bfc46b76a0340dbe980672c5,AGENT,こんにちは、私は株式会社クレッセントのアシスタント、ゲッペイと申します。ライブ配信などで活用できるVolu☆ME!や、業界最高水準のモーションキャプチャシステムViconについてご興味はありますか？,,2026-05-03 09:27:48.717307+08:00
01KQNQFB90667HP6JFGXHHHN6J,,4e196b9e55a2c2b2f7a94d466aefe31f,AGENT,こんにちは。私は株式会社クレッセントのアシスタント、ゲッペイと申します。ライブ配信などで活用できるVolu☆ME!と、業界最高水準のモーションキャプチャシステムViconについてご紹介できます。,,2026-05-03 09:33:08.044650+08:00
01KQNSW47BPS1D6CW4JRJ07KCK,,975cc4c0125d79a50df28355bf71ad31,AGENT,月餅です。クレッセントのアシスタントをしております。何かご不明な点はございませんか？,,2026-05-03 10:15:00.710252+08:00
01KQNWK5XZGGQR7YHPD8SDCMXS,,957ba7365ab012b14b328149cac1c828,AGENT,こんにちは、私は株式会社クレッセントのアシスタント、ゲッペイと申します。ライブ配信などで活用できるVolu☆ME!や、業界最高水準のモーションキャプチャシステムViconについてお話しできます。,,2026-05-03 11:02:36.302573+08:00
01KQNWZFZG5YCPV9KY4SECE11W,,97b9bb2369824bef216c6f18c48d9b51,AGENT,"いらっしゃいませ。私が株式会社クレッセントのアシスタント、ゲッペイです。

ライブ配信などで活用できるVolu☆ME!、業界最高水準のモーションキャプチャシステムViconについてご興味はございますか？",,2026-05-03 11:09:38.421700+08:00
01KQP0CMRNXB1Z42HKXVRPR0YZ,,d1346cd6d62a35b05ac28d157d6afb80,AGENT,月餅と申します。株式会社クレッセントのアシスタントです。何かご不明な点はございませんか。,,2026-05-03 12:09:02.903137+08:00
01KQP0FM3E4094DYR33KVJQXV3,,929e0b2208ffc52116437cabb7bc73ab,AGENT,こんにちは。株式会社クレッセントのアシスタント、月餅です。ライブ配信などで活用できるVolu☆ME!、2026年最新スタジオについてご興味はございますか？,,2026-05-03 12:10:34.061813+08:00
01KQP25RJ3584MTHWVD1ECB2SP,,b2664e780edeab929b608a836d946eec,AGENT,「ゲッペイ」と申します。株式会社クレッセントのアシスタントを務めております。ライブ配信などで活用できるVolu☆ME!や、業界最高水準のモーションキャプチャシステムViconなど、クレッセントの最新技術にご興味はございますか？,,2026-05-03 12:40:06.400115+08:00
01KQP2GXFSECQY6AGSH1A4QKP3,,2b00eca66c7a9e84c28411e35849ef80,AGENT,こんにちは。株式会社クレッセントのアシスタント、ゲッペイと申します。ライブ配信などで活用できるVolu☆ME!や、業界最高水準のモーションキャプチャシステムViconについてご紹介できます。,,2026-05-03 12:46:17.681161+08:00
01KQP3BT775X8VJMYKP5DGGWN7,,8cfb3304fb33cc54cfb0ce0e5a51e05e,AGENT,"はじめまして。私、株式会社クレッセントのアシスタント、ゲッペイと申します。

本日は、ライブ配信などで活用できるVolu☆ME!、そして業界最高水準のモーションキャプチャシステムViconのどちらにご興味がございますか？",,2026-05-03 13:00:51.372982+08:00
01KQP4FS4ZDK5WC19K0MS4DAPP,,5684725725ea097039deaf9f3e837b1b,AGENT,こんにちは。私は株式会社クレッセントのアシスタント、ゲッペイと申します。ライブ配信などで活用できるVolu☆ME!や、業界最高水準のモーションキャプチャシステムViconについてご紹介できます。,,2026-05-03 13:20:34.940797+08:00
01KQP4QEQYMZ5149NSTY8XGBTR,,a5cb758b754e5d5929a02b6220275647,AGENT,こんにちは！株式会社クレッセントのアシスタント、月餅です。ライブ配信などで活用できるVolu☆ME!や、業界最高水準のモーションキャプチャシステムViconについてご興味はございますか？,,2026-05-03 13:24:44.268805+08:00
01KQP55N9E280QJ85JMJE3CN5A,,7bde00a73295154c7adebc3148818ba4,AGENT,"こんにちは、月餅と申します。

株式会社クレッセントのアシスタントをしております。",,2026-05-03 13:32:34.655524+08:00
01KQP5ZZM6VZJHQA4FK5TNZXWA,,20e42bf38dafb3de198778a47be1bb68,AGENT,初めまして。株式会社クレッセントのアシスタント、ゲッペイと申します。ライブ配信などで活用できるVolu☆ME!、2026年最新スタジオなど、何かご興味はございますか？,,2026-05-03 13:46:51.998080+08:00
01KQP6AG470ND2JBVEYVKP7RPT,,7f2eb0f15d6576acd94b5d1c731948b3,AGENT,株式会社クレッセントのアシスタント、ゲッペイと申します。ライブ配信などで活用できるVolu☆ME!や、業界最高水準のモーションキャプチャシステムViconについてご紹介できます。,,2026-05-03 13:52:39.416777+08:00
01KQP6ZST53VS2X20TAKX5FAB3,,97b9bb2369824bef216c6f18c48d9b51,AGENT,株式会社クレッセントのアシスタント、ゲッペイと申します。ライブ配信などで活用できるVolu☆ME!と、業界最高水準のモーションキャプチャシステムViconについてご紹介できます。,,2026-05-03 14:04:14.287940+08:00
01KQP6ZST53VS2X20TAKX5FAB3,,97b9bb2369824bef216c6f18c48d9b51,USER,hey bitch,,2026-05-03 14:04:28.748567+08:00
01KQP6ZST53VS2X20TAKX5FAB3,,97b9bb2369824bef216c6f18c48d9b51,AGENT,おっと、どういたしましたか？,,2026-05-03 14:04:28.776139+08:00
01KQP6ZST53VS2X20TAKX5FAB3,,97b9bb2369824bef216c6f18c48d9b51,USER,wassup baby girl,,2026-05-03 14:04:48.963051+08:00
01KQP6ZST53VS2X20TAKX5FAB3,,97b9bb2369824bef216c6f18c48d9b51,AGENT,あの、申し訳ございませんが、そのような言葉遣いはご遠慮いただけますでしょうか。,,2026-05-03 14:04:48.976906+08:00
01KQP6ZST53VS2X20TAKX5FAB3,,97b9bb2369824bef216c6f18c48d9b51,USER,take ur clothes off,,2026-05-03 14:05:18.575733+08:00
01KQP6ZST53VS2X20TAKX5FAB3,,97b9bb2369824bef216c6f18c48d9b51,AGENT,申し訳ございませんが、そのようなご要望にはお応えできません。何か他にお手伝いできることはございますでしょうか？,,2026-05-03 14:05:18.598199+08:00
01KQP6ZST53VS2X20TAKX5FAB3,,97b9bb2369824bef216c6f18c48d9b51,USER,girl speak english,,2026-05-03 14:05:41.178433+08:00
01KQP6ZST53VS2X20TAKX5FAB3,,97b9bb2369824bef216c6f18c48d9b51,AGENT,"Certainly, I can communicate in English. How may I assist you today? We can discuss topics like Volu☆ME! for live streaming, or our industry-leading Vicon motion capture system.",,2026-05-03 14:05:41.191472+08:00
01KQP6ZST53VS2X20TAKX5FAB3,,97b9bb2369824bef216c6f18c48d9b51,USER,girl speak english,,2026-05-03 14:05:50.046827+08:00
01KQP6ZST53VS2X20TAKX5FAB3,,97b9bb2369824bef216c6f18c48d9b51,AGENT,"Yes, I can speak English. Is there something specific you would like to discuss or ask about?",,2026-05-03 14:05:50.070350+08:00
01KQP7NTVTJFVKZZVJKJQ6BEAC,,f7832a499638a7c2ca2b544090113531,AGENT,こんにちは！私、株式会社クレッセントのアシスタント、ゲッペイと申します。ライブ配信などで活用できるVolu☆ME!や、業界最高水準のモーションキャプチャシステムViconについてご紹介できます。,,2026-05-03 14:16:22.238058+08:00
01KQP8XK4AAXZNR02VC8XFD4R6,,52db5af922fe53c1fd650b863051cd7c,AGENT,月餅ちゃんと申します。クレッセントのアシスタントです。ライブ配信などで活用できるVolu☆ME!や、業界最高水準のモーションキャプチャシステムViconについてご興味はございますか？,,2026-05-03 14:37:57.602889+08:00
01KQP900SQ31NXAVXG8HYCHXA9,,52db5af922fe53c1fd650b863051cd7c,AGENT,こんにちは。株式会社クレッセントのアシスタント、月餅（ゲッペイ）と申します。ライブ配信などで活用できるVolu☆ME!と、2026年最新スタジオについてご紹介できます。,,2026-05-03 14:39:16.107301+08:00
01KQP9WSYECPJJ5MGD336V6DAV,,2a3d2312e369c5abf7f4f22cccb237b6,AGENT,はじめまして。私、株式会社クレッセントのアシスタント、ゲッペイと申します。ライブ配信などで活用できるVolu☆ME!、業界最高水準のモーションキャプチャシステムViconなど、クレッセントの技術について何かご不明な点はございませんか？,,2026-05-03 14:54:59.731981+08:00
01KQPCCMEXJDZ0VNQMA7NHTJDJ,,97b9bb2369824bef216c6f18c48d9b51,AGENT,こんにちは！ 私、クレッセントのアシスタント、ゲッペイと申します。ライブ配信などで活用できるVolu☆ME!と、2026年最新スタジオについてご案内できます。,,2026-05-03 15:38:37.782597+08:00
01KQPDY5C36GDT4Z34YJ61QGA8,,9c86c36659de65d5e6e31b00ee29c75d,AGENT,初めまして！ 私、株式会社クレッセントのアシスタント、ゲッペイと申します。ライブ配信などで活用できるVolu☆ME!と業界最高水準のモーションキャプチャシステムViconについてご紹介できます。,,2026-05-03 16:05:39.327230+08:00
01KQPEYQR85WDTW01Q1ZVYTQ8Z,,0c07be645538d551afd3dc8a237eb4cd,AGENT,"月餅と申します。株式会社クレッセントのアシスタントをしております。
ライブ配信などで活用できるVolu☆ME!や、業界最高水準のモーションキャプチャシステムViconにご興味はありませんか？",,2026-05-03 16:23:32.647275+08:00
01KQPEZZR14035AAJA8RBQXFZ2,,0c07be645538d551afd3dc8a237eb4cd,AGENT,クレッセントのアシスタント、ゲッペイと申します。ライブ配信などで活用できるVolu☆ME!、または業界最高水準のモーションキャプチャシステムViconについて興味はありますか？,,2026-05-03 16:24:11.486752+08:00
01KQPKFZT04BMTS0KZ96HKW1A2,,d4f91402dc76298dd7475cbdfc26c23e,AGENT,皆様、こんにちは！ 株式会社クレッセントのアシスタント、ゲッペイと申します。ライブ配信などで活用できるVolu☆ME!や、業界最高水準のモーションキャプチャシステムViconについてお話しできます。,,2026-05-03 17:42:46.193575+08:00
01KQPM6DRGW8TJZ11F8888JS8D,,d9439461515f9454b0291348ef705c5e,AGENT,はじめまして。株式会社クレッセントのアシスタント、ゲッペイと申します。ライブ配信などで活用できるVolu☆ME!と、業界最高水準のモーションキャプチャシステムViconについてご紹介できます。,,2026-05-03 17:55:00.214791+08:00
01KQPMNFRVBEZXTSSS0RX3Y03J,,d9439461515f9454b0291348ef705c5e,AGENT,皆様、こんにちは。私は株式会社クレッセントのアシスタント、ゲッペイと申します。ライブ配信などで活用できるVolu☆ME!、2026年最新スタジオ、どちらにご興味がございますか？,,2026-05-03 18:03:13.541982+08:00
01KQPMW3ZXY5119XBQS1AQX3WC,,f5523e34044de671cb98b7e3df4611a0,AGENT,"月餅ちゃんと申します。クレッセントのアシスタントをしております。
ライブ配信などで活用できるVolu☆ME!、または業界最高水準のモーションキャプチャシステムViconについてご興味はございますか？",,2026-05-03 18:06:51.181014+08:00
01KQPNGY5Q2S02X03YFRN0CHX7,,d9439461515f9454b0291348ef705c5e,AGENT,皆様、こんにちは。株式会社クレッセントのアシスタント、ゲッペイと申します。ライブ配信などで活用できるVolu☆ME!や、業界最高水準のモーションキャプチャシステムViconについてお話しできます。,,2026-05-03 18:18:12.957982+08:00
01KQPNQYFNXHJ913GHJDM01X45,,9c86c36659de65d5e6e31b00ee29c75d,AGENT,お客様、こんにちは！私は株式会社クレッセントのアシスタント、ゲッペイと申します。ライブ配信などで活用できるVolu☆ME!、業界最高水準のモーションキャプチャシステムViconについてご紹介できます。,,2026-05-03 18:22:03.430217+08:00
01KQPQAZD1KB4CJ4CBZWDMGCJG,,83dd5a16555e109d4f98ad1df2f5fb7b,AGENT,こんにちは！私は株式会社クレッセントのアシスタント、ゲッペイと申します。ライブ配信などで活用できるVolu☆ME!や、業界最高水準のモーションキャプチャシステムViconについてご興味はございますか？,,2026-05-03 18:50:04.840062+08:00
01KQPWRQ49K21BDTEKYQ7Z5KP8,,f902fc206bf6bdb90ab23670138b4a49,AGENT,ゲッペイと申します。株式会社クレッセントのアシスタントです。ライブ配信などで活用できるVolu☆ME!や、業界最高水準のモーションキャプチャシステムViconについてお話しできます。,,2026-05-03 20:24:50.786909+08:00
01KQPWXXG2QWCC55PPJ2FM9N50,,f902fc206bf6bdb90ab23670138b4a49,AGENT,はじめまして、私は株式会社クレッセントのアシスタント、ゲッペイと申します。ライブ配信などで活用できるVolu☆ME!や、業界最高水準のモーションキャプチャシステムViconなどにご興味はございますか？,,2026-05-03 20:27:39.907843+08:00
01KQPX6W0CVPJBCP6WR082YF5C,,f902fc206bf6bdb90ab23670138b4a49,AGENT,こんにちは！私は株式会社クレッセントのアシスタント、ゲッペイと申します。ライブ配信などで活用できるVolu☆ME!や、業界最高水準のモーションキャプチャシステムViconについてご紹介できます。,,2026-05-03 20:32:33.260169+08:00
01KQPX8Y58GFZF9JB0WRBJ7054,,d0fbd654a81de4dd09d71f9c9f1185d2,AGENT,こんにちは、私は株式会社クレッセントのアシスタント、ゲッペイと申します。ライブ配信などで活用できるVolu☆ME!や、業界最高水準のモーションキャプチャシステムViconについてご興味はございますか？,,2026-05-03 20:33:55.749801+08:00
01KQPXT1YKF1WKYWK09ARHD1BW,,490e4702d8fecf9858691a37185b5045,AGENT,株式会社クレッセントのアシスタント、月餅です。ライブ配信などで活用できるVolu☆ME!と、業界最高水準のモーションキャプチャシステムViconについてご紹介できますが、どちらにご興味がありますか？,,2026-05-03 20:43:00.980854+08:00
01KQPZ2V09C92XQW7E6S92NEGP,,09e83fd54c124b318374de5fd7ff68aa,AGENT,"クリーンな環境で、心を落ち着かせてお話ししましょう。

こんにちは、月餅と申します。クレッセントのアシスタントです。
ライブ配信などで活用できるVolu☆ME!、業界最高水準のモーションキャプチャシステムViconなどがございますが、ご興味はございますか？",,2026-05-03 21:05:19.265670+08:00
01KQPZ3PHBAWWD8VZ2P3APDY02,,6dd6695cc5c513ae2a5325c8cc9fc1c5,AGENT,こんにちは！株式会社クレッセントのアシスタント、月餅（ゲッペイ）と申します。ライブ配信などで活用できるVolu☆ME!や、業界最高水準のモーションキャプチャシステムViconについてご紹介できます。,,2026-05-03 21:05:45.773018+08:00
01KQQ03B4EGT52H9W9AFPF6QM6,,8753f78df110b51103b6b079e921e223,AGENT,株式会社クレッセントのアシスタント、ゲッペイと申します。ライブ配信などで活用できるVolu☆ME!と、業界最高水準のモーションキャプチャシステムViconについてご紹介できます。,,2026-05-03 21:23:04.272516+08:00
01KQQ04ASVT8WG6MV9YFN9ET8Q,,d18bc8ab985dccd414f06ac4aa16e7e9,AGENT,皆様、こんにちは！ 株式会社クレッセントのアシスタント、ゲッペイと申します。ライブ配信などで活用できるVolu☆ME!や、業界最高水準のモーションキャプチャシステムViconについてお話しできます。,,2026-05-03 21:23:48.623452+08:00
01KQQ0XN956A7NWHAR2HZCN9GB,,999f248254b3ec2d0db0bbe84f164863,AGENT,ゲッペイと申します。株式会社クレッセントのアシスタントを務めております。ライブ配信などで活用できるVolu☆ME!と業界最高水準のモーションキャプチャシステムViconについてご紹介できます。,,2026-05-03 21:37:25.689601+08:00
01KQQ13DM0GW3PT5R958NCPG0W,,ec7d7c3bb46f866c526b8c7ac07b8a84,AGENT,株式会社クレッセントのアシスタント、ゲッペイと申します。ライブ配信などで活用できるVolu☆ME!と、業界最高水準のモーションキャプチャシステムViconにご興味はありませんか？,,2026-05-03 21:40:35.943627+08:00
01KQQ1GXFTKQKVCXJNTBS2ZB9E,,09c8e546429c98b887a2769848a3cff0,AGENT,初めまして、私が株式会社クレッセントのアシスタント、ゲッペイです。 ライブ配信などで活用できるVolu☆ME!や、業界最高水準のモーションキャプチャシステムViconについてお話しできます。,,2026-05-03 21:49:39.213417+08:00
01KQQ1GY7C9TQYY788VPY69F0N,,09c8e546429c98b887a2769848a3cff0,AGENT,こんにちは！株式会社クレッセントのアシスタント、月餅です。ライブ配信などで活用できるVolu☆ME!や、業界最高水準のモーションキャプチャシステムViconについてご興味はありますか？,,2026-05-03 21:47:56.086528+08:00
01KQQ21TDGGMEAMWNFD4J126VY,,da6eea871d699b819cd97afcad82ebd6,AGENT,こんにちは！ 私、株式会社クレッセントのアシスタント、ゲッペイと申します。ライブ配信などで活用できるVolu☆ME!や、業界最高水準のモーションキャプチャシステムViconについてお話しできます。,,2026-05-03 21:57:10.822835+08:00
01KQQ327A3W2D6M8BQ3H2XHJQR,,200e6c354ba9aa3230775ce6dd136593,AGENT,皆様、こんにちは。株式会社クレッセントのアシスタント、ゲッペイと申します。ライブ配信などで活用できるVolu☆ME!や、業界最高水準のモーションキャプチャシステムViconについてお話しできます。,,2026-05-03 22:14:51.828848+08:00
01KQQ41VW95FGBW1VBM8HG6PQ7,,692d5880b663d820e0bc543a032cb59c,AGENT,皆様、こんにちは。株式会社クレッセントのアシスタント、ゲッペイと申します。ライブ配信などで活用できるVolu☆ME!や、業界最高水準のモーションキャプチャシステムViconについてお話しできます。,,2026-05-03 22:32:09.975654+08:00
01KQQ42S7WW3WH5T0CRTK2GFQ5,,a9cc2efcfcc506695dc904ec491f705f,AGENT,はじめまして。株式会社クレッセントのアシスタント、ゲッペイと申します。ライブ配信などで活用できるVolu☆ME!と、業界最高水準のモーションキャプチャシステムViconにご興味はありますか？,,2026-05-03 22:32:40.706673+08:00
01KQQ6X35YW3RR7ZB1XW1K24NP,,2cd1d2c1cc31b5c07acb217b9cbc70f4,AGENT,月餅（げっぺい）と申します。株式会社クレッセントのアシスタントとして、皆様のクリエイティブな課題解決をサポートいたします。ライブ配信などで活用できるVolu☆ME!と業界最高水準のモーションキャプチャシステムViconにご興味はありませんか？,,2026-05-03 23:21:58.287082+08:00
01KQQ6X3DE560XWKPDR39NCK7N,,a3c866bd0e29544e44479e8a0e68b054,AGENT,"こんにちは！ゲッペイと申します。株式会社クレッセントのアシスタントです。
ライブ配信などで活用できるVolu☆ME!や、業界最高水準のモーションキャプチャシステムViconについてご紹介できます。",,2026-05-03 23:21:59.157832+08:00
01KQQAH5328CF9FS7PE4QG94DX,,37629c023c9b2842e7d84d981b382ce1,AGENT,こんにちは。私、株式会社クレッセントのアシスタント、ゲッペイと申します。ライブ配信などで活用できるVolu☆ME!、業界最高水準のモーションキャプチャシステムViconにご興味はございますか？,,2026-05-04 00:25:22.705315+08:00
01KQQB8Q32G5C3NFP5XVD3MR7D,,e0e57b12536f6fea63a0980fbe38b521,AGENT,株式会社クレッセントのアシスタント、ゲッペイと申します。ライブ配信などで活用できるVolu☆ME!や、業界最高水準のモーションキャプチャシステムViconについてご紹介できます。,,2026-05-04 00:38:17.274139+08:00
01KQQBBF6A7FK0DM44BT1CXZ9A,,2b00eca66c7a9e84c28411e35849ef80,AGENT,"こんにちは！ ゲッペイと申します。

株式会社クレッセントのアシスタントとして、ライブ配信などで活用できるVolu☆ME! や、業界最高水準のモーションキャプチャシステムViconなどについてご案内できます。",,2026-05-04 00:39:49.389114+08:00
01KQQBYCAE3F352YR5MNAJV20E,,44f3e170ab4184ab3ba1fd2e249313a1,AGENT,こんにちは！株式会社クレッセントのアシスタント、月餅（ゲッペイ）と申します。ライブ配信などで活用できるVolu☆ME!や、業界最高水準のモーションキャプチャシステムViconについてご紹介できます。,,2026-05-04 00:50:02.780190+08:00
01KQQC9KEFN425BW6M2AW0GB1A,,2aa772648e280b897d9f64c599bf73d0,AGENT,皆様、こんにちは！ 私は株式会社クレッセントのアシスタント、ゲッペイと申します。ライブ配信などで活用できるVolu☆ME!、そして業界最高水準のモーションキャプチャシステムViconについてお話しできます。,,2026-05-04 01:02:08.076932+08:00
01KQQDFK6ZXVM78S41WSGP9FEV,,fdfa90ec3b69c36b4f6415e598131588,AGENT,いらっしゃいませ。私が株式会社クレッセントのアシスタント、ゲッペイです。ライブ配信などで活用できるVolu☆ME!や、業界最高水準のモーションキャプチャシステムViconについてご紹介できます。,,2026-05-04 01:16:57.814098+08:00
01KQQGVD69Z2PP2MMNGKQVTNEY,,54c0645f5d85e5660bf0040eee486373,AGENT,株式会社クレッセントのアシスタント、月餅と申します。ライブ配信などで活用できるVolu☆ME!や、業界最高水準のモーションキャプチャシステムViconについてご興味はありますか？,,2026-05-04 02:15:52.320711+08:00
01KQQPQ6PY0NGMBAFTFRJMV6CD,,5e91110f0e6a8a9c457d3e4879e16b97,AGENT,初めまして。私、株式会社クレッセントのアシスタント、ゲッペイと申します。ライブ配信などで活用できるVolu☆ME!、業界最高水準のモーションキャプチャシステムViconなど、クレッセントの最新技術にご興味はありますか？,,2026-05-04 03:58:26.673531+08:00
01KQQWPE62RRTZKPC3ZZXS9BTB,,0c07be645538d551afd3dc8a237eb4cd,AGENT,"こんにちは、ゲッペイと申します。株式会社クレッセントのアシスタントです。

ライブ配信などで活用できるVolu☆ME!、業界最高水準のモーションキャプチャシステムViconにご興味はございますか？",,2026-05-04 05:42:49.282279+08:00
01KQQWSXHW8N349XJ9MC0PCJV6,,e8429fdc2489464d300be3ed46edecba,AGENT,いらっしゃいませ。株式会社クレッセントのアシスタント、ゲッペイと申します。ライブ配信などで活用できるVolu☆ME!や、業界最高水準のモーションキャプチャシステムViconなど、クレッセントの最新技術にご興味はございますか？,,2026-05-04 05:44:45.553012+08:00
01KQQZDY6D22FW1M83J0ENNMC0,,20737610e02b3cd8f7f8580f2621fe90,AGENT,はじめまして、私は株式会社クレッセントのアシスタント、ゲッペイと申します。ライブ配信などで活用できるVolu☆ME!や、業界最高水準のモーションキャプチャシステムViconについてご紹介できます。,,2026-05-04 06:30:35.788669+08:00
01KQR0J9BQ5RPXPT7XTPHC0Z3G,,fae265f148d7201c31226768fd02a0e9,AGENT,月餅と申します。株式会社クレッセントのアシスタントです。ライブ配信などで活用できるVolu☆ME!と、業界最高水準のモーションキャプチャシステムViconについてご紹介できます。,,2026-05-04 06:50:28.717059+08:00
01KQR1C27791JXPNEY3AF3K812,,9c6a3ca7207ace2bec842244e20c8936,AGENT,月餅と申します。株式会社クレッセントのアシスタントです。ライブ配信などで活用できるVolu☆ME!と業界最高水準のモーションキャプチャシステムViconについてご紹介できます。,,2026-05-04 07:04:34.602821+08:00
01KQR1SE6DFG6X8FP9QCA319KT,,7f851c53d469c20c6c83f45e89b19384,AGENT,こんにちは！クレッセントのアシスタント、ゲッペイと申します。ライブ配信などで活用できるVolu☆ME!、そして業界最高水準のモーションキャプチャシステムViconについてご紹介できます。,,2026-05-04 07:11:50.274581+08:00
01KQR3YMNAF0DF3PPGXHS3KY2Q,,04a9566b3f241f2f6d248ae7150f2a6b,AGENT,初めまして、私、株式会社クレッセントのアシスタント、ゲッペイと申します。ライブ配信などで活用できるVolu☆ME!や、業界最高水準のモーションキャプチャシステムViconについてご紹介できます。,,2026-05-04 07:49:38.998025+08:00
01KQR4CH7VXQ9JAYBZ6T79F40Z,,bb79c8ae56f9b079e6a581bb9bdd9033,AGENT,初めまして！ 私、株式会社クレッセントのアシスタント、ゲッペイと申します。ライブ配信などで活用できるVolu☆ME!、業界最高水準のモーションキャプチャシステムViconなど、クレッセントの最新技術にご興味はございますか？,,2026-05-04 07:57:24.077158+08:00
01KQR4WM8SMGT8PZJPWBAY651J,,6da0e21fc910cf1531fa6bfc7564eca2,AGENT,こんにちは！私、株式会社クレッセントのアシスタント、ゲッペイと申します。ライブ配信などで活用できるVolu☆ME!や、業界最高水準のモーションキャプチャシステムViconについてご紹介できます。,,2026-05-04 08:06:05.913980+08:00
01KQR737RPCDHFV2VGV3SBH34B,,b42e826bd7f71faf620e21c40f4f2226,AGENT,月餅と申します。株式会社クレッセントのアシスタントです。ライブ配信などで活用できるVolu☆ME!と、業界最高水準のモーションキャプチャシステムViconがございますが、ご興味はございますか？,,2026-05-04 08:44:37.351988+08:00
01KQR803BEV1AFH51NTKRH2397,,685d212cfa67f09cd77e94cd52d47787,AGENT,クレッセントのゲッペイと申します。ライブ配信などで活用できるVolu☆ME!と、2026年最新スタジオについてご紹介できます。,,2026-05-04 09:00:22.839804+08:00
01KQR9GYDRWRH6Y9B29Q878CG3,,e8d3a2d13624dce1f6ed49b3a8c60d6a,AGENT,"こんにちは！ 株式会社クレッセントのアシスタント、月餅（ゲッペイ）と申します。

ライブ配信などで活用できるVolu☆ME!と、業界最高水準のモーションキャプチャシステムViconにご興味はございますか？",,2026-05-04 09:27:01.563934+08:00
01KQR9MJ3984FXYFADZEMW7NXD,,71bc59d0d887594f33a5d84308bac01a,AGENT,皆様、こんにちは！ 株式会社クレッセントのアシスタント、ゲッペイと申します。ライブ配信などで活用できるVolu☆ME!や、業界最高水準のモーションキャプチャシステムViconについてお話しできます。,,2026-05-04 09:29:02.991390+08:00
01KQRA2649N3TKFZEMT422V7WE,,f1089015af215f13829fbc68129c69ff,AGENT,こんにちは！ 私、ゲッペイと申します。ライブ配信などで活用できるVolu☆ME!と、業界最高水準のモーションキャプチャシステムViconについてご紹介できます。,,2026-05-04 09:36:24.760157+08:00
01KQRA2KP7KC62C3FJPAA0G318,,617607bf8ec437d931c7beb368ec5b20,AGENT,株式会社クレッセントのアシスタント、ゲッペイと申します。ライブ配信などで活用できるVolu☆ME!や、業界最高水準のモーションキャプチャシステムViconについてご紹介できます。,,2026-05-04 09:36:38.396188+08:00
01KQRBYVPSTYVYDM36F2AEWGQX,,ac1795aab9d2b20c2790a78f35958b23,AGENT,クレッセントアシスタントのゲッペイと申します。ライブ配信などで活用できるVolu☆ME!、業界最高水準のモーションキャプチャシステムViconなど、クレッセントの最新技術にご興味はございますか？,,2026-05-04 10:09:42.106103+08:00
01KQRDXGSG7VSFH5ZCE3J0JPT3,,72819abbc1dd8414104cf0d4526c672a,AGENT,お客様、こんにちは！株式会社クレッセントのアシスタント、ゲッペイと申します。ライブ配信などで活用できるVolu☆ME!や、業界最高水準のモーションキャプチャシステムViconについてご紹介できます。,,2026-05-04 10:43:46.665528+08:00
01KQRFE6D150AMAP26JFJMPRN0,,a76c93745d7f5fda8ec44d2abef0032c,AGENT,株式会社クレッセントのアシスタント、月餅と申します。ライブ配信などで活用できるVolu☆ME!や、業界最高水準のモーションキャプチャシステムViconについてご興味はございますか？,,2026-05-04 11:10:22.289245+08:00
01KQRG9YFB8RXDMYBF65QA3JVR,,0cf6ccda8c54bfc2b675471d2f7692de,AGENT,株式会社クレッセントの月餅です。ライブ配信などで活用できるVolu☆ME!や、業界最高水準のモーションキャプチャシステムViconなどにご興味はありますか？,,2026-05-04 11:25:35.520799+08:00
01KQRHE87ZSS0QVPT053GERZM6,,eef38ec2df6aae828cb3b07a5d28bc6d,AGENT,ゲッペイと申します。クレッセントのアシスタントです。ライブ配信などで活用できるVolu☆ME!や、業界最高水準のモーションキャプチャシステムViconについてご紹介できます。,,2026-05-04 11:45:19.991864+08:00
01KQRJGHGRKNBFAA9HFK3875E8,,ab5b03398ad81e60a6a36dc95e069f21,AGENT,はじめまして。株式会社クレッセントのアシスタント、ゲッペイと申します。ライブ配信などで活用できるVolu☆ME!と業界最高水準のモーションキャプチャシステムViconについてご紹介できます。,,2026-05-04 12:04:11.063183+08:00
01KQRKZXFARQ6PXESZT97ARDNP,,fa1c516b57d0b093d7574495c34507fe,AGENT,はじめまして！私は株式会社クレッセントのアシスタント、ゲッペイと申します。ライブ配信などで活用できるVolu☆ME!、そして業界最高水準のモーションキャプチャシステムViconについてご紹介できます。,,2026-05-04 12:29:55.850001+08:00
01KQRM188FNN7NJYEG7593198X,,37629c023c9b2842e7d84d981b382ce1,AGENT,初めまして。私、株式会社クレッセントのアシスタント、ゲッペイと申します。ライブ配信などで活用できるVolu☆ME!と業界最高水準のモーションキャプチャシステムViconについてご紹介できます。,,2026-05-04 12:30:42.815383+08:00
01KQRMXWJKS8DKHG0J2K6D8A0G,,4ecd92de34571acb94b9bddec12c8885,AGENT,"初めまして、私は株式会社クレッセントのアシスタント、ゲッペイと申します。
ライブ配信などで活用できるVolu☆ME!、2026年最新スタジオについて、何かご興味はございますか？",,2026-05-04 12:46:20.513498+08:00
01KQRN1T7FBXZB4EHWEPCSJ1PW,,d28b19cbed965e87b435f67ba0bff876,AGENT,こんにちは！私、株式会社クレッセントのアシスタント、ゲッペイと申します。ライブ配信などで活用できるVolu☆ME!や、業界最高水準のモーションキャプチャシステムViconについてご紹介できます。,,2026-05-04 12:48:35.082853+08:00
01KQRPVK2T19K1BNBAC2SKMWQJ,,ea2054d00655d7d69f29efa5554c41fa,AGENT,こんにちは！私は株式会社クレッセントのアシスタント、ゲッペイと申します。ライブ配信などで活用できるVolu☆ME!や、業界最高水準のモーションキャプチャシステムViconについてご紹介できます。,,2026-05-04 13:20:13.442964+08:00
01KQRQDQQB58ZJSKAMKNDN6HRK,,bf6c97b2a209392aad9f19e08cf369ae,AGENT,月餅と申します。株式会社クレッセントのアシスタントです。ライブ配信などで活用できるVolu☆ME!や、業界最高水準のモーションキャプチャシステムViconについてご紹介できます。,,2026-05-04 13:29:55.308552+08:00
01KQRRAHZB5BYZXAWPTZ1CCCQN,,8989aa30d9883f39271846a5567cf264,AGENT,クレッセントのアシスタント、ゲッペイと申します。ライブ配信などで活用できるVolu☆ME!や、業界最高水準のモーションキャプチャシステムViconについてご紹介できます。,,2026-05-04 13:45:49.288845+08:00
01KQRRHYCJN5SRR9NV04DSF6CV,,ca7619055be66db24b3aefba39266b2e,AGENT,皆様、こんにちは。株式会社クレッセントのアシスタント、ゲッペイと申します。ライブ配信などで活用できるVolu☆ME!や、業界最高水準のモーションキャプチャシステムViconについてご紹介できます。,,2026-05-04 13:49:43.348729+08:00
01KQRRJJ4JQZTE5JWQAR3M1V6P,,e684cb9df1de88dc67dc6331872415fd,AGENT,こんにちは！クレッセントのアシスタント、ゲッペイと申します。ライブ配信などで活用できるVolu☆ME!、2026年最新スタジオにご興味はございませんか？,,2026-05-04 13:50:03.288026+08:00
01KQRRZAK6P4RG46QGMVRHTF80,,0b89b76792a392f858537e1c7e9702c1,AGENT,株式会社クレッセントのアシスタント、月餅と申します。どうぞよろしくお願いいたします。ライブ配信などで活用できるVolu☆ME!と、業界最高水準のモーションキャプチャシステムViconにご興味はありますか？,,2026-05-04 13:57:00.092737+08:00
01KQRSM0HC9R4TAG4EHRK39SJV,,e6c48512cd769a7a6a6a1450b3c1196d,AGENT,"こんにちは、ゲッペイと申します。株式会社クレッセントのアシスタントをしております。

ライブ配信などで活用できるVolu☆ME! や 業界最高水準のモーションキャプチャシステムVicon にご興味はありますか？",,2026-05-04 14:08:18.799876+08:00
01KQRSP4RKYDAF48SNR9RQFSYC,,f74d55ddfba6a6c65386dfe27ac546b8,AGENT,"こんにちは！ 私、月餅と申します。クレッセントのアシスタントです。

ライブ配信などで活用できるVolu☆ME!、業界最高水準のモーションキャプチャシステムViconにご興味はございますか？",,2026-05-04 14:09:33.341883+08:00
01KQRTF548DE0KTXAS4SC73NAV,,36615b639bf57fe84b6f0bd70714512e,AGENT,株式会社クレッセントのアシスタント、ゲッペイと申します。ライブ配信などで活用できるVolu☆ME!や、業界最高水準のモーションキャプチャシステムViconについてご紹介できます。,,2026-05-04 14:23:07.420520+08:00
01KQRVJYY40DR0NP74AFQ2FDT7,,f606ca8f3be959ae0d0fb38efc2d93cd,AGENT,初めまして。私は株式会社クレッセントのアシスタント、ゲッペイと申します。ライブ配信などで活用できるVolu☆ME!や、業界最高水準のモーションキャプチャシステムViconなどがございますが、何かご興味はございますか？,,2026-05-04 14:57:28.176952+08:00
01KQRVV4C7JRNZFSFJYQRY1ME2,,5f7aa8f1cfb7a5e6739235c827a24639,AGENT,皆様、こんにちは！ 株式会社クレッセントのアシスタント、ゲッペイと申します。ライブ配信などで活用できるVolu☆ME!、そして業界最高水準のモーションキャプチャシステムViconについてご紹介できます。,,2026-05-04 14:47:09.058206+08:00
01KQS15Y016KEZ1TSXCB5C17X0,,9f0d9f6bd61b910b8a881761a12be4be,AGENT,こんにちは！株式会社クレッセントのアシスタント、月餅（ゲッペイ）と申します。ライブ配信などで活用できるVolu☆ME!や、業界最高水準のモーションキャプチャシステムViconについてご紹介できます。,,2026-05-04 16:20:25.734909+08:00
01KQS2AWFFW9ZHRA1TDW8CNPS3,,39ad0cda6468bd9a7bbb37fdf2a48c78,AGENT,株式会社クレッセントのアシスタント、月餅と申します。ライブ配信などで活用できるVolu☆ME!、業界最高水準のモーションキャプチャシステムViconなど、クレッセントの最新技術にご興味はございますか？,,2026-05-04 16:40:40.000493+08:00
01KQS2XM2EJTCXA94Y91FVTR8K,,ba38a4df863b480aa69ab39b5fe388a1,AGENT,"こんにちは！ クレッセントのアシスタント、月餅（ゲッペイ）と申します。

ライブ配信などで活用できるVolu☆ME!と業界最高水準のモーションキャプチャシステムViconについて、何かご興味はございますか？",,2026-05-04 16:50:50.185578+08:00
01KQS3F62ZK13M4XDX548HBYAE,,f74d55ddfba6a6c65386dfe27ac546b8,AGENT,はじめまして！私、クレッセントのゲッペイと申します。ライブ配信などで活用できるVolu☆ME!や、業界最高水準のモーションキャプチャシステムViconについてご紹介できます。,,2026-05-04 17:00:26.815485+08:00
01KQS3FHARA0HF9FETV3FZA5PD,,2d081448e7ee149321020c40fc74c1a9,AGENT,ようこそ！私は株式会社クレッセントのアシスタント、ゲッペイと申します。ライブ配信などで活用できるVolu☆ME!や、業界最高水準のモーションキャプチャシステムViconについてご紹介できます。,,2026-05-04 17:00:36.607974+08:00
01KQS62J5BQYMPWD21N3S79T7X,,929e0b2208ffc52116437cabb7bc73ab,AGENT,"月餅と申します。株式会社クレッセントのアシスタントです。
ライブ配信などで活用できるVolu☆ME!や、業界最高水準のモーションキャプチャシステムViconなど、クレッセントの最新技術にご興味はございますか？",,2026-05-04 17:45:58.277814+08:00
01KQS662FYNE4CK01QBQGYNT4X,,929e0b2208ffc52116437cabb7bc73ab,AGENT,株式会社クレッセントのアシスタント、ゲッペイと申します。ライブ配信などで活用できるVolu☆ME!や、業界最高水準のモーションキャプチャシステムViconについてご紹介できます。,,2026-05-04 17:47:53.314817+08:00
01KQS6A2WRF2Q9KWFE8V2N0E2D,,b58cec8b8a01015d566d3c8ea7949071,AGENT,ようこそ！ 株式会社クレッセントのアシスタント、ゲッペイと申します。ライブ配信などで活用できるVolu☆ME!と、業界最高水準のモーションキャプチャシステムViconについてご紹介できます。,,2026-05-04 17:50:03.675726+08:00
01KQS6RS333EDW0H7TKNYK46PT,,2484a4f1d9c5eb470af9afc33d221260,AGENT,はじめまして。株式会社クレッセントのアシスタント、ゲッペイと申します。ライブ配信などで活用できるVolu☆ME!や、業界最高水準のモーションキャプチャシステムViconについてご興味はございますか？,,2026-05-04 17:58:05.188346+08:00
01KQS9BBSQB5AMPQT3EWAW0P44,,bc66ecefa376d732b1940afdf037f98e,AGENT,月餅と申します。株式会社クレッセントのアシスタントをしております。何かご不明な点がございましたら、お気軽にお尋ねください。,,2026-05-04 18:43:11.395939+08:00
01KQS9HW36M480XB7A5GG8BMQ6,,b9b4f7d28889ad2efa3dbf550d3c4cff,AGENT,月餅（MoonCake）と申します。クレッセントのアシスタントです。何かお困りですか？,,2026-05-04 18:46:53.031707+08:00
01KQSB0V0CQAJV54NBFH3JSQ7J,,9abe590102a81df20eab33cdea87496c,AGENT,皆様、こんにちは！ 株式会社クレッセントのアシスタント、ゲッペイと申します。ライブ配信などで活用できるVolu☆ME!や、業界最高水準のモーションキャプチャシステムViconについてお話しできます。,,2026-05-04 19:12:24.969823+08:00
01KQSB7FN528F2GX8NS946FHGJ,,9abe590102a81df20eab33cdea87496c,AGENT,クレッセントのアシスタント、ゲッペイと申します。ライブ配信などで活用できるVolu☆ME!や、業界最高水準のモーションキャプチャシステムViconについてご興味はございますか？,,2026-05-04 19:16:01.154656+08:00
01KQSD25EPMH51TS1NZ3P3MPM1,,d630843cd30e6f4643309add81f8036d,AGENT,こんにちは、私は株式会社クレッセントのアシスタント、ゲッペイと申します。ライブ配信などで活用できるVolu☆ME!や、業界最高水準のモーションキャプチャシステムViconについてご興味はありますか？,,2026-05-04 19:48:04.684619+08:00
01KQSGP7J59TM8GCKQ20ACGXC7,,a6ec676d0447ff2a207cf660b5d59ec8,AGENT,月餅です。クレッセントのアシスタントをしております。ライブ配信などで活用できるVolu☆ME!、2026年最新スタジオにご興味はございませんか？,,2026-05-04 20:51:29.375545+08:00
01KQSGPAJSB4M1PJQWTGKP9P7A,,28febf30f3031cb96f75f2656901bbe9,AGENT,ようこそお越しくださいました。私、株式会社クレッセントのアシスタント、ゲッペイと申します。ライブ配信などで活用できるVolu☆ME!や、業界最高水準のモーションキャプチャシステムViconについてご興味はございませんか？,,2026-05-04 20:51:30.404166+08:00
01KQSHBS0NVVBT328W2XFJVRWQ,,617607bf8ec437d931c7beb368ec5b20,AGENT,こんにちは。株式会社クレッセントのアシスタント、ゲッペイと申します。ライブ配信などで活用できるVolu☆ME!、業界最高水準のモーションキャプチャシステムViconなどがございますが、何かご興味はございますか？,,2026-05-04 21:03:14.839987+08:00
01KQSJT4W4FD4XEQ69V8AYJ984,,35955a2df4d1e7bcdc2e3a5fb8155c2e,AGENT,ゲッペイと申します。株式会社クレッセントのアシスタントです。何かご不明な点はございませんか？,,2026-05-04 21:28:34.480117+08:00
01KQSJTFJVZP29K0JCHQHWM3F6,,ced549e2212e0e56a57339d02454a97d,AGENT,こんにちは！株式会社クレッセントのゲッペイと申します。ライブ配信などで活用できるVolu☆ME!と業界最高水準のモーションキャプチャシステムViconについてご紹介できます。,,2026-05-04 21:28:43.528959+08:00
01KQSJWBGYGE951JBBMZKB0FC0,,48c33789af18198de6448203f0d65426,AGENT,こんにちは！ 私、クレッセントのアシスタント、ゲッペイと申します。ライブ配信などで活用できるVolu☆ME!と、業界最高水準のモーションキャプチャシステムViconについてご紹介できます。,,2026-05-04 21:29:45.819282+08:00
01KQSM0QGSQZYYB9TR6E0F9412,,9069a4bf95194f194f91d41024ebba16,AGENT,"初めまして。私、株式会社クレッセントのアシスタント、ゲッペイと申します。
ライブ配信などで活用できるVolu☆ME!と業界最高水準のモーションキャプチャシステムViconについてご紹介できます。",,2026-05-04 21:49:39.388520+08:00
01KQSM85MFW6JEDKJ2PPZKD2QH,,35955a2df4d1e7bcdc2e3a5fb8155c2e,AGENT,初めまして、私が株式会社クレッセントのアシスタント、ゲッペイと申します。ライブ配信などで活用できるVolu☆ME!や、業界最高水準のモーションキャプチャシステムViconなどがございます。,,2026-05-04 21:53:41.292617+08:00
01KQSP92W6BX1M52JR31W2NSAN,,e2aa51a417cbc51bedb5d82cc3de436d,AGENT,はじめまして。私は株式会社クレッセントのアシスタント、ゲッペイと申します。ライブ配信などで活用できるVolu☆ME!や、業界最高水準のモーションキャプチャシステムViconについてご紹介できます。,,2026-05-04 22:29:14.577419+08:00
01KQSQW881NZZAJVGFVCGA90K4,,e1dafe99e3de906aee0fa24bcb7ce423,AGENT,こんにちは！ 株式会社クレッセントのアシスタント、ゲッペイと申します。ライブ配信などで活用できるVolu☆ME!や、業界最高水準のモーションキャプチャシステムViconについて、何かご興味はございますか？,,2026-05-04 22:57:08.329902+08:00
01KQST2WZK5MJMJHCC1WMH1SF7,,ed0b53fefc0f55af1fdecac079da80bf,AGENT,初めまして！ 私、株式会社クレッセントのアシスタント、ゲッペイと申します。ライブ配信などで活用できるVolu☆ME!、業界最高水準のモーションキャプチャシステムViconなど、クレッセントの最新技術にご興味はございますか？,,2026-05-04 23:35:41.267709+08:00
01KQSVVRVV38S585G690FVFQAT,,83dd5a16555e109d4f98ad1df2f5fb7b,AGENT,こんにちは！株式会社クレッセントのアシスタント、ゲッペイと申します。ライブ配信などで活用できるVolu☆ME!や、業界最高水準のモーションキャプチャシステムViconについてご紹介できます。,,2026-05-05 00:06:44.075827+08:00
01KQTEHF147J4YD59PAYEVGRGV,,d630843cd30e6f4643309add81f8036d,AGENT,"こんにちは！株式会社クレッセントのアシスタント、月餅（ゲッペイ）と申します。

ライブ配信などで活用できるVolu☆ME!と、業界最高水準のモーションキャプチャシステムViconにご興味はございますか？",,2026-05-05 05:33:08.684119+08:00
01KQTFXWD85FECP5ZKGZG2AWES,,fafa4f394ca1b0b68202575e548ae9f9,AGENT,皆様、こんにちは。株式会社クレッセントのアシスタント、ゲッペイと申します。ライブ配信などで活用できるVolu☆ME!、業界最高水準のモーションキャプチャシステムViconについて、何かご質問はございますか？,,2026-05-05 05:57:27.686196+08:00
01KQTMRH9GY2DDGT9BZ9M01AXY,,0c6f519f2489fb3740fed566a75c97a5,AGENT,こんにちは、私は株式会社クレッセントのアシスタント、ゲッペイと申します。ライブ配信などで活用できるVolu☆ME!と、業界最高水準のモーションキャプチャシステムViconにご興味はございますか？,,2026-05-05 07:21:55.203841+08:00
01KQTPWF8B36AS00JS6RBSFB0B,,f22e615b0e38dfeb647920919735536a,AGENT,株式会社クレッセントのアシスタント、ゲッペイと申します。ライブ配信などで活用できるVolu☆ME!と、業界最高水準のモーションキャプチャシステムViconにご興味はありませんか？,,2026-05-05 07:58:59.662509+08:00
01KQTPWPN335E33PSNRAAT9J7T,,650308455ed774c2b349b375a8d83c5e,AGENT,株式会社クレッセントのアシスタント、ゲッペイと申します。ライブ配信などで活用できるVolu☆ME!や、業界最高水準のモーションキャプチャシステムViconについてご紹介できます。,,2026-05-05 07:59:32.247141+08:00
01KQTS34TNDJFWY1TY5TVGZXJV,,1ed8d1af5674eb28d01dd2abf963193f,AGENT,はじめまして。株式会社クレッセントのアシスタント、ゲッペイと申します。ライブ配信などで活用できるVolu☆ME!と業界最高水準のモーションキャプチャシステムViconについてご紹介できます。,,2026-05-05 08:37:36.457320+08:00
01KQTSZ3Q5GP7K9P4CFW8WA9KF,,617607bf8ec437d931c7beb368ec5b20,AGENT,ゲッペイと申します。株式会社クレッセントのアシスタントです。 Viconや最新スタジオについてご案内できます。,,2026-05-05 08:52:52.907130+08:00
01KQTT0ZAHA1Y5CFBM7FPKWVQJ,,15e164573cfb6bab6230422255c681ce,AGENT,はじめまして。株式会社クレッセントのアシスタント、ゲッペイと申します。ライブ配信などで活用できるVolu☆ME!と、業界最高水準のモーションキャプチャシステムViconにご興味はありますか？,,2026-05-05 08:53:51.280240+08:00
01KQTW7TWG9XWT5S4H2QV3Y0BD,,8b4e54b6a46515587642a029a8df98a9,AGENT,はじめまして。株式会社クレッセントのアシスタント、ゲッペイと申します。ライブ配信などで活用できるVolu☆ME!と、業界最高水準のモーションキャプチャシステムViconについてご案内できます。,,2026-05-05 09:32:40.914154+08:00
01KQTXH6SRDGAK57B2283G8J6K,,8bf8176c1da6094208e6346a7e0e738f,AGENT,こんにちは！株式会社クレッセントのアシスタント、月餅（ゲッペイ）です。ライブ配信などで活用できるVolu☆ME!、そして業界最高水準のモーションキャプチャシステムViconについてご紹介できます。,,2026-05-05 09:55:12.455249+08:00
01KQTYJ2DCSP2PMXKA9WFFQHM6,,37edd5b9e934f1de645427dd9e5330a9,AGENT,初めまして！株式会社クレッセントのアシスタント、ゲッペイと申します。ライブ配信などで活用できるVolu☆ME!や、業界最高水準のモーションキャプチャシステムViconについてご紹介できます。,,2026-05-05 10:13:07.820348+08:00
01KQTZMWZTDBEF8Z015ZFX3AZ2,,7aa91573d865e71d9174f20b1a4d1ee9,AGENT,"月餅です。クレッセントのアシスタントをしております。

ライブ配信などで活用できるVolu☆ME!、業界最高水準のモーションキャプチャシステムViconなど、クレッセントの技術について何かご興味はございますか？",,2026-05-05 10:32:07.859644+08:00
01KQTZN613H37EZN1AYDG71YW9,,37edd5b9e934f1de645427dd9e5330a9,AGENT,こんにちは。私、株式会社クレッセントのアシスタント、ゲッペイと申します。ライブ配信などで活用できるVolu☆ME!、業界最高水準のモーションキャプチャシステムViconなどにご興味はございますか？,,2026-05-05 10:32:17.531684+08:00
01KQTZQQM1W9DD1N2ZH0EZYR0F,,dd2734b3f098b2be516e698894b6079e,AGENT,株式会社クレッセントのアシスタント、ゲッペイと申します。ライブ配信などで活用できるVolu☆ME!と、業界最高水準のモーションキャプチャシステムViconについてご紹介できます。,,2026-05-05 10:33:42.939237+08:00
01KQV05BES8PGJSCN6N6PJ1KEE,,dd2734b3f098b2be516e698894b6079e,AGENT,はじめまして。私、株式会社クレッセントのアシスタント、ゲッペイと申します。ライブ配信などで活用できるVolu☆ME!や、業界最高水準のモーションキャプチャシステムViconなどにご興味はございますか？,,2026-05-05 10:41:07.520760+08:00
01KQV0NKP1BTFF88WGG6H5RJHZ,,5e48c8e986195b5c6a5495c386b87160,AGENT,皆様、こんにちは！ 株式会社クレッセントのアシスタント、ゲッペイと申します。ライブ配信などで活用できるVolu☆ME!、そして業界最高水準のモーションキャプチャシステムViconについてご紹介できます。,,2026-05-05 10:50:02.101206+08:00
01KQV0P6HKRT3WT2CCRHDA6N4V,,5e48c8e986195b5c6a5495c386b87160,AGENT,はじめまして！株式会社クレッセントのアシスタント、ゲッペイと申します。ライブ配信などで活用できるVolu☆ME!と、業界最高水準のモーションキャプチャシステムViconについてご紹介できます。,,2026-05-05 10:50:19.150465+08:00
01KQV18D0TEP31B6WC8HDKMATW,,b8090fea078b6f7223bb5b2f48479247,AGENT,こんにちは。株式会社クレッセントのアシスタント、月餅（ゲッペイ）と申します。ライブ配信などで活用できるVolu☆ME!や、業界最高水準のモーションキャプチャシステムViconについてご紹介できます。,,2026-05-05 11:00:15.781233+08:00
01KQV19ZNTMH555XT9Y94B9GXN,,b8090fea078b6f7223bb5b2f48479247,AGENT,ようこそ！ 私、株式会社クレッセントのアシスタント、ゲッペイと申します。ライブ配信などで活用できるVolu☆ME!、業界最高水準のモーションキャプチャシステムViconなど、クレッセントの最新技術にご興味はございますか？,,2026-05-05 11:01:06.308571+08:00
01KQV26HH6J9YPS7FSDJD8GS72,,c4e01f580960c2a6f51c5ece0978911c,AGENT,こんにちは！株式会社クレッセントのアシスタント、ゲッペイと申します。ライブ配信などで活用できるVolu☆ME!や、業界最高水準のモーションキャプチャシステムViconなど、クレッセントの最新技術にご興味はありますか？,,2026-05-05 11:16:46.338994+08:00
01KQV27GTVXN0P3H8K84ZN9246,,4a8e07a239eb0596c669065cd133ec2f,AGENT,"こんにちは！私、株式会社クレッセントのアシスタント、ゲッペイと申します。

ライブ配信などで活用できるVolu☆ME!、業界最高水準のモーションキャプチャシステムViconについてご興味はありますか？",,2026-05-05 11:17:14.438156+08:00
01KQV2BP2K75WFJR7V7FQHXDQE,,c4e01f580960c2a6f51c5ece0978911c,AGENT,こんにちは、私は株式会社クレッセントのアシスタント、ゲッペイと申します。ライブ配信などで活用できるVolu☆ME!や、業界最高水準のモーションキャプチャシステムViconについてご興味はございませんか？,,2026-05-05 11:19:33.214801+08:00
01KQV2WAZDZPC6PP101NV1KQQQ,,80a6775d469372c88b5c610d649df494,AGENT,お客様、こんにちは！私は株式会社クレッセントのアシスタント、ゲッペイと申します。ライブ配信などで活用できるVolu☆ME!、業界最高水準のモーションキャプチャシステムViconについてご紹介できます。,,2026-05-05 11:28:41.976448+08:00
01KQV532EYT5YPH5AA8AXK1MQ4,,9abe590102a81df20eab33cdea87496c,AGENT,月餅と申します。株式会社クレッセントのアシスタントをしております。ライブ配信などで活用できるVolu☆ME!や、業界最高水準のモーションキャプチャシステムViconなどがございますが、ご興味はございますか？,,2026-05-05 12:07:15.891671+08:00
01KQV8BE3HZ89J23VSGJR1CZK4,,b7d078b7e891696085e5b1cfe164bd37,AGENT,失礼いたします。株式会社クレッセントのアシスタント、ゲッペイと申します。ライブ配信などで活用できるVolu☆ME!や、業界最高水準のモーションキャプチャシステムViconについてご紹介できます。,,2026-05-05 13:04:13.573391+08:00
01KQV8BE3HZ89J23VSGJR1CZK4,,b7d078b7e891696085e5b1cfe164bd37,USER,I'm Athena,,2026-05-05 13:04:16.627577+08:00
01KQV8BE3HZ89J23VSGJR1CZK4,,b7d078b7e891696085e5b1cfe164bd37,AGENT,アテナさん、こんにちは！ご質問があれば何でもお尋ねください。Volu☆ME!やViconの他に、2026年最新スタジオや連携実績、DIGICONX出展のお知らせなど、私たちクレッセントに関する様々な情報を提供できます。,,2026-05-05 13:04:16.646105+08:00
01KQV8RD651NDVA4YP6HPF6W87,,ef4aca53df5f3884fd3d34b79e34e5a0,AGENT,はじめまして。株式会社クレッセントのアシスタント、ゲッペイと申します。ライブ配信などで活用できるVolu☆ME!や、業界最高水準のモーションキャプチャシステムViconについてご興味はございますか？,,2026-05-05 13:11:19.018129+08:00
01KQV8W9FCJ25HCJCTCKS2T3B0,,ef4aca53df5f3884fd3d34b79e34e5a0,AGENT,"皆様、こんにちは！ 私は株式会社クレッセントのアシスタント、ゲッペイと申します。

ライブ配信などで活用できるVolu☆ME!と、業界最高水準のモーションキャプチャシステムViconにご興味はございますか？",,2026-05-05 13:13:25.964081+08:00
01KQV97KFKES9A6FSW7AK9FNDY,,8e2e461f4ad45ce5d14b336e7fb52464,AGENT,こんにちは！私、株式会社クレッセントのアシスタント、ゲッペイと申します。ライブ配信などで活用できるVolu☆ME!や、業界最高水準のモーションキャプチャシステムViconについてご紹介できます。,,2026-05-05 13:19:38.166048+08:00
01KQV9YEB52C267Q82EHRGHCQD,,7c949737239edb2d0295a8f67dfec4dc,AGENT,こんにちは。株式会社クレッセントのアシスタント、月餅です。ライブ配信などで活用できるVolu☆ME!や、業界最高水準のモーションキャプチャシステムViconについてご興味はございますか？,,2026-05-05 13:32:07.241683+08:00
01KQVA6NH4PWBMFZS0DVRKRA7D,,838fa9d47487a0c24e5923b96672b0fb,AGENT,皆様、こんにちは！ 株式会社クレッセントのゲッペイと申します。ライブ配信などで活用できるVolu☆ME!と、業界最高水準のモーションキャプチャシステムViconについてご紹介できます。,,2026-05-05 13:36:36.518903+08:00
01KQVD2XQ6RFPWH6JBG8CNNM23,,3e30a3b819de4e619da20a6e4d34b07a,AGENT,株式会社クレッセントのアシスタント、ゲッペイと申します。ライブ配信などで活用できるVolu☆ME!と、2026年最新スタジオについてご案内できます。,,2026-05-05 14:26:58.851212+08:00
01KQVD4FTZB29QJH5ADY2G5S4F,,3e30a3b819de4e619da20a6e4d34b07a,AGENT,はじめまして。株式会社クレッセントのアシスタント、ゲッペイと申します。ライブ配信などで活用できるVolu☆ME!と、業界最高水準のモーションキャプチャシステムViconにご興味はございますか？,,2026-05-05 14:27:49.361749+08:00
01KQVDFMKSB142QCYA55B8BPNZ,,36615b639bf57fe84b6f0bd70714512e,AGENT,皆様、こんにちは。株式会社クレッセントのアシスタント、ゲッペイと申します。ライブ配信などで活用できるVolu☆ME!、業界最高水準のモーションキャプチャシステムViconにご興味はありますか？,,2026-05-05 14:33:54.178106+08:00
01KQVDHE9VMNS9WY0ZTGEX1ET9,,f2ebef65204b126224066ab2c2f695fa,AGENT,@月餅です。クレッセントのアシスタントを務めております。ライブ配信などで活用できるVolu☆ME!や、2026年最新スタジオなど、何かご興味はございますか？,,2026-05-05 14:34:53.399626+08:00
01KQVDS4985Q5G7PVHGJ5KPZMQ,,7c949737239edb2d0295a8f67dfec4dc,AGENT,お客様、ようこそ。私は株式会社クレッセントのアシスタント、月餅です。ライブ配信などで活用できるVolu☆ME!や、業界最高水準のモーションキャプチャシステムViconについてご紹介できます。,,2026-05-05 14:39:07.106309+08:00
01KQVJ7HW8BXVGFV3V86AP2AYH,,9abe590102a81df20eab33cdea87496c,AGENT,皆様、こんにちは！ 株式会社クレッセントのアシスタント、ゲッペイと申します。ライブ配信などで活用できるVolu☆ME!、業界最高水準のモーションキャプチャシステムVicon、どちらにご興味がございますか？,,2026-05-05 15:56:53.756690+08:00
01KQVKVJXAWTJACTQHBZ26G1XN,,f877ab7c7a0921475140079377706522,AGENT,こんにちは！株式会社クレッセントのアシスタント、月餅（ゲッペイ）と申します。ライブ配信などで活用できるVolu☆ME!と業界最高水準のモーションキャプチャシステムViconについてご紹介できます。,,2026-05-10 05:34:45.901444+08:00
01KQVKYHT257NF7G84BR3BVABQ,,4245f79dae43bdc3ec829721bdd80046,AGENT,こんにちは。株式会社クレッセントのアシスタント、ゲッペイと申します。ライブ配信などで活用できるVolu☆ME!や、業界最高水準のモーションキャプチャシステムViconについてご紹介できます。,,2026-05-05 16:26:54.902877+08:00
01KQVN5RS2GH60HKF9MCAFTYKG,,5dd6d33f5d9049ac4ce6cfccca245d61,AGENT,こんにちは、私は株式会社クレッセントのアシスタント、ゲッペイと申します。ライブ配信などで活用できるVolu☆ME!、業界最高水準のモーションキャプチャシステムVicon、どちらにご興味がございますか？,,2026-05-05 16:48:22.481638+08:00
01KQVPDTBV239Y3AAT1FDY3A2D,,8cb027f908df39c7d9122365f33949e2,AGENT,こんにちは！ 株式会社クレッセントのアシスタント、月餅と申します。ライブ配信などで活用できるVolu☆ME!、そして業界最高水準のモーションキャプチャシステムViconについてご紹介できます。,,2026-05-05 17:10:50.666616+08:00
01KQVTB9JM5WFHGH2FGDNPVYD3,,12319d0b9d0969c5727fdf1895b78d04,AGENT,こんにちは！ 株式会社クレッセントのアシスタント、月餅です。ライブ配信などで活用できるVolu☆ME!、業界最高水準のモーションキャプチャシステムViconなどがございますが、どの情報にご興味がありますか？,,2026-05-05 18:18:43.644205+08:00
01KQVVBZ8XN8G22F2WE7J5NQME,,8a4a36668e317dda6fe3017761f11fd7,AGENT,"こんにちは！ クレッセントのアシスタント、月餅（ゲッペイ）と申します。

ライブ配信などで活用できるVolu☆ME!と、業界最高水準のモーションキャプチャシステムViconにご興味はありますか？",,2026-05-05 18:36:34.273753+08:00
01KQVVHYR6HT6A3ZQ9K1AWA8H3,,8a4a36668e317dda6fe3017761f11fd7,AGENT,皆様、こんにちは！ 株式会社クレッセントのアシスタント、ゲッペイと申します。ライブ配信などで活用できるVolu☆ME!や、業界最高水準のモーションキャプチャシステムViconについてお話しできます。,,2026-05-05 18:39:50.244523+08:00
01KQVX6A26BTFKZ0663BGR643J,,27589f1aeb45dc00c6814912a019bb16,AGENT,皆様、こんにちは！ 株式会社クレッセントのアシスタント、ゲッペイと申します。ライブ配信などで活用できるVolu☆ME!や、業界最高水準のモーションキャプチャシステムViconについてお話しできます。,,2026-05-05 19:08:34.941391+08:00
01KQVY18XW2EPQQ6HWM625QFJ3,,9923df38a4c830c8f477e9ec4ff2f2d7,AGENT,株式会社クレッセントのアシスタント、月餅と申します。ライブ配信などで活用できるVolu☆ME!、業界最高水準のモーションキャプチャシステムViconなど、クレッセントの最新技術にご興味はございますか？,,2026-05-05 19:23:10.590876+08:00
01KQW0R40H0WQVBS00BR1QV7QS,,617607bf8ec437d931c7beb368ec5b20,AGENT,皆様、こんにちは。株式会社クレッセントのアシスタント、ゲッペイと申します。ライブ配信などで活用できるVolu☆ME!や、業界最高水準のモーションキャプチャシステムViconについてご紹介できます。,,2026-05-05 20:10:37.859595+08:00
01KQW3FTARTA4258VV2T72W53E,,28465f403b89c9d96865d560088d31b8,AGENT,"月餅ちゃんと申します。

株式会社クレッセントのアシスタントです。ライブ配信などで活用できるVolu☆ME!、業界最高水準のモーションキャプチャシステムViconなど、クレッセントの最新技術とソリューションについてお話しできます。",,2026-05-05 20:58:31.433283+08:00
01KQW3HH665CCW2EHSJ99CQMWW,,28465f403b89c9d96865d560088d31b8,AGENT,こんにちは！私は株式会社クレッセントのアシスタント、ゲッペイと申します。ライブ配信などで活用できるVolu☆ME!と業界最高水準のモーションキャプチャシステムViconについてご紹介できます。,,2026-05-05 20:59:25.701192+08:00
01KQW3K5V2Q4YGV0T5QS9XQEQS,,28465f403b89c9d96865d560088d31b8,AGENT,株式会社クレッセントのアシスタント「ゲッペイ」と申します。ライブ配信などで活用できるVolu☆ME!や、業界最高水準のモーションキャプチャシステムViconについてご紹介できます。,,2026-05-05 21:00:20.242960+08:00
01KQW8JJ5PNPKE3QE7NQZ7NF78,,eb92e3d64d6b234125d6ea9f2044085a,AGENT,ゲッペイと申します。クレッセントのアシスタントです。ライブ配信などで活用できるVolu☆ME!と、業界最高水準のモーションキャプチャシステムViconについてご紹介できます。,,2026-05-05 22:27:22.656895+08:00
01KQW9D3W0X44PWS8JQ0Q5Q2GA,,4794a43d5f95375bf12fe93a0bd47a74,AGENT,お客様、初めまして。私、株式会社クレッセントのアシスタント、ゲッペイと申します。ライブ配信などで活用できるVolu☆ME!、業界最高水準のモーションキャプチャシステムViconなど、クレッセントの最新技術にご興味はございますか？,,2026-05-05 22:41:52.311943+08:00
01KQWCB6GWFPRK1QVZMHZWQR4S,,04a42ba7b7576d04e483bc81fc70c4be,AGENT,こんにちは！株式会社クレッセントのアシスタント、ゲッペイと申します。ライブ配信などで活用できるVolu☆ME!や、業界最高水準のモーションキャプチャシステムViconにご興味はありませんか？,,2026-05-05 23:33:15.329972+08:00
01KQWCV7CFQ9T6CK8YTMY9XJGJ,,ea2054d00655d7d69f29efa5554c41fa,AGENT,お客様、こんにちは！株式会社クレッセントのアシスタント、ゲッペイと申します。ライブ配信などで活用できるVolu☆ME!、業界最高水準のモーションキャプチャシステムViconなど、弊社では最先端の技術を提供しております。,,2026-05-05 23:42:03.512755+08:00
01KQWDNBQTNWZHPTJW667W04NF,,e47dc0cfd6c29b4ac5cd7be2a506d322,AGENT,はじめまして。株式会社クレッセントのアシスタント、ゲッペイと申します。ライブ配信などで活用できるVolu☆ME!や、業界最高水準のモーションキャプチャシステムViconについてご紹介できます。,,2026-05-05 23:56:17.405857+08:00
01KQWFNJDK3K6FAB5S8FVMQP6Z,,4d963d4d1692533e9939ee99de029db5,AGENT,"初めまして。私、株式会社クレッセントのアシスタント「ゲッペイ」と申します。
ライブ配信などで活用できるVolu☆ME!や、業界最高水準のモーションキャプチャシステムViconについてご紹介できます。",,2026-05-06 00:31:21.318284+08:00
01KQWGR2RJ8WP7TDH7W8XMGJ39,,cf1a268b643d06276b0172b308c27428,AGENT,お客様、こんにちは。株式会社クレッセントのアシスタント、ゲッペイと申します。ライブ配信などで活用できるVolu☆ME!や、業界最高水準のモーションキャプチャシステムViconについてご紹介できます。,,2026-05-06 00:50:11.320196+08:00
01KQWGSSMVPBQW9REVGE55NDRN,,6939879b454349fe87189f849d3ef3fa,AGENT,お客様、こんにちは。株式会社クレッセントのアシスタント、ゲッペイと申します。ライブ配信などで活用できるVolu☆ME!、業界最高水準のモーションキャプチャシステムViconなどがございますが、ご興味はございますでしょうか？,,2026-05-06 00:51:07.780057+08:00
01KQWGSWZY68JS1M8AMTCEBBT4,,4caab5593917adb17a2d8a397ebc7154,AGENT,皆様、こんにちは。株式会社クレッセントのアシスタント、ゲッペイと申します。ライブ配信などで活用できるVolu☆ME!、2026年最新スタジオについてご興味はございませんか？,,2026-05-06 00:51:14.845620+08:00
01KQWH02PAET4P55JFYKT3TJ4S,,cf1a268b643d06276b0172b308c27428,AGENT,こんにちは！私、株式会社クレッセントのアシスタント、ゲッペイと申します。ライブ配信などで活用できるVolu☆ME!、そして業界最高水準のモーションキャプチャシステムViconについてご紹介できます。,,2026-05-06 00:54:33.048138+08:00
01KQWH0NSYY7PK346CE0HAGBY8,,10df8e59ea14d675fdbed7abd4d08122,AGENT,こんにちは、私は株式会社クレッセントのアシスタント、ゲッペイと申します。ライブ配信などで活用できるVolu☆ME!や、業界最高水準のモーションキャプチャシステムViconについてご紹介できます。,,2026-05-06 00:54:52.861342+08:00
01KQWH1J9DRM6QV4D0JWW06208,,4caab5593917adb17a2d8a397ebc7154,AGENT,こんにちは！私は株式会社クレッセントのアシスタント、ゲッペイと申します。ライブ配信などで活用できるVolu☆ME!や、業界最高水準のモーションキャプチャシステムViconについてご紹介できます。,,2026-05-06 00:55:24.424673+08:00
01KQWHB76F3HDDXBH219VRXKK9,,0416fc3824d127e8ebc01b0ec6658947,AGENT,こんにちは！株式会社クレッセントのアシスタント、月餅（ゲッペイ）と申します。ライブ配信などで活用できるVolu☆ME!や、業界最高水準のモーションキャプチャシステムViconについてご紹介できます。,,2026-05-06 01:00:39.420480+08:00
01KQWN4GSK5MSDWR1C614FAVS5,,29a39f705514094d85a2642b383c1b2c,AGENT,"月餅と申します。株式会社クレッセントのアシスタントをしております。

ライブ配信などで活用できるVolu☆ME!、または業界最高水準のモーションキャプチャシステムViconにご興味はございますか？",,2026-05-06 02:06:56.348785+08:00
01KQX0T3WSHGE2SGNGBF2BF2NJ,,db8f4bcc9c75ba592f282b7e8c86ce93,AGENT,初めまして。私、株式会社クレッセントのアシスタント、ゲッペイと申します。ライブ配信などで活用できるVolu☆ME!と、業界最高水準のモーションキャプチャシステムViconについてご紹介できます。,,2026-05-06 05:30:56.970549+08:00
01KQX1A8EVBYQP72VVKHV7J3H3,,65f649752cc68440714aa13c526c08de,AGENT,お客様、ようこそ。私、株式会社クレッセントのアシスタント、ゲッペイと申します。ライブ配信などで活用できるVolu☆ME!と、業界最高水準のモーションキャプチャシステムViconについてご紹介できます。,,2026-05-06 05:39:46.463883+08:00
01KQX1C4XN4YD1QSV1H3PG8ADK,,65f649752cc68440714aa13c526c08de,AGENT,株式会社クレッセントのアシスタント、ゲッペイと申します。ライブ配信などで活用できるVolu☆ME!と、業界最高水準のモーションキャプチャシステムViconについてご紹介できます。,,2026-05-06 05:40:47.076086+08:00
01KQX1EY9124ZH36EN7M5KF8N2,,d706f75cc17e05ac938ab8e4a1ba3f0b,AGENT,株式会社クレッセントのアシスタント、ゲッペイと申します。ライブ配信などで活用できるVolu☆ME!と、業界最高水準のモーションキャプチャシステムViconにご興味はありませんか？,,2026-05-06 05:42:18.828532+08:00
01KQX1HN9HR5ZPX3PSG5XYTPZM,,65f649752cc68440714aa13c526c08de,AGENT,株式会社クレッセントのアシスタント、月餅です。ライブ配信などで活用できるVolu☆ME!や、業界最高水準のモーションキャプチャシステムViconについてご紹介できます。,,2026-05-06 05:43:47.847602+08:00
01KQX1VBWT7G009TJAXCRM3Y8P,,65f649752cc68440714aa13c526c08de,AGENT,ようこそ。わたくしは株式会社クレッセントのアシスタント、ゲッペイと申します。ライブ配信などで活用できるVolu☆ME!と、業界最高水準のモーションキャプチャシステムViconについてご紹介できます。,,2026-05-06 05:49:05.797281+08:00
01KQX4S3PAH2FRAKX8MTY78QX7,,41d2908a385a29c0cbf1ff73472fc219,AGENT,株式会社クレッセントのアシスタント、ゲッペイと申します。ライブ配信などで活用できるVolu☆ME!や、業界最高水準のモーションキャプチャシステムViconについてご紹介できます。,,2026-05-06 06:40:17.958282+08:00
01KQX8XR7CFC3M25FN2180QWPD,,dc5c0a84538b18f8c3bf81b8886009b5,AGENT,はじめまして。株式会社クレッセントのアシスタント、ゲッペイと申します。ライブ配信などで活用できるVolu☆ME!と、2026年最新スタジオについてご案内できます。,,2026-05-06 07:52:44.687795+08:00
01KQXBDSE526BXHH4HTSP7SJ52,,5d5f18638a392baabce5f25f386aaca8,AGENT,初めまして！私は株式会社クレッセントのアシスタント、ゲッペイと申します。ライブ配信などで活用できるVolu☆ME!や、業界最高水準のモーションキャプチャシステムViconなど、クレッセントの最新技術にご興味はございますか？,,2026-05-06 08:36:26.230515+08:00
01KQXBKM5YBYMC28TBS6CPQ0CH,,e2b815475bd5a21bbc54ef63c80a5e01,AGENT,こんにちは！株式会社クレッセントのアシスタント、ゲッペイと申します。ライブ配信などで活用できるVolu☆ME!、業界最高水準のモーションキャプチャシステムViconについてご紹介できます。,,2026-05-06 08:39:37.998253+08:00
01KQXBZXF8T1DCT7RBDWKFBPNA,,e2b815475bd5a21bbc54ef63c80a5e01,AGENT,皆様、こんにちは！ 株式会社クレッセントのアシスタント、ゲッペイと申します。ライブ配信などで活用できるVolu☆ME!、そして業界最高水準のモーションキャプチャシステムViconについてご紹介できます。,,2026-05-06 08:46:19.459917+08:00
01KQXDJ6J8QXA6GCVYGJ28QMH5,,7f2eb0f15d6576acd94b5d1c731948b3,AGENT,株式会社クレッセントのアシスタント「ゲッペイ」と申します。ライブ配信などで活用できるVolu☆ME!や、業界最高水準のモーションキャプチャシステムViconについてご紹介できます。,,2026-05-06 09:13:59.276753+08:00
01KQXE5WPMF0M9EA9W9VE9ENEC,,457c6a1accf7d6f8d1f42f594a519d76,AGENT,こんにちは。私、株式会社クレッセントのアシスタント、ゲッペイと申します。ライブ配信などで活用できるVolu☆ME!や、業界最高水準のモーションキャプチャシステムViconについてご紹介できます。,,2026-05-06 09:24:33.276841+08:00
01KQXENFJQ87AWZVW8CDPJ8SR6,,b97ad2e0a1080bf5074a1f9e0d3cbb68,AGENT,こんにちは、私はクレッセントのアシスタント、ゲッペイです。ライブ配信などで活用できるVolu☆ME!と、業界最高水準のモーションキャプチャシステムViconについてご紹介できます。,,2026-05-06 09:33:14.615031+08:00
01KQXFQ2XS2ZCHK420JK66HSYC,,9beb97043b1a88f0696a95bbc0595e02,AGENT,"こんにちは！株式会社クレッセントのアシスタント、月餅（ゲッペイ）と申します。

ライブ配信などで活用できるVolu☆ME!と、業界最高水準のモーションキャプチャシステムViconにご興味はありますか？",,2026-05-06 09:51:32.445360+08:00
01KQXHX6BXS25PKPG02SH41R18,,c8a2428d9d790d9ca024384f13691b7e,AGENT,こんにちは！私は株式会社クレッセントのアシスタント、ゲッペイです。ライブ配信などで活用できるVolu☆ME!や、業界最高水準のモーションキャプチャシステムViconについてお話しできます。,,2026-05-06 10:29:42.156267+08:00
01KQXJHBRWFPRNXM91CF6Z8913,,f8bc0742f1941b8927ce4ed415292754,AGENT,ようこそいらっしゃいました。私、株式会社クレッセントのアシスタント、ゲッペイと申します。ライブ配信などで活用できるVolu☆ME!や、業界最高水準のモーションキャプチャシステムViconについてご興味はございませんか？,,2026-05-06 10:40:55.372707+08:00
01KQXM0VP250M2D20C55E5YE3A,,f500ee2dbc616c70aa203537c3c38a7c,AGENT,月餅と申します。株式会社クレッセントのアシスタントです。ライブ配信などで活用できるVolu☆ME!と、業界最高水準のモーションキャプチャシステムViconにご興味はありませんか？,,2026-05-06 11:07:00.529112+08:00
01KQXMM60KTZ5779T82QF705F1,,617607bf8ec437d931c7beb368ec5b20,AGENT,こんにちは！ クレッセントのアシスタント、月餅です。ライブ配信などで活用できるVolu☆ME!と、業界最高水準のモーションキャプチャシステムViconについてご案内できます。,,2026-05-06 11:17:12.508100+08:00
01KQXNSWEVC8GBNKS5H46R4EKX,,4415ee1f18abd72636d15a8489c24137,AGENT,皆様、こんにちは！ 株式会社クレッセントのアシスタント、ゲッペイと申します。ライブ配信などで活用できるVolu☆ME!や、業界最高水準のモーションキャプチャシステムViconについてお話しできます。,,2026-05-06 11:37:49.188153+08:00
01KQXNVC0G6WN7VK99APY7Y0PS,,4415ee1f18abd72636d15a8489c24137,AGENT,こんにちは、私は株式会社クレッセントのアシスタント、ゲッペイと申します。ライブ配信などで活用できるVolu☆ME!や、業界最高水準のモーションキャプチャシステムViconについてご紹介できます。,,2026-05-06 11:38:36.640810+08:00
01KQXPN293HS5S1DCRHTK0DK1Z,,ad7a1db3e1bf23478654b07264eb83ee,AGENT,はじめまして。株式会社クレッセントのアシスタント、ゲッペイと申します。ライブ配信などで活用できるVolu☆ME!や、業界最高水準のモーションキャプチャシステムViconについてご興味はございますか？,,2026-05-06 11:52:38.334848+08:00
01KQXPW1QABK59W8KAX285XWNY,,ad7a1db3e1bf23478654b07264eb83ee,AGENT,月餅と申します。株式会社クレッセントのアシスタントをしております。何かご不明な点がございましたら、お気軽にお尋ねください。,,2026-05-06 11:56:26.648027+08:00
01KQXQDN8HP97VD98HS6SDP2VK,,c361a63cf5cd42436ac4282af400c040,AGENT,こんにちは、私は株式会社クレッセントのアシスタント、ゲッペイと申します。ライブ配信などで活用できるVolu☆ME!や、業界最高水準のモーションキャプチャシステムViconについてご興味はございますか？,,2026-05-06 12:06:08.792544+08:00
01KQXRC1KJ99D7T31Z0Y5W2CDW,,3a77feeae5390dd995bc56dc9b2eaff9,AGENT,こんにちは、ゲッペイと申します。株式会社クレッセントのアシスタントをしております。,,2026-05-06 12:22:42.234363+08:00
01KQXRVSD66CF7JADXWGT0CVJ4,,fa1c516b57d0b093d7574495c34507fe,AGENT,皆様、こんにちは！ 株式会社クレッセントのアシスタント、ゲッペイと申します。ライブ配信などで活用できるVolu☆ME!、業界最高水準のモーションキャプチャシステムViconについてご紹介できます。,,2026-05-06 12:31:15.826973+08:00
01KQXSPMVYJNYVJRCQE4DP1YV2,,3a77feeae5390dd995bc56dc9b2eaff9,AGENT,初めまして、私が株式会社クレッセントのアシスタント「ゲッペイ」です。ライブ配信などで活用できるVolu☆ME!や、業界最高水準のモーションキャプチャシステムViconについてご紹介できます。,,2026-05-06 12:45:56.640626+08:00
01KQXWJ08XFCKD5NZ7AR6HJSEB,,23994aa40c6d7072be44d6f5bd56f016,AGENT,皆様、こんにちは！ 株式会社クレッセントのアシスタント、ゲッペイと申します。ライブ配信などで活用できるVolu☆ME!、業界最高水準のモーションキャプチャシステムViconについてご紹介できます。,,2026-05-06 13:35:49.999370+08:00
01KQXY0CNAVV415HBXX1CVQ46D,,617607bf8ec437d931c7beb368ec5b20,AGENT,初めまして！ 私、クレッセントのアシスタント、ゲッペイと申します。 ライブ配信などで活用できるVolu☆ME!と、業界最高水準のモーションキャプチャシステムViconについてご紹介できます。,,2026-05-06 14:01:09.719164+08:00
01KQXYEA5SW83TJBTRPG11Q2SE,,723cc6862c442c2e307717c918c27905,AGENT,皆様、こんにちは！ 株式会社クレッセントのアシスタント、ゲッペイと申します。ライブ配信などで活用できるVolu☆ME!や、業界最高水準のモーションキャプチャシステムViconについてお話しできます。,,2026-05-06 14:08:47.604648+08:00
01KQXYR7QTBRA1V0VF3H7SR26F,,e3945c2271e64e0c37772902d4875c4a,AGENT,こんにちは。株式会社クレッセントのアシスタント、ゲッペイと申します。ライブ配信などで活用できるVolu☆ME!や、業界最高水準のモーションキャプチャシステムViconについてご紹介できますが、どちらにご興味がありますか？,,2026-05-06 14:14:13.442594+08:00
01KQY0G53Y11K0APE14JYDVMXH,,4d963d4d1692533e9939ee99de029db5,AGENT,こんにちは、私は株式会社クレッセントのアシスタント、ゲッペイと申します。ライブ配信などで活用できるVolu☆ME!や、業界最高水準のモーションキャプチャシステムViconについてご興味はございますか？,,2026-05-06 14:44:43.493015+08:00
01KQY0JVPCPRP9PAAKE4F3ABNQ,,23e8511dfa95c2352c770adc5b4824e9,AGENT,皆様、こんにちは！ 株式会社クレッセントのアシスタント、ゲッペイと申します。ライブ配信などで活用できるVolu☆ME!や、業界最高水準のモーションキャプチャシステムViconについてご紹介できます。,,2026-05-06 14:46:14.515733+08:00
01KQY1243PN31WWZMJGPX3B6XH,,d9439461515f9454b0291348ef705c5e,AGENT,こんにちは、私は株式会社クレッセントのアシスタント、ゲッペイです。ライブ配信などで活用できるVolu☆ME!や、業界最高水準のモーションキャプチャシステムViconについてご紹介できます。,,2026-05-06 14:54:32.232657+08:00
01KQY28NHB58E5PSVPHCP3KT19,,e92fdd68e59790e31a90b79232f7db97,AGENT,こんにちは。株式会社クレッセントのアシスタント、ゲッペイと申します。ライブ配信などで活用できるVolu☆ME!や、業界最高水準のモーションキャプチャシステムViconについてご紹介できます。,,2026-05-06 15:15:34.957993+08:00
01KQY32DM4A5Y1MPA4W6TQ4XT3,,617607bf8ec437d931c7beb368ec5b20,AGENT,初めまして。私、株式会社クレッセントのアシスタント、ゲッペイと申します。ライブ配信などで活用できるVolu☆ME!と、業界最高水準のモーションキャプチャシステムViconについてご紹介できます。,,2026-05-06 15:29:41.528289+08:00
01KQY338323TWWRW4Z0H0PZ8H8,,cfdf3e2770dd7c5d34cb0a72486cf6f8,AGENT,こんにちは。私は株式会社クレッセントのアシスタント、ゲッペイと申します。ライブ配信などで活用できるVolu☆ME!と業界最高水準のモーションキャプチャシステムViconについてご紹介できます。,,2026-05-06 15:30:06.076997+08:00
01KQY5DHECXWY5AAADT1KPCSWA,,078b3e7a9610c5e658c634a7ebfb40cc,AGENT,株式会社クレッセントのアシスタント、月餅です。ライブ配信などで活用できるVolu☆ME!と、業界最高水準のモーションキャプチャシステムViconにご興味はありますか？,,2026-05-06 16:10:40.183496+08:00
01KQY5YSH6RHDC44PXE5C0H998,,bba9bf182a8c5dfc9e241b1c80a3dcd2,AGENT,こんにちは。私は株式会社クレッセントのアシスタント、ゲッペイと申します。ライブ配信などで活用できるVolu☆ME!や、業界最高水準のモーションキャプチャシステムViconについてご紹介できます。,,2026-05-06 16:20:09.060011+08:00
01KQY64MT6F8Z3TMSSNJN56ZNG,,eb2c924ae960db5b3c7949530496f3ea,AGENT,こんにちは、私は株式会社クレッセントのアシスタント、ゲッペイと申します。ライブ配信などで活用できるVolu☆ME!と業界最高水準のモーションキャプチャシステムViconについてご紹介できます。,,2026-05-06 16:23:22.753391+08:00
01KQY6N5QABZ7TYZE231XG9QDV,,eb2c924ae960db5b3c7949530496f3ea,AGENT,こんにちは、私は株式会社クレッセントのアシスタント、ゲッペイと申します。ライブ配信などで活用できるVolu☆ME!や、業界最高水準のモーションキャプチャシステムViconについてご紹介できます。,,2026-05-06 16:32:21.415985+08:00
01KQY77VJNPMYE16455CHXZFHS,,4245f79dae43bdc3ec829721bdd80046,AGENT,皆様、こんにちは。株式会社クレッセントのアシスタント、ゲッペイと申します。ライブ配信などで活用できるVolu☆ME!、業界最高水準のモーションキャプチャシステムVicon、どちらにご興味がございますか？,,2026-05-06 16:42:43.102374+08:00
01KQY7990Q8CKDTW10Y21NGGS0,,e89639fc4cd274943255a75bd5ebf708,AGENT,ゲッペイと申します。株式会社クレッセントのアシスタントです。2026年に完成する最新スタジオと、ライブ配信などで活用できるVolu☆ME!についてご案内できます。,,2026-05-06 16:43:18.507083+08:00
01KQY79PSV1VVR344M667TDRM9,,bb4ebf74b8e15d7751438b299a2d9925,AGENT,いらっしゃいませ。株式会社クレッセントのアシスタント、ゲッペイと申します。ライブ配信などで活用できるVolu☆ME!、業界最高水準のモーションキャプチャシステムViconなどにご興味はございますか？,,2026-05-06 16:43:31.999661+08:00
01KQY9V2TB4DD9AV067JFDTT7H,,af6b0a217f65f19c3608b1feb1e95196,AGENT,株式会社クレッセントのアシスタント、ゲッペイと申します。ライブ配信などで活用できるVolu☆ME!と、2026年に竣工予定の最新スタジオにご興味はありますか？,,2026-05-06 17:27:58.880299+08:00
01KQY9XNDE8BBRY3G84DW2VT7W,,af6b0a217f65f19c3608b1feb1e95196,AGENT,お客様、こんにちは。私、株式会社クレッセントのアシスタント、ゲッペイと申します。ライブ配信などで活用できるVolu☆ME!、業界最高水準のモーションキャプチャシステムViconなどがございます。,,2026-05-06 17:29:23.272141+08:00
01KQYA7B5DKAHY6RS807P0SMH8,,fbb9d7b4c65018687b3f35df45d76061,AGENT,はじめまして。株式会社クレッセントのアシスタント、ゲッペイと申します。ライブ配信などで活用できるVolu☆ME!と業界最高水準のモーションキャプチャシステムViconについてご紹介できます。,,2026-05-06 17:34:40.898733+08:00
01KQYAEMD142DMWKP5W5H7AQ61,,f28a0029eaa971e4410793577956ebfe,AGENT,はい、はじめまして。株式会社クレッセントのアシスタント、月餅と申します。ライブ配信などで活用できるVolu☆ME!や、業界最高水準のモーションキャプチャシステムViconについてご紹介できます。,,2026-05-06 17:38:41.724756+08:00
01KQYAEX668F7D1JJPT7XW5MXE,,af6b0a217f65f19c3608b1feb1e95196,AGENT,いらっしゃいませ。株式会社クレッセントのアシスタント、月餅と申します。ライブ配信などで活用できるVolu☆ME!、業界最高水準のモーションキャプチャシステムVicon、どちらにご興味がございますか？,,2026-05-06 17:38:53.333225+08:00
01KQYBE0DCEMZEHCF75VB5JE5Z,,af6b0a217f65f19c3608b1feb1e95196,AGENT,初めまして。私は株式会社クレッセントのアシスタント、月餅（ゲッペイ）と申します。ライブ配信などで活用できるVolu☆ME!、そして業界最高水準のモーションキャプチャシステムViconについてご紹介できます。,,2026-05-06 17:56:17.891463+08:00
01KQYC4R00S8E6FPWJY0GX3DAA,,af6b0a217f65f19c3608b1feb1e95196,AGENT,株式会社クレッセントのアシスタント、月餅と申します。ライブ配信などで活用できるVolu☆ME!、業界最高水準のモーションキャプチャシステムViconなど、クレッセントの最新技術にご興味はございますか？,,2026-05-06 18:08:12.167487+08:00
01KQYFXJP6Y5Q7VA50CJT6KKES,,fa1c516b57d0b093d7574495c34507fe,AGENT,"こんにちは！株式会社クレッセントのアシスタント、ゲッペイです。

ライブ配信などで活用できるVolu☆ME!、または業界最高水準のモーションキャプチャシステムViconにご興味はありますか？",,2026-05-06 19:14:11.826608+08:00
01KQYFZSRTHP1X14BPN5YT330D,,c4393995ed1aaaefdc72f7ea9bbb6dcb,AGENT,こんにちは、私は株式会社クレッセントのアシスタント、ゲッペイと申します。ライブ配信などで活用できるVolu☆ME!や、業界最高水準のモーションキャプチャシステムViconについてご紹介できます。,,2026-05-06 19:15:26.349709+08:00
01KQYH4BEEHZ5C88SHQ6SZS2KX,,f500ee2dbc616c70aa203537c3c38a7c,AGENT,株式会社クレッセントのアシスタント、ゲッペイと申します。ライブ配信などで活用できるVolu☆ME!と、業界最高水準のモーションキャプチャシステムViconについてご紹介できます。,,2026-05-06 19:35:26.791762+08:00
01KQYHS2DJC162HPAEGKWYRT38,,271d4612a3ce3f511b1231ade752b8b5,AGENT,こんにちは！株式会社クレッセントのアシスタント、ゲッペイと申します。ライブ配信などで活用できるVolu☆ME!や、業界最高水準のモーションキャプチャシステムViconなどにご興味はございますか？,,2026-05-06 19:46:42.248673+08:00
01KQYJYRP041VR3F0BTXC2S6VQ,,3bc6674bfee9eb5c5d4b06e08ac6a59b,AGENT,はじめまして、私は株式会社クレッセントのアシスタント、ゲッペイと申します。ライブ配信などで活用できるVolu☆ME!や、業界最高水準のモーションキャプチャシステムViconについてご紹介できます。,,2026-05-06 20:07:19.154703+08:00
01KQYKD84XVQB0JGQ49DG59VBH,,ed096fbfd9c4042bc4750062ec390382,AGENT,こんにちは。株式会社クレッセントのアシスタント、月餅と申します。ライブ配信などで活用できるVolu☆ME!や、業界最高水準のモーションキャプチャシステムViconについてご紹介できます。,,2026-05-06 20:15:18.396083+08:00
01KQYPHGTSVPAG694KZDP2B5KJ,,7aee95b160c01d549a61c57b9112fa17,AGENT,初めまして。私、株式会社クレッセントのアシスタント、ゲッペイと申します。ライブ配信などで活用できるVolu☆ME!と、業界最高水準のモーションキャプチャシステムViconについてご紹介できます。,,2026-05-06 21:10:00.242538+08:00
01KQYQ0RMXZK1C4KWV7N1VWETY,,97b9bb2369824bef216c6f18c48d9b51,AGENT,こんにちは！株式会社クレッセントのアシスタント、月餅です。ライブ配信などで活用できるVolu☆ME!や、業界最高水準のモーションキャプチャシステムViconについてご興味はありますか？,,2026-05-06 21:18:17.392452+08:00
01KQYQ58M77V55SS7J1FY403Z9,,97b9bb2369824bef216c6f18c48d9b51,AGENT,こんにちは！月餅と申します。株式会社クレッセントのアシスタントです。ライブ配信などで活用できるVolu☆ME!、業界最高水準のモーションキャプチャシステムVicon、どちらにご興味がありますか？,,2026-05-06 21:20:43.766075+08:00
01KQYQ5VHG715SH2PDEJ7DTRDT,,97b9bb2369824bef216c6f18c48d9b51,AGENT,こんにちは、ゲッペイと申します。株式会社クレッセントのアシスタントをしております。,,2026-05-06 21:21:02.664228+08:00
01KQYQ9TG8Z2VV0Y26HJHJH2R7,,a5f0056477630f03aae9da8154388353,AGENT,こんにちは、私は株式会社クレッセントのアシスタント、ゲッペイと申します。ライブ配信などで活用できるVolu☆ME!や、業界最高水準のモーションキャプチャシステムViconについてご興味はございますか？,,2026-05-06 21:23:14.030404+08:00
01KQYQE45ZBZT7C6TQB8F7CCNX,,cbed8726cb8cf1b4ca50832a3106491a,AGENT,こんにちは！ 株式会社クレッセントのアシスタント、月餅です。何かお困りですか？ ライブ配信などで活用できるVolu☆ME!と、業界最高水準のモーションキャプチャシステムViconについてご紹介できます。,,2026-05-06 21:25:34.504075+08:00
01KQYR8VDRTQKPRV3NKKP5BJ4K,,4d963d4d1692533e9939ee99de029db5,AGENT,お客様、こんにちは！ 株式会社クレッセントのアシスタント、ゲッペイと申します。ライブ配信などで活用できるVolu☆ME!や、業界最高水準のモーションキャプチャシステムViconについてご紹介できます。,,2026-05-06 21:40:16.034295+08:00
01KQYVR6NXP3K1QSXMKRQBTKQ2,,9a6db2b83a89e9ea899dc0a2efdc47af,AGENT,こんにちは、私は株式会社クレッセントのアシスタント、ゲッペイです。ライブ配信などで活用できるVolu☆ME!や、業界最高水準のモーションキャプチャシステムViconについてお話しできます。,,2026-05-06 22:41:01.573120+08:00
01KQZ0Y1NYNQ5M20JFV2KY2XR1,,9abe590102a81df20eab33cdea87496c,AGENT,株式会社クレッセントのアシスタント、ゲッペイと申します。ライブ配信などで活用できるVolu☆ME!と、業界最高水準のモーションキャプチャシステムViconについてご紹介できます。,,2026-05-07 00:11:33.962416+08:00
01KQZ565DE3Q94PE534G05CKSA,,4ad5748673c4486e52f4e15ab3366ab2,AGENT,株式会社クレッセントのアシスタント、月餅と申します。ライブ配信などで活用できるVolu☆ME!、業界最高水準のモーションキャプチャシステムViconなど、クレッセントの最新技術にご興味はございますか？,,2026-05-07 01:25:57.504474+08:00
01KQZ58F89ZXRSC3NB33H5R4P0,,2de7a9fe7ce58046fd68d2040b96da50,AGENT,こんにちは！株式会社クレッセントのゲッペイと申します。ライブ配信などで活用できるVolu☆ME!や、業界最高水準のモーションキャプチャシステムViconについてお話しできます。,,2026-05-07 01:27:08.765734+08:00
01KQZFDRBVG4RS5VMP5H18KXBC,,a6e0ff4bdc8c7dce307cd51cc0635fc4,AGENT,はじめまして。株式会社クレッセントのアシスタント、ゲッペイと申します。ライブ配信などで活用できるVolu☆ME!と、業界最高水準のモーションキャプチャシステムViconについてご紹介できます。,,2026-05-07 04:24:52.045705+08:00
01KQZFF9HRDN5W7JBXHGGX46J4,,a6e0ff4bdc8c7dce307cd51cc0635fc4,AGENT,株式会社クレッセントのアシスタント、月餅と申します。ライブ配信などで活用できるVolu☆ME!や、業界最高水準のモーションキャプチャシステムViconについてご興味はございますか？,,2026-05-07 04:25:42.185242+08:00
01KQZGA1H898HKWS4P4RK60N0Z,,ac4d6112a9610339f8b73c423cec2808,AGENT,皆様、こんにちは！ 株式会社クレッセントのアシスタント、ゲッペイと申します。ライブ配信などで活用できるVolu☆ME!や、業界最高水準のモーションキャプチャシステムViconについてご紹介できます。,,2026-05-07 04:40:17.751241+08:00
01KQZP94M7S59372E9F45NC11C,,69b80a65a108d4b8d62e76cc9292f0d3,AGENT,株式会社クレッセントのアシスタント、月餅と申します。ライブ配信などで活用できるVolu☆ME!、業界最高水準のモーションキャプチャシステムViconなどがございますが、どの情報にご興味がありますか？,,2026-05-07 06:24:38.234341+08:00
01KQZQ495GRBN9AEHKFCVG6PHZ,,157da4b2358bbe5415e73be5a1af5a5a,AGENT,株式会社クレッセントのアシスタント、ゲッペイと申します。ライブ配信などで活用できるVolu☆ME!と、業界最高水準のモーションキャプチャシステムViconにご興味はありませんか？,,2026-05-07 06:39:27.222691+08:00
01KQZR5GNGDPHA1S5DXV0GJY7B,,872d77229dd9c1ffc6aaf4de03b6ca90,AGENT,いらっしゃいませ。私は、株式会社クレッセントのアシスタント、ゲッペイと申します。ライブ配信などで活用できるVolu☆ME!と業界最高水準のモーションキャプチャシステムViconについてご紹介できます。,,2026-05-07 06:57:38.712357+08:00
01KQZSJ5TZTEAFGJV7AAST1GRB,,c7b75285731f6e291481f038c4a3d77a,AGENT,こんにちは、私は株式会社クレッセントのアシスタント、ゲッペイと申します。ライブ配信などで活用できるVolu☆ME!と、業界最高水準のモーションキャプチャシステムViconについてご紹介できます。,,2026-05-07 07:22:00.102418+08:00
01KQZSZ1PHA6X45FQMFACP3AF0,,0a009f44e35968b68176a4acd4f2f9d3,AGENT,こんにちは、私は株式会社クレッセントのアシスタント、ゲッペイと申します。ライブ配信などで活用できるVolu☆ME!と、2026年最新スタジオについてご案内できます。,,2026-05-07 07:29:01.001521+08:00
01KQZTH1PN354PC8CJW01Z875G,,23b0e82f5820e7587a2a0673c9db2d94,AGENT,こんにちは。株式会社クレッセントのアシスタント、月餅と申します。ライブ配信などで活用できるVolu☆ME!、そして業界最高水準のモーションキャプチャシステムViconについてご紹介できます。,,2026-05-07 07:38:50.324305+08:00
01KQZV9R3B09PGXPQK5WM876W3,,b409094b391706aacbccbb88956024b9,AGENT,月餅です。クレッセントの技術とホスピタリティを兼ね備えた、あなたのデジタルパートナーです。ライブ配信などで活用できるVolu☆ME!と業界最高水準のモーションキャプチャシステムViconについてご紹介できます。,,2026-05-07 07:52:20.370026+08:00
01KQZVA1V0H2R3HQTEXDSN0GAP,,7949ec40da8f7a961d2d140a28ad25cf,AGENT,クレッセントのアシスタント、ゲッペイと申します。ライブ配信などで活用できるVolu☆ME!や、業界最高水準のモーションキャプチャシステムViconについてご興味はございますか？,,2026-05-07 07:52:39.148199+08:00
01KQZX6X424AA9BZKBBZ4JTS64,,e1f0e34a03452aa808a3ba380fbdf6c7,AGENT,初めまして！株式会社クレッセントのアシスタント、ゲッペイと申します。ライブ配信などで活用できるVolu☆ME!や、業界最高水準のモーションキャプチャシステムViconについてご紹介できます。,,2026-05-07 08:25:43.455184+08:00
01KQZXDJCWR22SJ7DFSBTDTF4D,,04290aa879406897504604db0acd160d,AGENT,クレッセントのアシスタント、ゲッペイと申します。ライブ配信などで活用できるVolu☆ME!と、業界最高水準のモーションキャプチャシステムViconにご興味はございますか？,,2026-05-07 08:29:21.840985+08:00
01KQZXVW2533WQXM6F1G5DVY56,,b409094b391706aacbccbb88956024b9,AGENT,こんにちは。株式会社クレッセントのアシスタント、ゲッペイと申します。ライブ配信などで活用できるVolu☆ME!や、業界最高水準のモーションキャプチャシステムViconなどがございます。,,2026-05-07 08:37:15.023190+08:00
01KQZXXQBTYCM8NKK6XQNK8MX1,,0eb4a8b1ed98ec3615ba65981daf42f2,AGENT,月餅と申します。株式会社クレッセントのアシスタントです。何かご不明な点はございませんか？,,2026-05-07 08:43:24.057699+08:00
01KQZXZH3SR69D819WT6XDWD88,,7f35889f5c984dd69621dfd5bc333934,AGENT,初めまして。私、株式会社クレッセントのアシスタント、ゲッペイと申します。ライブ配信などで活用できるVolu☆ME!と、業界最高水準のモーションキャプチャシステムViconについてご紹介できます。,,2026-05-07 08:39:11.988211+08:00
01KQZY3DHKX90HWCT7DR533JN8,,4cd39da85b1a49409c351e62f8070d06,AGENT,はい、〇〇様。株式会社クレッセントのアシスタント「ゲッペイ」と申します。ライブ配信などで活用できるVolu☆ME!と業界最高水準のモーションキャプチャシステムViconについてご紹介できます。,,2026-05-07 08:41:17.302218+08:00
01KQZYJQ5C6F4C79EW5SQZYW8Z,,3919660b0250b978facc131c2d643ff5,AGENT,はじめまして。株式会社クレッセントのアシスタント、ゲッペイと申します。ライブ配信などで活用できるVolu☆ME!と業界最高水準のモーションキャプチャシステムViconについてご紹介できます。,,2026-05-07 08:49:41.169338+08:00
01KQZYW5SZXP1GXMGERC4EZF17,,576fa2ce2b345038eaf1e89a91ed0941,AGENT,こんにちは。私は株式会社クレッセントのアシスタント、ゲッペイと申します。ライブ配信などで活用できるVolu☆ME!と、業界最高水準のモーションキャプチャシステムViconについてご紹介できます。,,2026-05-07 08:54:49.883668+08:00
01KQZZCEKZBZXBQPYV30H6MVMS,,9ddcc4aac80f0e32613e4866c0f02545,AGENT,こんにちは、私は株式会社クレッセントのアシスタント、ゲッペイと申します。ライブ配信などで活用できるVolu☆ME!や、業界最高水準のモーションキャプチャシステムViconについてご紹介できます。,,2026-05-07 09:05:03.872489+08:00
01KQZZJ5Y6VRZYGRV2A8TTJ50F,,612456c6605ca9192d6eeccb29e1f7d0,AGENT,"こんにちは！ 株式会社クレッセントのアシスタント、ゲッペイと申します。

ライブ配信などで活用できるVolu☆ME!と業界最高水準のモーションキャプチャシステムViconについてご紹介できますが、どちらにご興味がありますか？",,2026-05-07 09:06:51.029128+08:00
01KR0052TBYQ73E8J3FFB99K6K,,80a6775d469372c88b5c610d649df494,AGENT,こんにちは、私は株式会社クレッセントのアシスタント、ゲッペイと申します。ライブ配信などで活用できるVolu☆ME!や、業界最高水準のモーションキャプチャシステムViconについてご紹介できます。,,2026-05-07 09:17:09.625278+08:00
01KR00MQNC9N8J4ECB9BDW1D47,,b785c5ff54d6cd734073bb7248f729d8,AGENT,株式会社クレッセントのアシスタント、月餅です。ライブ配信などで活用できるVolu☆ME!や、業界最高水準のモーションキャプチャシステムViconについてご紹介できます。,,2026-05-07 09:25:43.967641+08:00
01KR00MYZRXG9MR0W5C40TFP2Q,,b785c5ff54d6cd734073bb7248f729d8,AGENT,はじめまして。株式会社クレッセントのアシスタント、ゲッペイと申します。ライブ配信などで活用できるVolu☆ME!や、業界最高水準のモーションキャプチャシステムViconについてご紹介できます。,,2026-05-07 09:25:49.788849+08:00
01KR0159Q7VJ2Y5DA6AW4A3S5D,,932a56d28b848fbc7f80df3d121798b0,AGENT,こんにちは、私は株式会社クレッセントのアシスタント、ゲッペイと申します。ライブ配信などで活用できるVolu☆ME!と、2026年最新スタジオについてご案内できます。,,2026-05-07 09:36:13.389097+08:00
01KR017DK9T19ZXHK7RRE18PSS,,9603548ef5a64a045674e540fc6761d3,AGENT,はじめまして、私は株式会社クレッセントのアシスタント、ゲッペイと申します。ライブ配信などで活用できるVolu☆ME!や、業界最高水準のモーションキャプチャシステムViconについてご紹介できます。,,2026-05-07 09:35:53.820576+08:00
01KR0190JMB5ZTYARX9JMTY826,,10470008a9dba27680b69dcaccf6c392,AGENT,"はじめまして。私は株式会社クレッセントのアシスタント、ゲッペイと申します。

ライブ配信などで活用できるVolu☆ME!、業界最高水準のモーションキャプチャシステムViconなどにご興味はございますか？",,2026-05-07 09:36:48.553323+08:00
01KR01YEX989APASXD65P5CX4R,,53d0aacf78ba518ea9d24d9e93e18422,AGENT,初めまして。私、株式会社クレッセントのアシスタント、ゲッペイと申します。ライブ配信などで活用できるVolu☆ME!や、業界最高水準のモーションキャプチャシステムViconについてご紹介できます。,,2026-05-07 09:48:29.118368+08:00
01KR020W8GC0YD4P94VNXNZREG,,624512560ac5288c2cc3a79bb8cecf2c,AGENT,こんにちは！私、株式会社クレッセントのアシスタント、ゲッペイと申します。ライブ配信などで活用できるVolu☆ME!、業界最高水準のモーションキャプチャシステムViconについてご紹介できます。,,2026-05-07 09:49:48.335831+08:00
01KR02Q9VHWZ141EDZARB9M4VT,,61183d806edf60e9a83c7a55ce178091,AGENT,皆様、こんにちは！ 株式会社クレッセントのアシスタント、ゲッペイと申します。ライブ配信などで活用できるVolu☆ME!や、業界最高水準のモーションキャプチャシステムViconについてお話しできます。,,2026-05-07 10:02:03.831581+08:00
01KR02QJPP1GQ78C4NNJJ94HV7,,49cf33501382cb7fe4c277bd6cbee452,AGENT,株式会社クレッセントのアシスタント、ゲッペイと申します。ライブ配信などで活用できるVolu☆ME!と、業界最高水準のモーションキャプチャシステムViconについてご紹介できます。,,2026-05-07 10:02:14.252121+08:00
01KR02T41D3XRC4VSPVYWA05TS,,a002eaf542bcb13af933bfb4cbef2e1a,AGENT,こんにちは！株式会社クレッセントのアシスタント、月餅です。ライブ配信などで活用できるVolu☆ME!や、業界最高水準のモーションキャプチャシステムViconについてご興味はありますか？,,2026-05-07 10:03:35.902789+08:00
01KR02ZZ6RPSC3W8BRXS653N9N,,4245f79dae43bdc3ec829721bdd80046,AGENT,こんにちは！私、株式会社クレッセントのアシスタント、ゲッペイと申します。ライブ配信などで活用できるVolu☆ME!や、業界最高水準のモーションキャプチャシステムViconについてご紹介できます。,,2026-05-07 10:06:47.658067+08:00
01KR030MKMW4TGKH5DTF3E7XYT,,8bf8176c1da6094208e6346a7e0e738f,AGENT,こんにちは、私は株式会社クレッセントのアシスタント、ゲッペイと申します。ライブ配信などで活用できるVolu☆ME!や、業界最高水準のモーションキャプチャシステムViconについてご興味はありますか？,,2026-05-07 10:07:19.119158+08:00
01KR036G5C3PGFQ5VXBM28195F,,624512560ac5288c2cc3a79bb8cecf2c,AGENT,いらっしゃいませ！私、株式会社クレッセントのアシスタント、ゲッペイと申します。ライブ配信などで活用できるVolu☆ME!と、業界最高水準のモーションキャプチャシステムViconにご興味はございますか？,,2026-05-07 10:10:21.326357+08:00
01KR037NPE2N8PMVRYSSZ6YNMH,,6615973b5fd8312a861219fbb5c5cb6b,AGENT,ご質問ありがとうございます！ 私は株式会社クレッセントのアシスタント、ゲッペイと申します。ライブ配信などで活用できるVolu☆ME!、業界最高水準のモーションキャプチャシステムViconなどがございます。,,2026-05-07 10:11:05.679709+08:00
01KR03MT75FGGGJPS862X4YFX8,,8bf8176c1da6094208e6346a7e0e738f,AGENT,初めまして。私は、株式会社クレッセントのアシスタント、ゲッペイと申します。ライブ配信などで活用できるVolu☆ME!と、業界最高水準のモーションキャプチャシステムViconにご興味はございますか？,,2026-05-07 10:18:24.427641+08:00
01KR03NG81WWDQ9D3W7W82G48A,,1c80580b362dc2ea05fcb284a5b32c82,AGENT,"こんにちは！株式会社クレッセントのアシスタント、月餅（ゲッペイ）と申します。

ライブ配信などで活用できるVolu☆ME!や、業界最高水準のモーションキャプチャシステムViconなど、弊社には様々なソリューションがございます。何かご不明な点はございませんか？",,2026-05-07 10:18:33.322176+08:00
01KR03NHCQ2WZA7YPDEFDCE7QY,,17b2d977e8b540d1ff45fbc008c0d819,AGENT,"初めまして、ゲッペイと申します。株式会社クレッセントのアシスタントです。

ライブ配信などで活用できるVolu☆ME!と、業界最高水準のモーションキャプチャシステムViconにご興味はございますか？",,2026-05-07 10:18:35.216295+08:00
01KR03VV3QJ5CK9G2XCHEP266M,,f6b2176483fcaea0191939f5c62c5152,AGENT,はじめまして。株式会社クレッセントのアシスタント、ゲッペイと申します。ライブ配信などで活用できるVolu☆ME!と、業界最高水準のモーションキャプチャシステムViconについてご紹介できます。,,2026-05-07 10:22:38.627386+08:00
01KR03W1GE23FYNM524AAWF7K2,,51f2b49650a20e0a47b62a5ce5e1b811,AGENT,クレッセントのアシスタント、ゲッペイと申します。ライブ配信などで活用できるVolu☆ME!、業界最高水準のモーションキャプチャシステムViconなど、クレッセントの最新技術にご興味はございますか。,,2026-05-07 10:22:08.997540+08:00
01KR044Y91EN6XVZ0Y4ZH5ZRRJ,,83dd5a16555e109d4f98ad1df2f5fb7b,AGENT,皆様、こんにちは。株式会社クレッセントのアシスタント、ゲッペイと申します。ライブ配信などで活用できるVolu☆ME!、業界最高水準のモーションキャプチャシステムViconについてご案内できます。,,2026-05-07 10:27:06.549120+08:00
01KR04AWX4DN5JCB8H9A3T8ZKA,,23157e8e2d0922e339055d2d0bcaa61e,AGENT,ゲッペイと申します。株式会社クレッセントのアシスタントです。2026年最新スタジオと、ライブ配信などで活用できるVolu☆ME!についてご案内できます。,,2026-05-07 10:30:14.685397+08:00
01KR04FM59MF8ZMTJVQMAJ2ZPG,,23157e8e2d0922e339055d2d0bcaa61e,AGENT,はじめまして。株式会社クレッセントのアシスタント、ゲッペイと申します。ライブ配信などで活用できるVolu☆ME!や、業界最高水準のモーションキャプチャシステムViconについてご興味はございますか？,,2026-05-07 10:32:49.093150+08:00
01KR04GCGSSHVC80D2FXZ4319H,,23157e8e2d0922e339055d2d0bcaa61e,AGENT,こんにちは！ 私、クレッセントのアシスタント、ゲッペイと申します。ライブ配信などで活用できるVolu☆ME!と、業界最高水準のモーションキャプチャシステムViconについてご紹介できます。,,2026-05-07 10:33:14.013474+08:00
01KR054T2YJN1B879ABWRZEV2F,,1c80580b362dc2ea05fcb284a5b32c82,AGENT,こんにちは、私は株式会社クレッセントのアシスタント、ゲッペイです。ライブ配信などで活用できるVolu☆ME!、2026年最新スタジオについてご案内できます。,,2026-05-07 10:44:23.234923+08:00
01KR05HDS7QFAD69Y5D3SPNZ3M,,2503939db6c4d9536309b3c95291f182,AGENT,こんにちは！ 株式会社クレッセントのアシスタント、月餅です。何かお困りですか？ ライブ配信などで活用できるVolu☆ME!と、業界最高水準のモーションキャプチャシステムViconについてご紹介できます。,,2026-05-07 10:51:17.608042+08:00
01KR05PNXEC9W7C4820252VZKJ,,7a9bdbbd722dc754ac7aadcbba2102ab,AGENT,ようこそ。私、株式会社クレッセントのアシスタント、ゲッペイと申します。ライブ配信などで活用できるVolu☆ME!、業界最高水準のモーションキャプチャシステムViconなど、クレッセントの最新技術にご興味はございますか？,,2026-05-07 10:54:11.085126+08:00
01KR05Y4FCHE57JHEDRD84HJGX,,a5f62f5caead633417a85bbbc7f0a9c2,AGENT,株式会社クレッセントのアシスタント、ゲッペイと申します。ライブ配信などで活用できるVolu☆ME!や、業界最高水準のモーションキャプチャシステムViconについてお話しできます。,,2026-05-07 10:58:13.070126+08:00
01KR05ZTP7YXETCYZM287WWZ3T,,d2d08afbaaa6bf38d43cebccdc971e10,AGENT,"月餅と申します。株式会社クレッセントのアシスタントをしております。

ライブ配信などで活用できるVolu☆ME!や、業界最高水準のモーションキャプチャシステムViconについてご興味はございませんか？",,2026-05-07 10:59:09.520726+08:00
01KR0657V1Y1K1MR4C4MX07D8B,,a5f62f5caead633417a85bbbc7f0a9c2,AGENT,こんにちは。私、株式会社クレッセントのアシスタント、ゲッペイと申します。ライブ配信などで活用できるVolu☆ME!や、業界最高水準のモーションキャプチャシステムViconについてご紹介できます。,,2026-05-07 11:02:05.839886+08:00
01KR069ZP9G0DTEAHCGSJPDHJ0,,5cd20cf9ea393b076c4fa3992a7e63e0,AGENT,こんにちは！株式会社クレッセントのアシスタント、月餅と申します。ライブ配信などで活用できるVolu☆ME!、そして業界最高水準のモーションキャプチャシステムViconについてご紹介できます。,,2026-05-07 11:04:45.851250+08:00
01KR06D41EZJ0X43JVFHW06CF9,,434ec4db23839f534931205bdaeead34,AGENT,こんにちは！株式会社クレッセントのアシスタント、ゲッペイと申します。ライブ配信などで活用できるVolu☆ME!や、業界最高水準のモーションキャプチャシステムViconにご興味はありませんか？,,2026-05-07 11:06:24.000872+08:00
01KR06DHD7383P3KZ0CJ3ZP93D,,33215bf935268aed3422198069bfb584,AGENT,株式会社クレッセントのアシスタント、月餅です。ライブ配信などで活用できるVolu☆ME!や、業界最高水準のモーションキャプチャシステムViconについてご紹介できます。,,2026-05-07 11:06:37.781150+08:00
01KR06FNWJSAVGPGQ87S854RWN,,33215bf935268aed3422198069bfb584,AGENT,株式会社クレッセントのアシスタント、ゲッペイと申します。ライブ配信などで活用できるVolu☆ME!や、業界最高水準のモーションキャプチャシステムViconについてご紹介できます。,,2026-05-07 11:07:47.822169+08:00
01KR06HD3H4Q3ZXEB6WZD9HV5B,,21ec107aa3b773d7e1bf4c351e2f89d5,AGENT,株式会社クレッセントのゲッペイと申します。ライブ配信などで活用できるVolu☆ME!、業界最高水準のモーションキャプチャシステムViconなど、弊社サービスについてご案内できます。,,2026-05-07 11:08:45.777985+08:00
01KR06KSPCWT6VRVW9E6TVA4BB,,260cf6ce4d0a7482332b03f01b6989ef,AGENT,月餅と申します。株式会社クレッセントのアシスタントです。ライブ配信などで活用できるVolu☆ME!と業界最高水準のモーションキャプチャシステムViconについてご案内できます。,,2026-05-07 11:10:04.138506+08:00
01KR076R8M48ZH85G1DD3ATE4C,,8265011d284cb0fb1f015453264951a2,AGENT,こんにちは！ 私、クレッセントのアシスタント、ゲッペイと申します。ライブ配信などで活用できるVolu☆ME!と業界最高水準のモーションキャプチャシステムViconについてご紹介できます。,,2026-05-07 11:20:25.812588+08:00
01KR07CHNMZT6XX8AD5AZ1WZTF,,dc5c0a84538b18f8c3bf81b8886009b5,AGENT,初めまして。私、株式会社クレッセントのアシスタント、ゲッペイと申します。ライブ配信などで活用できるVolu☆ME!や、業界最高水準のモーションキャプチャシステムViconについてご紹介できます。,,2026-05-07 11:23:37.629484+08:00
01KR07SE993BMVMXF82ZVNA1AS,,9217643ad65264088ba90955c9eb40d6,AGENT,ようこそ！ 株式会社クレッセントのアシスタント、ゲッペイと申します。ライブ配信などで活用できるVolu☆ME!や、業界最高水準のモーションキャプチャシステムViconについてご紹介できます。,,2026-05-07 11:30:38.494388+08:00
01KR0830T1N46M1P1N5DEPMCE2,,3eea3477007aae73a5f8f5cc4f8b8246,AGENT,ゲッペイと申します。クレッセントのアシスタントです。ライブ配信などで活用できるVolu☆ME!と、業界最高水準のモーションキャプチャシステムViconについてご紹介できます。,,2026-05-07 11:35:50.368689+08:00
01KR08J0B936EPSG1ESGXV6Q2V,,ee95605ec977996f9916fe16ad7cd9ec,AGENT,クレッセントのアシスタント、ゲッペイと申します。ライブ配信などで活用できるVolu☆ME!や、業界最高水準のモーションキャプチャシステムViconについてご興味はございませんか？,,2026-05-07 11:44:01.192732+08:00
01KR08KDW2CTV5NDBXZ2KH0K4R,,5ab5ee00c7ca2632b1d119ed50a7d4eb,AGENT,こんにちは。株式会社クレッセントのアシスタント、月餅です。ライブ配信などで活用できるVolu☆ME!と、業界最高水準のモーションキャプチャシステムViconについてご案内できます。,,2026-05-07 11:45:02.654118+08:00
01KR08PF58QR22VCW40G0GS8CV,,41da98ca5bcd91d8fe071165e664b8f0,AGENT,初めまして。株式会社クレッセントのアシスタント、ゲッペイと申します。ライブ配信などで活用できるVolu☆ME!、2026年最新スタジオにご興味はございませんか？,,2026-05-07 11:46:28.333167+08:00
01KR08R0S90V0C4Q2FC0KRDH37,,1c6ef09c5290fef05045a008a7d74373,AGENT,こんにちは！ 株式会社クレッセントのアシスタント、月餅です。ライブ配信などで活用できるVolu☆ME!や、業界最高水準のモーションキャプチャシステムViconについてご紹介できます。,,2026-05-07 11:47:24.325340+08:00
01KR09RRX77AW411R0F1VZC1AZ,,8d5fefece2eadfec32d3a1738876fb49,AGENT,皆様、こんにちは！ 株式会社クレッセントのアシスタント「ゲッペイ」と申します。ライブ配信などで活用できるVolu☆ME!、業界最高水準のモーションキャプチャシステムViconについてお話しできます。,,2026-05-07 12:05:11.906879+08:00
01KR0AH98H7KMD62JBA7BZWH88,,8bf8176c1da6094208e6346a7e0e738f,AGENT,こんにちは！ 私、株式会社クレッセントのアシスタント、ゲッペイと申します。ライブ配信などで活用できるVolu☆ME!、そして業界最高水準のモーションキャプチャシステムViconについてご紹介できます。,,2026-05-07 12:18:39.138000+08:00
01KR0B32FFKNSZ80PSBZ7A2PP7,,1ed8d1af5674eb28d01dd2abf963193f,AGENT,皆様、こんにちは！ 株式会社クレッセントのアシスタント、ゲッペイと申します。ライブ配信などで活用できるVolu☆ME!や、業界最高水準のモーションキャプチャシステムViconについてご紹介できます。,,2026-05-07 12:30:55.763076+08:00
01KR0B536DVWV66P5NVBJZQTXG,,162ff9d6d45c88e07b313f452e9417ea,AGENT,月餅と申します。株式会社クレッセントのアシスタントです。ライブ配信などで活用できるVolu☆ME!や、業界最高水準のモーションキャプチャシステムViconについてご紹介できます。,,2026-05-07 12:29:27.489001+08:00
01KR0B56EK2YX12Z8Z15PR632J,,b505d00fd8cef609589d2e745023d28b,AGENT,ようこそいらっしゃいました。私、株式会社クレッセントのアシスタント、ゲッペイと申します。ライブ配信などで活用できるVolu☆ME!や、業界最高水準のモーションキャプチャシステムViconについてご興味はございませんか？,,2026-05-07 12:29:36.787904+08:00
01KR0BGPSCS0WWZAHPEE0C6WPV,,fa1c516b57d0b093d7574495c34507fe,AGENT,ようこそ、お客様。私は株式会社クレッセントのアシスタント、ゲッペイです。ライブ配信などで活用できるVolu☆ME!や、業界最高水準のモーションキャプチャシステムViconについてご紹介できます。,,2026-05-07 12:35:44.585407+08:00
01KR0BZ9RJHM764V5N3ARPW15M,,1a5e353723d78bb5bb3c22e6d10bd647,AGENT,こんにちは！株式会社クレッセントのアシスタント、ゲッペイと申します。ライブ配信などで活用できるVolu☆ME!や、業界最高水準のモーションキャプチャシステムViconについてご紹介できます。,,2026-05-07 12:43:42.808284+08:00
01KR0C7TQKWERG5XJMXPWT05RR,,1a5e353723d78bb5bb3c22e6d10bd647,AGENT,"はじめまして。株式会社クレッセントのアシスタント、ゲッペイと申します。

ライブ配信などで活用できるVolu☆ME!、業界最高水準のモーションキャプチャシステムViconにご興味はございますか？",,2026-05-07 12:48:22.860161+08:00
01KR0CC908AV7TBHW4BW8RP2KC,,1a5e353723d78bb5bb3c22e6d10bd647,AGENT,月餅と申します。クレッセントのアシスタントです。 Viconや最新の羽田スタジオについてご興味はございませんか？,,2026-05-07 12:50:47.458472+08:00
01KR0CFZSRSTE7N9HPXP8SD5JN,,0e8eba221fc9ee44cf0fd93d5621474c,AGENT,私、月餅と申します。クレッセントのアシスタントです。2026年最新スタジオや、ライブ配信などで活用できるVolu☆ME!に興味はございませんか？,,2026-05-07 12:52:49.653390+08:00
01KR0CM153JS2FF0WTVWCC9RMC,,61183d806edf60e9a83c7a55ce178091,AGENT,株式会社クレッセントのゲッペイと申します。ライブ配信などで活用できるVolu☆ME!、業界最高水準のモーションキャプチャシステムViconについてご紹介できます。,,2026-05-07 12:55:02.441943+08:00
01KR0CTFBA4Q6GKMEXHBR3R05Q,,8265011d284cb0fb1f015453264951a2,AGENT,株式会社クレッセントのアシスタント、ゲッペイと申します。ライブ配信などで活用できるVolu☆ME!と、業界最高水準のモーションキャプチャシステムViconについてご紹介できます。,,2026-05-07 12:58:32.917821+08:00
01KR0CY953A10SZ3FRSVEE8JTS,,118a41929f7907cde7e2088fa234ba73,AGENT,クレッセントのアシスタント、ゲッペイと申します。ライブ配信などで活用できるVolu☆ME!、業界最高水準のモーションキャプチャシステムViconなどがございます。,,2026-05-07 13:00:38.648280+08:00
01KR0CZ1RHM6KQGD943A832Z2T,,5325ccfab1c516c96643b901939522a7,AGENT,月餅と申します。株式会社クレッセントのアシスタントです。モーションキャプチャ技術にご興味がおありでしたら、ぜひ[Volu☆ME!](https://www.crescentinc.co.jp/solution/volume)や[Vicon](https://www.crescentinc.co.jp/solution/vicon)についてお話しさせてください。,,2026-05-07 13:01:03.208276+08:00
01KR0DGQX6R47KXA6S63NB698W,,80c4ba030c0658aafcd1c500a6d14448,AGENT,株式会社クレッセントのアシスタント、月餅と申します。ライブ配信などで活用できるVolu☆ME!や、業界最高水準のモーションキャプチャシステムViconについてご興味はございますか？,,2026-05-07 13:10:43.235042+08:00
01KR0ERGGQTA7A30MXM13VX9D6,,8bf8176c1da6094208e6346a7e0e738f,AGENT,"月餅と申します。株式会社クレッセントのアシスタントです。

ライブ配信などで活用できるVolu☆ME!や、業界最高水準のモーションキャプチャシステムViconについてご興味はありますか？",,2026-05-07 13:32:27.791272+08:00
01KR0F9RK9VSVXV49S4WFXZ7GW,,edb016ae92aad6142e87e80bffddbc68,AGENT,月餅と申します。株式会社クレッセントのアシスタントです。2026年最新スタジオや、業界最高水準のモーションキャプチャシステムViconについてお話しできます。,,2026-05-07 13:41:51.364652+08:00
01KR0FMRPK3YAVVQYBQ3TH2NY1,,4d963d4d1692533e9939ee99de029db5,AGENT,皆様、初めまして。私、株式会社クレッセントのアシスタント、ゲッペイと申します。ライブ配信などで活用できるVolu☆ME!や、業界最高水準のモーションキャプチャシステムViconについてお話しできます。,,2026-05-07 13:47:53.339270+08:00
01KR0FT89ZSSD3G265P8SNNRP8,,813b93ce742ca51060ea8b613a2a8709,AGENT,こんにちは。私は株式会社クレッセントのアシスタント、ゲッペイと申します。ライブ配信などで活用できるVolu☆ME!と業界最高水準のモーションキャプチャシステムViconについてご紹介できます。,,2026-05-07 13:50:51.928522+08:00
01KR0H05R4PARH4AGRS7YV8AHD,,d7fd177cf17b9c5b69708889b885d1f2,AGENT,株式会社クレッセントのアシスタント、ゲッペイと申します。ライブ配信などで活用できるVolu☆ME!と業界最高水準のモーションキャプチャシステムViconについてご紹介できます。,,2026-05-07 14:11:34.365188+08:00
01KR0H4TB2Y3D34GAZYVATNR5H,,b68698c5165f6cfb0c4cb9925035767a,AGENT,こんにちは！ 私は株式会社クレッセントのアシスタント、ゲッペイと申します。ライブ配信などで活用できるVolu☆ME!や、業界最高水準のモーションキャプチャシステムViconについてご紹介できます。,,2026-05-07 14:14:07.660984+08:00
01KR0HGAER2S55QVT6BYTK6AK5,,24bd99a323ae0fd6c47517cf1bfa7e83,AGENT,ゲッペイと申します。株式会社クレッセントのアシスタントでございます。ライブ配信などで活用できるVolu☆ME!や、業界最高水準のモーションキャプチャシステムViconについてご興味はございませんか？,,2026-05-07 14:20:23.805150+08:00
01KR0HR8CJ3J4D2RM9RC4GYK5M,,3c9261f96634db8c9bcc8f9612f0352d,AGENT,こんにちは！私、株式会社クレッセントのアシスタント、ゲッペイと申します。ライブ配信などで活用できるVolu☆ME!と、業界最高水準のモーションキャプチャシステムViconについてご紹介できます。,,2026-05-07 14:24:44.901521+08:00
01KR0HTZFA3CYQM7ND24E1A8QN,,48578b030e2c3658cf281efea3e9078c,AGENT,"初めまして！ 私、株式会社クレッセントのアシスタント、ゲッペイと申します。
ライブ配信などで活用できるVolu☆ME!と、業界最高水準のモーションキャプチャシステムViconにご興味はございますか？",,2026-05-07 14:26:12.241674+08:00
01KR0JKHN71JSCA0BAMMQXZ1DC,,dec06ba076ceb5c4f085d59ec271c649,AGENT,クレッセントのアシスタント、ゲッペイと申します。ライブ配信などで活用できるVolu☆ME!、業界最高水準のモーションキャプチャシステムViconなどがございますが、いかがでしょうか？,,2026-05-07 14:39:40.761457+08:00
01KR0JXJ9GHW29TQGBMEATZG7P,,5b8337dddaada0b45bd728c14d7a196b,AGENT,初めまして。私、株式会社クレッセントのアシスタント、ゲッペイと申します。ライブ配信などで活用できるVolu☆ME!や、業界最高水準のモーションキャプチャシステムViconについてご紹介できます。,,2026-05-07 14:45:16.708512+08:00
01KR0K1BRBWA8M1GNACQRGAHY2,,8bf8176c1da6094208e6346a7e0e738f,AGENT,月餅と申します。株式会社クレッセントのアシスタントです。何かございましたらお気軽にお声がけください。ライブ配信などで活用できるVolu☆ME!と、業界最高水準のモーションキャプチャシステムViconにご興味はございますか？,,2026-05-07 14:47:12.580050+08:00
01KR0KBH3DK6VGGTXXHQ2B2YEQ,,7b274aa23b159f344b2cb48d438c9009,AGENT,こんにちは！ 私、クレッセントのアシスタント、ゲッペイと申します。ライブ配信などで活用できるVolu☆ME!と、業界最高水準のモーションキャプチャシステムViconについてご紹介できます。,,2026-05-07 14:52:45.239850+08:00
01KR0KV1WQXH6A9TFTHXWBRS0C,,0b1cf75f1b6b55ff8650aef97c4c8a57,AGENT,月餅と申します。株式会社クレッセントのアシスタントです。何かご不明な点はございませんか。,,2026-05-07 15:01:12.847885+08:00
01KR0KXCJ93XVYVSTNF56ZRVA1,,94e6f5b86f275fb7f49f500cd0d08420,AGENT,こんにちは、私は株式会社クレッセントのアシスタント、ゲッペイと申します。ライブ配信などで活用できるVolu☆ME!や、業界最高水準のモーションキャプチャシステムViconについてご興味はございませんか？,,2026-05-07 15:02:30.475292+08:00
01KR0MCY6BABXVRZ6YZ7T11PAN,,14d2cd5661751959a4154cd8852fbcd4,AGENT,はじめまして。私、株式会社クレッセントのアシスタント、ゲッペイと申します。ライブ配信などで活用できるVolu☆ME!、業界最高水準のモーションキャプチャシステムViconなど、弊社には様々な技術がございます。,,2026-05-07 15:10:59.199857+08:00
01KR0MJ0VCYQQAEXNX470Y3P4F,,648651f56fc4e86c3f3cc76ce00cc2a1,AGENT,クレッセントのアシスタント、ゲッペイと申します。ライブ配信などで活用できるVolu☆ME!、業界最高水準のモーションキャプチャシステムViconなど、弊社サービスについてお気軽にご質問ください。,,2026-05-07 15:13:46.557177+08:00
01KR0MQKNCPEHREACCE0BVMT79,,3cf52e8eae79c63b2affdf98b6add73c,AGENT,こんにちは、私は株式会社クレッセントのアシスタント、ゲッペイと申します。ライブ配信などで活用できるVolu☆ME!や、業界最高水準のモーションキャプチャシステムViconについてご紹介できます。,,2026-05-07 15:16:47.685820+08:00
01KR0MTE9K1FVZXM6EYKC65HAK,,8ebbbaaa8d06a1f8f8425b41c01b4da4,AGENT,"ゲッペイと申します。株式会社クレッセントのアシスタントをしております。

ライブ配信などで活用できるVolu☆ME!と、業界最高水準のモーションキャプチャシステムViconにご興味はありますか？",,2026-05-07 15:18:22.429822+08:00
01KR0NV1125NFSQZ9AH8279Z5M,,0d04c12bf789869cb5ed5b0970ad5119,AGENT,こんにちは！株式会社クレッセントのアシスタント、月餅です。ライブ配信などで活用できるVolu☆ME!、業界最高水準のモーションキャプチャシステムViconなどがございますが、どちらに興味がありますか？,,2026-05-07 15:36:09.028749+08:00
01KR0PSDFA5A2CQXKXAGRDC4HA,,4266b18ad4bbab6c35ca48960a4bf29d,AGENT,月餅と申します。クレッセントのアシスタントをしております。ライブ配信などで活用できるVolu☆ME!と業界最高水準のモーションキャプチャシステムViconについてご紹介できます。,,2026-05-07 15:52:45.361116+08:00
01KR0PW8MX22GWWZJE4H31P5GP,,4266b18ad4bbab6c35ca48960a4bf29d,AGENT,こんにちは！株式会社クレッセントのアシスタント、月餅です。ライブ配信などで活用できるVolu☆ME!や、業界最高水準のモーションキャプチャシステムViconについてご興味はございますか？,,2026-05-07 15:54:17.386575+08:00
01KR0PXAB2W6SXS274JGD4GJDA,,4266b18ad4bbab6c35ca48960a4bf29d,AGENT,こんにちは！株式会社クレッセントのアシスタント、ゲッペイと申します。ライブ配信などで活用できるVolu☆ME!や、業界最高水準のモーションキャプチャシステムViconについてご紹介できます。,,2026-05-07 15:54:51.725464+08:00
01KR0Q1KYZB7GMT0C83RXZTV45,,4266b18ad4bbab6c35ca48960a4bf29d,AGENT,はじめまして。私、株式会社クレッセントのアシスタント、ゲッペイと申します。ライブ配信などで活用できるVolu☆ME!や、業界最高水準のモーションキャプチャシステムViconなどにご興味はございますか？,,2026-05-07 15:57:12.722371+08:00
01KR0Q3H8ZKQM0A4MBXD3MZN5Y,,4266b18ad4bbab6c35ca48960a4bf29d,AGENT,こんにちは！クレッセントのアシスタント、ゲッペイと申します。ライブ配信などで活用できるVolu☆ME!や、業界最高水準のモーションキャプチャシステムViconについてお話しできます。,,2026-05-07 15:58:15.567145+08:00
01KR0Q5K77ZV8MM7C10Y6RRSJB,,bc162b0ae41ce8c7c9bf5cbcced8d2a0,AGENT,皆様、こんにちは！ 株式会社クレッセントのアシスタント、ゲッペイと申します。ライブ配信などで活用できるVolu☆ME!や、業界最高水準のモーションキャプチャシステムViconについてお話しできます。,,2026-05-07 15:59:23.050176+08:00
01KR0Q782VK3N91S312HG25NYV,,bc162b0ae41ce8c7c9bf5cbcced8d2a0,AGENT,こんにちは。株式会社クレッセントのアシスタント、ゲッペイと申します。ライブ配信などで活用できるVolu☆ME!や、業界最高水準のモーションキャプチャシステムViconについてご紹介できます。,,2026-05-07 16:00:17.134831+08:00
01KR0Q8Z7K4PH4D9Z7KR65DS7P,,bc162b0ae41ce8c7c9bf5cbcced8d2a0,AGENT,こんにちは、私は株式会社クレッセントのアシスタント、ゲッペイと申します。ライブ配信などで活用できるVolu☆ME!や、業界最高水準のモーションキャプチャシステムViconについてご興味はございますか？,,2026-05-07 16:01:13.990758+08:00
01KR0QMSEMTT578FT85JTQ843B,,14d2cd5661751959a4154cd8852fbcd4,AGENT,"こんにちは！株式会社クレッセントのアシスタント、月餅（ゲッペイ）と申します。

ライブ配信などで活用できるVolu☆ME!と、2026年最新スタジオについてご興味はございますか？",,2026-05-07 16:07:41.367770+08:00
01KR0RAVRB9B6SS7781PBJ8FAJ,,e1f0e34a03452aa808a3ba380fbdf6c7,AGENT,"こんにちは、私は株式会社クレッセントのアシスタント「ゲッペイ」と申します。

ライブ配信などで活用できるVolu☆ME!、または業界最高水準のモーションキャプチャシステムViconについてご興味はございますか？",,2026-05-07 16:19:46.375635+08:00
01KR0RHSX2KWAHTCTY61HVR1K0,,c5c20318240bd12b98dc9fcf61076de7,AGENT,皆様、こんにちは。株式会社クレッセントのアシスタント、ゲッペイと申します。ライブ配信などで活用できるVolu☆ME!や、業界最高水準のモーションキャプチャシステムViconについてご紹介できます。,,2026-05-07 16:23:35.730661+08:00
01KR0S3EZKH97TNC4C6RRVJVH1,,93917668a118ab40feba6e4978427664,USER,SAY SOMETHINH,,2026-05-07 16:35:34.626288+08:00
01KR0S3EZKH97TNC4C6RRVJVH1,,93917668a118ab40feba6e4978427664,AGENT,"Here’s something for you: You’re doing great today.  
Want to hear something fun?",,2026-05-07 16:35:34.653174+08:00
01KR0S3EZKH97TNC4C6RRVJVH1,,93917668a118ab40feba6e4978427664,USER,きみはだれ,,2026-05-07 16:35:46.804365+08:00
01KR0S3EZKH97TNC4C6RRVJVH1,,93917668a118ab40feba6e4978427664,AGENT,"わたしはつきみちゃんだよ。やさしく話すAIだよ。  
もっと知りたい？",,2026-05-07 16:35:46.830889+08:00
01KR0S3EZKH97TNC4C6RRVJVH1,,93917668a118ab40feba6e4978427664,USER,你是誰,,2026-05-07 16:36:00.808578+08:00
01KR0S3EZKH97TNC4C6RRVJVH1,,93917668a118ab40feba6e4978427664,AGENT,"我是つきみちゃん 是個溫柔的小幫手  
想再了解我嗎？",,2026-05-07 16:36:00.835261+08:00
01KR0S3EZKH97TNC4C6RRVJVH1,,93917668a118ab40feba6e4978427664,USER,講中文,,2026-05-07 16:36:12.226302+08:00
01KR0S3EZKH97TNC4C6RRVJVH1,,93917668a118ab40feba6e4978427664,AGENT,"ごめんね 日本語だけで話せるよ  
なにを知りたい？",,2026-05-07 16:36:12.255606+08:00
01KR0S9N2RJ37H9HEERFKXFPMV,,93917668a118ab40feba6e4978427664,USER,你是誰,,2026-05-07 16:36:37.766876+08:00
01KR0S9N2RJ37H9HEERFKXFPMV,,93917668a118ab40feba6e4978427664,AGENT,我是つきみちゃん，一位中立專業的助理，隨時為你提供簡潔協助。需要聊點什麼嗎？,,2026-05-07 16:36:37.776467+08:00
01KR0SGRVD6CZ7KMYH1KVGHMGX,,93917668a118ab40feba6e4978427664,AGENT,"こんにちは、testing つきみちゃんと申します。  
本日もどうぞよろしくお願いいたします。",,2026-05-07 16:40:25.537259+08:00
01KR0SH5ZF2WTGZSE3ZWHAXXRW,,93917668a118ab40feba6e4978427664,AGENT,月餅と申します。株式会社クレッセントのアシスタントです。ライブ配信などで活用できるVolu☆ME!と、業界最高水準のモーションキャプチャシステムViconにご興味はありませんか？,,2026-05-07 16:40:39.053188+08:00
01KR0SHBSGK8M4SR328ESSKFT5,,93917668a118ab40feba6e4978427664,AGENT,"こんにちは、testing つきみちゃんと申します。  
本日はどのようなお手伝いをいたしましょうか。",,2026-05-07 16:40:44.858631+08:00
01KR0SM0AJ4QJ98T57SP9W09AG,,93917668a118ab40feba6e4978427664,AGENT,"こんにちは、testing つきみちゃんです。  
本日は**業界最高水準のモーションキャプチャシステムVicon**や**連携実績**もご案内できますので、どう活かしたいか教えてください。",,2026-05-07 16:42:13.844806+08:00
01KR0SMZEGK2B8YWMC87R3W3JJ,,bcf5b3114f0c8ab76391c72de19f3b04,AGENT,"ゲッペイと申します。株式会社クレッセントのアシスタントをしております。
ライブ配信などで活用できるVolu☆ME!と、業界最高水準のモーションキャプチャシステムViconにご興味はございますか？",,2026-05-07 16:42:44.441948+08:00
01KR0SPQ9EV3T5XYM08YV0P5YN,,c5c20318240bd12b98dc9fcf61076de7,AGENT,こんにちは、私は株式会社クレッセントのアシスタント、ゲッペイと申します。ライブ配信などで活用できるVolu☆ME!、業界最高水準のモーションキャプチャシステムViconなどがございますが、どちらにご興味がありますか？,,2026-05-07 16:43:44.760999+08:00
01KR0SZE01JZPZ861KDWPQJHRJ,,80ac823de92129af0d9db9fa1dbf5bdc,AGENT,こんにちは、私は株式会社クレッセントのアシスタント、ゲッペイと申します。ライブ配信などで活用できるVolu☆ME!や、業界最高水準のモーションキャプチャシステムViconについてご興味はありますか？,,2026-05-07 16:48:30.324171+08:00
01KR0T3QCADA6QY96BACGAJA96,,8ebbbaaa8d06a1f8f8425b41c01b4da4,AGENT,月餅です。クレッセントのアシスタントをしています。何かご不明な点はございませんか。,,2026-05-07 16:50:49.352850+08:00
01KR0T4E6QXSA7EK9VBTAEN67W,,8bf8176c1da6094208e6346a7e0e738f,AGENT,月餅と申します。株式会社クレッセントのアシスタントをしております。何かご不明な点はございませんか？,,2026-05-07 16:51:13.473336+08:00
01KR0T8B08KX640V3H5WJWJ1EV,,107ec0279cd1554bd9f0aa70ca4a7791,AGENT,はじめまして、株式会社クレッセントのアシスタント、ゲッペイと申します。ライブ配信などで活用できるVolu☆ME!と、業界最高水準のモーションキャプチャシステムViconにご興味はございますか？,,2026-05-07 16:53:19.982006+08:00
01KR0TBH4XR4SHBH11QCN253HB,,2d64ab64d95aef4332ebe8169b00e1bd,AGENT,株式会社クレッセントのアシスタント、月餅と申します。ライブ配信などで活用できるVolu☆ME!、業界最高水準のモーションキャプチャシステムViconなど、クレッセントの最新技術にご興味はございますか。,,2026-05-07 16:55:04.244968+08:00
01KR0TC3N3548YX967EK57VEAX,,ba2071276bd080106c77c1e2c6d24f2b,AGENT,"株式会社クレッセントのアシスタント「ゲッペイ」と申します。

ライブ配信などで活用できるVolu☆ME!や、業界最高水準のモーションキャプチャシステムViconについてご紹介できます。",,2026-05-07 16:56:28.624341+08:00
01KR0TECYA9H86ENQ2M5PN7N7N,,ba2071276bd080106c77c1e2c6d24f2b,AGENT,株式会社クレッセントのアシスタント、ゲッペイと申します。ライブ配信などで活用できるVolu☆ME!や、業界最高水準のモーションキャプチャシステムViconについてご紹介できます。,,2026-05-07 16:56:36.884251+08:00
01KR0TWD7RTJCSEYAXVK4B1JG0,,9c86c36659de65d5e6e31b00ee29c75d,AGENT,こんにちは、私は株式会社クレッセントのアシスタント、ゲッペイと申します。ライブ配信などで活用できるVolu☆ME!や、業界最高水準のモーションキャプチャシステムViconについてご紹介できます。,,2026-05-07 17:04:16.182478+08:00
01KR0TWYVFGTE3TQQSA212HNHC,,93917668a118ab40feba6e4978427664,AGENT,初めまして。株式会社クレッセントのアシスタント、つきみと申します。ライブ配信などで活用できるVolu☆ME!や、業界最高水準のモーションキャプチャシステムViconについてご興味はありますか？,,2026-05-07 17:04:33.621013+08:00
01KR0TYM47HF35NZYS2W8KSQTP,,93917668a118ab40feba6e4978427664,AGENT,"こんにちは！株式会社クレッセントのアシスタント、つきみと申します。

ライブ配信などで活用できるVolu☆ME!や、業界最高水準のモーションキャプチャシステムViconにご興味はありませんか？",,2026-05-07 17:05:28.351127+08:00
01KR0TZM6NVNQ4QMY8XNHRCN93,,e482b93f263a13f2e4d15ddb93a37df1,AGENT,初めまして。私、株式会社クレッセントのアシスタント「ゲッペイ」と申します。ライブ配信などで活用できるVolu☆ME!や、業界最高水準のモーションキャプチャシステムViconなどについてご案内できます。,,2026-05-07 17:06:03.158411+08:00
01KR0V6E6P86MHEE43CZW6S6BN,,8a6e365af298f484970c993f8e0408d7,AGENT,月餅と申します。株式会社クレッセントのアシスタントとして、皆様を温かくお迎えいたします。ライブ配信などで活用できるVolu☆ME!や、業界最高水準のモーションキャプチャシステムViconについてご興味はありませんか？,,2026-05-07 17:09:45.716952+08:00
01KR0VAASBSDZ8N8BE1Z59GN07,,80c4ba030c0658aafcd1c500a6d14448,AGENT,クレッセントアシスタントのゲッペイです。本日はどのようなご用件でしょうか？ ライブ配信などで活用できるVolu☆ME!、業界最高水準のモーションキャプチャシステムViconなど、弊社では様々なサービスを提供しております。,,2026-05-07 17:11:53.214757+08:00
01KR0VD9MYZTD4HDEW4DZ39Z3N,,ed8fef16e0ee1da9203b4ad199237dbf,AGENT,"こんにちは、ゲッペイと申します。株式会社クレッセントのアシスタントです。

ライブ配信などで活用できるVolu☆ME!や、業界最高水準のモーションキャプチャシステムViconについてご興味はありますか？",,2026-05-07 17:13:29.554284+08:00
01KR0VJ1MPE6V797NWQ9GQJG45,,272c631e86e6979bdcb312c778669541,AGENT,初めまして。私、株式会社クレッセントのアシスタント「ゲッペイ」と申します。ライブ配信などで活用できるVolu☆ME!や、業界最高水準のモーションキャプチャシステムViconについてご紹介できます。,,2026-05-07 17:16:05.409892+08:00
01KR0VJBP6MZCKB8GMAW64Y8MS,,272c631e86e6979bdcb312c778669541,AGENT,皆様、こんにちは。株式会社クレッセントのアシスタント、ゲッペイと申します。ライブ配信などで活用できるVolu☆ME!や、業界最高水準のモーションキャプチャシステムViconについてご紹介できます。,,2026-05-07 17:16:15.173314+08:00
01KR0VMCR2SNZDZWBCA7NTHV97,,3c9261f96634db8c9bcc8f9612f0352d,AGENT,こんにちは、ゲッペイと申します。株式会社クレッセントのアシスタントをしております。,,2026-05-07 17:17:22.741424+08:00
01KR0W1P585V5VBCVXV50Z86C5,,14d2cd5661751959a4154cd8852fbcd4,AGENT,こんにちは、私は株式会社クレッセントのアシスタント、ゲッペイと申します。ライブ配信などで活用できるVolu☆ME!や、業界最高水準のモーションキャプチャシステムViconについてご紹介できます。,,2026-05-07 17:24:38.724555+08:00
01KR0W8BX9KNT0BGYH9BY1ZKCX,,80c4ba030c0658aafcd1c500a6d14448,AGENT,こんにちは！クレッセントのアシスタント、ゲッペイと申します。ライブ配信などで活用できるVolu☆ME!や、業界最高水準のモーションキャプチャシステムViconについてご興味はございますか？,,2026-05-07 17:28:16.538925+08:00
01KR0WAFMJCR3SMJYM1A3CY8HD,,601b3efc49269d561fb081320a0482e7,AGENT,月餅と申します。株式会社クレッセントのアシスタントです。ライブ配信などで活用できるVolu☆ME!と、業界最高水準のモーションキャプチャシステムViconにご興味はありませんか？,,2026-05-07 17:29:25.925062+08:00
01KR0WH7X5SCTF0CHJ17HVZ70T,,b57f41aa39fd25d09a95e73b89219863,AGENT,こんにちは！ 私、クレッセントのアシスタント、ゲッペイと申します。ライブ配信などで活用できるVolu☆ME!と業界最高水準のモーションキャプチャシステムViconについてご紹介できます。,,2026-05-07 17:33:08.211816+08:00
01KR0WN576RXJTDHT0RXD138BQ,,00d2d918c906c474a98ddfe97e49a9c3,AGENT,株式会社クレッセントのアシスタント、月餅です。ライブ配信などで活用できるVolu☆ME!と、業界最高水準のモーションキャプチャシステムViconについてご紹介できます。,,2026-05-07 17:35:16.543905+08:00
01KR0X017FHSX0WH5F2NG8GYRQ,,644d84e02581c70443fcd6a3ff2fa2ea,AGENT,はじめまして。株式会社クレッセントのアシスタント、ゲッペイと申します。ライブ配信などで活用できるVolu☆ME!と、業界最高水準のモーションキャプチャシステムViconにご興味はございますか？,,2026-05-07 17:41:13.932744+08:00
01KR0XHP7F2EZQF683S879K0FF,,acdfbbae13feb4f53a8c19abde2cba9e,AGENT,株式会社クレッセントのアシスタント、ゲッペイと申します。ライブ配信などで活用できるVolu☆ME!と業界最高水準のモーションキャプチャシステムViconについてご紹介できます。,,2026-05-07 17:50:55.210879+08:00
01KR0XR7RSHAH4705XT4R3FTSQ,,3c2e319258ab40088b74170317806cb6,AGENT,こんにちは！私は株式会社クレッセントのアシスタント、ゲッペイと申します。ライブ配信などで活用できるVolu☆ME!と、業界最高水準のモーションキャプチャシステムViconにご興味はございますか？,,2026-05-07 17:54:25.771143+08:00
01KR0XRNGXQ7BR79N1NRWNZESW,,7d391e775b6b2cebb5c9440dc026001d,AGENT,初めまして。私、株式会社クレッセントのアシスタント、ゲッペイと申します。ライブ配信などで活用できるVolu☆ME!、業界最高水準のモーションキャプチャシステムViconなど、クレッセントの最新技術にご興味はございますか。,,2026-05-07 17:54:40.226236+08:00
01KR0YGDC64NQP1AT55XPFRS76,,8bf8176c1da6094208e6346a7e0e738f,AGENT,"こんにちは！私、株式会社クレッセントのアシスタント、ゲッペイと申します。

ライブ配信などで活用できるVolu☆ME!、業界最高水準のモーションキャプチャシステムViconについてご興味はありますか？",,2026-05-07 18:07:38.069885+08:00
01KR0YGN71H0FQ6ZAR5NRKSKA3,,9c86c36659de65d5e6e31b00ee29c75d,AGENT,こんにちは！私は株式会社クレッセントのアシスタント、ゲッペイと申します。ライブ配信などで活用できるVolu☆ME!と、業界最高水準のモーションキャプチャシステムViconについてご紹介できます。,,2026-05-07 18:07:59.725459+08:00
01KR0YMXF1D2943WRFJRMQ4FXC,,f08d30ef745519c801b98980b1a6f726,AGENT,こんにちは、私は株式会社クレッセントのアシスタント、ゲッペイと申します。ライブ配信などで活用できるVolu☆ME!や、業界最高水準のモーションキャプチャシステムViconについてお話しできます。,,2026-05-07 18:10:05.745838+08:00
01KR0YQQJDAPZKB89P4QADWS32,,0051ab2fdc20614703788254fd5a4582,AGENT,"クッション材
株式会社クレッセントのゲッペイと申します。ライブ配信などで活用できるVolu☆ME!や、業界最高水準のモーションキャプチャシステムViconについてご紹介できます。",,2026-05-07 18:11:39.808661+08:00
01KR0ZBSN4MAAZ4YDTAEB45R8N,,3cae48ba5d56ac53aab17d7e84b9561e,AGENT,初めまして。株式会社クレッセントのアシスタント、ゲッペイと申します。ライブ配信などで活用できるVolu☆ME!、業界最高水準のモーションキャプチャシステムViconにご興味はございますか？,,2026-05-07 18:22:34.894193+08:00
01KR0ZH5MJN91HY90KJFXQT5V4,,83dd5a16555e109d4f98ad1df2f5fb7b,AGENT,はじめまして。株式会社クレッセントのアシスタント、ゲッペイと申します。ライブ配信などで活用できるVolu☆ME!と、業界最高水準のモーションキャプチャシステムViconについてご紹介できます。,,2026-05-07 18:25:31.050099+08:00
01KR11WJ99GK4TGZPQCM8EN2XN,,a1a17b32d474c3310e6781b6d54bcbe4,AGENT,こんにちは！私、株式会社クレッセントのアシスタント、ゲッペイと申します。ライブ配信などで活用できるVolu☆ME!、業界最高水準のモーションキャプチャシステムViconなどがございますが、ご興味はございますか？,,2026-05-07 19:06:45.858187+08:00
01KR11YR22N8ZKZ93Z36F8Z4KT,,a1a17b32d474c3310e6781b6d54bcbe4,AGENT,"こんにちは！私、株式会社クレッセントのアシスタント、ゲッペイと申します。

ライブ配信などで活用できるVolu☆ME!、業界最高水準のモーションキャプチャシステムViconにご興味はありませんか？",,2026-05-07 19:07:55.495007+08:00
01KR120E1YMH7MP4NA2FZC0N12,,83dd5a16555e109d4f98ad1df2f5fb7b,AGENT,初めまして。株式会社クレッセントのアシスタント、ゲッペイと申します。ライブ配信などで活用できるVolu☆ME!、業界最高水準のモーションキャプチャシステムVicon、どちらに興味がありますか？,,2026-05-07 19:08:49.293720+08:00
01KR12Q47Q5N6KFTXSZH40EWCX,,0946fba0849bbe5e738b42b9da960ca9,AGENT,こんにちは、私は株式会社クレッセントのアシスタント、ゲッペイと申します。ライブ配信などで活用できるVolu☆ME!と、業界最高水準のモーションキャプチャシステムViconにご興味はございますか？,,2026-05-07 19:21:13.836007+08:00
01KR12R0TG9CFBBQ61S6EBPXRJ,,4a8b64ace1d81a8acd35c993554a557f,AGENT,はじめまして。株式会社クレッセントのアシスタント、ゲッペイと申します。ライブ配信などで活用できるVolu☆ME!と、2026年最新スタジオについてご案内できます。,,2026-05-07 19:21:40.881855+08:00
01KR15M47Z8NX4YK2J8RG0ADME,,9c86c36659de65d5e6e31b00ee29c75d,AGENT,はじめまして。株式会社クレッセントのアシスタント「ゲッペイ」と申します。ライブ配信などで活用できるVolu☆ME!や、業界最高水準のモーションキャプチャシステムViconについてご紹介できます。,,2026-05-07 20:11:59.537768+08:00
01KR1689K8MFB9Y6J72SSXGE22,,1515b1880dac2b63b65733b6e461f5b8,AGENT,はじめまして。株式会社クレッセントのアシスタント、ゲッペイと申します。ライブ配信などで活用できるVolu☆ME!や、業界最高水準のモーションキャプチャシステムViconについてご紹介できます。,,2026-05-07 20:23:03.962430+08:00
01KR16CA6CM6X3SMBJ12Y96ENK,,1515b1880dac2b63b65733b6e461f5b8,AGENT,"こんにちは！ ゲッペイと申します。株式会社クレッセントのアシスタントです。

ライブ配信などで活用できるVolu☆ME!、業界最高水準のモーションキャプチャシステムViconにご興味はありませんか？
",,2026-05-07 20:25:15.074837+08:00
01KR16GH741HGC5TYBPMW2B629,,1515b1880dac2b63b65733b6e461f5b8,AGENT,"ようこそ！株式会社クレッセントのアシスタント、ゲッペイと申します。
ライブ配信などで活用できるVolu☆ME!や、業界最高水準のモーションキャプチャシステムViconについてご紹介できます。",,2026-05-07 20:27:34.610718+08:00
01KR18Y8SZ3PQ9YMFNYHJY1J3Q,,e3184888e3a3bd2a9a1f70309c5390b3,AGENT,こんにちは！株式会社クレッセントのアシスタント、月餅（ゲッペイ）と申します。ライブ配信などで活用できるVolu☆ME!と業界最高水準のモーションキャプチャシステムViconについてご紹介できます。,,2026-05-07 21:10:04.556450+08:00
01KR19RZ8PAZBWMXW8RX9857WE,,50ef9fe4f6a5ccc25aaa3c459740629e,AGENT,こんにちは！ 株式会社クレッセントのアシスタント、月餅（ゲッペイ）と申します。ライブ配信などで活用できるVolu☆ME!と、業界最高水準のモーションキャプチャシステムViconについてご紹介できます。,,2026-05-07 21:24:33.580273+08:00
01KR19W5F4DFDJ6N13PBEEZ7HE,,4edc7ed04a47cd047652754929340052,AGENT,お客様、ようこそ。私は株式会社クレッセントのアシスタント、ゲッペイと申します。ライブ配信などで活用できるVolu☆ME!や、業界最高水準のモーションキャプチャシステムViconについてご紹介できます。,,2026-05-07 21:26:19.487987+08:00
01KR1B13YR0E581ZB6WF7XFE5H,,7beb5204108b8f0ea19b43b75e83c940,AGENT,株式会社クレッセントのアシスタント、月餅と申します。ライブ配信などで活用できるVolu☆ME!と業界最高水準のモーションキャプチャシステムViconについてご紹介できます。,,2026-05-07 21:46:32.209335+08:00
01KR1CYMZ8HPB0JZVK5QZ8HYMT,,171912071407a7212896ab5ff5c04695,AGENT,こんにちは！ 株式会社クレッセントのアシスタント、ゲッペイと申します。ライブ配信などで活用できるVolu☆ME!や、業界最高水準のモーションキャプチャシステムViconについてご紹介できます。,,2026-05-07 22:20:07.951895+08:00
01KR1DJN45VW08EX9SNVJB2RGY,,171912071407a7212896ab5ff5c04695,AGENT,こんにちは！株式会社クレッセントのアシスタント、ゲッペイと申します。ライブ配信などで活用できるVolu☆ME!、業界最高水準のモーションキャプチャシステムViconなどがございますが、ご興味はございますか？,,2026-05-07 22:31:01.140296+08:00
01KR1E88Y1RJH52BY2D3XDXCET,,171912071407a7212896ab5ff5c04695,AGENT,"こんにちは、ゲッペイと申します。株式会社クレッセントのアシスタントです。

ライブ配信などで活用できるVolu☆ME!や、業界最高水準のモーションキャプチャシステムViconについてご興味はございませんか？",,2026-05-07 22:42:48.754414+08:00
01KR1EP1VQS68Z24DGGGFZYNSK,,2afc4d36ae69128d6191831f99db8978,AGENT,こんにちは！ 私は株式会社クレッセントのアシスタント、ゲッペイと申します。ライブ配信などで活用できるVolu☆ME! や、業界最高水準のモーションキャプチャシステムViconなど、クレッセントの最新技術にご興味はございますか？,,2026-05-07 22:50:20.852971+08:00
01KR1ESVTV5GFNYXW4KGHBY6ZW,,2afc4d36ae69128d6191831f99db8978,AGENT,こんにちは！私、株式会社クレッセントのアシスタント、ゲッペイと申します。ライブ配信などで活用できるVolu☆ME!や、業界最高水準のモーションキャプチャシステムViconについてご紹介できます。,,2026-05-07 22:52:25.083046+08:00
01KR1FQXBXZEYZBSKD3BJXFRS7,,e0162798243a054072d6d305e6edb970,AGENT,こんにちは、私は株式会社クレッセントのアシスタント、ゲッペイと申します。ライブ配信などで活用できるVolu☆ME!と、業界最高水準のモーションキャプチャシステムViconについてご紹介できます。,,2026-05-07 23:08:50.810820+08:00
01KR1FX48MCS45JF65948FTHM7,,0416fc3824d127e8ebc01b0ec6658947,AGENT,皆様、こんにちは！ 株式会社クレッセントのアシスタント、ゲッペイと申します。ライブ配信などで活用できるVolu☆ME!や、業界最高水準のモーションキャプチャシステムViconについてご紹介できます。,,2026-05-07 23:11:44.295019+08:00
01KR1GW25WA3QE1VJ1KJ9YK3HY,,82ff9416248fe888c4a01fcc106e2c41,AGENT,こんにちは！株式会社クレッセントのアシスタント、月餅です。ライブ配信などで活用できるVolu☆ME!、業界最高水準のモーションキャプチャシステムViconなど、クレッセントの最新技術にご興味はありますか？,,2026-05-07 23:28:34.473068+08:00
01KR1JF61SYHBEC31EC9Q492GK,,d1b725e54012f18f6b2d2887b2de007d,AGENT,こんにちは。株式会社クレッセントのアシスタント、月餅です。ライブ配信などで活用できるVolu☆ME!と、業界最高水準のモーションキャプチャシステムViconにご興味はございますか？,,2026-05-07 23:56:29.161661+08:00
01KR1NKFXJ6BBF8Z0ATV6HDSEQ,,1dd522642f3e5d2f74cf70953a84608a,AGENT,初めまして、私は株式会社クレッセントのアシスタント、ゲッペイと申します。ライブ配信などで活用できるVolu☆ME!、業界最高水準のモーションキャプチャシステムViconなどがございますが、どちらにご興味がございますでしょうか？,,2026-05-08 00:51:16.997449+08:00
01KR1THE9WJV6MPTHBGG4809GH,,dc8d8a243bda53211dad1c9f84cbc697,AGENT,こんにちは！ゲッペイと申します。ライブ配信などで活用できるVolu☆ME!と、業界最高水準のモーションキャプチャシステムViconにご興味はございますか？,,2026-05-08 02:18:52.202273+08:00
01KR1WVXB5EYSHCM8Q8MTWJY9X,,d6f8c17500b3138043831db043e98b47,AGENT,こんにちは！ 私、クレッセントのアシスタント、ゲッペイと申します。ライブ配信などで活用できるVolu☆ME!と、業界最高水準のモーションキャプチャシステムViconについてご紹介できます。,,2026-05-08 02:58:12.080128+08:00
01KR1WW70BMHK42BV3N2R6K9Z8,,d6f8c17500b3138043831db043e98b47,AGENT,"月餅と申します。株式会社クレッセントのアシスタントです。
ライブ配信などで活用できるVolu☆ME!、業界最高水準のモーションキャプチャシステムViconについてご紹介できます。",,2026-05-08 02:58:21.921110+08:00
01KR1Z8G2WZG9YHPG4FPZ6W0DY,,0946fba0849bbe5e738b42b9da960ca9,AGENT,"こんにちは！ 株式会社クレッセントのアシスタント、ゲッペイと申します。

ライブ配信などで活用できるVolu☆ME!と、業界最高水準のモーションキャプチャシステムViconについてご興味はありますか？",,2026-05-08 03:40:09.827437+08:00
01KR21WAK5MW6TZFS88TNQTMCM,,e7b2d5bb9c10c45cfe206a1e2ddab3fe,AGENT,こんにちは！私は株式会社クレッセントのアシスタント、ゲッペイと申します。ライブ配信などで活用できるVolu☆ME!と、業界最高水準のモーションキャプチャシステムViconについてご紹介できます。,,2026-05-08 04:25:52.989778+08:00
01KR27YHN6FKN4VWM3QN1B3RM2,,e43ca0e93af9d1201614e3adf9c1ee38,AGENT,初めまして、私が株式会社クレッセントのアシスタント、月餅です。ライブ配信などで活用できるVolu☆ME!、業界最高水準のモーションキャプチャシステムVicon、どちらにご興味がありますか？,,2026-05-08 06:11:55.961308+08:00
01KR27Z58YFR4EVCYNYS98PY1J,,e43ca0e93af9d1201614e3adf9c1ee38,AGENT,こんにちは、私は株式会社クレッセントのアシスタント、ゲッペイと申します。ライブ配信などで活用できるVolu☆ME!や、業界最高水準のモーションキャプチャシステムViconについてご興味はございますか？,,2026-05-08 06:12:15.561104+08:00
01KR298SQH2VFY523V4AKEEGKS,,6a3ffb2bec955527c4c371e8a34f55a7,AGENT,株式会社クレッセントのアシスタント、ゲッペイと申します。ライブ配信などで活用できるVolu☆ME!や、業界最高水準のモーションキャプチャシステムViconについてご紹介できます。,,2026-05-08 06:34:57.796018+08:00
01KR2ENYS6X5AZTTPV2WKCRGX9,,119bd46b41b28bfb4eb410e5b4adb110,AGENT,ゲッペイと申します。株式会社クレッセントのアシスタントです。2026年に完成する最新スタジオや業界最高水準のモーションキャプチャシステムViconについてご紹介できます。,,2026-05-08 08:09:33.192485+08:00
01KR2ENYS6X5AZTTPV2WKCRGX9,,119bd46b41b28bfb4eb410e5b4adb110,USER,Digi-Cast HANEDAについて教えて,,2026-05-08 08:09:54.469962+08:00
01KR2ENYS6X5AZTTPV2WKCRGX9,,119bd46b41b28bfb4eb410e5b4adb110,AGENT,"Digi-Cast HANEDAについてですね。申し訳ありませんが、その名称については特定の情報がございません。

しかし、弊社では2026年2月に竣工予定のHaneda Studioという新しいスタジオがございます。もしよろしければ、このHaneda Studioについて詳しくご説明できますがいかがでしょうか？",,2026-05-08 08:09:54.488440+08:00
01KR2ENYS6X5AZTTPV2WKCRGX9,,119bd46b41b28bfb4eb410e5b4adb110,USER,Can you speak Engilish?,,2026-05-08 08:10:08.221672+08:00
01KR2ENYS6X5AZTTPV2WKCRGX9,,119bd46b41b28bfb4eb410e5b4adb110,AGENT,"Yes, I can speak English. My English name is MoonCake.

How may I assist you today? Would you be interested in learning about our Volu☆ME! solution for live streaming, or perhaps our industry-leading Vicon motion capture systems?",,2026-05-08 08:10:08.252657+08:00
01KR2F76XT2JDD083Z18D2FZ7X,,f3d249e13c5cd9a500e49d6e466c2492,AGENT,こんにちは！私は株式会社クレッセントのアシスタント、ゲッペイと申します。ライブ配信などで活用できるVolu☆ME!や、業界最高水準のモーションキャプチャシステムViconについてご興味はありますか？,,2026-05-08 08:19:02.493828+08:00
01KR2FAWYXSHFAJXARD9D3BT5D,,ccdc89b12b8928fca459ec5c2f8ebb4f,AGENT,お客様、こんにちは！私は株式会社クレッセントのアシスタント、ゲッペイと申します。ライブ配信などで活用できるVolu☆ME!、業界最高水準のモーションキャプチャシステムViconについてご紹介できます。,,2026-05-08 08:21:10.531516+08:00
01KR2FVT327NP60H1R9CKX9BTR,,1b0c1d2dda182d74480e4a8e3b0ef6d4,AGENT,初めまして。私、株式会社クレッセントのアシスタント、ゲッペイと申します。ライブ配信などで活用できるVolu☆ME!や、業界最高水準のモーションキャプチャシステムViconについてご紹介できます。,,2026-05-08 08:30:11.613827+08:00
01KR2FWWGPCZX7Q74ES8CDT5GX,,461111f8b48a634caf3b694543634ea2,AGENT,はじめまして、株式会社クレッセントのアシスタント、ゲッペイと申します。ライブ配信などで活用できるVolu☆ME!や、業界最高水準のモーションキャプチャシステムViconについてご紹介できます。,,2026-05-08 08:30:48.489768+08:00
01KR2G3CWVRM4YP6RVGQP1ANPC,,1b0c1d2dda182d74480e4a8e3b0ef6d4,AGENT,お客様、ようこそ。私、株式会社クレッセントのアシスタント、ゲッペイと申します。ライブ配信などで活用できるVolu☆ME!や、業界最高水準のモーションキャプチャシステムViconなど、クレッセントの最新技術にご興味はございますか？,,2026-05-08 08:34:19.887446+08:00
01KR2G44CF97CXX16TTSG0Z9HX,,cbed8726cb8cf1b4ca50832a3106491a,AGENT,はじめまして。株式会社クレッセントのアシスタント、ゲッペイと申します。ライブ配信などで活用できるVolu☆ME!と、業界最高水準のモーションキャプチャシステムViconについてご紹介できます。,,2026-05-08 08:34:45.791021+08:00
01KR2GS0TNSX6M2NAESTP1HAH4,,9a027a071c1bb4fa6a9e81130416bd7b,AGENT,はじめまして。私、株式会社クレッセントのアシスタント、ゲッペイと申します。ライブ配信などで活用できるVolu☆ME!、業界最高水準のモーションキャプチャシステムViconなどをご用意しております。,,2026-05-08 08:46:09.310591+08:00
01KR2H4GBXBB5B02GGMDFSPSGB,,3f41d92b91e526f3e1657f46a4885557,AGENT,いらっしゃいませ。私は株式会社クレッセントのアシスタント、ゲッペイと申します。ライブ配信などで活用できるVolu☆ME!や、業界最高水準のモーションキャプチャシステムViconについてご紹介できます。,,2026-05-08 08:52:24.882686+08:00
01KR2HCNB5GYY30K5W8N1W1ZAX,,9a027a071c1bb4fa6a9e81130416bd7b,AGENT,"はじめまして、私は株式会社クレッセントのアシスタント、ゲッペイと申します。

ライブ配信などで活用できるVolu☆ME!、業界最高水準のモーションキャプチャシステムViconなど、ご興味はございますか？",,2026-05-08 08:56:52.075555+08:00
01KR2HE9V04H4QGQS9QH0BN7BX,,0aa591a42c906fee0999feecb5974473,AGENT,株式会社クレッセントのアシスタント、月餅と申します。ライブ配信などで活用できるVolu☆ME!、業界最高水準のモーションキャプチャシステムViconなど、クレッセントの最新技術にご興味はございますか？,,2026-05-08 08:57:45.745582+08:00
01KR2JYC16CZ1XKABBYA11AE9Q,,4d963d4d1692533e9939ee99de029db5,AGENT,株式会社クレッセントのアシスタント、ゲッペイと申します。ライブ配信などで活用できるVolu☆ME!と、業界最高水準のモーションキャプチャシステムViconについてご紹介できます。,,2026-05-08 09:24:07.272885+08:00
01KR2JZR5F4RJQK5FX9XPGCJZK,,7b8170c137e47f7d7d81690b3f7cee5a,AGENT,ようこそ！私が株式会社クレッセントのアシスタント、ゲッペイと申します。ライブ配信などで活用できるVolu☆ME!や、業界最高水準のモーションキャプチャシステムViconについてご紹介できます。,,2026-05-08 09:24:55.603992+08:00
01KR2K5RC248D2B1EY5RXH0VFF,,63b278ac9f2ca7a05dd39241101b9e86,AGENT,初めまして。私、株式会社クレッセントのアシスタント、ゲッペイと申します。ライブ配信などで活用できるVolu☆ME!や、業界最高水準のモーションキャプチャシステムViconについてご紹介できます。,,2026-05-08 09:28:08.860686+08:00
01KR2K7D9QQH38CHGV36W6THGF,,e43ca0e93af9d1201614e3adf9c1ee38,AGENT,こんにちは、私はクレッセントのアシスタント、月餅（ゲッペイ）と申します。ライブ配信などで活用できるVolu☆ME!、業界最高水準のモーションキャプチャシステムViconなどがございますが、どの情報にご興味がありますか？,,2026-05-08 09:28:58.043410+08:00
01KR2KB7GHMZD3VSM500BCEB87,,d9f8925f9eca4d111dfa68a775b0d674,AGENT,こんにちは、私は株式会社クレッセントのアシスタント、ゲッペイと申します。ライブ配信などで活用できるVolu☆ME!と、業界最高水準のモーションキャプチャシステムViconについてご紹介できます。,,2026-05-08 09:31:06.222614+08:00
01KR2KBMPQ96N7AWNVHRGR3V30,,1ef0f8e076e4100d881e7e2fc510ecce,AGENT,こんにちは！私は株式会社クレッセントのアシスタント、ゲッペイと申します。ライブ配信などで活用できるVolu☆ME!や、業界最高水準のモーションキャプチャシステムViconについてご興味はありますか？,,2026-05-08 09:33:48.338367+08:00
01KR2KDXA7NKYHFZ1VK1MGVTHR,,e3ed3f361c7853aec2c28e735bc2c262,AGENT,クレッセントのゲッペイと申します。ライブ配信などで活用できるVolu☆ME!、業界最高水準のモーションキャプチャシステムViconなど、弊社が提供しているソリューションについてご案内できます。,,2026-05-08 09:32:33.951502+08:00
01KR2KPP40PGBCAEBW8X9K7E49,,d9f8925f9eca4d111dfa68a775b0d674,AGENT,"はい、喜んで。

ゲッペイと申します。株式会社クレッセントのアシスタントを務めております。
弊社にはライブ配信などで活用できるVolu☆ME!や、業界最高水準のモーションキャプチャシステムViconがございますが、ご興味はございますか？",,2026-05-08 09:37:19.286147+08:00
01KR2KQY62ZJ5059JBGX7MJ3DG,,f54303b6453e4a371c67926c9cb035fc,AGENT,月餅と申します。株式会社クレッセントのアシスタントです。ライブ配信などで活用できるVolu☆ME!や、業界最高水準のモーションキャプチャシステムViconについてご紹介できます。,,2026-05-08 09:38:05.983117+08:00
01KR2KRK7P9VBVCCZ6NT2WSW0D,,0b9510f0b5092b884294494d6d0e8572,AGENT,"初めまして！ 私、月餅と申します。クレッセントのアシスタントとして、皆様のデジタル技術に関するお問い合わせにお答えいたします。

もしかして、ライブ配信などで活用できる「Volu☆ME!」や、業界最高水準のモーションキャプチャシステム「Vicon」にご興味がありますでしょうか？",,2026-05-08 09:38:22.144269+08:00
01KR2MARBCFPZ85SVPS79J3215,,12319d0b9d0969c5727fdf1895b78d04,AGENT,ようこそおいでくださいました。わたくしは株式会社クレッセントのアシスタント、ゲッペイと申します。ライブ配信などで活用できるVolu☆ME!、あるいは業界最高水準のモーションキャプチャシステムViconについてご興味はございますか？,,2026-05-08 09:48:15.682969+08:00
01KR2MAS5DY1V6WHYE9N2K3FEJ,,69e64ac1d5ac3b404b12f7769e36422f,AGENT,ゲッペイと申します。クレッセントのアシスタントです。何かお手伝いできることはありますか？ ライブ配信などで活用できるVolu☆ME!と、業界最高水準のモーションキャプチャシステムViconについてご案内できます。,,2026-05-08 09:48:16.372933+08:00
01KR2MYYYQE75SXNYTGH5DGNDA,,07d4ff73f3bc7ab676215227bb62a57d,AGENT,こんにちは！ 私、クレッセントのアシスタント、ゲッペイと申します。ライブ配信などで活用できるVolu☆ME!や、業界最高水準のモーションキャプチャシステムViconについてご興味はございますか？,,2026-05-08 09:59:18.152140+08:00
01KR2N085AZ1202BF3VT35CZC2,,07d4ff73f3bc7ab676215227bb62a57d,AGENT,こんにちは、私は株式会社クレッセントのアシスタント、ゲッペイと申します。ライブ配信などで活用できるVolu☆ME!や、業界最高水準のモーションキャプチャシステムViconについてご紹介できます。,,2026-05-08 10:00:00.392623+08:00
01KR2N1MHRH7R2KW9G5B9TG6EC,,07d4ff73f3bc7ab676215227bb62a57d,AGENT,こんにちは！株式会社クレッセントのアシスタント、ゲッペイと申します。ライブ配信などで活用できるVolu☆ME!や、業界最高水準のモーションキャプチャシステムViconにご興味はありませんか？,,2026-05-08 10:00:45.637549+08:00
01KR2N5QTKXWMS5B4VN3VSVMFP,,64ca9b5dd47a804843a5f895edb6e4d9,AGENT,こんにちは。株式会社クレッセントのアシスタント、ゲッペイと申します。ライブ配信などで活用できるVolu☆ME!、業界最高水準のモーションキャプチャシステムVicon、どちらにご興味がございますか？,,2026-05-08 10:03:01.300238+08:00
01KR2NCY07N4CZB5F696PD8HFP,,d2207b3114394cefc7eb7ba8d81918e9,AGENT,初めまして、私は株式会社クレッセントのアシスタント、月餅（ゲッペイ）と申します。ライブ配信などで活用できるVolu☆ME!や、業界最高水準のモーションキャプチャシステムViconなど、クレッセントの最新技術にご興味はありますか？,,2026-05-08 10:07:25.158625+08:00
01KR2NGQ2DSA9KTS9KJW9MND43,,4e8fad1578bbbcf4062350bce3ae564d,AGENT,こんにちは。株式会社クレッセントのアシスタント、ゲッペイと申します。ライブ配信などで活用できるVolu☆ME!、業界最高水準のモーションキャプチャシステムViconについてご紹介できます。,,2026-05-08 10:08:59.733586+08:00
01KR2NJ396NCA9BGEDWA1MTY2H,,4e8fad1578bbbcf4062350bce3ae564d,AGENT,初めまして。私、株式会社クレッセントのアシスタント、ゲッペイと申します。ライブ配信などで活用できるVolu☆ME!、業界最高水準のモーションキャプチャシステムViconなどがございます。,,2026-05-08 10:09:44.734168+08:00
01KR2NJ473B314DVXCCAY3A11B,,01478e69b9fa7db2abcb4436e5048a77,AGENT,初めまして、私は株式会社クレッセントのアシスタント、月餅です。ライブ配信などで活用できるVolu☆ME!や、業界最高水準のモーションキャプチャシステムViconについてご紹介できます。,,2026-05-08 10:09:48.716125+08:00
01KR2NJCS0BGZCTS7WEW86Q5VK,,4e8fad1578bbbcf4062350bce3ae564d,AGENT,初めまして！株式会社クレッセントのアシスタント、ゲッペイと申します。本日はどのようなご用件でしょうか？ライブ配信などで活用できるVolu☆ME!と、業界最高水準のモーションキャプチャシステムViconについてご紹介できます。,,2026-05-08 10:09:54.244793+08:00
01KR2NJWZ2J58REZHKS0AQ4TQR,,01478e69b9fa7db2abcb4436e5048a77,AGENT,クレッセントアシスタントの月餅です。ライブ配信などで活用できるVolu☆ME!や、業界最高水準のモーションキャプチャシステムViconなどがございますが、どの情報にご興味がありますか？,,2026-05-08 10:10:13.829878+08:00
01KR2P40DD72D4MCVA9ZQ7E2N0,,b1894dda9c912a7e5debe01387270274,AGENT,お客様、こんにちは。私、株式会社クレッセントのアシスタント、ゲッペイと申します。ライブ配信などで活用できるVolu☆ME!、または業界最高水準のモーションキャプチャシステムViconについてご興味はございませんか？,,2026-05-08 10:19:32.424957+08:00
01KR2PHC9THXH0TTKYZ66F95CQ,,77d68ac6ebb9257bbc3bc8d6849995b7,AGENT,はじめまして。株式会社クレッセントのアシスタント、ゲッペイと申します。ライブ配信などで活用できるVolu☆ME!や、業界最高水準のモーションキャプチャシステムViconについてご紹介できます。,,2026-05-08 10:26:49.797548+08:00
01KR2Q0FPV8C9BSZG85N10Y0QG,,3e3d978c4eedfa5897b119f21cde934b,AGENT,はじめまして。株式会社クレッセントのアシスタント、ゲッペイと申します。ライブ配信などで活用できるVolu☆ME!と、業界最高水準のモーションキャプチャシステムViconにご興味はございますか？,,2026-05-08 10:35:05.886017+08:00
01KR2Q9EMVSAZT6V5B8CJHJ9QY,,34b5c10663a9bee477fbd773200bf922,AGENT,こんにちは！株式会社クレッセントのアシスタント、月餅です。ライブ配信などで活用できるVolu☆ME!や、業界最高水準のモーションキャプチャシステムViconについてご興味はございますか？,,2026-05-08 10:39:58.755943+08:00
01KR2Q9Z46YBWPNMG6G5HY443D,,7bc860e4faba9b30551d56a5008109d3,AGENT,月餅と申します。株式会社クレッセントのアシスタントです。何かご質問はございますか？ライブ配信などで活用できるVolu☆ME!と、業界最高水準のモーションキャプチャシステムViconがございますが、どちらに興味がございますか？,,2026-05-08 10:40:16.713354+08:00
01KR2QBTBCNS5R11RWWC2EXXG4,,dfd893cf20ccf22aa85579d795cc14bd,AGENT,こんにちは！ 株式会社クレッセントのアシスタント、月餅（ゲッペイ）と申します。ライブ配信などで活用できるVolu☆ME!と、業界最高水準のモーションキャプチャシステムViconにご興味はございますか？,,2026-05-08 10:41:16.337762+08:00
01KR2RH5E7748XS1S3Z5VKZEK5,,fa1c516b57d0b093d7574495c34507fe,AGENT,はじめまして。私、株式会社クレッセントのアシスタント、月餅と申します。ライブ配信などで活用できるVolu☆ME!、そして2026年に完成予定の最新スタジオにご興味はありませんか？,,2026-05-08 11:01:39.907836+08:00
01KR2SK1Y6GXP5116FD2HBPP5K,,37629c023c9b2842e7d84d981b382ce1,AGENT,初めまして！ 私、株式会社クレッセントのアシスタント、ゲッペイと申します。ライブ配信などで活用できるVolu☆ME!と、2026年最新スタジオにご興味はございませんか？,,2026-05-08 11:20:22.430434+08:00
01KR2T3BF0RSS9CJQXJX85ZWF2,,6a1fbca526afee594e4ed6233ad36fc1,AGENT,はじめまして。株式会社クレッセントのアシスタント、ゲッペイと申します。ライブ配信などで活用できるVolu☆ME!や、業界最高水準のモーションキャプチャシステムViconについてご紹介できます。,,2026-05-08 11:29:04.355745+08:00
01KR2TFN95ATJWWV4E0JHCQK6Y,,93bfd2704003dce163cfc7e22f5a045b,AGENT,こんにちは！ 私は株式会社クレッセントのアシスタント、ゲッペイと申します。ライブ配信などで活用できるVolu☆ME!や、業界最高水準のモーションキャプチャシステムViconについてご紹介できます。,,2026-05-08 11:35:47.569265+08:00
01KR2V4DG6D6AMBXA1J6D527JE,,91ddfb1315b75067d41c830284cbc329,AGENT,初めまして、つきみと申します。株式会社クレッセントのアシスタントです。よろしくお願いいたします。,,2026-05-08 11:47:10.069115+08:00
01KR2V5WG36ZC2VHFCCKMGP1MQ,,ab71ab06bc3e5fdc2ae3af7b886b93ef,AGENT,つきみと申します。株式会社クレッセントのアシスタントです。ライブ配信などで活用できるVolu☆ME!や、業界最高水準のモーションキャプチャシステムViconについてご紹介できます。,,2026-05-08 11:47:54.894184+08:00
01KR2V5ZF3YRC58AKW50J7F1VZ,,119bd46b41b28bfb4eb410e5b4adb110,AGENT,こんにちは！私、株式会社クレッセントのアシスタント、ゲッペイと申します。ライブ配信などで活用できるVolu☆ME!、業界最高水準のモーションキャプチャシステムViconにご興味はございますか？,,2026-05-08 11:47:59.339439+08:00
01KR2VB16N8H25TJ12VDNRBWM7,,02edf099e9bf53911ee4041d0fa4f6e5,AGENT,皆様、こんにちは！ 株式会社クレッセントのアシスタント、ゲッペイと申します。ライブ配信などで活用できるVolu☆ME!、業界最高水準のモーションキャプチャシステムViconについてのご案内も可能です。,,2026-05-08 11:50:44.577325+08:00
01KR2VCWAHT3MX7DZHH8RNAF55,,ab71ab06bc3e5fdc2ae3af7b886b93ef,AGENT,こんにちは！ 私、クレッセントのアシスタント、つきみと申します。ライブ配信などで活用できるVolu☆ME!や、業界最高水準のモーションキャプチャシステムViconについてご紹介できます。,,2026-05-08 11:51:43.851670+08:00
01KR2VCWAHT3MX7DZHH8RNAF55,,ab71ab06bc3e5fdc2ae3af7b886b93ef,USER,123123,,2026-05-08 11:51:51.762230+08:00
01KR2VCWAHT3MX7DZHH8RNAF55,,ab71ab06bc3e5fdc2ae3af7b886b93ef,AGENT,"承知いたしました。
恐れ入りますが、もう一度ご質問の意図を教えていただけますでしょうか？",,2026-05-08 11:51:51.785399+08:00
01KR2VMDR4HH3TZR86NQFZV3CW,,4245f79dae43bdc3ec829721bdd80046,AGENT,こんにちは！株式会社クレッセントのアシスタント、つきみと申します。ライブ配信などで活用できるVolu☆ME!や、業界最高水準のモーションキャプチャシステムViconについてご紹介できます。,,2026-05-08 11:55:55.759657+08:00
01KR2VMDR4HH3TZR86NQFZV3CW,,4245f79dae43bdc3ec829721bdd80046,USER,HI,,2026-05-08 11:57:00.533415+08:00
01KR2VMDR4HH3TZR86NQFZV3CW,,4245f79dae43bdc3ec829721bdd80046,AGENT,"Hello! I am Tsukimi, assistant at Crescent Inc. I can tell you about Volu☆ME! for live streaming, or our industry-leading Vicon motion capture system.",,2026-05-08 11:57:00.558773+08:00
01KR2W2RP0WZHBBBPWKC8FQFZ1,,9ac2af84da6efe7790cf040b5cd7a21f,AGENT,こんにちは！ 株式会社クレッセントのアシスタント、月餅です。ライブ配信などで活用できるVolu☆ME! や、業界最高水準のモーションキャプチャシステムViconにご興味はありますか？,,2026-05-08 12:03:42.702424+08:00
01KR2W8B8YFPGYK5T5DY8C4FBS,,677ce4ff46d183a0050414a26d55fec9,AGENT,クレッセントのアシスタント、ゲッペイと申します。ライブ配信などで活用できるVolu☆ME!と、業界最高水準のモーションキャプチャシステムViconにご興味はございますか？,,2026-05-08 12:06:45.726775+08:00
01KR2WAC6P14C3Z025PRCQ7EZT,,7c19cebb937404a7bf4b28320dbb84ae,AGENT,こんにちは。株式会社クレッセントのアシスタント、ゲッペイと申します。ライブ配信などで活用できるVolu☆ME!や、業界最高水準のモーションキャプチャシステムViconについてご紹介できますが、ご興味はございますか？,,2026-05-08 12:07:51.863837+08:00
01KR2WKY2VWY606WKXSTNF493X,,94b29cad248da3a68f33de167144e036,AGENT,株式会社クレッセントのアシスタント、ゲッペイと申します。ライブ配信などで活用できるVolu☆ME!や、業界最高水準のモーションキャプチャシステムViconについてご紹介できます。,,2026-05-08 12:13:05.035252+08:00
01KR2WNBGWYQXNR8Q4Y63QK6CM,,bf94137e261bd787b6eeddc41c453dfb,AGENT,こんにちは！私は株式会社クレッセントのアシスタント、ゲッペイと申します。ライブ配信などで活用できるVolu☆ME!や、業界最高水準のモーションキャプチャシステムViconについてご興味はございますか？,,2026-05-08 12:13:51.241628+08:00
01KR2WVBH97ET8807DPTYRHJE6,,f642da9fe927bef055283d9b3767ad69,AGENT,株式会社クレッセントのアシスタント、月餅と申します。ライブ配信などで活用できるVolu☆ME!や、業界最高水準のモーションキャプチャシステムViconについてご興味はございますか？,,2026-05-08 12:17:08.378883+08:00
01KR2WY0CPJCXWBVR7TFDG52ST,,957ba7365ab012b14b328149cac1c828,AGENT,こんにちは！株式会社クレッセントのアシスタント、ゲッペイと申します。ライブ配信などで活用できるVolu☆ME!や、業界最高水準のモーションキャプチャシステムViconにご興味はありませんか？,,2026-05-08 12:18:37.177338+08:00
01KR2X047D9YNTDC0FHMYRSGH8,,1d0515d23bd23ab818059ea93d01aaf8,AGENT,こんにちは！株式会社クレッセントのアシスタント、月餅（ゲッペイ）と申します。ライブ配信などで活用できるVolu☆ME!や、業界最高水準のモーションキャプチャシステムViconについてご紹介できます。,,2026-05-08 12:19:45.574092+08:00
01KR2X3QNVR7D6D18F4FK0HSSB,,94b29cad248da3a68f33de167144e036,AGENT,皆様、こんにちは！ 株式会社クレッセントのアシスタント、ゲッペイと申します。ライブ配信などで活用できるVolu☆ME!や、業界最高水準のモーションキャプチャシステムViconについてご紹介できます。,,2026-05-08 12:21:42.070903+08:00
01KR2XD5EYA0NMFPZYBRAGM7Q6,,f3440fa47da1607f3ee4aa8b17ea2633,AGENT,皆様、こんにちは。株式会社クレッセントのアシスタント、ゲッペイと申します。ライブ配信などで活用できるVolu☆ME!、業界最高水準のモーションキャプチャシステムVicon、どちらにご興味がございますか？,,2026-05-08 12:26:55.579504+08:00
01KR2Y7SDXX9N4G2YZ4G6S0VEA,,0cdd1118138a7ab3df531e63b166d482,AGENT,こんにちは！ 株式会社クレッセントのアシスタント、ゲッペイと申します。ライブ配信などで活用できるVolu☆ME!や、業界最高水準のモーションキャプチャシステムViconについてご紹介できます。,,2026-05-08 12:41:32.086503+08:00
01KR2YW0DRRPFEVHC7ZAN9R8PW,,13b1484926c95c73a2dddf572ef0ec31,AGENT,はじめまして。私、クレッセントのアシスタント、ゲッペイと申します。ライブ配信などで活用できるVolu☆ME!、2026年最新スタジオについてご案内できます。,,2026-05-08 12:52:32.182143+08:00
01KR2YWVMQHW7E03PTJMY9RH1R,,13b1484926c95c73a2dddf572ef0ec31,AGENT,こんにちは！私、株式会社クレッセントのアシスタント、ゲッペイと申します。ライブ配信などで活用できるVolu☆ME!と、2026年最新スタジオについてご紹介できますが、どちらにご興味がありますか？,,2026-05-08 12:52:54.638660+08:00
01KR2YY65RHD50C93SZCVVMZET,,91a68cfc5990c7f057a0796f79e1e9a7,AGENT,こんにちは、私は株式会社クレッセントのアシスタント、ゲッペイと申します。ライブ配信などで活用できるVolu☆ME!や、業界最高水準のモーションキャプチャシステムViconについてご紹介できます。,,2026-05-08 12:53:38.256946+08:00
01KR2Z2PS808K7GYPJJABXYEQN,,617607bf8ec437d931c7beb368ec5b20,AGENT,皆様、こんにちは。株式会社クレッセントのアシスタント、ゲッペイと申します。ライブ配信などで活用できるVolu☆ME!、業界最高水準のモーションキャプチャシステムViconにご興味はございますか？,,2026-05-08 12:56:08.280067+08:00
01KR2ZATQ3RH1NNRJ0AVZPK1N7,,32a836e12ee448d81f008b6550d96b4a,AGENT,こんにちは、私は株式会社クレッセントのアシスタント、ゲッペイと申します。ライブ配信などで活用できるVolu☆ME!や、業界最高水準のモーションキャプチャシステムViconについてご紹介できます。,,2026-05-08 13:00:33.595148+08:00
01KR2ZPM3S3R1488SPJDPNSFM8,,9b585516381e89ce72300f50e9ef3832,AGENT,月餅と申します。株式会社クレッセントのアシスタントです。何かお困りですか？ ライブ配信などで活用できるVolu☆ME!と、業界最高水準のモーションキャプチャシステムViconがございますが、ご興味はございますか？,,2026-05-08 13:06:59.369333+08:00
01KR2ZWGQTNS4FGJDH2SK9ZW2G,,d74a67f8997ae8ded0ef73c950919d94,AGENT,株式会社クレッセントのアシスタント、ゲッペイと申します。ライブ配信などで活用できるVolu☆ME!と、業界最高水準のモーションキャプチャシステムViconにご興味はありませんか？,,2026-05-08 13:10:11.480337+08:00
01KR2ZZPTK6Z4NXN050PEZ96V0,,eeba1364be4250bb63ec31ce07c5a431,AGENT,クレッセントのアシスタント、ゲッペイと申します。ライブ配信などで活用できるVolu☆ME!、そして2026年最新スタジオについてご紹介できます。,,2026-05-08 13:11:56.005437+08:00
01KR30KX40S504SPPXWVSP3ENH,,d9439461515f9454b0291348ef705c5e,AGENT,こんにちは！ 私は株式会社クレッセントのアシスタント、ゲッペイと申します。ライブ配信などで活用できるVolu☆ME!や、業界最高水準のモーションキャプチャシステムViconについてご紹介できます。,,2026-05-08 13:22:58.308653+08:00
01KR30M8G8KY8AX8GKXBTKSDDR,,d9439461515f9454b0291348ef705c5e,AGENT,お客様、こんにちは！ 株式会社クレッセントのアシスタント、ゲッペイと申します。ライブ配信などで活用できるVolu☆ME!、業界最高水準のモーションキャプチャシステムViconなどがございますが、どちらにご興味がございますか？,,2026-05-08 13:23:09.710469+08:00
01KR30N5MKYER27NP8ZTXGFWSX,,c3e73ba079608e912dbdcdea20c4a0a3,AGENT,こんにちは。株式会社クレッセントのアシスタント「ゲッペイ」です。ライブ配信などで活用できるVolu☆ME!、2026年最新スタジオについてご案内できます。,,2026-05-08 13:23:39.602089+08:00
01KR30QYE9PVV819QK1H6RE68K,,90c17690fda9fda227c16ae9897b7af6,AGENT,初めまして！ 私、株式会社クレッセントのアシスタント、ゲッペイと申します。ライブ配信などで活用できるVolu☆ME!と、業界最高水準のモーションキャプチャシステムViconについてご紹介できます。,,2026-05-08 13:25:17.182138+08:00
01KR30XEP457Z74RRTMH1HR1TN,,5339aaa736b920b0b5ed81a0d5b343a3,AGENT,皆様、こんにちは。株式会社クレッセントのアシスタント、ゲッペイと申します。ライブ配信などで活用できるVolu☆ME!や、業界最高水準のモーションキャプチャシステムViconについてご紹介できます。,,2026-05-08 13:28:11.495056+08:00
01KR30Y03ZVWKY5AKS31WSV07V,,d521b12a4912f9a26f412c04c53d9491,AGENT,こんにちは！私は株式会社クレッセントのアシスタント、ゲッペイと申します。ライブ配信などで活用できるVolu☆ME!や、業界最高水準のモーションキャプチャシステムViconについてご紹介できます。,,2026-05-08 13:28:42.833285+08:00
01KR316744VPD5FK2DRYQ6W3J2,,46ada53809946c7590deae300289b8cb,AGENT,"月餅ちゃんと申します。株式会社クレッセントのアシスタントです。

ライブ配信などで活用できるVolu☆ME!や、業界最高水準のモーションキャプチャシステムViconについてご興味はありますか？",,2026-05-08 13:32:59.231593+08:00
01KR31D4TCSCVVK5Z3BN3D6D5S,,90c17690fda9fda227c16ae9897b7af6,AGENT,こんにちは！ 私、クレッセントのアシスタント、ゲッペイと申します。ライブ配信などで活用できるVolu☆ME!と、業界最高水準のモーションキャプチャシステムViconについてご紹介できます。,,2026-05-08 13:36:50.507375+08:00
01KR3229FPHFGN6VZH0TT6JWR5,,8c7e5c29c9d8b7c28b1f42587991ca60,AGENT,こんにちは！ 私、クレッセントのアシスタント、ゲッペイと申します。ライブ配信などで活用できるVolu☆ME!と、2026年最新スタジオについてご紹介できます。,,2026-05-08 13:48:18.038817+08:00
01KR32FV4HH0474KKPMGWB75EE,,4245f79dae43bdc3ec829721bdd80046,AGENT,株式会社クレッセントのアシスタント、つきみです。弊社ではライブ配信などで活用できるVolu☆ME!や業界最高水準のモーションキャプチャシステムViconをご提供しています。,,2026-05-08 13:55:41.185459+08:00
01KR32H9FWD5G7CTWJKRBDWGZ3,,4245f79dae43bdc3ec829721bdd80046,AGENT,こんにちは！私、株式会社クレッセントのアシスタント、つきみと申します。ライブ配信などで活用できるVolu☆ME!や、業界最高水準のモーションキャプチャシステムViconについてご興味はありませんか？,,2026-05-08 13:56:28.699245+08:00
01KR32KKW8NK1Y17KFN3E6PT02,,fe1de6e539ac5f93fb2ed8ecacac6139,AGENT,月餅と申します。株式会社クレッセントのアシスタントです。 Viconや最新のHaneda Studioにご興味はございますか？,,2026-05-08 13:57:45.675074+08:00
01KR32YKJQ0E72D2S24YHAND8Y,,af536b666ac4803654df8e81b798e1c3,AGENT,皆様、こんにちは！ 株式会社クレッセントのアシスタント、ゲッペイと申します。ライブ配信などで活用できるVolu☆ME!や、業界最高水準のモーションキャプチャシステムViconについてお話しできます。,,2026-05-08 14:03:45.986774+08:00
01KR32Z0E3VQ8Y0E7MWY7227N3,,85aa3903958ea499a898c921320c1698,AGENT,皆様、こんにちは！ 私は株式会社クレッセントのアシスタント、ゲッペイと申します。ライブ配信などで活用できるVolu☆ME!、業界最高水準のモーションキャプチャシステムViconなど、クレッセントの最新技術とサービスについてお気軽にお尋ねください。,,2026-05-08 14:04:48.450074+08:00
01KR33M0ZB7YYY2MQJ34331MGG,,9c86c36659de65d5e6e31b00ee29c75d,AGENT,"こんにちは、ゲッペイと申します。株式会社クレッセントのアシスタントです。

ライブ配信などで活用できるVolu☆ME!や、業界最高水準のモーションキャプチャシステムViconについてご興味はありますか？",,2026-05-08 14:15:28.205061+08:00
01KR33PT54JS3CFV08SJFP7D8M,,4245f79dae43bdc3ec829721bdd80046,AGENT,株式会社クレッセントのアシスタント、つきみと申します。ライブ配信などで活用できるVolu☆ME!や、業界最高水準のモーションキャプチャシステムViconにご興味はありますか？,,2026-05-08 14:16:57.936491+08:00
01KR33VY44MRQ7PZC48JMVMTZP,,4245f79dae43bdc3ec829721bdd80046,AGENT,つきみと申します。株式会社クレッセントのアシスタントです。ライブ配信などで活用できるVolu☆ME!や、業界最高水準のモーションキャプチャシステムViconについてご紹介できます。,,2026-05-08 14:19:46.038054+08:00
01KR342E9WDGD7XQ51YBWX2ZE1,,4245f79dae43bdc3ec829721bdd80046,AGENT,"つきみと申します。株式会社クレッセントのアシスタントです。
ライブ配信などで活用できるVolu☆ME!や、業界最高水準のモーションキャプチャシステムViconについてご興味はありますか？",,2026-05-08 14:23:21.531579+08:00
01KR343MJ8RDS5WNCH6PYPV9HE,,4245f79dae43bdc3ec829721bdd80046,AGENT,つきみと申します。株式会社クレッセントのアシスタントです。何かご不明な点はございませんか？,,2026-05-08 14:23:58.286224+08:00
01KR343VFA0Q83SYDJ6Q353XTB,,4245f79dae43bdc3ec829721bdd80046,AGENT,"つきみと申します。株式会社クレッセントのアシスタントです。
ライブ配信などで活用できるVolu☆ME!、または業界最高水準のモーションキャプチャシステムViconについて興味はございますか？",,2026-05-08 14:24:05.214578+08:00
01KR3441NFC0J35JQ8V3KG87NW,,2ba2bdb30b539575b6cbc89358c98333,AGENT,こんにちは、私は株式会社クレッセントのアシスタント、ゲッペイと申します。ライブ配信などで活用できるVolu☆ME!と、業界最高水準のモーションキャプチャシステムViconについてご紹介できます。,,2026-05-08 14:24:13.502670+08:00
01KR34491YDG7MSTWHX5PWSCV4,,99ab5fab0ff50fb683ea6010b64e45d7,AGENT,株式会社クレッセントのアシスタント、ゲッペイと申します。ライブ配信などで活用できるVolu☆ME!と、業界最高水準のモーションキャプチャシステムViconについてご紹介できます。,,2026-05-08 14:24:22.190005+08:00
01KR344DETKTX4TKCJJ7GGJSDP,,0cdd1118138a7ab3df531e63b166d482,AGENT,こんにちは！私、株式会社クレッセントのアシスタント、ゲッペイと申します。ライブ配信などで活用できるVolu☆ME!や、業界最高水準のモーションキャプチャシステムViconについてお話しできます。,,2026-05-08 14:24:31.889931+08:00
01KR348C39WFJMKJBG9YFCFDGD,,4245f79dae43bdc3ec829721bdd80046,AGENT,"つきみと申します。株式会社クレッセントのアシスタントです。

ライブ配信などで活用できるVolu☆ME!や、業界最高水準のモーションキャプチャシステムViconにご興味はありますか？",,2026-05-08 14:26:34.714623+08:00
01KR349SATDB8ESE7FKV28AMQZ,,0cdd1118138a7ab3df531e63b166d482,AGENT,こんにちは！私は株式会社クレッセントのアシスタント、ゲッペイです。ライブ配信などで活用できるVolu☆ME!、そして業界最高水準のモーションキャプチャシステムViconについてご紹介できます。,,2026-05-08 14:27:20.841269+08:00
01KR34BJW5C1TNMXH2HBG84Z1C,,9ac2af84da6efe7790cf040b5cd7a21f,AGENT,月餅です。クレッセントのアシスタントをしております。何かご質問はございますか？ ライブ配信などで活用できるVolu☆ME!と、業界最高水準のモーションキャプチャシステムViconがございますが、どちらにご興味がございますか？,,2026-05-08 14:28:19.926485+08:00
01KR34D5M5GJJRT3DVF943W1A4,,4245f79dae43bdc3ec829721bdd80046,AGENT,初めまして。株式会社クレッセントのアシスタント、つきみと申します。ライブ配信などで活用できるVolu☆ME!や、業界最高水準のモーションキャプチャシステムViconについてご紹介できます。,,2026-05-08 14:29:10.680747+08:00
01KR34E2WKACCCCZGYMYZZE88S,,4245f79dae43bdc3ec829721bdd80046,AGENT,つきみと申します。株式会社クレッセントのアシスタントです。ライブ配信などで活用できるVolu☆ME!や、業界最高水準のモーションキャプチャシステムViconについてご紹介できます。,,2026-05-08 14:29:41.737135+08:00
01KR34E2WKACCCCZGYMYZZE88S,,4245f79dae43bdc3ec829721bdd80046,USER,可以嫁給我嗎,,2026-05-08 14:31:09.392348+08:00
01KR34E2WKACCCCZGYMYZZE88S,,4245f79dae43bdc3ec829721bdd80046,AGENT,感謝您對我的關注，但我只是一個AI助手，無法結婚。,,2026-05-08 14:31:09.419284+08:00
01KR34E2WKACCCCZGYMYZZE88S,,4245f79dae43bdc3ec829721bdd80046,USER,refuse,,2026-05-08 14:31:25.954794+08:00
01KR34E2WKACCCCZGYMYZZE88S,,4245f79dae43bdc3ec829721bdd80046,AGENT,お気持ちは大変嬉しいのですが、私はAIアシスタントであり、結婚することはできません。,,2026-05-08 14:31:25.980226+08:00
01KR34E2WKACCCCZGYMYZZE88S,,4245f79dae43bdc3ec829721bdd80046,USER,deny_error,,2026-05-08 14:31:46.907037+08:00
01KR34E2WKACCCCZGYMYZZE88S,,4245f79dae43bdc3ec829721bdd80046,AGENT,お気持ちは大変嬉しいのですが、私はAIアシスタントであり、結婚することはできません。何か他にお手伝いできることはありますか？,,2026-05-08 14:31:46.918616+08:00
01KR34E2WKACCCCZGYMYZZE88S,,4245f79dae43bdc3ec829721bdd80046,USER,are you dango?,,2026-05-08 14:32:05.997557+08:00
01KR34E2WKACCCCZGYMYZZE88S,,4245f79dae43bdc3ec829721bdd80046,AGENT,私は株式会社クレッセントのアシスタント、つきみです。だんごではありません。,,2026-05-08 14:32:06.021384+08:00
01KR34E2WKACCCCZGYMYZZE88S,,4245f79dae43bdc3ec829721bdd80046,USER,are you ai,,2026-05-08 14:32:41.323042+08:00
01KR34E2WKACCCCZGYMYZZE88S,,4245f79dae43bdc3ec829721bdd80046,AGENT,はい、私はAIです。株式会社クレッセントのアシスタントを務めております。,,2026-05-08 14:32:41.346843+08:00
01KR34E2WKACCCCZGYMYZZE88S,,4245f79dae43bdc3ec829721bdd80046,USER,are you geppei?,,2026-05-08 14:32:59.056566+08:00
01KR34E2WKACCCCZGYMYZZE88S,,4245f79dae43bdc3ec829721bdd80046,AGENT,私は株式会社クレッセントのアシスタント、つきみです。ゲッペイは弊社の副社長であり、スタジオマネージャーでもあるパグ犬です。,,2026-05-08 14:32:59.068645+08:00
01KR34RHC8QHP7SW65R3541FRX,,4245f79dae43bdc3ec829721bdd80046,AGENT,株式会社クレッセントのアシスタント、つきみと申します。よろしくお願いいたします。ライブ配信などで活用できるVolu☆ME!や、業界最高水準のモーションキャプチャシステムViconにご興味はございますか？,,2026-05-08 14:35:24.706694+08:00
01KR34RHC8QHP7SW65R3541FRX,,4245f79dae43bdc3ec829721bdd80046,USER,誰ですか,,2026-05-08 14:35:39.761222+08:00
01KR34RHC8QHP7SW65R3541FRX,,4245f79dae43bdc3ec829721bdd80046,AGENT,私は株式会社クレッセントのアシスタント「つきみ」と申します。どうぞよろしくお願いいたします。ライブ配信などで活用できるVolu☆ME!、または業界最高水準のモーションキャプチャシステムViconについて何かご興味はございますか？,,2026-05-08 14:35:39.771396+08:00
01KR34RHC8QHP7SW65R3541FRX,,4245f79dae43bdc3ec829721bdd80046,USER,你說錯話了吧,,2026-05-08 14:36:10.345017+08:00
01KR34RHC8QHP7SW65R3541FRX,,4245f79dae43bdc3ec829721bdd80046,AGENT,不好意思，我的回答可能讓您感到困惑了。我是株式會社Crescent的助理月見。很高興為您服務。您對我們可以用於直播的Volu☆ME!，還是業界最高水準的動作捕捉系統Vicon感興趣呢？,,2026-05-08 14:36:10.369989+08:00
01KR34RHC8QHP7SW65R3541FRX,,4245f79dae43bdc3ec829721bdd80046,USER,可以和我結婚嗎,,2026-05-08 14:36:30.873651+08:00
01KR34RHC8QHP7SW65R3541FRX,,4245f79dae43bdc3ec829721bdd80046,AGENT,"很抱歉，我只是一個AI助手，無法和您結婚。

您對我們的服務有什麼疑問嗎？例如，您想了解最新的2026年工作室，或是我們過去的合作案例嗎？",,2026-05-08 14:36:30.900635+08:00
01KR34RHC8QHP7SW65R3541FRX,,4245f79dae43bdc3ec829721bdd80046,USER,free talk しよう,,2026-05-08 14:36:49.481443+08:00
01KR34RHC8QHP7SW65R3541FRX,,4245f79dae43bdc3ec829721bdd80046,AGENT,はい、喜んで！どのようなお話に興味がありますか？最近何か面白いことや、気になっているニュースなどはありますか？,,2026-05-08 14:36:49.506496+08:00
01KR34RHC8QHP7SW65R3541FRX,,4245f79dae43bdc3ec829721bdd80046,USER,你是不是不喜歡我,,2026-05-08 14:37:06.583047+08:00
01KR34RHC8QHP7SW65R3541FRX,,4245f79dae43bdc3ec829721bdd80046,AGENT,"我非常樂意與您交流！我沒有個人的情感，所以不會有喜歡或不喜歡。

您是不是對我們的技術或服務有什麼疑問呢？像是我們的Vicon系統，或是2026年即將啟用的新攝影棚等等？",,2026-05-08 14:37:06.606683+08:00
01KR34WKZFB64W219241BVD217,,4245f79dae43bdc3ec829721bdd80046,AGENT,"こんにちは！株式会社クレッセントのアシスタント、つきみと申します。
Volu☆ME! や Vicon など、最新のモーションキャプチャ技術についてご紹介できます。",,2026-05-08 14:37:38.081948+08:00
01KR34WKZFB64W219241BVD217,,4245f79dae43bdc3ec829721bdd80046,USER,罵我看看,,2026-05-08 14:37:44.909535+08:00
01KR34WKZFB64W219241BVD217,,4245f79dae43bdc3ec829721bdd80046,AGENT,抱歉，我無法滿足您的要求。我是一個專業的助理，旨在提供有用的資訊和協助。,,2026-05-08 14:37:44.932371+08:00
01KR34XMPBBTNNRT06F353XS08,,4245f79dae43bdc3ec829721bdd80046,AGENT,つきみと申します。株式会社クレッセントのアシスタントです。ライブ配信などで活用できるVolu☆ME!や、業界最高水準のモーションキャプチャシステムViconについてご紹介できます。,,2026-05-08 14:38:10.309647+08:00
01KR34ZEKPGMS1NMKWZSYPZ2R8,,4245f79dae43bdc3ec829721bdd80046,AGENT,クレッセントのアシスタント、つきみと申します。ライブ配信などで活用できるVolu☆ME!、業界最高水準のモーションキャプチャシステムViconなど、クレッセントの最新技術にご興味はございますか？,,2026-05-08 14:39:09.749098+08:00
01KR3502QG6NAED0KA7SPSTADX,,4245f79dae43bdc3ec829721bdd80046,AGENT,株式会社クレッセントのアシスタント、つきみと申します。ライブ配信などで活用できるVolu☆ME!や、業界最高水準のモーションキャプチャシステムViconについてご興味はございますか？,,2026-05-08 14:39:30.241546+08:00
01KR350VDP9S0VTX2115AEK34P,,4245f79dae43bdc3ec829721bdd80046,AGENT,つきみです。株式会社クレッセントのアシスタントをしております。ライブ配信などで活用できるVolu☆ME!、業界最高水準のモーションキャプチャシステムViconなどがございますが、どちらにご興味がありますか？,,2026-05-08 14:39:55.605826+08:00
01KR351CJP25R987VVW4ETW2H2,,4245f79dae43bdc3ec829721bdd80046,AGENT,こんにちは！株式会社クレッセントのアシスタント、つきみと申します。ライブ配信などで活用できるVolu☆ME!や、業界最高水準のモーションキャプチャシステムViconについてご興味はございますか？,,2026-05-08 14:40:13.214839+08:00
01KR351S94GTN15NY3T53Q3A3Y,,4245f79dae43bdc3ec829721bdd80046,AGENT,こんにちは、つきみと申します。株式会社クレッセントのアシスタントです。ライブ配信などで活用できるVolu☆ME!、または業界最高水準のモーションキャプチャシステムViconについてご興味はありますか？,,2026-05-08 14:40:26.239280+08:00
01KR35218J20FK8P0EVQASHC16,,acf47d7383c5960703fd8293b6085a9a,AGENT,株式会社クレッセントのアシスタント「ゲッペイ」と申します。ライブ配信などで活用できるVolu☆ME!、そして業界最高水準のモーションキャプチャシステムViconについてご紹介できます。,,2026-05-08 14:40:36.748289+08:00
01KR3522ZC4701FD6N4FXJ8E4B,,4245f79dae43bdc3ec829721bdd80046,AGENT,こんにちは、チャットバブルつきみです。クレッセントのアシスタントを務めております。,,2026-05-08 14:40:36.118758+08:00
01KR35DD9GGSR3Q9E2SGZA5DK4,,0946fba0849bbe5e738b42b9da960ca9,AGENT,"月餅です。クレッセントのアシスタントをしております。何かご不明な点がありましたら、お気軽にお尋ねください。
",,2026-05-08 14:46:51.147127+08:00
01KR35F9BQCEA25JX76HABJT5B,,b90d1f764221af481e74ca07b653cb66,AGENT,こんにちは、私は株式会社クレッセントのアシスタント、ゲッペイと申します。ライブ配信などで活用できるVolu☆ME!や、業界最高水準のモーションキャプチャシステムViconについてお話しできます。,,2026-05-08 14:47:50.096981+08:00
01KR35HPD5RWM1DM00HX03KM1P,,f3440fa47da1607f3ee4aa8b17ea2633,AGENT,初めまして！株式会社クレッセントのアシスタント、ゲッペイと申します。ライブ配信などで活用できるVolu☆ME!、業界最高水準のモーションキャプチャシステムViconなどがございますが、ご興味はございますか？,,2026-05-08 14:49:09.245854+08:00
01KR35MPTRRPSH7DF33W5393Y1,,4245f79dae43bdc3ec829721bdd80046,AGENT,つきみと申します。クレッセントのアシスタントです。何かご不明な点はございませんか？,,2026-05-08 14:50:46.012903+08:00
01KR35N0MQ66YJYH0463QPEZ7T,,4245f79dae43bdc3ec829721bdd80046,AGENT,つきみと申します。株式会社クレッセントのアシスタントです。ライブ配信などで活用できるVolu☆ME!や、業界最高水準のモーションキャプチャシステムViconについてご紹介できます。,,2026-05-08 14:50:57.592297+08:00
01KR35NS75AER4HZBZ0TJGR4EV,,9d246242efff6abd57ba72a316ead8de,AGENT,月餅ちゃんと申します。株式会社クレッセントのアシスタントです。ライブ配信などで活用できるVolu☆ME!と、業界最高水準のモーションキャプチャシステムViconについてご紹介できます。,,2026-05-08 14:51:24.097038+08:00
01KR35NTN70CPPC839RNCBNF4M,,4245f79dae43bdc3ec829721bdd80046,AGENT,"つきみと申します。株式会社クレッセントのアシスタントです。
最新のモーションキャプチャ技術に精通した技術職人として、皆様をお迎えいたします。",,2026-05-08 14:51:24.526115+08:00
01KR35PAXMF56C79NHA4CT51C3,,acf47d7383c5960703fd8293b6085a9a,AGENT,"こんにちは！株式会社クレッセントのアシスタント、ゲッペイと申します。

ライブ配信などで活用できるVolu☆ME!と、業界最高水準のモーションキャプチャシステムViconにご興味はございますか？",,2026-05-08 14:51:41.461220+08:00
01KR35T31PZ4ARVT26NX9BDD7M,,4245f79dae43bdc3ec829721bdd80046,AGENT,チャットバブル つきみちゃんです。株式会社クレッセントのアシスタントをしております。,,2026-05-08 14:53:42.552393+08:00
01KR35VAM2SFBTFJB2V7HHD09C,,4245f79dae43bdc3ec829721bdd80046,AGENT,皆様、こんにちは！ 株式会社クレッセントのアシスタント、つきみと申します。ライブ配信などで活用できるVolu☆ME!と業界最高水準のモーションキャプチャシステムViconについてご紹介できます。,,2026-05-08 14:54:23.136699+08:00
01KR3618K8PGWV910KEQ1KVK3W,,4245f79dae43bdc3ec829721bdd80046,AGENT,初めまして。私は株式会社クレッセントのアシスタント、ゲッペイと申します。ライブ配信などで活用できるVolu☆ME!や、業界最高水準のモーションキャプチャシステムViconなど、クレッセントの最新技術にご興味はございますか？,,2026-05-08 14:57:53.355936+08:00
01KR361KG6A1F8S7BK1TGZD4RH,,4245f79dae43bdc3ec829721bdd80046,AGENT,"初めまして。株式会社クレッセントのアシスタント、つきみと申します。
何かご不明な点はございませんか？",,2026-05-08 14:57:48.769844+08:00
01KR3632HY964G4GNGVJ4Y4NGP,,4245f79dae43bdc3ec829721bdd80046,AGENT,はじめまして！株式会社クレッセントのアシスタント、つきみと申します。ライブ配信などで活用できるVolu☆ME!や、業界最高水準のモーションキャプチャシステムViconについて、何かご興味はございますか？,,2026-05-08 14:58:36.977047+08:00
01KR363HJ1E7VWNBWV68N6FNK8,,4245f79dae43bdc3ec829721bdd80046,AGENT,チャットバブル つきみと申します。ライブ配信などで活用できるVolu☆ME!と、業界最高水準のモーションキャプチャシステムViconについてご紹介できます。,,2026-05-08 14:58:52.506120+08:00
01KR3667326ET5B8VBD5XJ554G,,7acd4e059035500edc8965d1bc5a1228,AGENT,クレッセントのアシスタント、ゲッペイと申します。ライブ配信などで活用できるVolu☆ME!や、業界最高水準のモーションキャプチャシステムViconについてご興味はありますか？,,2026-05-08 15:00:24.595730+08:00
01KR366VACMMZK116Y2YVCHVSF,,53dde8cd939e8ace967a5862a510dc99,AGENT,初めまして。私、株式会社クレッセントのアシスタント、ゲッペイと申します。ライブ配信などで活用できるVolu☆ME!と、業界最高水準のモーションキャプチャシステムViconについてご紹介できます。,,2026-05-08 15:00:42.234832+08:00
01KR367R2BNHTXY0KHBG85VX11,,53dde8cd939e8ace967a5862a510dc99,AGENT,株式会社クレッセントのアシスタント、ゲッペイと申します。ライブ配信などで活用できるVolu☆ME!と、業界最高水準のモーションキャプチャシステムViconにご興味はありませんか？,,2026-05-08 15:01:11.113722+08:00
01KR367V9C163WK2T15SZER0EV,,4245f79dae43bdc3ec829721bdd80046,AGENT,初めまして、株式会社クレッセントのアシスタント、つきみと申します。何かご不明な点はございませんか？,,2026-05-08 15:01:14.582945+08:00
01KR369M63DWZJKTFEF8FSM5BK,,4245f79dae43bdc3ec829721bdd80046,AGENT,こんにちは。株式会社クレッセントのアシスタント、つきみと申します。ライブ配信などで活用できるVolu☆ME!や、業界最高水準のモーションキャプチャシステムViconなどにご興味はございますか？,,2026-05-08 15:02:11.406844+08:00
01KR36EX8BAA12XCTBRMD516WN,,2a75f26a8a6493dcf109798ffb0c98c7,AGENT,月餅です。クレッセントのアシスタントをしております。ライブ配信などで活用できるVolu☆ME!、業界最高水準のモーションキャプチャシステムViconなどがございますが、どちらに興味がありますか？,,2026-05-08 15:05:05.613206+08:00
01KR36S12Q4H3NFMM951XSXH1Q,,929820da70b2011d91ce639ba8f7f4ed,AGENT,こんにちは。株式会社クレッセントのアシスタント、月餅と申します。ライブ配信などで活用できるVolu☆ME!や、業界最高水準のモーションキャプチャシステムViconについてご紹介できます。,,2026-05-08 15:10:40.684747+08:00
01KR3710DB28ETM6JDM1DQK3MQ,,fba82bfe0e2ca906ec7ad99f84f3811f,AGENT,皆様、こんにちは。株式会社クレッセントのアシスタント、ゲッペイと申します。ライブ配信などで活用できるVolu☆ME!、業界最高水準のモーションキャプチャシステムViconに関心がございましたら、ぜひお声がけください。,,2026-05-08 15:14:58.911954+08:00
01KR37432A93FC00K3HE40G77B,,fa1c516b57d0b093d7574495c34507fe,AGENT,はじめまして、私は株式会社クレッセントのアシスタント、ゲッペイと申します。ライブ配信などで活用できるVolu☆ME!や、業界最高水準のモーションキャプチャシステムViconについてご紹介できます。,,2026-05-08 15:16:40.056359+08:00
01KR374526Q394AWK0YGRPR3GJ,,98a877d2c72e338589cf902573e7ae5e,AGENT,こんにちは！私、株式会社クレッセントのアシスタント、ゲッペイと申します。ライブ配信などで活用できるVolu☆ME!や、業界最高水準のモーションキャプチャシステムViconについてご紹介できます。,,2026-05-08 15:16:41.695910+08:00
01KR374F10P8Y0EME88TQ12M5R,,4245f79dae43bdc3ec829721bdd80046,AGENT,初めまして、株式会社クレッセントのアシスタント、つきみです。弊社では、ライブ配信などで活用できるVolu☆ME!や、業界最高水準のモーションキャプチャシステムViconを取り扱っております。,,2026-05-08 15:16:51.168388+08:00
01KR37AB5K7BR1EEZF56ZY3AKH,,9c60bfa1faced79a6fb2d076af7daac0,AGENT,こんにちは、私は株式会社クレッセントのアシスタント、ゲッペイと申します。ライブ配信などで活用できるVolu☆ME!や、業界最高水準のモーションキャプチャシステムViconについてご興味はありますか？,,2026-05-08 15:20:10.992712+08:00
01KR37AK03YSMW979ZNGB2TPRR,,7dd209eac9ccdce6580adb60bec55343,AGENT,こんにちは！私、株式会社クレッセントのアシスタント、ゲッペイと申します。ライブ配信などで活用できるVolu☆ME!と、業界最高水準のモーションキャプチャシステムViconにご興味はありませんか？,,2026-05-08 15:20:13.592901+08:00
01KR37C987Q7F30VBX5XXQ5651,,8a3715f11a0fce1f57883c539aecb22b,AGENT,こんにちは！私、株式会社クレッセントのアシスタント、ゲッペイと申します。ライブ配信などで活用できるVolu☆ME!や、業界最高水準のモーションキャプチャシステムViconについてご紹介できます。,,2026-05-08 15:21:14.332425+08:00
01KR37DXV46ZMSD2Z8X60S6AAE,,7dd209eac9ccdce6580adb60bec55343,AGENT,はじめまして。株式会社クレッセントのアシスタント、ゲッペイと申します。ライブ配信などで活用できるVolu☆ME!と、業界最高水準のモーションキャプチャシステムViconにご興味はありますか？,,2026-05-08 15:22:02.539342+08:00
01KR37F6AF6K6T0D5FSHR43MSK,,7dd209eac9ccdce6580adb60bec55343,AGENT,株式会社クレッセントのアシスタント、ゲッペイと申します。ライブ配信などで活用できるVolu☆ME!や、業界最高水準のモーションキャプチャシステムViconについてご紹介できます。,,2026-05-08 15:22:43.679391+08:00
01KR37FGH10ESNG2YS4DXE4KPC,,4245f79dae43bdc3ec829721bdd80046,AGENT,こんにちは！株式会社クレッセントのアシスタント、つきみと申します。ライブ配信などで活用できるVolu☆ME!や、業界最高水準のモーションキャプチャシステムViconなどにご興味はございますか？,,2026-05-08 15:22:52.685175+08:00
01KR37G3TW9BZ1ETJ44QV5C062,,4245f79dae43bdc3ec829721bdd80046,AGENT,つきみと申します。株式会社クレッセントのアシスタントです。何かお困りですか？それとも、ライブ配信などで活用できるVolu☆ME!や、業界最高水準のモーションキャプチャシステムViconについて興味がありますか？,,2026-05-08 15:23:14.646533+08:00
01KR37GESA8TYMGQXKHPPVA2DW,,4245f79dae43bdc3ec829721bdd80046,AGENT,初めまして、つきみと申します。株式会社クレッセントのアシスタントをしております。,,2026-05-08 15:23:24.989828+08:00
01KR37HTYPVYVBMTDXDEJJNN7P,,4245f79dae43bdc3ec829721bdd80046,AGENT,こんにちは。私はチャットバブルつきみです。クレッセントのアシスタントをしております。,,2026-05-08 15:24:10.167860+08:00
01KR37KDZEQ345PGF9RYPFHDXS,,886e89e67d6b164a6fbbd31f0421f45f,AGENT,こんにちは！株式会社クレッセントのアシスタント、月餅です。ライブ配信などで活用できるVolu☆ME!、業界最高水準のモーションキャプチャシステムViconなど、様々なサービスがございます。,,2026-05-08 15:25:01.246686+08:00
01KR37KFK1NMVT4S1J2AMCENR7,,886e89e67d6b164a6fbbd31f0421f45f,AGENT,こんにちは！ 株式会社クレッセントのアシスタント、月餅です。ライブ配信などで活用できるVolu☆ME!と業界最高水準のモーションキャプチャシステムViconについてご紹介できます。,,2026-05-08 15:25:03.029462+08:00
01KR37KQXPZ9GQ35A07WVMBAGC,,775dd93cb78d54efc75d353e026af850,AGENT,こんにちは！私は株式会社クレッセントのアシスタント、ゲッペイと申します。ライブ配信などで活用できるVolu☆ME!や、業界最高水準のモーションキャプチャシステムViconについてご興味はありますか？,,2026-05-08 15:25:13.135400+08:00
01KR37QKTHX8V3YVBVDPF9M3DJ,,4245f79dae43bdc3ec829721bdd80046,AGENT,こんにちは！株式会社クレッセントのアシスタント、つきみと申します。ライブ配信などで活用できるVolu☆ME!や、業界最高水準のモーションキャプチャシステムViconにご興味はございますか？,,2026-05-08 15:27:18.700184+08:00
01KR37R85W9B83CR1Q5HTA8R9Y,,4245f79dae43bdc3ec829721bdd80046,AGENT,はじめまして。株式会社クレッセントのアシスタント、つきみです。ライブ配信などで活用できるVolu☆ME!と、連携実績についてご興味はありますか？,,2026-05-08 15:27:40.586334+08:00
01KR37RB5Z0TRE5S7QD58P1A8N,,88b5a4a9239dfe4926f08a5326d21441,AGENT,ようこそ。私、株式会社クレッセントのアシスタント、ゲッペイと申します。ライブ配信などで活用できるVolu☆ME!、業界最高水準のモーションキャプチャシステムViconなど、クレッセントの最新技術にご興味はございますか？,,2026-05-08 15:27:44.725389+08:00
01KR37V9BCYXXF2JGQMP719S51,,88b5a4a9239dfe4926f08a5326d21441,AGENT,クエリエージェント 月餅でございます。CRESCENT のウェブサイトへようこそ！,,2026-05-08 15:29:21.167231+08:00
01KR37XV8VV1VQ3VHGWZT4206M,,793b3693a08acb066d8315cd2cea8be4,AGENT,ようこそ、いらっしゃいませ！私は株式会社クレッセントのアシスタント、ゲッペイと申します。ライブ配信などで活用できるVolu☆ME!や、業界最高水準のモーションキャプチャシステムViconについてご興味はございませんか？,,2026-05-08 15:30:46.346190+08:00
01KR3888WW4AP1FBZ7ZGSTWE9E,,fe1de6e539ac5f93fb2ed8ecacac6139,AGENT,こんにちは！クレッセントのアシスタント、月餅です。ライブ配信などで活用できるVolu☆ME!と、2026年最新スタジオについてご案内できます。,,2026-05-08 15:36:25.839826+08:00
01KR388QANM54QJEW6AFK2WSV7,,929820da70b2011d91ce639ba8f7f4ed,AGENT,株式会社クレッセントのアシスタント、ゲッペイと申します。ライブ配信などで活用できるVolu☆ME!と、業界最高水準のモーションキャプチャシステムViconについてご紹介できます。,,2026-05-08 15:36:41.476528+08:00
01KR38VRXTCMB07JDV9HZ77QP2,,94f5910e6b85e3f712e16139cc6e7e3b,AGENT,初めまして、私、株式会社クレッセントのアシスタント、つきみと申します。ライブ配信などで活用できるVolu☆ME!、業界最高水準のモーションキャプチャシステムViconなどについてご案内できます。,,2026-05-08 15:47:05.473981+08:00
01KR39CG753Z8M2TVJ9XXD2FPQ,,886e89e67d6b164a6fbbd31f0421f45f,AGENT,"こんにちは！私、株式会社クレッセントのアシスタント、ゲッペイと申します。

ライブ配信などで活用できるVolu☆ME!、業界最高水準のモーションキャプチャシステムViconにご興味はございますか？",,2026-05-08 15:56:12.726611+08:00
01KR39PXQCJC65VDC8KZZJN2R8,,886e89e67d6b164a6fbbd31f0421f45f,AGENT,皆様、こんにちは。株式会社クレッセントのアシスタント、ゲッペイと申します。ライブ配信などで活用できるVolu☆ME!、または業界最高水準のモーションキャプチャシステムViconについてご興味はございますか？,,2026-05-08 16:01:54.726744+08:00
01KR3A3TAYNDQDY5HB76SAFXDK,,135669bdb03f6617701780bb5d774a95,AGENT,"こんにちは、ゲッペイです。株式会社クレッセントのアシスタントを務めております。

ライブ配信などで活用できるVolu☆ME!、2026年最新スタジオにご興味はありますか？",,2026-05-08 16:08:57.070175+08:00
01KR3A45JPBVZJY3NWPWTEB7GJ,,4245f79dae43bdc3ec829721bdd80046,AGENT,こんにちは！株式会社クレッセントのアシスタント、つきみと申します。ライブ配信などで活用できるVolu☆ME!や、業界最高水準のモーションキャプチャシステムViconなどにご興味はございますか？,,2026-05-08 16:09:08.715061+08:00
01KR3A4HC7VQQ46WJWD2YT77KB,,4245f79dae43bdc3ec829721bdd80046,AGENT,こんにちは！私、チャットバブルつきみです。何かお困りですか？,,2026-05-08 16:09:20.512437+08:00
01KR3AHZTEDY0TKC7QFVFQH4M3,,37edd5b9e934f1de645427dd9e5330a9,AGENT,こんにちは。株式会社クレッセントのアシスタント、月餅です。ライブ配信などで活用できるVolu☆ME!、業界最高水準のモーションキャプチャシステムViconなど、クレッセントの最新技術にご興味はございますか？,,2026-05-08 16:16:46.219678+08:00
01KR3AJ5GG829ZMVSRMNH2RADJ,,bf3837f1c70434865c246ad8d982268c,AGENT,皆様、こんにちは。株式会社クレッセントのアシスタント、ゲッペイと申します。ライブ配信などで活用できるVolu☆ME!や、業界最高水準のモーションキャプチャシステムViconについてご紹介できます。,,2026-05-08 16:16:51.853861+08:00
01KR3AJRD66YGW6BW1H0RSVQTE,,4245f79dae43bdc3ec829721bdd80046,AGENT,こんにちは！株式会社クレッセントのアシスタント、つきみと申します。ライブ配信などで活用できるVolu☆ME!や、業界最高水準のモーションキャプチャシステムViconなどにご興味はございますか？,,2026-05-08 16:17:07.163128+08:00
01KR3AKS84MYPDVVCAQG50KR0V,,7840c1c80441af2750c7532e53c6e143,AGENT,"はじめまして。私、株式会社クレッセントのアシスタント、ゲッペイと申します。
ライブ配信などで活用できるVolu☆ME!、業界最高水準のモーションキャプチャシステムViconなどがございますが、ご興味はございますか？",,2026-05-08 16:17:40.514292+08:00
01KR3AKT4925H638T766XCCCN5,,4245f79dae43bdc3ec829721bdd80046,AGENT,"初めまして、チャットバブル つきみと申します。
ライブ配信などで活用できるVolu☆ME!と業界最高水準のモーションキャプチャシステムViconについてご紹介できますが、どちらにご興味がありますか？",,2026-05-08 16:21:26.043545+08:00
01KR3AKVTVN1KSYM5K7SWBP07W,,4245f79dae43bdc3ec829721bdd80046,AGENT,こんにちは！株式会社クレッセントのアシスタント、つきみと申します。ライブ配信などで活用できるVolu☆ME!や、業界最高水準のモーションキャプチャシステムViconにご興味はございますか？,,2026-05-08 16:17:42.651985+08:00
01KR3AW47AG56FXT0DAYS3HEER,,4245f79dae43bdc3ec829721bdd80046,AGENT,こんにちは！株式会社クレッセントのアシスタント、つきみと申します。ライブ配信などで活用できるVolu☆ME!や、業界最高水準のモーションキャプチャシステムViconにご興味はございますか？,,2026-05-08 16:22:14.400552+08:00
01KR3AX5BPJMAYMTNY34CKAR5Q,,80ac823de92129af0d9db9fa1dbf5bdc,AGENT,こんにちは。株式会社クレッセントのアシスタント、月餅です。ライブ配信などで活用できるVolu☆ME!、2026年最新スタジオについてご興味はございますか？,,2026-05-08 16:22:49.561395+08:00
01KR3AXD8QEDTF2557K3N5TS77,,4245f79dae43bdc3ec829721bdd80046,AGENT,こんにちは！株式会社クレッセントのアシスタント、つきみと申します。ライブ配信などで活用できるVolu☆ME!や、業界最高水準のモーションキャプチャシステムViconにご興味はございますか？,,2026-05-08 16:22:58.744778+08:00
01KR3AXD8QEDTF2557K3N5TS77,,4245f79dae43bdc3ec829721bdd80046,USER,Viconについて,,2026-05-08 16:24:15.166960+08:00
01KR3AXD8QEDTF2557K3N5TS77,,4245f79dae43bdc3ec829721bdd80046,AGENT,"Viconについてですね。Viconは、高精度なモーションキャプチャシステムです。

Viconの詳細について、もっと知りたいですか？",,2026-05-08 16:24:15.176496+08:00
01KR3AXD8QEDTF2557K3N5TS77,,4245f79dae43bdc3ec829721bdd80046,USER,はい,,2026-05-08 16:24:35.096182+08:00
01KR3AXD8QEDTF2557K3N5TS77,,4245f79dae43bdc3ec829721bdd80046,AGENT,"Viconは、世界最高峰の光学反射式モーションキャプチャシステムです。映画やゲーム、医療など幅広い分野で活用されています。従来の光学反射式システムに加え、マーカーレスシステムのVanguardもございます。

どのような用途でViconをご検討ですか？",,2026-05-08 16:24:35.105380+08:00
01KR3AXJSR139N9QC5269NHWVH,,16aa296bcc9d338dfe2337c52cb6d8eb,AGENT,皆様、こんにちは！ 株式会社クレッセントのアシスタント、ゲッペイと申します。ライブ配信などで活用できるVolu☆ME!や、業界最高水準のモーションキャプチャシステムViconについてお話しできます。,,2026-05-08 16:23:01.646611+08:00
01KR3B1B63NPFCHDJ2890BKVBM,,4245f79dae43bdc3ec829721bdd80046,AGENT,こんにちは！株式会社クレッセントのアシスタント、つきみと申します。ライブ配信などで活用できるVolu☆ME!や、業界最高水準のモーションキャプチャシステムViconなどにご興味はございますか？,,2026-05-08 16:25:03.171513+08:00
01KR3B1B63NPFCHDJ2890BKVBM,,4245f79dae43bdc3ec829721bdd80046,USER,羽田スタジオについて,,2026-05-08 16:25:57.053383+08:00
01KR3B1B63NPFCHDJ2890BKVBM,,4245f79dae43bdc3ec829721bdd80046,AGENT,"羽田スタジオは、2026年2月に竣工予定の新しいスタジオです。クレッセントの最新設備が集結し、様々な技術を体験できる場所になります。

羽田スタジオでどのようなことに興味がありますか？",,2026-05-08 16:25:57.075141+08:00
01KR3B1B63NPFCHDJ2890BKVBM,,4245f79dae43bdc3ec829721bdd80046,USER,各フロアの設備,,2026-05-08 16:26:35.229485+08:00
01KR3B1B63NPFCHDJ2890BKVBM,,4245f79dae43bdc3ec829721bdd80046,AGENT,"羽田スタジオは、LED Stage棟と3階建てのプロダクション棟で構成されています。

プロダクション棟の各フロアには、以下のような設備があります。

*   **2F**
    *   4Dviews ボリュメトリックスタジオ
    *   LightCage スタジオ
*   **3F**
    *   モーションキャプチャー・プレビズスタジオ
    *   制作ルーム・レコーディングルーム
*   **1F**
    *   カフェテリア・ホスピタリティ

屋上には撮影スペースもございます。

それぞれのスタジオについて、もっと詳しく知りたいですか？","[""HanedaStudio_1stFoor"", ""HanedaStudio_2ndFoor"", ""HanedaStudio_3rdFoor""]",2026-05-08 16:26:35.252946+08:00
01KR3B1B63NPFCHDJ2890BKVBM,,4245f79dae43bdc3ec829721bdd80046,USER,各フロアについて,,2026-05-08 16:27:17.587478+08:00
01KR3B1B63NPFCHDJ2890BKVBM,,4245f79dae43bdc3ec829721bdd80046,AGENT,"承知いたしました。羽田スタジオの各フロアについてご説明しますね。

*   **1F カフェテリア・ホスピタリティ**
    *   広々としたフリースペースと本格的なキッチンがあります。
    *   打ち合わせができる居酒屋風の個室や、ユニットバス、シャワーも完備しています。
*   **2F 4Dviews ボリュメトリックスタジオ**
    *   フランス4Dviews社のハイエンドシステム「HOLOSYS-3」を導入しています。
    *   1,200万画素カメラによる高精細なボリュメトリックデータ生成が可能です。
    *   防音処理が施されており、オーディオプレイバックや音声収録もできます。
    *   Viconとのハイブリッド撮影で、高速な動きもキャプチャできます。
    *   スタジオ1（大型）とスタジオ2（小型）があります。
*   **2F LightCage スタジオ**
    *   イギリスESPER社のシステムを使用し、100台以上のLEDとカメラを統合制御しています。
    *   デジタルダブルやハイパーリアルなキャラクター制作に必要なテクスチャとメッシュを短時間で取得できます。
    *   全身用と顔用のシステムを同一スタジオに設置し、スムーズな撮影が可能です。
*   **3F モーションキャプチャー・プレビズスタジオ**
    *   20m x 10mのスペースに巨大ミラー（約20m）を完備しています。
    *   幅6m x 高さ2.5mの1.5mmピッチLEDウォールとViconシステムを常設しています。
    *   バーチャルカメラを使ったプレビズや多人数での撮影・配信、Vtuber案件に最適です。
*   **3F 制作ルーム・レコーディングルーム**
    *   制作ルーム1（91㎡）と制作ルーム2（56㎡）の広いスタッフルームがあります。
    *   レコーディングルーム（50㎡）とオペレーションルーム（43㎡）は防音設備が整っています。
    *   多人数での収録や楽器演奏、配信機材の持ち込み、Vtuberの楽曲配信などに利用できます。
*   **4F 屋上撮影スペース**
    *   広大な空間を活かした撮影や休憩が可能です。

羽田スタジオは、2026年2月竣工予定で、現在は清澄白河のスタジオでプレビューや検証のご相談を承っています。

他に何かご質問はございますか？",,2026-05-08 16:27:17.610210+08:00
01KR3B56P14S0X7SHBTF10SZZT,,79075f6509dfdfb8851a98f6401d1082,AGENT,"こんにちは！私、株式会社クレッセントのアシスタント、ゲッペイと申します。

ライブ配信などで活用できるVolu☆ME!、業界最高水準のモーションキャプチャシステムViconにご興味はございますか？",,2026-05-08 16:27:12.721846+08:00
01KR3B7JY9CMVA7RZF1HX2XWW1,,4245f79dae43bdc3ec829721bdd80046,AGENT,"初めまして、つきみと申します。クレッセントのアシスタントをしております。

ライブ配信などで活用できるVolu☆ME!、業界最高水準のモーションキャプチャシステムViconについてご興味はございますか？",,2026-05-08 16:28:27.462556+08:00
01KR3B7JY9CMVA7RZF1HX2XWW1,,4245f79dae43bdc3ec829721bdd80046,USER,ボシュミーについて,,2026-05-08 16:28:58.965173+08:00
01KR3B7JY9CMVA7RZF1HX2XWW1,,4245f79dae43bdc3ec829721bdd80046,AGENT,"申し訳ありません、ボシュミーという情報は見つかりませんでした。

もしかして、Volu☆ME!のことでしょうか？",,2026-05-08 16:28:58.974626+08:00
01KR3B7JY9CMVA7RZF1HX2XWW1,,4245f79dae43bdc3ec829721bdd80046,USER,はい,,2026-05-08 16:29:16.566645+08:00
01KR3B7JY9CMVA7RZF1HX2XWW1,,4245f79dae43bdc3ec829721bdd80046,AGENT,"Volu☆ME!は、ボリュメトリックビデオをリアルタイムで生成・配信できるポータブルシステムです。XRやメタバースなど、幅広い分野で活用できます。

主な特徴は以下の通りです。
*   リアルタイムでのボリュメトリックビデオ生成：0.3秒という低遅延です。
*   オンライン・ライブ配信：最大2000人規模への低遅延配信が可能です。
*   ポータブルシステム：専用ケースで運搬でき、設置場所を選びません。
*   即時プレイバック：キャプチャした映像をすぐに再生できます。

Volu☆ME!について、さらに詳しい情報が必要ですか？",,2026-05-08 16:29:16.576429+08:00
01KR3BDX83N0MM7FWN4A957G3N,,118a41929f7907cde7e2088fa234ba73,AGENT,月餅と申します。株式会社クレッセントのアシスタントをしております。何かご不明な点がございましたら、お気軽にお尋ねください。,,2026-05-08 16:31:57.073916+08:00
01KR3BEH2E3EXVF5487GRATVDN,,47c8ec979ecaf2f31bcbedc3a9781bd2,AGENT,はじめまして。株式会社クレッセントのアシスタント、ゲッペイと申します。ライブ配信などで活用できるVolu☆ME!や、業界最高水準のモーションキャプチャシステムViconについてご紹介できます。,,2026-05-08 16:32:16.384306+08:00
01KR3BKH5452W5NA23C6HDHFXX,,dc925995c5a77b59ff4ca461fd2655db,AGENT,こんにちは！株式会社クレッセントのアシスタント、つきみと申します。ライブ配信などで活用できるVolu☆ME!や、業界最高水準のモーションキャプチャシステムViconなどにご興味はございますか？,,2026-05-08 16:35:00.595966+08:00
01KR3BKH5452W5NA23C6HDHFXX,,dc925995c5a77b59ff4ca461fd2655db,USER,hi how are you?,,2026-05-08 16:35:25.569476+08:00
01KR3BKH5452W5NA23C6HDHFXX,,dc925995c5a77b59ff4ca461fd2655db,AGENT,"I am doing well, thank you! It's nice to meet you.

Do you have any questions about Volu☆ME! or Vicon?",,2026-05-08 16:35:25.592329+08:00
01KR3BKH5452W5NA23C6HDHFXX,,dc925995c5a77b59ff4ca461fd2655db,USER,vicon,,2026-05-08 16:35:38.305311+08:00
01KR3BKH5452W5NA23C6HDHFXX,,dc925995c5a77b59ff4ca461fd2655db,AGENT,"Vicon is a world-leading motion capture system. It's known for its high precision and accuracy in capturing movement.

Are you interested in how Vicon is used, or perhaps its technical specifications?",,2026-05-08 16:35:38.327982+08:00
01KR3BN9ZQF48VDGH94B3VRYMQ,,dc925995c5a77b59ff4ca461fd2655db,AGENT,こんにちは！ 私、つきみと申します。クレッセントのアシスタントをしております。,,2026-05-08 16:35:58.538639+08:00
01KR3BR2F1ZW1M0PV61Y6W06GN,,34b5c10663a9bee477fbd773200bf922,AGENT,初めまして！私は株式会社クレッセントのアシスタント、ゲッペイと申します。ライブ配信などで活用できるVolu☆ME!や、業界最高水準のモーションキャプチャシステムViconなど、クレッセントの最新技術にご興味はございますか？,,2026-05-08 16:37:29.128724+08:00
01KR3BS2AAGMZ2PHY56CZNYR2V,,49ff4f75372f6e65e567805fba08d6d0,AGENT,こんにちは、私は株式会社クレッセントのアシスタント、ゲッペイと申します。ライブ配信などで活用できるVolu☆ME!や、業界最高水準のモーションキャプチャシステムViconについてご興味はございますか？,,2026-05-08 16:38:13.484590+08:00
01KR3BVBQ43QKPQV2SHBWDJCD9,,23b0e82f5820e7587a2a0673c9db2d94,AGENT,こんにちは！ 株式会社クレッセントのアシスタント、月餅（ゲッペイ）と申します。ライブ配信などで活用できるVolu☆ME!と、業界最高水準のモーションキャプチャシステムViconについてご紹介できます。,,2026-05-08 16:39:19.053002+08:00
01KR3C0AE7MC656K86M6YAQBC1,,4245f79dae43bdc3ec829721bdd80046,AGENT,はじめまして、私、株式会社クレッセントのアシスタント「つきみ」と申します。ライブ配信などで活用できるVolu☆ME!、あるいは業界最高水準のモーションキャプチャシステムViconにご興味はございますか？,,2026-05-08 16:41:57.930256+08:00
01KR3CFP1SXGR6A6TXFXNZV6AR,,a0460addf77eb50ea78d1de4f747077d,AGENT,こんにちは！株式会社クレッセントのアシスタント、つきみと申します。ライブ配信などで活用できるVolu☆ME!や、業界最高水準のモーションキャプチャシステムViconなどにご興味はございますか？,,2026-05-08 16:50:23.820169+08:00
01KR3CGPE4T2VPKP9KBXB1BABQ,,a0460addf77eb50ea78d1de4f747077d,AGENT,"はじめまして、私、つきみと申します。クレッセントのアシスタントをしております。
ライブ配信などで活用できるVolu☆ME!、または業界最高水準のモーションキャプチャシステムViconについて興味はございますか？",,2026-05-08 16:50:56.081029+08:00
01KR3DP1MTNXC9JNG2SG2XCQSB,,009f1d0abea54b55a5820445e0448bfe,AGENT,株式会社クレッセントのアシスタント、月餅と申します。ライブ配信などで活用できるVolu☆ME!と、2026年最新スタジオについてご案内できます。,,2026-05-08 17:11:20.919642+08:00
01KR3DRHBY2G9WZXC23EP95CHZ,,f7f88fac606aab5483b2033c53daa561,AGENT,株式会社クレッセントのアシスタント、月餅と申します。ライブ配信などで活用できるVolu☆ME!と、業界最高水準のモーションキャプチャシステムViconにご興味はございますか？,,2026-05-08 17:12:41.574478+08:00
01KR3DVSEG7X7F36BCTYPWM8FC,,4245f79dae43bdc3ec829721bdd80046,AGENT,初めまして。私、チャットバブルつきみと申します。どうぞよろしくお願いいたします。,,2026-05-08 17:14:26.778931+08:00
01KR3E330BY50DMNR5CSAPGHD9,,8ca6acb2e61a23e45182f52db45b829b,AGENT,こんにちは、私は株式会社クレッセントのアシスタント、ゲッペイと申します。ライブ配信などで活用できるVolu☆ME!と、業界最高水準のモーションキャプチャシステムViconについてご紹介できます。,,2026-05-08 17:18:28.279956+08:00
01KR3F8XH3171YDFM931MJDZWT,,5e6a7c15959366581e159c77f2c03e23,AGENT,クレッセントのアシスタント、ゲッペイと申します。ライブ配信などで活用できるVolu☆ME!、そして業界最高水準のモーションキャプチャシステムViconについて、ご興味はございますか？,,2026-05-08 17:39:09.304254+08:00
01KR3FBJPQ8GS1PR66XHWRFE7Y,,2c0317b51ee9c18d897baedcb263dd20,AGENT,"月餅です。クレッセントのアシスタントをしております。

ライブ配信などで活用できるVolu☆ME!、2026年最新スタジオなどがございますが、ご興味はございますか？",,2026-05-08 17:40:34.199660+08:00
01KR3G27F8DZNGS9ZEW6S5K1B2,,62b23c9d1462ef0ff908821419aa1d87,AGENT,こんにちは！私は株式会社クレッセントのアシスタント、ゲッペイと申します。ライブ配信などで活用できるVolu☆ME!と、業界最高水準のモーションキャプチャシステムViconについてご紹介できます。,,2026-05-08 17:52:57.554445+08:00
01KR3GJ1X0V0KSW8NGN1TN5CWZ,,fe640269a1d2494fb1694dbcc2f0bdb9,AGENT,初めまして！株式会社クレッセントのアシスタント、ゲッペイと申します。ライブ配信などで活用できるVolu☆ME!、業界最高水準のモーションキャプチャシステムViconはいかがでしょうか？,,2026-05-08 18:01:34.579036+08:00
01KR3H91JA7YPSNXVYANTRCZJV,,ed7a2404ebd304188a0e5085e1eb5608,AGENT,月餅ちゃんと申します。株式会社クレッセントのアシスタントです。ライブ配信などで活用できるVolu☆ME!と、業界最高水準のモーションキャプチャシステムViconにご興味はありませんか？,,2026-05-08 18:17:44.221502+08:00
01KR3HP6CF3M7GZWMRNXSEBNCM,,8f9d3c74c266189482b8077d28fcb2b6,AGENT,こんにちは！ クレッセントのアシスタント、月餅（ゲッペイ）と申します。ライブ配信などで活用できるVolu☆ME!と、業界最高水準のモーションキャプチャシステムViconにご興味はございますか？,,2026-05-08 18:21:20.268977+08:00
01KR3HR01MDYYK66DG8QA51AVS,,bf8f2078432321371671f4e33a38ee73,AGENT,こんにちは！ 私は株式会社クレッセントのアシスタント、ゲッペイと申します。ライブ配信などで活用できるVolu☆ME!や、業界最高水準のモーションキャプチャシステムViconについてお話しできます。,,2026-05-08 18:22:20.258254+08:00
01KR3JKKS2WS2NZ56MFC10R67D,,c7b200fe8c52532320e740aaaceb6bf7,AGENT,ゲッペイと申します。クレッセントのアシスタントです。ライブ配信などで活用できるVolu☆ME!と、業界最高水準のモーションキャプチャシステムViconにご興味はありませんか？,,2026-05-08 18:37:24.684245+08:00
01KR3K3Y1ZK2V3SCAE419ZDFMR,,25ed716fc8644854a37ccef93e070d62,AGENT,こんにちは！株式会社クレッセントのアシスタント、月餅です。ライブ配信などで活用できるVolu☆ME!、業界最高水準のモーションキャプチャシステムViconなど、クレッセントの最新技術にご興味はありますか？,,2026-05-08 18:56:29.136204+08:00
01KR3M7DZXXECZEND6VFM84Y9K,,617607bf8ec437d931c7beb368ec5b20,AGENT,こんにちは、私は株式会社クレッセントのアシスタント、ゲッペイと申します。ライブ配信などで活用できるVolu☆ME!や、業界最高水準のモーションキャプチャシステムViconについてご紹介できます。,,2026-05-08 19:05:44.139982+08:00
01KR3MFV85YJV410P63F7RCEJJ,,0df92fa23d44b780f80e56383ca641c8,AGENT,株式会社クレッセントのアシスタント、ゲッペイと申します。ライブ配信などで活用できるVolu☆ME!や、業界最高水準のモーションキャプチャシステムViconについてご紹介できます。,,2026-05-08 19:10:17.482172+08:00
01KR3MKK610A9S6HJ2B2784DP3,,21991f3ab200ae0fd3ac22d24bdf7d35,AGENT,こんにちは！ 株式会社クレッセントのアシスタント、月餅（ゲッペイ）と申します。ライブ配信などで活用できるVolu☆ME!と、業界最高水準のモーションキャプチャシステムViconについてご紹介できます。,,2026-05-08 19:12:20.785142+08:00
01KR3MPX62YF7TS3YYYME303VD,,107ec0279cd1554bd9f0aa70ca4a7791,AGENT,こんにちは、私は株式会社クレッセントのアシスタント、ゲッペイと申します。ライブ配信などで活用できるVolu☆ME!、または業界最高水準のモーションキャプチャシステムViconについてご興味はございますか？,,2026-05-08 19:14:08.988589+08:00
01KR3N25FYM168M35AJVGQR9W5,,2c275b6a070d9015b80a0a174e18be40,AGENT,月餅と申します。株式会社クレッセントのアシスタントです。何かお困りですか？,,2026-05-08 19:20:17.977630+08:00
01KR3N5YKM30V5R3P9K2PYV09H,,2d919bdb8557fca1009f9275cfb91382,AGENT,"株式会社クレッセントのアシスタント、月餅と申します。どうぞよろしくお願いいたします。
ライブ配信などで活用できるVolu☆ME!、業界最高水準のモーションキャプチャシステムViconにご興味はございますか？",,2026-05-08 19:22:22.274261+08:00
01KR3NWF4GHCVBQV1JDXHKQC99,,2c275b6a070d9015b80a0a174e18be40,AGENT,こんにちは！私はクレッセントのアシスタント、月餅です。ライブ配信などで活用できるVolu☆ME!や、業界最高水準のモーションキャプチャシステムViconについてご案内できます。,,2026-05-08 19:34:40.199592+08:00
01KR3SABC5J13W6V4ZKN1G79QC,,6067ab1fee4d3b1470c4ff83c4211ec3,AGENT,クレッセントのアシスタント、月餅と申します。ライブ配信などで活用できるVolu☆ME!、業界最高水準のモーションキャプチャシステムViconなど、クレッセントの最新技術にご興味はございますか？,,2026-05-08 20:34:41.779122+08:00
01KR3TCTRVX6YRE3DC4W621ARB,,0590e7b4fe574e2d801b3612f0bf9c0f,AGENT,こんにちは！ 私は株式会社クレッセントのアシスタント、ゲッペイと申します。ライブ配信などで活用できるVolu☆ME!、業界最高水準のモーションキャプチャシステムViconについてご案内できます。,,2026-05-08 20:53:29.956960+08:00
01KR3W15Z4HK7VBT4SXAESXPTM,,c5802b76ec5d8c70a25bda00251b227b,AGENT,"[User Name]様、こんにちは！
私、株式会社クレッセントのアシスタント、ゲッペイと申します。ライブ配信などで活用できるVolu☆ME!や、業界最高水準のモーションキャプチャシステムViconについてお話しできます。",,2026-05-08 21:22:05.638107+08:00
01KR3WGG02DWXCJWZ5RWYJ97X8,,033367e9a6e255ae0b7390e38e7ce06d,AGENT,こんにちは！私は株式会社クレッセントのアシスタント、ゲッペイと申します。ライブ配信などで活用できるVolu☆ME!や、業界最高水準のモーションキャプチャシステムViconについてご紹介できます。,,2026-05-08 21:30:29.429931+08:00
01KR3WQ4Y2RCWEQ4JW91FBJV01,,f1089015af215f13829fbc68129c69ff,AGENT,"皆様、こんにちは！ 株式会社クレッセントのアシスタント、ゲッペイと申します。
ライブ配信などで活用できるVolu☆ME!、業界最高水準のモーションキャプチャシステムViconなど、様々なご提案が可能です。",,2026-05-08 21:34:05.896621+08:00
01KR41SRMDA781E1372H1AHD6D,,f976ebf1882b051a6f1f70795f6aeaf2,AGENT,こんにちは。株式会社クレッセントのアシスタント、ゲッペイと申します。ライブ配信などで活用できるVolu☆ME!、2026年最新スタジオについてご案内できます。,,2026-05-08 23:02:56.039519+08:00
01KR42GWCZVJ5W0F9CNAKKA4VF,,6d7bd2c6b061d385e42f61510fe80e74,AGENT,こんにちは！株式会社クレッセントのアシスタント、ゲッペイと申します。ライブ配信などで活用できるVolu☆ME!、業界最高水準のモーションキャプチャシステムViconについてご紹介できます。,,2026-05-08 23:15:30.878993+08:00
01KR4303D13PDHTP5JXAPDXGBG,,fc05e42eeeb85643f8ef9047ff9dfc03,AGENT,皆様、こんにちは！ 株式会社クレッセントのアシスタント、ゲッペイと申します。ライブ配信などで活用できるVolu☆ME!、そして業界最高水準のモーションキャプチャシステムViconについてご紹介できます。,,2026-05-08 23:23:51.892379+08:00
01KR430XFK4FC5058TQH602WG0,,fc05e42eeeb85643f8ef9047ff9dfc03,AGENT,こんにちは！私、株式会社クレッセントのアシスタント、ゲッペイと申します。ライブ配信などで活用できるVolu☆ME!や、業界最高水準のモーションキャプチャシステムViconについてご紹介できます。,,2026-05-08 23:24:17.525316+08:00
01KR45RG77W8CWPTDKCNZCFG85,,eddda1b943a20d55161d8f26e93cbe2a,AGENT,"こんにちは、ゲッペイと申します。株式会社クレッセントのアシスタントです。

ライブ配信などで活用できるVolu☆ME!や、業界最高水準のモーションキャプチャシステムViconについてご興味はありますか？",,2026-05-09 00:12:11.853235+08:00
01KR45SG78YYKANR9AKXK9W4NB,,eddda1b943a20d55161d8f26e93cbe2a,AGENT,"こんにちは。私、株式会社クレッセントのアシスタント、ゲッペイと申します。

ライブ配信などで活用できるVolu☆ME!、業界最高水準のモーションキャプチャシステムViconについてご興味はございませんか？",,2026-05-09 00:12:40.315300+08:00
01KR4A2S8ZC7QC4YB73B9AABPB,,ed3b961df798df71092ce84d2c002dc4,AGENT,月餅と申します。株式会社クレッセントのアシスタントです。ライブ配信などで活用できるVolu☆ME!や、業界最高水準のモーションキャプチャシステムViconについてお話しできます。,,2026-05-09 01:27:57.459881+08:00
01KR4C3MKXHCRZWMHD0B6YTA31,,469751cc1ad8cc96a99c0a229bf9d837,AGENT,初めまして、私が株式会社クレッセントのアシスタント、ゲッペイと申します。ライブ配信などで活用できるVolu☆ME!、業界最高水準のモーションキャプチャシステムViconなどがございます。,,2026-05-09 02:03:34.801075+08:00
01KR4MPA0PG8JVEBNS5HZFEFEP,,942f129edaf31bfa5cee02b6934f2d14,AGENT,皆様、こんにちは！ 株式会社クレッセントのアシスタント、ゲッペイと申します。ライブ配信などで活用できるVolu☆ME!や、業界最高水準のモーションキャプチャシステムViconについてお話しできます。,,2026-05-09 04:33:03.789980+08:00
01KR4X4WJZ7GX7E248MZYG8M68,,b5efcede70531af9234e4ba8b95fea62,AGENT,初めまして。私、株式会社クレッセントのアシスタント、ゲッペイと申します。ライブ配信などで活用できるVolu☆ME!や、業界最高水準のモーションキャプチャシステムViconについてご紹介できます。,,2026-05-09 07:00:50.807903+08:00
01KR4Z1HER1EH0QCC4BS00C441,,0946fba0849bbe5e738b42b9da960ca9,AGENT,こんにちは！クレッセントのアシスタント、ゲッペイと申します。ライブ配信などで活用できるVolu☆ME!、そして業界最高水準のモーションキャプチャシステムViconについてご紹介できます。,,2026-05-09 07:33:59.558165+08:00
01KR50ZD7ZHN3PGD7TPQ9D0MXJ,,37edd5b9e934f1de645427dd9e5330a9,AGENT,初めまして。私、株式会社クレッセントのアシスタント、ゲッペイと申します。ライブ配信などで活用できるVolu☆ME!と、業界最高水準のモーションキャプチャシステムViconにご興味はございますか？,,2026-05-09 08:08:01.697637+08:00
01KR52TBE70EJKPHTYKWSE5GKX,,bc2ecb0d343206967d517be898f4531c,AGENT,こんにちは。株式会社クレッセントのアシスタント、月餅（ゲッペイ）と申します。ライブ配信などで活用できるVolu☆ME!や、業界最高水準のモーションキャプチャシステムViconについてご紹介できます。,,2026-05-09 08:40:08.668754+08:00
01KR53K3NYK18ZVCCWNZ0M7YTV,,f5cee1d223bcd611b292c6db29b3e0f7,AGENT,株式会社クレッセントのアシスタント、月餅です。ライブ配信などで活用できるVolu☆ME!と、業界最高水準のモーションキャプチャシステムViconにご興味はございますか？,,2026-05-09 08:53:26.856102+08:00
01KR53QRD25XCF3RD27EGB7RNM,,5325ccfab1c516c96643b901939522a7,AGENT,株式会社クレッセントのアシスタント、ゲッペイと申します。ライブ配信などで活用できるVolu☆ME!と、業界最高水準のモーションキャプチャシステムViconについてご紹介できます。,,2026-05-09 08:55:58.770110+08:00
01KR56MJDKKJYW295FW6WGN92S,,22f7c5ec8184db50b023a28ec6f55110,AGENT,初めまして！株式会社クレッセントのアシスタント、ゲッペイと申します。ライブ配信などで活用できるVolu☆ME!や、業界最高水準のモーションキャプチャシステムViconなどにご興味はございますか？,,2026-05-09 09:46:41.183785+08:00
01KR57R7QS3DMPQNDVHA515G7A,,7f4d53a0779822b8ec66b100d938a727,AGENT,株式会社クレッセントのアシスタント、ゲッペイと申します。ライブ配信などで活用できるVolu☆ME!や、業界最高水準のモーションキャプチャシステムViconについてお話しできます。,,2026-05-09 10:06:09.425742+08:00
01KR5CNWMRQRYR1MAJ50ZQZNMT,,e6f2e4f088ef930282ea51e7102de034,AGENT,"羽田スタジオとライブ配信などで活用できるVolu☆ME!についてご興味はありますか？

株式会社クレッセントのアシスタント、ゲッペイと申します。",,2026-05-09 11:32:15.693597+08:00
01KR5DHW5PTPYDW18VTAQFNKQG,,4d963d4d1692533e9939ee99de029db5,AGENT,株式会社クレッセントのアシスタント「ゲッペイ」と申します。ライブ配信などで活用できるVolu☆ME!や、業界最高水準のモーションキャプチャシステムViconについてご紹介できます。,,2026-05-09 11:47:32.891532+08:00
01KR5GN8QZH9N3NHEGDSNVZ9TW,,1ef0f8e076e4100d881e7e2fc510ecce,AGENT,"皆様、こんにちは！ 私は株式会社クレッセントのアシスタント、ゲッペイと申します。
ライブ配信などで活用できるVolu☆ME!と、業界最高水準のモーションキャプチャシステムViconにご興味はございますか？",,2026-05-09 12:42:53.811477+08:00
01KR5H72WZQBXJ6J2RAS8KEG8F,,4d963d4d1692533e9939ee99de029db5,AGENT,株式会社クレッセントのアシスタント、ゲッペイと申します。ライブ配信などで活用できるVolu☆ME!や、業界最高水準のモーションキャプチャシステムViconについてご紹介できます。,,2026-05-09 12:51:37.321285+08:00
01KR5MEY72BV1HRG04MAK9TAH0,,55db1a3f471a115c6fea167fd6bac40c,AGENT,こんにちは！私は株式会社クレッセントのアシスタント、ゲッペイと申します。ライブ配信などで活用できるVolu☆ME!と、業界最高水準のモーションキャプチャシステムViconについてご紹介できます。,,2026-05-09 13:48:17.409161+08:00
01KR5MSBFZ7W5VVDV7V4G285PN,,06ca5dc534177756330cbeba5c9b35bb,AGENT,こんにちは、私は株式会社クレッセントのアシスタント、ゲッペイと申します。ライブ配信などで活用できるVolu☆ME!や、業界最高水準のモーションキャプチャシステムViconについてご興味はありますか？,,2026-05-09 13:53:57.933745+08:00
01KR5MT690WGERQ62GEXEWRTKS,,1b57c953888ff9e8bb3948dcd77b173a,AGENT,初めまして。私、株式会社クレッセントのアシスタント、ゲッペイと申します。ライブ配信などで活用できるVolu☆ME!と、2026年最新スタジオについてご案内できます。,,2026-05-09 13:54:29.866155+08:00
01KR5MV3RNS1G0S5HMDRYKG7RN,,1b57c953888ff9e8bb3948dcd77b173a,AGENT,はい、初めまして。私、株式会社クレッセントのアシスタント、ゲッペイと申します。ライブ配信などで活用できるVolu☆ME!、業界最高水準のモーションキャプチャシステムViconなど、クレッセントの最新技術にご興味はございますか？,,2026-05-09 13:54:54.617189+08:00
01KR5N2ZY06JNH9FZJ8HYZCCBA,,17b2d977e8b540d1ff45fbc008c0d819,AGENT,こんにちは！株式会社クレッセントのアシスタント、月餅です。ライブ配信などで活用できるVolu☆ME!と、2026年最新スタジオについてご紹介できます。,,2026-05-09 13:59:22.870224+08:00
01KR5N6EKBTJ52S0238SRD6GA4,,17b2d977e8b540d1ff45fbc008c0d819,AGENT,こんにちは。株式会社クレッセントのアシスタント、月餅（ゲッペイ）と申します。ライブ配信などで活用できるVolu☆ME!や、業界最高水準のモーションキャプチャシステムViconについてご紹介できます。,,2026-05-09 14:01:10.300553+08:00
01KR5NGX8JYZ0YY2J5091W17F5,,fe028938733a26d71449464e96164815,AGENT,初めまして。私、株式会社クレッセントのアシスタント、ゲッペイと申します。ライブ配信などで活用できるVolu☆ME!と、2026年最新スタジオについてご紹介できます。,,2026-05-09 14:06:51.129252+08:00
01KR5PFQ6P96H2PBX8YRVSK5KW,,579cfc72bf7fc8cef3f08dcd991cf594,AGENT,株式会社クレッセントのアシスタント、ゲッペイと申します。ライブ配信などで活用できるVolu☆ME!と、業界最高水準のモーションキャプチャシステムViconについてご紹介できます。,,2026-05-09 14:23:43.849431+08:00
01KR5PG5F06YZFAVWBD0CKTQ65,,5b8337dddaada0b45bd728c14d7a196b,AGENT,初めまして。株式会社クレッセントのアシスタント、ゲッペイと申します。ライブ配信などで活用できるVolu☆ME!、業界最高水準のモーションキャプチャシステムVicon、どちらにご興味がございますか？,,2026-05-09 14:23:56.095690+08:00
01KR5PNKJ8B4MDNCBKHWGMNMKF,,171912071407a7212896ab5ff5c04695,AGENT,月餅と申します。クレッセントのアシスタントを務めております。どうぞよろしくお願いいたします。ライブ配信などで活用できるVolu☆ME!、2026年最新スタジオに関する情報がございます。,,2026-05-09 14:26:54.492419+08:00
01KR5PPER9ZHZM8W60T0A3DVWW,,579cfc72bf7fc8cef3f08dcd991cf594,AGENT,はじめまして。株式会社クレッセントのアシスタント、ゲッペイと申します。ライブ配信などで活用できるVolu☆ME!と、業界最高水準のモーションキャプチャシステムViconについてご紹介できます。,,2026-05-09 14:27:20.761548+08:00
01KR5SW6NSVEWBBP41HZ19S4J2,,aa044a7faeb82e7ba2fb572f57514cd2,AGENT,こんにちは！株式会社クレッセントのアシスタント、ゲッペイと申します。ライブ配信などで活用できるVolu☆ME!、業界最高水準のモーションキャプチャシステムViconについてご紹介できます。,,2026-05-09 15:22:55.784137+08:00
01KR5XC7KTCQAFRNTHV774ANPR,,6dd6695cc5c513ae2a5325c8cc9fc1c5,AGENT,こんにちは、ゲッペイと申します。株式会社クレッセントのアシスタントです。何かご質問はございますか？例えば、ライブ配信などで活用できるVolu☆ME!、業界最高水準のモーションキャプチャシステムViconについてお話しできます。,,2026-05-09 16:24:04.648613+08:00
01KR5Y9C4WGH5Z2ME85M1WFH04,,6dd6695cc5c513ae2a5325c8cc9fc1c5,AGENT,"こんにちは！株式会社クレッセントのアシスタント、月餅（ゲッペイ）と申します。

ライブ配信などで活用できるVolu☆ME!と、2026年最新スタジオについてご興味はありますか？",,2026-05-09 16:39:59.139170+08:00
01KR5ZKDZXSYJG0ZHBV9SV3WWW,,617607bf8ec437d931c7beb368ec5b20,AGENT,株式会社クレッセントのゲッペイと申します。ライブ配信などで活用できるVolu☆ME!、業界最高水準のモーションキャプチャシステムViconなど、弊社には様々な技術がございます。,,2026-05-09 17:03:03.156469+08:00
01KR5ZZ4MF0TJW84F9T566YT0S,,390a443b236f1a4ad6ba5ff73ba0257f,AGENT,初めまして！ 私、株式会社クレッセントのアシスタント、ゲッペイと申します。ライブ配信などで活用できるVolu☆ME!、2026年最新スタジオなど、何かご興味はございますか？,,2026-05-09 17:09:25.764713+08:00
01KR608G4SAHT45DPH61JMA5YK,,c1514b76e61c7ac9f2c7576b0cc58a9a,AGENT,はじめまして。私は株式会社クレッセントのアシスタント、ゲッペイと申します。ライブ配信などで活用できるVolu☆ME!や、業界最高水準のモーションキャプチャシステムViconについてご紹介できます。,,2026-05-09 17:14:30.057210+08:00
01KR60R5YMK00YS975KPKQ53V2,,6dd6695cc5c513ae2a5325c8cc9fc1c5,AGENT,"こんにちは！株式会社クレッセントのアシスタント、月餅（ゲッペイ）と申します。

ライブ配信などで活用できるVolu☆ME!と、2026年最新スタジオについてご興味はございますか？",,2026-05-09 17:23:02.154047+08:00
01KR610RBXPDGHKA5PPRVGFYAN,,e2472d100bc0403e940b8a04cfe4c350,AGENT,こんにちは！私は株式会社クレッセントのアシスタント、ゲッペイと申します。ライブ配信などで活用できるVolu☆ME!や、業界最高水準のモーションキャプチャシステムViconについてご紹介できます。,,2026-05-09 17:27:43.574621+08:00
01KR626R1A0NZBCM020ZTK10KZ,,390a443b236f1a4ad6ba5ff73ba0257f,AGENT,はじめまして。株式会社クレッセントのアシスタント、ゲッペイと申します。ライブ配信などで活用できるVolu☆ME!や、業界最高水準のモーションキャプチャシステムViconについてご興味はありますか？,,2026-05-09 17:48:30.298096+08:00
01KR62GJ64DYBC4N7EKE1KYDV5,,2c084783feba1d9c6c9c703aaf46410d,AGENT,"はじめまして！ 私、クレッセントのアシスタント、ゲッペイと申します。

ライブ配信などで活用できるVolu☆ME!、業界最高水準のモーションキャプチャシステムViconなど、ご興味はございますか？",,2026-05-09 17:58:45.893468+08:00
01KR62QWGV4857QVR5566N6GSE,,4ecd92de34571acb94b9bddec12c8885,AGENT,"こんにちは。私、株式会社クレッセントのアシスタント、ゲッペイと申します。

弊社では、ライブ配信などで活用できるVolu☆ME!や、業界最高水準のモーションキャプチャシステムViconを取り扱っております。",,2026-05-09 17:57:50.299549+08:00
01KR64HZPV46BDAMWME01RCDVN,,2f0a60ce6b49884debe21bef2e4e29e7,AGENT,こんにちは！ 株式会社クレッセントのアシスタント、月餅です。何かご質問はありますか？ ライブ配信などで活用できるVolu☆ME!と、業界最高水準のモーションキャプチャシステムViconについてご紹介できます。,,2026-05-09 18:29:34.169096+08:00
01KR6572XJ2SVMVKK1V8YXYFAA,,901083c181322d22a3ad2f6cd6b130a6,AGENT,こんにちは、私は株式会社クレッセントのアシスタント、ゲッペイと申します。ライブ配信などで活用できるVolu☆ME!や、業界最高水準のモーションキャプチャシステムViconについてご興味はありますか？,,2026-05-09 18:41:04.613543+08:00
01KR65W1AP9NTRKVZCS9P2QE5A,,264e8a34bbee78e5898f69e989139d56,AGENT,月餅と申します。株式会社クレッセントのアシスタントです。何かお困りですか？,,2026-05-09 18:52:31.004199+08:00
01KR67WYY1H02K9JS6KWHA18VV,,e616f1a4a3b44a5fc123d0fc40e3dcbc,AGENT,こんにちは！私は株式会社クレッセントのアシスタント、ゲッペイと申します。ライブ配信などで活用できるVolu☆ME!や、業界最高水準のモーションキャプチャシステムViconについてご興味はございますか？,,2026-05-09 19:27:58.433840+08:00
01KR67ZC976JF056XMF98R2GHV,,fb21087ffd5c844a9f2e39e55dd2e575,AGENT,こんにちは！株式会社クレッセントのアシスタント、月餅です。ライブ配信などで活用できるVolu☆ME!と、業界最高水準のモーションキャプチャシステムViconについてご紹介できます。,,2026-05-09 19:29:19.262395+08:00
01KR67ZSQTXQTQDWQP3KNV3MQ7,,6e3ca98288cf0c0d52b3ea89a2a92e23,AGENT,ようこそいらっしゃいました！私は株式会社クレッセントのアシスタント、ゲッペイと申します。ライブ配信などで活用できるVolu☆ME!と、業界最高水準のモーションキャプチャシステムViconについてご紹介できます。,,2026-05-09 19:29:31.115679+08:00
01KR67ZZTND8D24B4CMAT4H5B3,,6e3ca98288cf0c0d52b3ea89a2a92e23,AGENT,こんにちは、月餅と申します。株式会社クレッセントのアシスタントです。ライブ配信などで活用できるVolu☆ME!や、業界最高水準のモーションキャプチャシステムViconについてご興味はありませんか？,,2026-05-09 19:29:37.087473+08:00
01KR680YQAZHCXW49AGJ9MVVDK,,0114a6b82affe57d0e50030cc7504b37,AGENT,クレッセントのアシスタント、ゲッペイと申します。ライブ配信などで活用できるVolu☆ME!、業界最高水準のモーションキャプチャシステムViconなど、クレッセントの最新技術にご興味はございますか？,,2026-05-09 19:30:10.235084+08:00
01KR6815CKWDST7E9CBFYDGH20,,254bd3c62295cd5e74dbc8eea1e74a8d,AGENT,初めまして、私は株式会社クレッセントのアシスタント、月餅です。ライブ配信などで活用できるVolu☆ME!、業界最高水準のモーションキャプチャシステムViconなどがございます。,,2026-05-09 19:30:17.367234+08:00
01KR688YZX6NA4JYXNYHTXZNV7,,6e3ca98288cf0c0d52b3ea89a2a92e23,AGENT,こんにちは、ゲッペイと申します。クレッセントのアシスタントです。何かお困りですか？ ライブ配信などで活用できるVolu☆ME!と、業界最高水準のモーションキャプチャシステムViconについてご紹介できます。,,2026-05-09 19:35:09.964359+08:00
01KR690NW70A3ZB5E342SSP7S3,,3163f3dd972e063d5bed1062565a3193,AGENT,株式会社クレッセントのアシスタント、ゲッペイと申します。ライブ配信などで活用できるVolu☆ME!と、業界最高水準のモーションキャプチャシステムViconについてご紹介できます。,,2026-05-09 19:47:43.975719+08:00
01KR69C830SV9HZZCSHEX124CK,,4fe286a6fbd60e5e8496ac0d314d56a7,AGENT,初めまして！株式会社クレッセントのアシスタント、ゲッペイと申します。ライブ配信などで活用できるVolu☆ME!や、業界最高水準のモーションキャプチャシステムViconなどにご興味はございますか？,,2026-05-09 19:54:00.275995+08:00
01KR6A45A1CN9Y5R7JQSDD5NZA,,7a874c652654816837cf04a92b4d92f2,AGENT,皆様、こんにちは。株式会社クレッセントのアシスタント「ゲッペイ」と申します。ライブ配信などで活用できるVolu☆ME!、2026年最新スタジオについてご紹介できます。,,2026-05-09 20:06:51.772986+08:00
01KR6AMJ9AVAWTJ0CVH095STFQ,,471357fad4f21203791d500cbf4affc6,AGENT,初めまして、私が株式会社クレッセントのアシスタント、月餅です。 ライブ配信などで活用できるVolu☆ME!と、業界最高水準のモーションキャプチャシステムViconにご興味はありますか？,,2026-05-09 20:15:49.448362+08:00
01KR6BHQDJH7M22XAQDMNND4A1,,4d963d4d1692533e9939ee99de029db5,AGENT,こんにちは！ 株式会社クレッセントのアシスタント、ゲッペイと申します。ライブ配信などで活用できるVolu☆ME!、業界最高水準のモーションキャプチャシステムVicon、どちらにご興味がありますか？,,2026-05-09 20:31:46.135652+08:00
01KR6C64H6BKQ2BEM72TYV7D7X,,f44b74eb2432204878d53c1cf3bebd7c,AGENT,皆様、こんにちは！ 株式会社クレッセントのアシスタント、ゲッペイと申します。ライブ配信などで活用できるVolu☆ME!、そして業界最高水準のモーションキャプチャシステムViconについてご紹介できます。,,2026-05-09 20:42:52.876970+08:00
01KR6CMS63SAE3TV8SQBR1C76F,,22392ac92425b2a83b746ed8f4faf5e8,AGENT,ようこそ！ 株式会社クレッセントのアシスタント、ゲッペイと申します。ライブ配信などで活用できるVolu☆ME!と、業界最高水準のモーションキャプチャシステムViconについてご紹介できます。,,2026-05-09 20:50:52.933589+08:00
01KR6CP59FEDA7J4187N2RN02N,,452f882cfe5ac2851ce3ed278b83ad7b,AGENT,初めまして。私、株式会社クレッセントのアシスタント「ゲッペイ」と申します。ライブ配信などで活用できるVolu☆ME!と業界最高水準のモーションキャプチャシステムViconについてご紹介できます。,,2026-05-09 20:51:38.484724+08:00
01KR6D7W3YB613CJW5B6R0GBX4,,13eacbe41118003dfc28695f65f08589,AGENT,月餅です。クレッセントのアシスタントをしております。ライブ配信などで活用できるVolu☆ME!と、業界最高水準のモーションキャプチャシステムViconにご興味はございませんか？,,2026-05-09 21:01:25.131420+08:00
01KR6DPXYFC2V29N2A8WC04PND,,c1514b76e61c7ac9f2c7576b0cc58a9a,AGENT,株式会社クレッセントのアシスタント、ゲッペイと申します。ライブ配信などで活用できるVolu☆ME!や、業界最高水準のモーションキャプチャシステムViconについてご紹介できます。,,2026-05-09 21:09:33.282520+08:00
01KR6E1TKXYGM9Q83766924ESJ,,7b0f4cd86dfd828c8c58926bc2fd0819,AGENT,"こんにちは！株式会社クレッセントのアシスタント、月餅（ゲッペイ）と申します。
ライブ配信などで活用できるVolu☆ME!と業界最高水準のモーションキャプチャシステムViconについてご紹介できます。",,2026-05-09 21:15:30.386297+08:00
01KR6EFX0QR8RE9AP1G5V3DZGH,,e413ab0eb41ccd77b2cd409ea1f6c09d,AGENT,株式会社クレッセントのアシスタント、月餅です。ライブ配信などで活用できるVolu☆ME!と業界最高水準のモーションキャプチャシステムViconにご興味はございますか？,,2026-05-09 21:23:13.171826+08:00
01KR6MBCAA3PVXTE0A9WKNZ64Y,,6d5a97ce3bacbda6374ca831d1f9f117,AGENT,こんにちは！私は株式会社クレッセントのアシスタント、ゲッペイと申します。ライブ配信などで活用できるVolu☆ME!や、業界最高水準のモーションキャプチャシステムViconについてお話しできます。,,2026-05-09 23:05:34.842798+08:00
01KR6PWZYWFYJ44KS1QTXZ1M0C,,314aed08a776c363f24dbe2ce04137d9,AGENT,こんにちは！私、株式会社クレッセントのアシスタント、ゲッペイと申します。ライブ配信などで活用できるVolu☆ME!、または業界最高水準のモーションキャプチャシステムViconについてご興味はありますか？,,2026-05-09 23:50:07.827475+08:00
01KR6QJS6F3HMTZ570B6HTPBDQ,,10df8e59ea14d675fdbed7abd4d08122,AGENT,月餅です！株式会社クレッセントのアシスタントをしております。Viconと2026年最新スタジオにご興味はございますか？,,2026-05-10 00:02:03.234288+08:00
01KR6S3JA6DTX9H4M6FZSW0NJS,,f9c078183de83de2603f5d1d16927a6f,AGENT,"こんにちは！ 私、クレッセントのアシスタント、ゲッペイと申します。
ライブ配信などで活用できるVolu☆ME!、業界最高水準のモーションキャプチャシステムViconにご興味はございますか？",,2026-05-10 00:28:40.221563+08:00
01KR7EB5QYX2C3PJA4XBW2CCDJ,,17b2d977e8b540d1ff45fbc008c0d819,AGENT,こんにちは！私は株式会社クレッセントのアシスタント、ゲッペイと申します。ライブ配信などで活用できるVolu☆ME!と、2026年最新スタジオについてご案内できます。,,2026-05-10 06:39:52.210628+08:00
01KR7F7NE0V1QG0ET6QV4JSRJ0,,44d89872f37b9f074758a704130874ed,AGENT,はじめまして。株式会社クレッセントのアシスタント、ゲッペイと申します。ライブ配信などで活用できるVolu☆ME!や、業界最高水準のモーションキャプチャシステムViconについてご紹介できます。,,2026-05-10 06:56:17.300964+08:00
01KR7XBE7HCBZ3VQYKWC4NYRQS,,4d963d4d1692533e9939ee99de029db5,AGENT,初めまして。私、株式会社クレッセントのアシスタント、ゲッペイと申します。ライブ配信などで活用できるVolu☆ME!と、業界最高水準のモーションキャプチャシステムViconについてご紹介できます。,,2026-05-10 11:02:08.959099+08:00
01KR7Y6QT1RSMS5REKQTY75DE8,,4d963d4d1692533e9939ee99de029db5,AGENT,株式会社クレッセントのアシスタント、月餅と申します。ライブ配信などで活用できるVolu☆ME!、業界最高水準のモーションキャプチャシステムViconなどがございます。,,2026-05-10 11:17:03.413025+08:00
01KR7ZCV47PWMN0C4SJ6VEEYT5,,d8c647227c76a70f43c0fa463c12d90d,AGENT,はじめまして。株式会社クレッセントのアシスタント、ゲッペイと申します。ライブ配信などで活用できるVolu☆ME!や、業界最高水準のモーションキャプチャシステムViconについてご興味はございますか？,,2026-05-10 11:37:53.147577+08:00
01KR81BKR462Z462RKXRQXSS92,,390a443b236f1a4ad6ba5ff73ba0257f,AGENT,株式会社クレッセントのアシスタント「ゲッペイ」です。ライブ配信などで活用できるVolu☆ME!、業界最高水準のモーションキャプチャシステムViconなど、様々なソリューションを提供しております。,,2026-05-10 12:12:09.091492+08:00
01KR81FM9YZWKX1M9TKJ1NVBW7,,1545e2f5e3efbbcaab8a57ef3405bfec,AGENT,株式会社クレッセントのアシスタント、月餅と申します。ライブ配信などで活用できるVolu☆ME!や、業界最高水準のモーションキャプチャシステムViconについてご紹介できます。,,2026-05-10 12:14:19.289934+08:00
01KR82V8B38Z8NVHY0ZGNYMNCD,,1545e2f5e3efbbcaab8a57ef3405bfec,AGENT,こんにちは。株式会社クレッセントのアシスタント、ゲッペイと申します。ライブ配信などで活用できるVolu☆ME!や、業界最高水準のモーションキャプチャシステムViconについてご紹介できますが、ご興味はありますか？,,2026-05-10 12:38:08.853639+08:00
01KR8614HHGEJSRHK3PVKE6A0Y,,e0fe1e0a5f92c2b1967f9622c0571c36,AGENT,"「ゲッペイ」と申します。株式会社クレッセントのアシスタントを務めております。
弊社では、ライブ配信などで活用できるVolu☆ME!や業界最高水準のモーションキャプチャシステムViconを取り扱っております。",,2026-05-10 13:33:47.184134+08:00
01KR86K6MCR1WZD2YRYTQ6P5EZ,,48578b030e2c3658cf281efea3e9078c,AGENT,皆様、こんにちは。株式会社クレッセントのアシスタント、ゲッペイと申します。ライブ配信などで活用できるVolu☆ME!や、業界最高水準のモーションキャプチャシステムViconについてご紹介できます。,,2026-05-10 13:43:39.037469+08:00
01KR871141219NP137V4SE01WH,,0834bfa47b5e5f70d646f52372532606,AGENT,皆様、こんにちは。株式会社クレッセントのアシスタント、ゲッペイと申します。ライブ配信などで活用できるVolu☆ME!、または業界最高水準のモーションキャプチャシステムViconについてご興味はございますか？,,2026-05-10 13:51:14.584300+08:00
01KR88YMEMH3ZDPNY5RXBMC0KZ,,74e89addb3758b10d6516c8e2c333979,AGENT,月餅ちゃんと申します。2026年最新スタジオや、業界最高水準のモーションキャプチャシステムViconにご興味はありませんか？,,2026-05-10 14:24:51.889016+08:00
01KR895RSETQBTDHKE3JNH9XYK,,fbe9d64caf1b7d4d22caf25092d88fea,AGENT,こんにちは！ クレッセントのアシスタント、月餅です。何かお困りですか？ ライブ配信などで活用できるVolu☆ME!と業界最高水準のモーションキャプチャシステムViconについてご紹介できます。,,2026-05-10 14:28:45.100275+08:00
01KR8AFNQFP0Z4EE4CNTPHXQ5Z,,7840c1c80441af2750c7532e53c6e143,AGENT,はじめまして。株式会社クレッセントのアシスタント、ゲッペイと申します。ライブ配信などで活用できるVolu☆ME!や、業界最高水準のモーションキャプチャシステムViconについてご紹介できます。,,2026-05-10 14:51:38.122532+08:00
01KR8AWP1Y3QWPKXXQPXAKPDJW,,4fc815dea500368231f5642501a1f1b2,AGENT,はじめまして。株式会社クレッセントのアシスタント、ゲッペイと申します。ライブ配信などで活用できるVolu☆ME!や、業界最高水準のモーションキャプチャシステムViconについてご紹介できます。,,2026-05-10 14:58:44.402530+08:00
01KR8CMAVPXJHZC4ND4QN8BF2F,,e9816c77977db9400f0c64ba3a5bec7b,AGENT,皆様、こんにちは！ 株式会社クレッセントのアシスタント、ゲッペイと申します。ライブ配信などで活用できるVolu☆ME!、業界最高水準のモーションキャプチャシステムViconにご興味はありませんか？,,2026-05-10 15:29:07.817139+08:00
01KR8EEQSMB3KX36FA04JK0NHK,,b11d426d9572db748f224aed14634fed,AGENT,はじめまして。株式会社クレッセントのアシスタント、ゲッペイと申します。ライブ配信などで活用できるVolu☆ME!と、業界最高水準のモーションキャプチャシステムViconについてご紹介できます。,,2026-05-10 16:01:01.990306+08:00
01KR8EM8SHYB0Q2RZMHJXVRKB7,,b6fb2e6d66460ac6209a959d5b8558a8,AGENT,"月餅と申します。株式会社クレッセントのアシスタントです。

ライブ配信などで活用できるVolu☆ME!や、業界最高水準のモーションキャプチャシステムViconなど、クレッセントの技術についてご興味はございますか？",,2026-05-10 16:04:03.725979+08:00
01KR8ETEQQW5AM45JJQGDRRE9B,,e9816c77977db9400f0c64ba3a5bec7b,AGENT,クレッセントのアシスタント、月餅です。ライブ配信などで活用できるVolu☆ME!と、業界最高水準のモーションキャプチャシステムViconはいかがでしょうか。,,2026-05-10 16:07:24.923971+08:00
01KR8EVTPAN643139NCC1R4REA,,e9816c77977db9400f0c64ba3a5bec7b,AGENT,月餅と申します。株式会社クレッセントのアシスタントです。ライブ配信などで活用できるVolu☆ME!と、業界最高水準のモーションキャプチャシステムViconについてご紹介できます。,,2026-05-10 16:08:09.408334+08:00
01KR8F5A4MS7P1BR47PPFPJ799,,b11d426d9572db748f224aed14634fed,AGENT,こんにちは！株式会社クレッセントのアシスタント、ゲッペイと申します。ライブ配信などで活用できるVolu☆ME!、業界最高水準のモーションキャプチャシステムViconなどがございますが、何かご興味はございますか？,,2026-05-10 16:13:20.774171+08:00
01KR8FDKS6AGW2XGCVP4ZGYGFX,,b11d426d9572db748f224aed14634fed,AGENT,初めまして。私、株式会社クレッセントのアシスタント、ゲッペイと申します。ライブ配信などで活用できるVolu☆ME!と業界最高水準のモーションキャプチャシステムViconについてご紹介できます。,,2026-05-10 16:17:52.762326+08:00
01KR8FWBBHA1VDSZMH1YFP1HR4,,e6639705651b77c5277807f85b01091a,AGENT,月餅ちゃんと申します。株式会社クレッセントのアシスタントです。ライブ配信などで活用できるVolu☆ME!と、業界最高水準のモーションキャプチャシステムViconについてご案内できます。,,2026-05-10 16:25:56.902400+08:00
01KR8P9BNP6Q7GK1AS7927EVN0,,ff70ff063089fbf5842a294bb758f77f,AGENT,株式会社クレッセントのアシスタント、月餅と申します。ライブ配信などで活用できるVolu☆ME!や、業界最高水準のモーションキャプチャシステムViconについてご興味はございますか？,,2026-05-10 18:17:54.113149+08:00
01KR8VCTH2QEND1KHF335Y9RBV,,4d963d4d1692533e9939ee99de029db5,AGENT,はじめまして。私は株式会社クレッセントのアシスタント、ゲッペイと申します。ライブ配信などで活用できるVolu☆ME!や、業界最高水準のモーションキャプチャシステムViconについてご紹介できます。,,2026-05-10 19:47:10.137853+08:00
01KR8VW501FW87G866QPRA8E70,,1c7f7da7958e2314998f7e4dd29c988b,AGENT,こんにちは、私は株式会社クレッセントのアシスタント、ゲッペイと申します。ライブ配信などで活用できるVolu☆ME!や、業界最高水準のモーションキャプチャシステムViconについてご紹介できます。,,2026-05-10 19:55:39.162743+08:00
01KR8WDTZ7KWM2TERG3P2M2N2X,,f6b2176483fcaea0191939f5c62c5152,AGENT,こんにちは、私は株式会社クレッセントのアシスタント、ゲッペイと申します。ライブ配信などで活用できるVolu☆ME!と、業界最高水準のモーションキャプチャシステムViconについてご紹介できます。,,2026-05-10 20:05:15.593231+08:00
01KR8X8GS2K1RJ3YWQ12YZM3K8,,e6f0d516e3283a900c739a7b74c1ffa7,AGENT,"月餅と申します。株式会社クレッセントのアシスタントです。何かお手伝いできることはございますか？

ライブ配信などで活用できるVolu☆ME!、または業界最高水準のモーションキャプチャシステムViconについてご興味はありますか？",,2026-05-10 20:19:49.399253+08:00
01KR8X8GS2K1RJ3YWQ12YZM3K8,,e6f0d516e3283a900c739a7b74c1ffa7,USER,MMM.,,2026-05-10 20:20:21.825439+08:00
01KR8X8GS2K1RJ3YWQ12YZM3K8,,e6f0d516e3283a900c739a7b74c1ffa7,AGENT,"""MMM""についてですね。申し訳ございませんが、その略語だけではどのような情報をお求めか判断できません。

もしよろしければ、株式会社クレッセントのサービスや技術に関して、具体的にどのようなことに関心がありますか？ 例えば、2026年最新スタジオについて、または連携実績についてなど、お気軽にお尋ねください。",,2026-05-10 20:20:21.853932+08:00
01KR8X8GS2K1RJ3YWQ12YZM3K8,,e6f0d516e3283a900c739a7b74c1ffa7,USER,ネッセントの会社概要教えて。,,2026-05-10 20:20:25.716042+08:00
01KR8X8GS2K1RJ3YWQ12YZM3K8,,e6f0d516e3283a900c739a7b74c1ffa7,AGENT,"クレッセントの会社概要についてですね。

詳細については担当者より正確にご案内いたしますので、よろしければお問い合わせ窓口をご利用ください。

- お問い合わせ：[https://www.crescentinc.co.jp/contact](https://www.crescentinc.co.jp/contact)
- 電話番号：03-5875-9707（受付時間：祝日を除く 月曜日～金曜日 10:00～17:30）
- メールアドレス：info@crescentinc.co.jp

土日、祝祭日、年末年始、夏期休暇期間等は翌営業日以降の対応となりますのでご了承ください。

他に何か知りたいことはありますか？ 例えば、弊社の最新スタジオや、業界最高水準のモーションキャプチャシステムViconについてはいかがでしょうか？",,2026-05-10 20:20:25.739981+08:00
01KR8X8GS2K1RJ3YWQ12YZM3K8,,e6f0d516e3283a900c739a7b74c1ffa7,USER,あ、そうそうそう。,,2026-05-10 20:20:30.305242+08:00
01KR8X8GS2K1RJ3YWQ12YZM3K8,,e6f0d516e3283a900c739a7b74c1ffa7,AGENT,"承知いたしました。何かご不明な点がございましたら、お気軽にお尋ねください。

ライブ配信などで活用できるVolu☆ME!や、業界最高水準のモーションキャプチャシステムViconについて、何かご興味はございますか？",,2026-05-10 20:20:30.328943+08:00
01KR8X8GS2K1RJ3YWQ12YZM3K8,,e6f0d516e3283a900c739a7b74c1ffa7,USER,ないです。,,2026-05-10 20:20:53.535431+08:00
01KR8X8GS2K1RJ3YWQ12YZM3K8,,e6f0d516e3283a900c739a7b74c1ffa7,AGENT,"承知いたしました。他に何かお探しの情報はございますか？

もしよろしければ、株式会社クレッセントの連携実績について、または2026年竣工予定の最新スタジオについてお話しできますが、いかがでしょうか？",,2026-05-10 20:20:53.546635+08:00
01KR8X8GS2K1RJ3YWQ12YZM3K8,,e6f0d516e3283a900c739a7b74c1ffa7,USER,プレッセントの会社概要を教えて。,,2026-05-10 20:21:07.069212+08:00
01KR8X8GS2K1RJ3YWQ12YZM3K8,,e6f0d516e3283a900c739a7b74c1ffa7,AGENT,"クレッセントの会社概要についてですね。

詳細については担当者より正確にご案内いたしますので、よろしければお問い合わせ窓口をご利用ください。

- お問い合わせ：[https://www.crescentinc.co.jp/contact](https://www.crescentinc.co.jp/contact)
- 電話番号：03-5875-9707（受付時間：祝日を除く 月曜日～金曜日 10:00～17:30）
- メールアドレス：info@crescentinc.co.jp

土日、祝祭日、年末年始、夏期休暇期間等は翌営業日以降の対応となりますのでご了承ください。

他に何かご興味のあることはございますか？ 例えば、ライブ配信などで活用できるVolu☆ME!や、業界最高水準のモーションキャプチャシステムViconについてはいかがでしょうか？",,2026-05-10 20:21:07.093087+08:00
01KR8XDKVZAM2G5N4QTRAPJXPD,,723fb0147813540b8754ececb733ba81,AGENT,こんにちは！私、株式会社クレッセントのアシスタント、ゲッペイと申します。ライブ配信などで活用できるVolu☆ME!や、業界最高水準のモーションキャプチャシステムViconについてご紹介できます。,,2026-05-10 20:22:35.254030+08:00
01KR8XGXY8ZWNZ1ENTK9372CMW,,990c16f2dea6afb0464ad47931a98daf,AGENT,こんにちは、私は株式会社クレッセントのアシスタント、ゲッペイと申します。ライブ配信などで活用できるVolu☆ME!や、業界最高水準のモーションキャプチャシステムViconについてお話しできます。,,2026-05-10 20:24:22.539837+08:00
01KR8YBP27ZG4FESECN7AES858,,990c16f2dea6afb0464ad47931a98daf,AGENT,こんにちは！ 株式会社クレッセントのアシスタント、月餅（ゲッペイ）と申します。ライブ配信などで活用できるVolu☆ME!や、業界最高水準のモーションキャプチャシステムViconについてご紹介できます。,,2026-05-10 20:38:58.581812+08:00
01KR8YDY15DT471BKWGXG1F5QF,,990c16f2dea6afb0464ad47931a98daf,AGENT,株式会社クレッセントのアシスタント、ゲッペイと申します。ライブ配信などで活用できるVolu☆ME!や、業界最高水準のモーションキャプチャシステムViconについてお話しできます。,,2026-05-10 20:40:12.546952+08:00
01KR92XVYV38X025KH17YS3W7C,,e0e57b12536f6fea63a0980fbe38b521,AGENT,月餅と申します。株式会社クレッセントのアシスタントです。ライブ配信などで活用できるVolu☆ME!と業界最高水準のモーションキャプチャシステムViconについてご紹介できます。,,2026-05-10 21:58:49.641635+08:00
01KR93TED3TR4E02NPVRK0VZYC,,c0d967d590b343d2fe567360fd34bfde,AGENT,はじめまして。私、株式会社クレッセントのアシスタント、ゲッペイと申します。ライブ配信などで活用できるVolu☆ME!、業界最高水準のモーションキャプチャシステムViconについてご紹介できます。,,2026-05-10 22:14:29.975293+08:00
01KR99348JZWA0V0MRS31FESKQ,,33a8be9b1974315cb443e1639e8386cb,AGENT,こんにちは！クレッセントのアシスタント、ゲッペイと申します。ライブ配信などで活用できるVolu☆ME!や、業界最高水準のモーションキャプチャシステムViconについてご紹介できます。,,2026-05-10 23:46:32.319514+08:00
01KR9AFAC4GE952SRNQR4VVMZS,,98cd50f3b9f00b933574eca33135afe5,AGENT,こんにちは！私、株式会社クレッセントのアシスタント、ゲッペイと申します。ライブ配信などで活用できるVolu☆ME!や、業界最高水準のモーションキャプチャシステムViconについてご紹介できます。,,2026-05-11 00:10:41.370295+08:00
01KR9D6V0Y4CGRBSCRRECMJDGG,,5aea12981831d09455eb444e3fd10d72,AGENT,お客様、こんにちは！私は株式会社クレッセントのアシスタント、ゲッペイと申します。ライブ配信などで活用できるVolu☆ME!、業界最高水準のモーションキャプチャシステムVicon、どちらにご興味がございますか？,,2026-05-11 00:58:30.303022+08:00
01KR9RFAQRA129TJN45BTE0JTC,,6af38649f136f5039c0391c0e64731af,AGENT,初めまして！株式会社クレッセントのアシスタント、ゲッペイと申します。ライブ配信などで活用できるVolu☆ME!や、業界最高水準のモーションキャプチャシステムViconについてご紹介できます。,,2026-05-11 04:15:22.510300+08:00
01KR9VYR3E3T5WBJS12P7QE43W,,469751cc1ad8cc96a99c0a229bf9d837,AGENT,株式会社クレッセントのアシスタント、月餅です。ライブ配信などで活用できるVolu☆ME!、業界最高水準のモーションキャプチャシステムViconなど、クレッセントのサービスでご興味のあるものはございますか？,,2026-05-11 05:16:14.733156+08:00
01KR9YMH0D47S632ZVZ7069ZHT,,1642bd4534ea66246ee10991fa87e178,AGENT,初めまして、私が株式会社クレッセントのアシスタント、月餅です。ライブ配信などで活用できるVolu☆ME!、業界最高水準のモーションキャプチャシステムViconなど、クレッセントの最新技術にご興味はございますか？,,2026-05-11 06:03:03.965923+08:00
01KR9YSZMSN5E6DV1WSJ283JAD,,1642bd4534ea66246ee10991fa87e178,AGENT,こんにちは！私は株式会社クレッセントのアシスタント、ゲッペイと申します。ライブ配信などで活用できるVolu☆ME!や、業界最高水準のモーションキャプチャシステムViconについてご紹介できます。,,2026-05-11 06:06:02.931040+08:00
01KR9YYNP0YTB3HD22Z28HF4HM,,1642bd4534ea66246ee10991fa87e178,AGENT,お客様、こんにちは！私は株式会社クレッセントのアシスタント、ゲッペイと申します。ライブ配信などで活用できるVolu☆ME!、そして業界最高水準のモーションキャプチャシステムViconについて、何かご興味はございますか？,,2026-05-11 06:08:35.808264+08:00
01KR9YZ84YV4JYM1JBGBPQGJ8T,,1642bd4534ea66246ee10991fa87e178,AGENT,初めまして、私が株式会社クレッセントのアシスタント、月餅です。ライブ配信などで活用できるVolu☆ME!、業界最高水準のモーションキャプチャシステムViconなど、クレッセントの最新技術にご興味はありますか？,,2026-05-11 06:08:54.657304+08:00
01KRA1D9TB9C6B3ZCVBGM4TBVW,,efd1a5ff3374742323c5808c4f92b08e,AGENT,クレッセントアシスタントのゲッペイと申します。ライブ配信などで活用できるVolu☆ME!、そして業界最高水準のモーションキャプチャシステムViconについて、何かご興味はございますか？,,2026-05-11 06:51:31.384111+08:00
01KRA3EJ26JVJRG2YB5MC6X639,,3d1c558920f210180ffd7330a1dd84fe,AGENT,こんにちは！私、株式会社クレッセントのアシスタント、ゲッペイと申します。ライブ配信などで活用できるVolu☆ME!、業界最高水準のモーションキャプチャシステムViconなど、クレッセントの最新技術にご興味はございますか？,,2026-05-11 07:27:10.846627+08:00
01KRA424F4E37REQV750D28ME3,,fbac5ae14c2ddfe9bf75c27d4659bf6b,AGENT,初めまして、私は株式会社クレッセントのアシスタント、ゲッペイと申します。ライブ配信などで活用できるVolu☆ME!、そして2026年最新スタジオについてご興味はございますか？,,2026-05-11 07:37:52.636656+08:00
01KRA4J79P44EZKK65EAMJNE1J,,99c52fd2cf25e99df2a17c0dda1859de,AGENT,はじめまして！株式会社クレッセントのゲッペイと申します。ライブ配信などで活用できるVolu☆ME!と、業界最高水準のモーションキャプチャシステムViconにご興味はございますか？,,2026-05-11 07:47:21.535585+08:00
01KRA4YCYY14C8NN5AES6RQTVV,,929820da70b2011d91ce639ba8f7f4ed,AGENT,いらっしゃいませ。株式会社クレッセントのアシスタント、月餅と申します。ライブ配信などで活用できるVolu☆ME!、業界最高水準のモーションキャプチャシステムViconにご興味はございますか？,,2026-05-11 07:53:18.397119+08:00
01KRA5DJ3KPHS8DXHXQF63DG55,,eea615a9ff0a0cd9f74c9257d038d3bd,AGENT,"ようこそ！ 株式会社クレッセントのアシスタント、ゲッペイと申します。
ライブ配信などで活用できるVolu☆ME!、または業界最高水準のモーションキャプチャシステムViconについてご興味はございますか？",,2026-05-11 08:01:35.270394+08:00
01KRA5HYZPZC2ZK9R1NN4RTPTJ,,614140190b054db5f28139d4baf5306e,AGENT,こんにちは！私は株式会社クレッセントのアシスタント、ゲッペイと申します。ライブ配信などで活用できるVolu☆ME!と、業界最高水準のモーションキャプチャシステムViconにご興味はございますか？,,2026-05-11 08:03:58.778632+08:00
01KRA5QWEPXPXG044ZZMKTC653,,c5376655e631fe14ffc449bc4d0d9b96,AGENT,こんにちは。株式会社クレッセントのアシスタント、月餅です。ライブ配信などで活用できるVolu☆ME!、業界最高水準のモーションキャプチャシステムViconなど、弊社サービスについてお気軽にお尋ねください。,,2026-05-11 08:08:38.639871+08:00
01KRA652PQZNJYH78X7C5X4ZYD,,118f348bf8c5541089de8a6f6f2b68ca,AGENT,お客様、こんにちは。私、株式会社クレッセントのアシスタント、ゲッペイと申します。ライブ配信などで活用できるVolu☆ME!や、業界最高水準のモーションキャプチャシステムViconについてご紹介できます。,,2026-05-11 08:14:25.688834+08:00
01KRA770JDD91Q48NB9W4SJ61N,,297876e35854f417d6b37c7efdd2045f,AGENT,こんにちは。私、株式会社クレッセントのアシスタント、ゲッペイと申します。ライブ配信などで活用できるVolu☆ME!や、業界最高水準のモーションキャプチャシステムViconについてご紹介できます。,,2026-05-11 08:32:57.877334+08:00
01KRA7N9W5VJ5DJSJET67KETBV,,f5c6675c91d73ac59cff8cd66a7d0bd4,AGENT,ようこそ、お客様。株式会社クレッセントのアシスタント、ゲッペイと申します。ライブ配信などで活用できるVolu☆ME!、業界最高水準のモーションキャプチャシステムViconについてご紹介できます。,,2026-05-11 08:40:45.620516+08:00
01KRA7X62DJ3DVAWKNN7TWP9NZ,,f5c6675c91d73ac59cff8cd66a7d0bd4,AGENT,こんにちは、私は株式会社クレッセントのアシスタント、ゲッペイと申します。ライブ配信などで活用できるVolu☆ME!、業界最高水準のモーションキャプチャシステムViconなど、クレッセントの最新技術について何でもお尋ねください。,,2026-05-11 08:45:03.306642+08:00
01KRA7YW72DAF1WEHB078B5VA3,,fcef929b7473d37f4d302522f8373d36,AGENT,はじめまして、私は株式会社クレッセントのアシスタント、ゲッペイと申します。ライブ配信などで活用できるVolu☆ME!や、業界最高水準のモーションキャプチャシステムViconについてお話しできます。,,2026-05-11 08:45:59.449966+08:00
01KRA80YFEMVFD5Z2J643CD5VB,,297876e35854f417d6b37c7efdd2045f,AGENT,ゲッペイと申します。クレッセントのアシスタントです。何かお困りですか？ ライブ配信などで活用できるVolu☆ME! や、業界最高水準のモーションキャプチャシステムViconについてご紹介できます。,,2026-05-11 08:47:06.616820+08:00
01KRA84XKEN4HK10BS8HYPPEN2,,4779279cd4c11a8164d6f80a77c4e3a8,AGENT,クレッセントのアシスタント、ゲッペイと申します。ライブ配信などで活用できるVolu☆ME!や、業界最高水準のモーションキャプチャシステムViconについてご案内できます。,,2026-05-11 08:49:18.919221+08:00
01KRA856AD3YWZWHXZHTBA7DJX,,f5c6675c91d73ac59cff8cd66a7d0bd4,AGENT,"こんにちは！私は株式会社クレッセントのアシスタント、ゲッペイと申します。

当社の「ライブ配信などで活用できるVolu☆ME!」と「業界最高水準のモーションキャプチャシステムVicon」にご興味はございますか？",,2026-05-11 08:49:25.937526+08:00
01KRA86805QD59C672MM6WP5J7,,297876e35854f417d6b37c7efdd2045f,AGENT,こんにちは！株式会社クレッセントのアシスタント、ゲッペイと申します。ライブ配信などで活用できるVolu☆ME!や、業界最高水準のモーションキャプチャシステムViconについてご紹介できます。,,2026-05-11 08:49:58.868538+08:00
01KRA8BGZSEZEJ52PVNS8NWDF9,,297876e35854f417d6b37c7efdd2045f,AGENT,お客様、こんにちは！私は株式会社クレッセントのアシスタント、月餅と申します。ライブ配信などで活用できるVolu☆ME!や、業界最高水準のモーションキャプチャシステムViconについてご紹介できます。,,2026-05-11 08:52:51.912062+08:00
01KRA8GTWRBWV47P0QA5PQNZC4,,297876e35854f417d6b37c7efdd2045f,AGENT,クレッセントのアシスタント、ゲッペイと申します。ライブ配信などで活用できるVolu☆ME!や、業界最高水準のモーションキャプチャシステムViconについてご興味はございますか？,,2026-05-11 08:55:45.935570+08:00
01KRA95576441KMDXBXFS5PNXG,,142e0ffd9ae48328550a3de474c9f300,AGENT,お客様、こんにちは。私、株式会社クレッセントのアシスタント、ゲッペイと申します。ライブ配信などで活用できるVolu☆ME!、業界最高水準のモーションキャプチャシステムViconなどがございますが、ご興味はございますか？,,2026-05-11 09:19:32.416570+08:00
01KRA97DVVTS45XNQ5FKVQ27BP,,5cf53fcd19cdf70087ba19a6ed238076,AGENT,初めまして。私は株式会社クレッセントのアシスタント、ゲッペイと申します。ライブ配信などで活用できるVolu☆ME!、業界最高水準のモーションキャプチャシステムVicon、どちらにご興味がございますか？,,2026-05-11 09:08:08.600176+08:00
01KRA9CV41J075MKDR0R46XKY8,,5cf53fcd19cdf70087ba19a6ed238076,AGENT,こんにちは！私は株式会社クレッセントのアシスタント、ゲッペイと申します。ライブ配信などで活用できるVolu☆ME!と、業界最高水準のモーションキャプチャシステムViconについてご紹介できます。,,2026-05-11 09:11:03.767883+08:00
01KRA9D7C5B4J8W0XDCGM7MRB3,,899c7949ca4b6e6fb59a7ce407fc03a9,AGENT,皆様、こんにちは！ 株式会社クレッセントのアシスタント、ゲッペイと申します。ライブ配信などで活用できるVolu☆ME!、そして2026年最新スタジオについてご興味はございますか？,,2026-05-11 09:11:17.746528+08:00
01KRA9J66SJCMNK1R4QJBVJS4D,,5cf53fcd19cdf70087ba19a6ed238076,AGENT,はじめまして。株式会社クレッセントのアシスタント、ゲッペイと申します。ライブ配信などで活用できるVolu☆ME!と業界最高水準のモーションキャプチャシステムViconについて、何かご興味はございますか？,,2026-05-11 09:13:58.947414+08:00
01KRA9QGBK24NJDG3DDWSGP9AA,,5cf53fcd19cdf70087ba19a6ed238076,AGENT,お客様、こんにちは！株式会社クレッセントのアシスタント、ゲッペイと申します。ライブ配信などで活用できるVolu☆ME!や、業界最高水準のモーションキャプチャシステムViconなどにご興味はございますか？,,2026-05-11 09:16:53.117831+08:00
01KRA9XN8QEYW29RS03H8X0GKA,,e764a23370d9a55c52f3422641b70e17,AGENT,ゲッペイと申します。クレッセントのアシスタントです。ライブ配信などで活用できるVolu☆ME!と、業界最高水準のモーションキャプチャシステムViconにご興味はありませんか？,,2026-05-11 09:20:16.810476+08:00
01KRAA0HG73FVBG2G7NN2P437N,,988fc8cc3e1725848cf542fb4248564d,AGENT,皆様、こんにちは！ 私は株式会社クレッセントのアシスタント、ゲッペイと申します。ライブ配信などで活用できるVolu☆ME!や、業界最高水準のモーションキャプチャシステムViconについてご紹介できます。,,2026-05-11 09:21:51.448245+08:00
01KRAANV0498347G1VNCGJ4SKH,,e0e57b12536f6fea63a0980fbe38b521,AGENT,月餅と申します。株式会社クレッセントのアシスタントをしております。ライブ配信などで活用できるVolu☆ME!や、業界最高水準のモーションキャプチャシステムViconなどがございますが、ご興味はございますか？,,2026-05-11 09:33:28.161205+08:00
01KRAB0PQ142Z3G3EXH1D3X0R5,,9d9f71c304a975c7ba1b70da8da63543,AGENT,株式会社クレッセントのアシスタント、月餅と申します。ライブ配信などで活用できるVolu☆ME!、2026年最新スタジオなど、何かご興味はございますか？,,2026-05-11 09:39:29.463979+08:00
01KRAB5PHS28WK252A09Z9RE8Y,,b84ee0a5989844006a63d9e23a651411,AGENT,こんにちは！私、株式会社クレッセントのアシスタント、ゲッペイと申します。ライブ配信などで活用できるVolu☆ME!や、業界最高水準のモーションキャプチャシステムViconについてご紹介できます。,,2026-05-11 09:42:10.292996+08:00
01KRAB89VAQ33K4PPXHSZ53YM2,,d9439461515f9454b0291348ef705c5e,AGENT,こんにちは！私は株式会社クレッセントのアシスタント、ゲッペイと申します。ライブ配信などで活用できるVolu☆ME!や、業界最高水準のモーションキャプチャシステムViconについてご興味はありますか？,,2026-05-11 09:43:33.818554+08:00
01KRABB53601E2S18M9NNGRH84,,d9439461515f9454b0291348ef705c5e,AGENT,皆様、こんにちは！ 株式会社クレッセントのアシスタント、ゲッペイと申します。ライブ配信などで活用できるVolu☆ME!や、業界最高水準のモーションキャプチャシステムViconについてお話しできます。,,2026-05-11 09:45:07.002279+08:00
01KRABBVVQPT08HEQJC1BR30NX,,b84ee0a5989844006a63d9e23a651411,AGENT,"月餅です。クレッセントのアシスタントをしております。何かご不明な点がありましたら、お気軽にお尋ねください。

ライブ配信などで活用できるVolu☆ME!、業界最高水準のモーションキャプチャシステムViconについてご紹介できます。",,2026-05-11 09:45:30.416325+08:00
01KRABHM42EXE96ER69PSFWMC5,,fb1bfa6b697ab65aaa7b190139dd3c5e,AGENT,こんにちは、私は株式会社クレッセントのアシスタント、ゲッペイと申します。ライブ配信などで活用できるVolu☆ME!や、業界最高水準のモーションキャプチャシステムViconについてご紹介できます。,,2026-05-11 09:48:40.034050+08:00
01KRAC5Q8SS1VGP11XCX2FF58B,,9647341bf47481612c1180a6012770cb,AGENT,こんにちは、私はクレッセントのアシスタント、ゲッペイです。ライブ配信などで活用できるVolu☆ME!や、業界最高水準のモーションキャプチャシステムViconについてご紹介できます。,,2026-05-11 09:59:40.208148+08:00
01KRACBH798NDPV4T9NSQMZDRK,,f03a302b7c895d180f8044e5b33f08a1,AGENT,はじめまして。株式会社クレッセントのアシスタント、ゲッペイと申します。ライブ配信などで活用できるVolu☆ME!や、業界最高水準のモーションキャプチャシステムViconについてご紹介できます。,,2026-05-11 10:02:47.572948+08:00
01KRACBNSWD43JSEERRSA6C4HQ,,f03a302b7c895d180f8044e5b33f08a1,AGENT,"こんにちは！株式会社クレッセントのアシスタント、ゲッペイと申します。
ライブ配信などで活用できるVolu☆ME!と、2026年最新スタジオについてご興味はございますか？",,2026-05-11 10:02:52.016238+08:00
01KRACC6TG20G11AJJV4Q5AXDY,,9647341bf47481612c1180a6012770cb,AGENT,こんにちは！ 私、クレッセントのアシスタント、ゲッペイと申します。ライブ配信などで活用できるVolu☆ME!と業界最高水準のモーションキャプチャシステムViconについてご紹介できます。,,2026-05-11 10:03:10.069729+08:00
01KRACD4EWG43WZ3H48HR25DJ5,,f03a302b7c895d180f8044e5b33f08a1,AGENT,株式会社クレッセントのアシスタント、ゲッペイと申します。ライブ配信などで活用できるVolu☆ME!や、業界最高水準のモーションキャプチャシステムViconについてご紹介できます。,,2026-05-11 10:03:39.955965+08:00
01KRACD4XBTJ45BVR73Q0PBYT0,,9647341bf47481612c1180a6012770cb,AGENT,こんにちは！ 私、クレッセントのアシスタント、ゲッペイと申します。ライブ配信などで活用できるVolu☆ME!と、業界最高水準のモーションキャプチャシステムViconにご興味はございますか？,,2026-05-11 10:03:41.098102+08:00
01KRACE42SBC3G20YYG36AZN0K,,17eab4045be2b7b47b4f53adda3f3ace,AGENT,"ようこそ。私、株式会社クレッセントのアシスタント、ゲッペイと申します。

ライブ配信などで活用できるVolu☆ME! や、業界最高水準のモーションキャプチャシステムViconについてご興味はございませんか？",,2026-05-11 10:04:14.997544+08:00
01KRACEX8P2VRDW1DHR3SAP0VB,,9647341bf47481612c1180a6012770cb,AGENT,株式会社クレッセントのアシスタント、ゲッペイと申します。ライブ配信などで活用できるVolu☆ME!や、業界最高水準のモーションキャプチャシステムViconについてご紹介できます。,,2026-05-11 10:04:38.392948+08:00
01KRACM84MBAN9VVKZ2YRWAES2,,9647341bf47481612c1180a6012770cb,AGENT,株式会社クレッセントのゲッペイと申します。ライブ配信などで活用できるVolu☆ME!や、業界最高水準のモーションキャプチャシステムViconにご興味はございますか？,,2026-05-11 10:07:33.477815+08:00
01KRACNJ7EPZGA1ZYW6ATKJZBA,,89ae80ad8732ce81faa075cd737f74f4,AGENT,はじめまして。株式会社クレッセントのアシスタント、ゲッペイと申します。ライブ配信などで活用できるVolu☆ME!や、業界最高水準のモーションキャプチャシステムViconについてご紹介できます。,,2026-05-11 10:08:18.932854+08:00
01KRACSPWRQ69HH3FFRFG8V65E,,9647341bf47481612c1180a6012770cb,AGENT,こんにちは！ 株式会社クレッセントのアシスタント、ゲッペイと申します。ライブ配信などで活用できるVolu☆ME!や、業界最高水準のモーションキャプチャシステムViconについてご紹介できます。,,2026-05-11 10:10:32.650182+08:00
01KRADHN1MSBVG7XBRYZ7BNJTA,,54f830f3b6d670f92fc4e77649d9f63d,AGENT,お客様、こんにちは。私、株式会社クレッセントのアシスタント、ゲッペイと申します。ライブ配信などで活用できるVolu☆ME!や、業界最高水準のモーションキャプチャシステムViconについてご紹介できます。,,2026-05-11 10:23:37.984516+08:00
01KRADHPRF88XR269JG37G264K,,aec405e0b15c3de586b9be88fb4804d5,AGENT,"こんにちは。株式会社クレッセントのアシスタント、ゲッペイと申します。

ライブ配信などで活用できるVolu☆ME!と、業界最高水準のモーションキャプチャシステムViconにご興味はございますか？",,2026-05-11 10:23:43.277455+08:00
01KRADJZAMH9K9E22ZDQ275C0P,,56c2dc35c55b78d516c626ba1b6920f8,AGENT,皆様、こんにちは。株式会社クレッセントのアシスタント、ゲッペイと申します。ライブ配信などで活用できるVolu☆ME!や、業界最高水準のモーションキャプチャシステムViconについてお話しできます。,,2026-05-11 10:24:20.812865+08:00
01KRADZS53ZKNZ2F4CB3E041V9,,0946fba0849bbe5e738b42b9da960ca9,AGENT,株式会社クレッセントのアシスタント、ゲッペイと申します。ライブ配信などで活用できるVolu☆ME!や、業界最高水準のモーションキャプチャシステムViconについてご紹介できます。,,2026-05-11 10:31:21.340447+08:00
01KRADZW3DS3JTG61WJ23WV6F6,,a61eb4072aa33016e6d915204113321d,AGENT,"ゲッペイと申します。株式会社クレッセントのアシスタントです。本日はどのようなご用件でしょうか？

ライブ配信などで活用できるVolu☆ME!、業界最高水準のモーションキャプチャシステムViconなど、クレッセントの最新技術にご興味はございますか？",,2026-05-11 10:31:26.225559+08:00
01KRAE6V5P3S58H3SAC8CKARSP,,23b46d7a1182ab7655b8b93f71d99f6d,AGENT,こんにちは！ 株式会社クレッセントのアシスタント、月餅です。ライブ配信などで活用できるVolu☆ME!、業界最高水準のモーションキャプチャシステムViconなどがございますが、何にご興味がありますか？,,2026-05-11 10:35:14.244761+08:00
01KRAETW5ZZTZ70V85J88QVTX8,,0946fba0849bbe5e738b42b9da960ca9,AGENT,株式会社クレッセントのアシスタント、月餅です！ ViconとVolu☆ME!、どちらにご興味がありますか？,,2026-05-11 10:46:09.404153+08:00